{
  "pid": 1164,
  "cohort": "cohort_c",
  "age": 33,
  "is_female": false,
  "effects_bayesian": [
    {
      "action": "active_energy",
      "outcome": "deep_sleep",
      "nominal_step": 100.0,
      "dose_multiplier": 0.5169736744460943,
      "dose_multiplier_raw": 0.5169736744460943,
      "direction_conflict": false,
      "scaled_effect": 0.3628956294104718,
      "posterior": {
        "mean": 0.701961525989292,
        "variance": 0.07535400482537415,
        "sd": 0.2745068393052788,
        "contraction": 0.016973674446094322,
        "prior_mean": 0.6921665440115441,
        "prior_variance": 0.07665512394382158,
        "source": "pop+cohort+user",
        "lam_js": 0.7603833865814696,
        "n_cohort": 238,
        "z_like": 2.557173175596697
      },
      "cohort_prior": {
        "mean": 0.6920608463385354,
        "variance": 0.07663171440556958,
        "n": 238
      },
      "user_obs": {
        "slope": 0.01281823737947154,
        "se": 0.013849390957025665,
        "n": 32,
        "at_nominal_step": 1.281823737947154,
        "se_at_step": 1.3849390957025665,
        "residual_sd": 2.0893908706332827,
        "sigma_data_used": 12.0
      },
      "gate": {
        "score": 0.016973674446094322,
        "tier": "not_exposed"
      }
    },
    {
      "action": "bedtime",
      "outcome": "deep_sleep",
      "nominal_step": -0.5,
      "dose_multiplier": 0.6781149125834347,
      "dose_multiplier_raw": 0.6781149125834347,
      "direction_conflict": false,
      "scaled_effect": 0.2799780820903977,
      "posterior": {
        "mean": 0.4128770461981979,
        "variance": 0.7764150459285453,
        "sd": 0.8811441686401523,
        "contraction": 0.1781149125834347,
        "prior_mean": 0.6072164646464647,
        "prior_variance": 0.9446759137205589,
        "source": "pop+cohort+user",
        "lam_js": 0.7603833865814696,
        "n_cohort": 238,
        "z_like": 0.4685692317925461
      },
      "cohort_prior": {
        "mean": 0.5855927731092442,
        "variance": 0.9363184076048073,
        "n": 238
      },
      "user_obs": {
        "slope": 0.8805885467213915,
        "se": 1.1208957775334318,
        "n": 32,
        "at_nominal_step": -0.44029427336069576,
        "se_at_step": 0.5604478887667159,
        "residual_sd": 2.0047927198862685,
        "sigma_data_used": 12.0
      },
      "gate": {
        "score": 0.1781149125834347,
        "tier": "not_exposed"
      }
    },
    {
      "action": "bedtime",
      "outcome": "sleep_quality",
      "nominal_step": -0.5,
      "dose_multiplier": 0.8724251077798435,
      "dose_multiplier_raw": 0.8724251077798435,
      "direction_conflict": false,
      "scaled_effect": 0.720421535218225,
      "posterior": {
        "mean": 0.8257689156282553,
        "variance": 0.5565969209268805,
        "sd": 0.7460542345747262,
        "contraction": 0.3724251077798435,
        "prior_mean": 0.4607862962962966,
        "prior_variance": 0.8869011935098631,
        "source": "pop+cohort+user",
        "lam_js": 0.7603833865814696,
        "n_cohort": 238,
        "z_like": 1.1068483728920444
      },
      "cohort_prior": {
        "mean": 0.42567579831932817,
        "variance": 0.8706033108101122,
        "n": 238
      },
      "user_obs": {
        "slope": -3.023274399889779,
        "se": 0.7231851697648869,
        "n": 32,
        "at_nominal_step": 1.5116371999448894,
        "se_at_step": 0.36159258488244345,
        "residual_sd": 1.293462240231445,
        "sigma_data_used": 7.0
      },
      "gate": {
        "score": 0.3724251077798435,
        "tier": "possible"
      }
    },
    {
      "action": "running_volume",
      "outcome": "hrv_daily",
      "nominal_step": 30.0,
      "dose_multiplier": 0.800496171909492,
      "dose_multiplier_raw": 0.800496171909492,
      "direction_conflict": false,
      "scaled_effect": 0.46539330434776893,
      "posterior": {
        "mean": 0.5813810492530233,
        "variance": 0.2109295177906297,
        "sd": 0.45927063676075536,
        "contraction": 0.30049617190949196,
        "prior_mean": 0.14166006734006745,
        "prior_variance": 0.3015416203888705,
        "source": "pop+cohort+user",
        "lam_js": 0.7603833865814696,
        "n_cohort": 238,
        "z_like": 1.2658789888104212
      },
      "cohort_prior": {
        "mean": 0.19654117647058833,
        "variance": 0.5699868837170512,
        "n": 238
      },
      "user_obs": {
        "slope": 0.9056967736595523,
        "se": 0.494364589063739,
        "n": 32,
        "at_nominal_step": 0.9056967736595523,
        "se_at_step": 0.494364589063739,
        "residual_sd": 2.1983905359630205,
        "sigma_data_used": 3.5
      },
      "gate": {
        "score": 0.30049617190949196,
        "tier": "possible"
      }
    },
    {
      "action": "sleep_duration",
      "outcome": "hrv_daily",
      "nominal_step": 0.5,
      "dose_multiplier": 0.5,
      "dose_multiplier_raw": 0.5,
      "direction_conflict": false,
      "scaled_effect": 0.06607861995756913,
      "posterior": {
        "mean": 0.13215723991513825,
        "variance": 0.0029367658958935707,
        "sd": 0.0541919357090478,
        "contraction": 0.0,
        "prior_mean": 0.13540993265993234,
        "prior_variance": 0.0029337359780747863,
        "source": "pop+cohort+user",
        "lam_js": 0.7603833865814696,
        "n_cohort": 238,
        "z_like": 2.438688306405587
      },
      "cohort_prior": {
        "mean": 0.13619087635053972,
        "variance": 0.0029676727681804804,
        "n": 238
      },
      "user_obs": {
        "slope": -0.7307907590637248,
        "se": 1.1230567683994768,
        "n": 32,
        "at_nominal_step": -0.3653953795318624,
        "se_at_step": 0.5615283841997384,
        "residual_sd": 2.1983905359630205,
        "sigma_data_used": 3.5
      },
      "gate": {
        "score": 0.0,
        "tier": "not_exposed"
      }
    },
    {
      "action": "training_load",
      "outcome": "hrv_daily",
      "nominal_step": 100.0,
      "dose_multiplier": 0.5,
      "dose_multiplier_raw": 1.4143812856687525,
      "direction_conflict": true,
      "scaled_effect": 2.873580691686407,
      "posterior": {
        "mean": 5.747161383372814,
        "variance": 0.3502194048327315,
        "sd": 0.5917933801866421,
        "contraction": 0.9143812856687525,
        "prior_mean": -5.056217651515151,
        "prior_variance": 4.090453910318943,
        "source": "pop+cohort+user",
        "lam_js": 0.7603833865814696,
        "n_cohort": 238,
        "z_like": 9.711432361004531
      },
      "cohort_prior": {
        "mean": -5.074865420168067,
        "variance": 4.120681445250819,
        "n": 238
      },
      "user_obs": {
        "slope": 0.0675389518630781,
        "se": 0.04488423689645553,
        "n": 32,
        "at_nominal_step": 6.753895186307809,
        "se_at_step": 4.488423689645553,
        "residual_sd": 2.1983905359630205,
        "sigma_data_used": 3.5
      },
      "gate": {
        "score": 0.45719064283437627,
        "tier": "possible"
      }
    },
    {
      "action": "training_load",
      "outcome": "resting_hr",
      "nominal_step": 100.0,
      "dose_multiplier": 0.5,
      "dose_multiplier_raw": 1.3582177362756445,
      "direction_conflict": true,
      "scaled_effect": -0.12191683080176689,
      "posterior": {
        "mean": -0.24383366160353379,
        "variance": 0.03864827652014393,
        "sd": 0.19659164916176863,
        "contraction": 0.8582177362756445,
        "prior_mean": 1.305251261157877,
        "prior_variance": 0.2725889367606766,
        "source": "pop+cohort+user",
        "lam_js": 0.7603833865814696,
        "n_cohort": 238,
        "z_like": -1.2403052858206165
      },
      "cohort_prior": {
        "mean": 1.3090992134188058,
        "variance": 0.2741985200917978,
        "n": 238
      },
      "user_obs": {
        "slope": -0.0049890179379536576,