{
  "pid": 984,
  "cohort": "cohort_c",
  "age": 41,
  "is_female": false,
  "effects_bayesian": [
    {
      "action": "active_energy",
      "outcome": "deep_sleep",
      "nominal_step": 100.0,
      "dose_multiplier": 0.5220909911248135,
      "dose_multiplier_raw": 0.5220909911248135,
      "direction_conflict": false,
      "scaled_effect": 0.3723868341660473,
      "posterior": {
        "mean": 0.7132604095768103,
        "variance": 0.07496173628110714,
        "sd": 0.27379141016676756,
        "contraction": 0.022090991124813497,
        "prior_mean": 0.6921665440115441,
        "prior_variance": 0.07665512394382158,
        "source": "pop+cohort+user",
        "lam_js": 0.7603833865814696,
        "n_cohort": 238,
        "z_like": 2.6051234008486976
      },
      "cohort_prior": {
        "mean": 0.6920608463385354,
        "variance": 0.07663171440556958,
        "n": 238
      },
      "user_obs": {
        "slope": 0.016605453534942326,
        "se": 0.00863238017559252,
        "n": 42,
        "at_nominal_step": 1.6605453534942325,
        "se_at_step": 0.863238017559252,
        "residual_sd": 1.822164290014533,
        "sigma_data_used": 12.0
      },
      "gate": {
        "score": 0.022090991124813497,
        "tier": "not_exposed"
      }
    },
    {
      "action": "bedtime",
      "outcome": "deep_sleep",
      "nominal_step": -0.5,
      "dose_multiplier": 0.7201619932650948,
      "dose_multiplier_raw": 0.7201619932650948,
      "direction_conflict": false,
      "scaled_effect": 0.41873901029817223,
      "posterior": {
        "mean": 0.5814511376803977,
        "variance": 0.7366941815663159,
        "sd": 0.8583089080082508,
        "contraction": 0.22016199326509478,
        "prior_mean": 0.6072164646464647,
        "prior_variance": 0.9446759137205589,
        "source": "pop+cohort+user",
        "lam_js": 0.7603833865814696,
        "n_cohort": 238,
        "z_like": 0.677438078826054
      },
      "cohort_prior": {
        "mean": 0.5855927731092442,
        "variance": 0.9363184076048073,
        "n": 238
      },
      "user_obs": {
        "slope": -1.0947696469429797,
        "se": 0.6799187541747189,
        "n": 42,
        "at_nominal_step": 0.5473848234714899,
        "se_at_step": 0.33995937708735946,
        "residual_sd": 1.8276529429157147,
        "sigma_data_used": 12.0
      },
      "gate": {
        "score": 0.22016199326509478,
        "tier": "not_exposed"
      }
    },
    {
      "action": "bedtime",
      "outcome": "sleep_quality",
      "nominal_step": -0.5,
      "dose_multiplier": 0.9364405111022174,
      "dose_multiplier_raw": 0.9364405111022174,
      "direction_conflict": false,
      "scaled_effect": 0.5265949241028367,
      "posterior": {
        "mean": 0.5623367612353927,
        "variance": 0.4998215833172518,
        "sd": 0.7069806102837982,
        "contraction": 0.4364405111022174,
        "prior_mean": 0.4607862962962966,
        "prior_variance": 0.8869011935098631,
        "source": "pop+cohort+user",
        "lam_js": 0.7603833865814696,
        "n_cohort": 238,
        "z_like": 0.7954062007579781
      },
      "cohort_prior": {
        "mean": 0.42567579831932817,
        "variance": 0.8706033108101122,
        "n": 238
      },
      "user_obs": {
        "slope": -1.466881571437574,
        "se": 0.5137519971207551,
        "n": 42,
        "at_nominal_step": 0.733440785718787,
        "se_at_step": 0.25687599856037757,
        "residual_sd": 1.3809890427368456,
        "sigma_data_used": 7.0
      },
      "gate": {
        "score": 0.4364405111022174,
        "tier": "possible"
      }
    },
    {
      "action": "running_volume",
      "outcome": "hrv_daily",
      "nominal_step": 30.0,
      "dose_multiplier": 0.5,
      "dose_multiplier_raw": 0.9032491297140293,
      "direction_conflict": true,
      "scaled_effect": -0.023393611162872155,
      "posterior": {
        "mean": -0.04678722232574431,
        "variance": 0.17994522439450028,
        "sd": 0.42419951012996265,
        "contraction": 0.40324912971402926,
        "prior_mean": 0.14166006734006745,
        "prior_variance": 0.3015416203888705,
        "source": "pop+cohort+user",
        "lam_js": 0.7603833865814696,
        "n_cohort": 238,
        "z_like": -0.11029532380037411
      },
      "cohort_prior": {
        "mean": 0.19654117647058833,
        "variance": 0.5699868837170512,
        "n": 238
      },
      "user_obs": {
        "slope": -0.18969635059690537,
        "se": 0.31945240806899633,
        "n": 42,
        "at_nominal_step": -0.18969635059690537,
        "se_at_step": 0.31945240806899633,
        "residual_sd": 1.366860561836389,
        "sigma_data_used": 3.5
      },
      "gate": {
        "score": 0.20162456485701463,
        "tier": "not_exposed"
      }
    },
    {
      "action": "sleep_duration",
      "outcome": "hrv_daily",
      "nominal_step": 0.5,
      "dose_multiplier": 0.5013613115974901,
      "dose_multiplier_raw": 0.5013613115974901,
      "direction_conflict": false,
      "scaled_effect": 0.06608666360177357,
      "posterior": {
        "mean": 0.13181444613506632,
        "variance": 0.002929742249263859,
        "sd": 0.05412709348620023,
        "contraction": 0.0013613115974900891,
        "prior_mean": 0.13540993265993234,
        "prior_variance": 0.0029337359780747863,
        "source": "pop+cohort+user",
        "lam_js": 0.7603833865814696,
        "n_cohort": 238,
        "z_like": 2.435276635880561
      },
      "cohort_prior": {
        "mean": 0.13619087635053972,
        "variance": 0.0029676727681804804,
        "n": 238
      },
      "user_obs": {
        "slope": -0.5621137152208284,
        "se": 0.7992009231796351,
        "n": 42,
        "at_nominal_step": -0.2810568576104142,
        "se_at_step": 0.39960046158981755,
        "residual_sd": 1.3668605618363883,
        "sigma_data_used": 3.5
      },
      "gate": {
        "score": 0.0013613115974900891,
        "tier": "not_exposed"
      }
    },
    {
      "action": "training_load",
      "outcome": "hrv_daily",
      "nominal_step": 100.0,
      "dose_multiplier": 1.4334169419612277,
      "dose_multiplier_raw": 1.4334169419612277,
      "direction_conflict": false,
      "scaled_effect": -5.461166200512933,
      "posterior": {
        "mean": -3.8098937166466467,
        "variance": 0.2723549301156892,
        "sd": 0.5218763551989007,
        "contraction": 0.9334169419612277,
        "prior_mean": -5.056217651515151,
        "prior_variance": 4.090453910318943,
        "source": "pop+cohort+user",
        "lam_js": 0.7603833865814696,
        "n_cohort": 238,
        "z_like": -7.300376188138657
      },
      "cohort_prior": {
        "mean": -5.074865420168067,
        "variance": 4.120681445250819,
        "n": 238
      },
      "user_obs": {
        "slope": -0.037205158252786794,
        "se": 0.021421593739791286,
        "n": 42,
        "at_nominal_step": -3.7205158252786794,
        "se_at_step": 2.1421593739791285,
        "residual_sd": 1.3668605618363894,
        "sigma_data_used": 3.5
      },
      "gate": {
        "score": 0.9334169419612277,
        "tier": "recommended"
      }
    },
    {
      "action": "training_load",
      "outcome": "resting_hr",
      "nominal_step": 100.0,
      "dose_multiplier": 1.3882187865919695,
      "dose_multiplier_raw": 1.3882187865919695,
      "direction_conflict": false,
      "scaled_effect": 1.8110428844522937,
      "posterior": {
        "mean": 1.3045803024308171,
        "variance": 0.030470322112713357,
        "sd": 0.17455750374221488,
        "contraction": 0.8882187865919694,
        "prior_mean": 1.305251261157877,
        "prior_variance": 0.2725889367606766,
        "source": "pop+cohort+user",
        "lam_js": 0.7603833865814696,
        "n_cohort": 238,
        "z_like": 7.473642063290564
      },
      "cohort_prior": {
        "mean": 1.3090992134188058,