{
  "pid": 786,
  "cohort": "cohort_b",
  "age": 37,
  "is_female": false,
  "effects_bayesian": [
    {
      "action": "active_energy",
      "outcome": "deep_sleep",
      "nominal_step": 100.0,
      "dose_multiplier": 0.549779537796469,
      "dose_multiplier_raw": 0.549779537796469,
      "direction_conflict": false,
      "scaled_effect": 0.3718378538090621,
      "posterior": {
        "mean": 0.6763399294549922,
        "variance": 0.0728392673041671,
        "sd": 0.2698875086108416,
        "contraction": 0.04977953779646904,
        "prior_mean": 0.6921665440115441,
        "prior_variance": 0.07665512394382158,
        "source": "pop+cohort+user",
        "lam_js": 0.8472505091649695,
        "n_cohort": 416,
        "z_like": 2.506006791259931
      },
      "cohort_prior": {
        "mean": 0.6841722046703297,
        "variance": 0.07489465690295352,
        "n": 416
      },
      "user_obs": {
        "slope": 0.003919805004945841,
        "se": 0.00807208538831616,
        "n": 61,
        "at_nominal_step": 0.3919805004945841,
        "se_at_step": 0.807208538831616,
        "residual_sd": 2.281799575033429,
        "sigma_data_used": 12.0
      },
      "gate": {
        "score": 0.04977953779646904,
        "tier": "not_exposed"
      }
    },
    {
      "action": "bedtime",
      "outcome": "deep_sleep",
      "nominal_step": -0.5,
      "dose_multiplier": 0.7886444028649363,
      "dose_multiplier_raw": 0.7886444028649363,
      "direction_conflict": false,
      "scaled_effect": 0.3440031269001348,
      "posterior": {
        "mean": 0.4361954838587106,
        "variance": 0.6720004987038001,
        "sd": 0.8197563654548833,
        "contraction": 0.2886444028649363,
        "prior_mean": 0.6072164646464647,
        "prior_variance": 0.9446759137205589,
        "source": "pop+cohort+user",
        "lam_js": 0.8472505091649695,
        "n_cohort": 416,
        "z_like": 0.5321038082048506
      },
      "cohort_prior": {
        "mean": 0.6215986538461539,
        "variance": 0.9384823525592582,
        "n": 416
      },
      "user_obs": {
        "slope": 0.04835916678582424,
        "se": 0.9176280338519808,
        "n": 61,
        "at_nominal_step": -0.02417958339291212,
        "se_at_step": 0.4588140169259904,
        "residual_sd": 2.2761200655078224,
        "sigma_data_used": 12.0
      },
      "gate": {
        "score": 0.2886444028649363,
        "tier": "not_exposed"
      }
    },
    {
      "action": "bedtime",
      "outcome": "sleep_quality",
      "nominal_step": -0.5,
      "dose_multiplier": 0.5,
      "dose_multiplier_raw": 1.0217306387114236,
      "direction_conflict": true,
      "scaled_effect": -0.07280300339678242,
      "posterior": {
        "mean": -0.14560600679356484,
        "variance": 0.4241776673460383,
        "sd": 0.6512892347843915,
        "contraction": 0.5217306387114236,
        "prior_mean": 0.4607862962962966,
        "prior_variance": 0.8869011935098631,
        "source": "pop+cohort+user",
        "lam_js": 0.8472505091649695,
        "n_cohort": 416,
        "z_like": -0.22356581226429686
      },
      "cohort_prior": {
        "mean": 0.4770937500000001,
        "variance": 0.9009695161433738,
        "n": 416
      },
      "user_obs": {
        "slope": 1.3998125275187636,
        "se": 0.4443081341225743,
        "n": 61,
        "at_nominal_step": -0.6999062637593818,
        "se_at_step": 0.22215406706128715,
        "residual_sd": 1.1020790800162727,
        "sigma_data_used": 7.0
      },
      "gate": {
        "score": 0.2608653193557118,
        "tier": "not_exposed"
      }
    },
    {
      "action": "running_volume",
      "outcome": "hrv_daily",
      "nominal_step": 30.0,
      "dose_multiplier": 1.1457064251835234,
      "dose_multiplier_raw": 1.1457064251835234,
      "direction_conflict": false,
      "scaled_effect": 0.25111443060784594,
      "posterior": {
        "mean": 0.21917868756616385,
        "variance": 0.10683425864352587,
        "sd": 0.3268551034380921,
        "contraction": 0.6457064251835234,
        "prior_mean": 0.14166006734006745,
        "prior_variance": 0.3015416203888705,
        "source": "pop+cohort+user",
        "lam_js": 0.8472505091649695,
        "n_cohort": 416,
        "z_like": 0.6705683505035965
      },
      "cohort_prior": {
        "mean": 0.11986480769230796,
        "variance": 0.2186938498312511,
        "n": 416
      },
      "user_obs": {
        "slope": 0.30361937680462214,
        "se": 0.2998785619749382,
        "n": 61,
        "at_nominal_step": 0.30361937680462214,
        "se_at_step": 0.2998785619749382,
        "residual_sd": 1.5789047526609912,
        "sigma_data_used": 3.5
      },
      "gate": {
        "score": 0.6457064251835234,
        "tier": "possible"
      }
    },
    {
      "action": "sleep_duration",
      "outcome": "hrv_daily",
      "nominal_step": 0.5,
      "dose_multiplier": 0.5068189066423131,
      "dose_multiplier_raw": 0.5068189066423131,
      "direction_conflict": false,
      "scaled_effect": 0.06713520675899004,
      "posterior": {
        "mean": 0.13246389564225677,
        "variance": 0.002913731106327099,
        "sd": 0.05397898763710838,
        "contraction": 0.006818906642313105,
        "prior_mean": 0.13540993265993234,
        "prior_variance": 0.0029337359780747863,
        "source": "pop+cohort+user",
        "lam_js": 0.8472505091649695,
        "n_cohort": 416,
        "z_like": 2.45398999575148
      },
      "cohort_prior": {
        "mean": 0.13603296703296702,
        "variance": 0.002960794899166767,
        "n": 416
      },
      "user_obs": {
        "slope": -0.20697991619605136,
        "se": 0.629143238200446,
        "n": 61,
        "at_nominal_step": -0.10348995809802568,
        "se_at_step": 0.314571619100223,
        "residual_sd": 1.5789047526609918,
        "sigma_data_used": 3.5
      },
      "gate": {
        "score": 0.006818906642313105,
        "tier": "not_exposed"
      }
    },
    {
      "action": "training_load",
      "outcome": "hrv_daily",
      "nominal_step": 100.0,
      "dose_multiplier": 0.5,
      "dose_multiplier_raw": 1.453215701835413,
      "direction_conflict": true,
      "scaled_effect": 0.6545334511720913,
      "posterior": {
        "mean": 1.3090669023441825,
        "variance": 0.1913690153688623,
        "sd": 0.43745744406611975,
        "contraction": 0.953215701835413,
        "prior_mean": -5.056217651515151,
        "prior_variance": 4.090453910318943,
        "source": "pop+cohort+user",
        "lam_js": 0.8472505091649695,
        "n_cohort": 416,
        "z_like": 2.9924439967841145
      },
      "cohort_prior": {
        "mean": -5.038698533653847,
        "variance": 4.062157266087269,
        "n": 416
      },
      "user_obs": {
        "slope": 0.016226800676118387,
        "se": 0.018275061838728027,
        "n": 61,
        "at_nominal_step": 1.6226800676118387,
        "se_at_step": 1.8275061838728026,
        "residual_sd": 1.57890475266099,
        "sigma_data_used": 3.5
      },
      "gate": {
        "score": 0.4766078509177065,
        "tier": "possible"
      }
    },
    {
      "action": "training_load",
      "outcome": "resting_hr",
      "nominal_step": 100.0,
      "dose_multiplier": 0.5,
      "dose_multiplier_raw": 1.4203306782855694,
      "direction_conflict": true,
      "scaled_effect": -0.771883681745064,
      "posterior": {
        "mean": -1.543767363490128,
        "variance": 0.021716975698580974,
        "sd": 0.1473668066376583,
        "contraction": 0.9203306782855692,
        "prior_mean": 1.305251261157877,
        "prior_variance": 0.2725889367606766,
        "source": "pop+cohort+user",
        "lam_js": 0.8472505091649695,
        "n_cohort": 416,
        "z_like": -10.475679012885877
      },
      "cohort_prior": {
        "mean": 1.3016362050919952,
        "variance": 0.2710810896650065,
        "n": 416
      },