{
  "pid": 1130,
  "cohort": "cohort_c",
  "age": 44,
  "is_female": false,
  "effects_bayesian": [
    {
      "action": "active_energy",
      "outcome": "deep_sleep",
      "nominal_step": 100.0,
      "dose_multiplier": 0.5159437775386527,
      "dose_multiplier_raw": 0.5159437775386527,
      "direction_conflict": false,
      "scaled_effect": 0.34756724264272615,
      "posterior": {
        "mean": 0.6736533276955503,
        "variance": 0.07543295170046344,
        "sd": 0.27465059930840025,
        "contraction": 0.015943777538652726,
        "prior_mean": 0.6921665440115441,
        "prior_variance": 0.07665512394382158,
        "source": "pop+cohort+user",
        "lam_js": 0.7603833865814696,
        "n_cohort": 238,
        "z_like": 2.4527648197086838
      },
      "cohort_prior": {
        "mean": 0.6920608463385354,
        "variance": 0.07663171440556958,
        "n": 238
      },
      "user_obs": {
        "slope": -0.004808449755364014,
        "se": 0.01191048209173257,
        "n": 30,
        "at_nominal_step": -0.4808449755364014,
        "se_at_step": 1.191048209173257,
        "residual_sd": 1.8549854455168815,
        "sigma_data_used": 12.0
      },
      "gate": {
        "score": 0.015943777538652726,
        "tier": "not_exposed"
      }
    },
    {
      "action": "bedtime",
      "outcome": "deep_sleep",
      "nominal_step": -0.5,
      "dose_multiplier": 0.6691554653960174,
      "dose_multiplier_raw": 0.6691554653960174,
      "direction_conflict": false,
      "scaled_effect": 0.4482895438889091,
      "posterior": {
        "mean": 0.6699333220324276,
        "variance": 0.7848788198867498,
        "sd": 0.8859338687998951,
        "contraction": 0.16915546539601745,
        "prior_mean": 0.6072164646464647,
        "prior_variance": 0.9446759137205589,
        "source": "pop+cohort+user",
        "lam_js": 0.7603833865814696,
        "n_cohort": 238,
        "z_like": 0.7561888597169601
      },
      "cohort_prior": {
        "mean": 0.5855927731092442,
        "variance": 0.9363184076048073,
        "n": 238
      },
      "user_obs": {
        "slope": -2.1497587815760464,
        "se": 1.4131270898515484,
        "n": 30,
        "at_nominal_step": 1.0748793907880232,
        "se_at_step": 0.7065635449257742,
        "residual_sd": 1.8960173660862945,
        "sigma_data_used": 12.0
      },
      "gate": {
        "score": 0.16915546539601745,
        "tier": "not_exposed"
      }
    },
    {
      "action": "bedtime",
      "outcome": "sleep_quality",
      "nominal_step": -0.5,
      "dose_multiplier": 0.8578362771317033,
      "dose_multiplier_raw": 0.8578362771317033,
      "direction_conflict": false,
      "scaled_effect": 0.4997471196328675,
      "posterior": {
        "mean": 0.5825670153561733,
        "variance": 0.5695357722406293,
        "sd": 0.7546759385594782,
        "contraction": 0.3578362771317033,
        "prior_mean": 0.4607862962962966,
        "prior_variance": 0.8869011935098631,
        "source": "pop+cohort+user",
        "lam_js": 0.7603833865814696,
        "n_cohort": 238,
        "z_like": 0.7719432747096381
      },
      "cohort_prior": {
        "mean": 0.42567579831932817,
        "variance": 0.8706033108101122,
        "n": 238
      },
      "user_obs": {
        "slope": -1.7197987611725747,
        "se": 0.8424784457294777,
        "n": 30,
        "at_nominal_step": 0.8598993805862873,
        "se_at_step": 0.42123922286473886,
        "residual_sd": 1.1303680858770349,
        "sigma_data_used": 7.0
      },
      "gate": {
        "score": 0.3578362771317033,
        "tier": "possible"
      }
    },
    {
      "action": "running_volume",
      "outcome": "hrv_daily",
      "nominal_step": 30.0,
      "dose_multiplier": 0.7755478718180951,
      "dose_multiplier_raw": 0.7755478718180951,
      "direction_conflict": false,
      "scaled_effect": 0.237473584536926,
      "posterior": {
        "mean": 0.30620106529365276,
        "variance": 0.2184524686261373,
        "sd": 0.467388990698473,
        "contraction": 0.27554787181809515,
        "prior_mean": 0.14166006734006745,
        "prior_variance": 0.3015416203888705,
        "source": "pop+cohort+user",
        "lam_js": 0.7603833865814696,
        "n_cohort": 238,
        "z_like": 0.655131103614703
      },
      "cohort_prior": {
        "mean": 0.19654117647058833,
        "variance": 0.5699868837170512,
        "n": 238
      },
      "user_obs": {
        "slope": 0.4129489030602763,
        "se": 0.3766300229871939,
        "n": 30,
        "at_nominal_step": 0.4129489030602763,
        "se_at_step": 0.3766300229871939,
        "residual_sd": 1.44809647740375,
        "sigma_data_used": 3.5
      },
      "gate": {
        "score": 0.27554787181809515,
        "tier": "not_exposed"
      }
    },
    {
      "action": "sleep_duration",
      "outcome": "hrv_daily",
      "nominal_step": 0.5,
      "dose_multiplier": 0.5,
      "dose_multiplier_raw": 0.5,
      "direction_conflict": false,
      "scaled_effect": 0.06634637599966332,
      "posterior": {
        "mean": 0.13269275199932665,
        "variance": 0.002938174668328203,
        "sd": 0.054204932140241656,
        "contraction": 0.0,
        "prior_mean": 0.13540993265993234,
        "prior_variance": 0.0029337359780747863,
        "source": "pop+cohort+user",
        "lam_js": 0.7603833865814696,
        "n_cohort": 238,
        "z_like": 2.447982992691836
      },
      "cohort_prior": {
        "mean": 0.13619087635053972,
        "variance": 0.0029676727681804804,
        "n": 238
      },
      "user_obs": {
        "slope": -0.6482853390543651,
        "se": 0.9630602984463418,
        "n": 30,
        "at_nominal_step": -0.32414266952718257,
        "se_at_step": 0.4815301492231709,
        "residual_sd": 1.4480964774037492,
        "sigma_data_used": 3.5
      },
      "gate": {
        "score": 0.0,
        "tier": "not_exposed"
      }
    },
    {
      "action": "training_load",
      "outcome": "hrv_daily",
      "nominal_step": 100.0,
      "dose_multiplier": 1.4091888225644873,
      "dose_multiplier_raw": 1.4091888225644873,
      "direction_conflict": false,
      "scaled_effect": -0.456355137412794,
      "posterior": {
        "mean": -0.32384243339533747,
        "variance": 0.3714589358417602,
        "sd": 0.6094743110597527,
        "contraction": 0.9091888225644873,
        "prior_mean": -5.056217651515151,
        "prior_variance": 4.090453910318943,
        "source": "pop+cohort+user",
        "lam_js": 0.7603833865814696,
        "n_cohort": 238,
        "z_like": -0.5313471421498323
      },
      "cohort_prior": {
        "mean": -5.074865420168067,
        "variance": 4.120681445250819,
        "n": 238
      },
      "user_obs": {
        "slope": 0.0014734381840244802,
        "se": 0.025003199290503604,
        "n": 30,
        "at_nominal_step": 0.14734381840244803,
        "se_at_step": 2.5003199290503604,
        "residual_sd": 1.4480964774037504,
        "sigma_data_used": 3.5
      },
      "gate": {
        "score": 0.9091888225644873,
        "tier": "recommended"
      }
    },
    {
      "action": "training_load",
      "outcome": "resting_hr",
      "nominal_step": 100.0,
      "dose_multiplier": 0.5,
      "dose_multiplier_raw": 1.3501754286902394,
      "direction_conflict": true,
      "scaled_effect": -0.48625060318851504,
      "posterior": {
        "mean": -0.9725012063770301,
        "variance": 0.040840520593951816,
        "sd": 0.2020903772918241,
        "contraction": 0.8501754286902394,
        "prior_mean": 1.305251261157877,
        "prior_variance": 0.2725889367606766,
        "source": "pop+cohort+user",
        "lam_js": 0.7603833865814696,
        "n_cohort": 238,
        "z_like": -4.812209365974469
      },
      "cohort_prior": {
        "mean": 1.3090992134188058,
        "variance": 0.2741985200917978,
        "n": 238
      },