{
  "pid": 147,
  "cohort": "cohort_a",
  "age": 39,
  "is_female": false,
  "effects_bayesian": [
    {
      "action": "active_energy",
      "outcome": "deep_sleep",
      "nominal_step": 100.0,
      "dose_multiplier": 0.5144462062727329,
      "dose_multiplier_raw": 0.5144462062727329,
      "direction_conflict": false,
      "scaled_effect": 0.36837031719598873,
      "posterior": {
        "mean": 0.716052159981714,
        "variance": 0.07554774821146723,
        "sd": 0.27485950631453016,
        "contraction": 0.014446206272732853,
        "prior_mean": 0.6921665440115441,
        "prior_variance": 0.07665512394382158,
        "source": "pop+cohort+user",
        "lam_js": 0.8768472906403941,
        "n_cohort": 534,
        "z_like": 2.6051569748594163
      },
      "cohort_prior": {
        "mean": 0.6984414526484751,
        "variance": 0.07805127404443395,
        "n": 534
      },
      "user_obs": {
        "slope": 0.0131241200792939,
        "se": 0.00839352442116434,
        "n": 57,
        "at_nominal_step": 1.3124120079293902,
        "se_at_step": 0.8393524421164341,
        "residual_sd": 2.037636300459227,
        "sigma_data_used": 12.0
      },
      "gate": {
        "score": 0.014446206272732853,
        "tier": "not_exposed"
      }
    },
    {
      "action": "bedtime",
      "outcome": "deep_sleep",
      "nominal_step": -0.5,
      "dose_multiplier": 0.7666122385674619,
      "dose_multiplier_raw": 0.7666122385674619,
      "direction_conflict": false,
      "scaled_effect": 0.3713554140915198,
      "posterior": {
        "mean": 0.4844110169509647,
        "variance": 0.6928137536427582,
        "sd": 0.8323543438000178,
        "contraction": 0.26661223856746186,
        "prior_mean": 0.6072164646464647,
        "prior_variance": 0.9446759137205589,
        "source": "pop+cohort+user",
        "lam_js": 0.8768472906403941,
        "n_cohort": 534,
        "z_like": 0.5819769195165632
      },
      "cohort_prior": {
        "mean": 0.6056498876404495,
        "variance": 0.9560138510611396,
        "n": 534
      },
      "user_obs": {
        "slope": -0.3260938856433212,
        "se": 0.7720450400183276,
        "n": 57,
        "at_nominal_step": 0.1630469428216606,
        "se_at_step": 0.3860225200091638,
        "residual_sd": 2.050283564733977,
        "sigma_data_used": 12.0
      },
      "gate": {
        "score": 0.26661223856746186,
        "tier": "not_exposed"
      }
    },
    {
      "action": "bedtime",
      "outcome": "sleep_quality",
      "nominal_step": -0.5,
      "dose_multiplier": 1.0082602682034416,
      "dose_multiplier_raw": 1.0082602682034416,
      "direction_conflict": false,
      "scaled_effect": 0.22379618695343198,
      "posterior": {
        "mean": 0.22196271539312062,
        "variance": 0.43612455502658753,
        "sd": 0.6603972706080693,
        "contraction": 0.5082602682034416,
        "prior_mean": 0.4607862962962966,
        "prior_variance": 0.8869011935098631,
        "source": "pop+cohort+user",
        "lam_js": 0.8768472906403941,
        "n_cohort": 534,
        "z_like": 0.33610483457744394
      },
      "cohort_prior": {
        "mean": 0.46373086142322145,
        "variance": 0.8849888909576128,
        "n": 534
      },
      "user_obs": {
        "slope": 0.024936802083540585,
        "se": 0.4472243403175468,
        "n": 57,
        "at_nominal_step": -0.012468401041770293,
        "se_at_step": 0.2236121701587734,
        "residual_sd": 1.1876725672381678,
        "sigma_data_used": 7.0
      },
      "gate": {
        "score": 0.5082602682034416,
        "tier": "possible"
      }
    },
    {
      "action": "running_volume",
      "outcome": "hrv_daily",
      "nominal_step": 30.0,
      "dose_multiplier": 1.116663422657341,
      "dose_multiplier_raw": 1.116663422657341,
      "direction_conflict": false,
      "scaled_effect": 0.07988380802602905,
      "posterior": {
        "mean": 0.07153794635444254,
        "variance": 0.11559193268622897,
        "sd": 0.33998813609628936,
        "contraction": 0.6166634226573411,
        "prior_mean": 0.14166006734006745,
        "prior_variance": 0.3015416203888705,
        "source": "pop+cohort+user",
        "lam_js": 0.8768472906403941,
        "n_cohort": 534,
        "z_like": 0.21041306669060356
      },
      "cohort_prior": {
        "mean": 0.13417902621722846,
        "variance": 0.24427088794406634,
        "n": 534
      },
      "user_obs": {
        "slope": 0.016923073299335394,
        "se": 0.3763736650239901,
        "n": 57,
        "at_nominal_step": 0.016923073299335394,
        "se_at_step": 0.3763736650239901,
        "residual_sd": 1.8601648289254804,
        "sigma_data_used": 3.5
      },
      "gate": {
        "score": 0.6166634226573411,
        "tier": "possible"
      }
    },
    {
      "action": "sleep_duration",
      "outcome": "hrv_daily",
      "nominal_step": 0.5,
      "dose_multiplier": 0.5239569446095587,
      "dose_multiplier_raw": 0.5239569446095587,
      "direction_conflict": false,
      "scaled_effect": 0.0727855118383046,
      "posterior": {
        "mean": 0.13891506274917834,
        "variance": 0.0028634526277489794,
        "sd": 0.053511238331298026,
        "contraction": 0.02395694460955866,
        "prior_mean": 0.13540993265993234,
        "prior_variance": 0.0029337359780747863,
        "source": "pop+cohort+user",
        "lam_js": 0.8768472906403941,
        "n_cohort": 534,
        "z_like": 2.5959979077503186
      },
      "cohort_prior": {
        "mean": 0.13457651150347733,
        "variance": 0.002897733991751291,
        "n": 534
      },
      "user_obs": {
        "slope": 0.9051989286652622,
        "se": 0.8556634939606277,
        "n": 57,
        "at_nominal_step": 0.4525994643326311,
        "se_at_step": 0.42783174698031384,
        "residual_sd": 1.860164828925481,
        "sigma_data_used": 3.5
      },
      "gate": {
        "score": 0.02395694460955866,
        "tier": "not_exposed"
      }
    },
    {
      "action": "training_load",
      "outcome": "hrv_daily",
      "nominal_step": 100.0,
      "dose_multiplier": 0.5,
      "dose_multiplier_raw": 1.4500780889491733,
      "direction_conflict": true,
      "scaled_effect": 0.43188628644837607,
      "posterior": {
        "mean": 0.8637725728967521,
        "variance": 0.2042032762684489,
        "sd": 0.4518885662068126,
        "contraction": 0.9500780889491732,
        "prior_mean": -5.056217651515151,
        "prior_variance": 4.090453910318943,
        "source": "pop+cohort+user",
        "lam_js": 0.8768472906403941,
        "n_cohort": 534,
        "z_like": 1.9114725122331055
      },
      "cohort_prior": {
        "mean": -5.061554325842696,
        "variance": 4.099093150953106,
        "n": 534
      },
      "user_obs": {
        "slope": 0.011744792126319233,
        "se": 0.02557050926312308,
        "n": 57,
        "at_nominal_step": 1.1744792126319232,
        "se_at_step": 2.557050926312308,
        "residual_sd": 1.8601648289254817,
        "sigma_data_used": 3.5
      },
      "gate": {
        "score": 0.4750390444745866,
        "tier": "possible"
      }
    },
    {
      "action": "training_load",
      "outcome": "resting_hr",
      "nominal_step": 100.0,
      "dose_multiplier": 0.5,
      "dose_multiplier_raw": 1.4151715730968348,
      "direction_conflict": true,
      "scaled_effect": -0.08942049737227423,
      "posterior": {
        "mean": -0.17884099474454845,
        "variance": 0.023123290696614545,
        "sd": 0.15206344299868574,
        "contraction": 0.915171573096835,
        "prior_mean": 1.305251261157877,
        "prior_variance": 0.2725889367606766,
        "source": "pop+cohort+user",
        "lam_js": 0.8768472906403941,
        "n_cohort": 534,
        "z_like": -1.1760946037904334
      },
      "cohort_prior": {
        "mean": 1.306352479669686,
        "variance": 0.273049088182262,
        "n": 534
      },