{
  "pid": 536,
  "cohort": "cohort_b",
  "age": 37,
  "is_female": true,
  "effects_bayesian": [
    {
      "action": "active_energy",
      "outcome": "deep_sleep",
      "nominal_step": 100.0,
      "dose_multiplier": 0.5473702025026558,
      "dose_multiplier_raw": 0.5473702025026558,
      "direction_conflict": false,
      "scaled_effect": 0.3495470495148228,
      "posterior": {
        "mean": 0.6385934928803999,
        "variance": 0.07302395519973658,
        "sd": 0.27022944917187797,
        "contraction": 0.04737020250265578,
        "prior_mean": 0.6921665440115441,
        "prior_variance": 0.07665512394382158,
        "source": "pop+cohort+user",
        "lam_js": 0.8472505091649695,
        "n_cohort": 416,
        "z_like": 2.3631528496889547
      },
      "cohort_prior": {
        "mean": 0.6841722046703297,
        "variance": 0.07489465690295352,
        "n": 416
      },
      "user_obs": {
        "slope": -0.009625926330249945,
        "se": 0.0072764663410734495,
        "n": 56,
        "at_nominal_step": -0.9625926330249945,
        "se_at_step": 0.727646634107345,
        "residual_sd": 1.9022827521488395,
        "sigma_data_used": 12.0
      },
      "gate": {
        "score": 0.04737020250265578,
        "tier": "not_exposed"
      }
    },
    {
      "action": "bedtime",
      "outcome": "deep_sleep",
      "nominal_step": -0.5,
      "dose_multiplier": 0.7716495463338675,
      "dose_multiplier_raw": 0.7716495463338675,
      "direction_conflict": false,
      "scaled_effect": 0.6417425377445976,
      "posterior": {
        "mean": 0.8316502495122787,
        "variance": 0.6880551303258373,
        "sd": 0.8294908862222884,
        "contraction": 0.2716495463338675,
        "prior_mean": 0.6072164646464647,
        "prior_variance": 0.9446759137205589,
        "source": "pop+cohort+user",
        "lam_js": 0.8472505091649695,
        "n_cohort": 416,
        "z_like": 1.0026032393192705
      },
      "cohort_prior": {
        "mean": 0.6215986538461539,
        "variance": 0.9384823525592582,
        "n": 416
      },
      "user_obs": {
        "slope": -2.8252513644254122,
        "se": 0.6299919877018347,
        "n": 56,
        "at_nominal_step": 1.4126256822127061,
        "se_at_step": 0.31499599385091737,
        "residual_sd": 1.905408893554968,
        "sigma_data_used": 12.0
      },
      "gate": {
        "score": 0.2716495463338675,
        "tier": "not_exposed"
      }
    },
    {
      "action": "bedtime",
      "outcome": "sleep_quality",
      "nominal_step": -0.5,
      "dose_multiplier": 1.0000929439219317,
      "dose_multiplier_raw": 1.0000929439219317,
      "direction_conflict": false,
      "scaled_effect": 0.7159916818235192,
      "posterior": {
        "mean": 0.7159251409331114,
        "variance": 0.44336816467964074,
        "sd": 0.6658589675596783,
        "contraction": 0.5000929439219318,
        "prior_mean": 0.4607862962962966,
        "prior_variance": 0.8869011935098631,
        "source": "pop+cohort+user",
        "lam_js": 0.8472505091649695,
        "n_cohort": 416,
        "z_like": 1.0751903568362557
      },
      "cohort_prior": {
        "mean": 0.4770937500000001,
        "variance": 0.9009695161433738,
        "n": 416
      },
      "user_obs": {
        "slope": -1.9017189620504182,
        "se": 0.36600099940529823,
        "n": 56,
        "at_nominal_step": 0.9508594810252091,
        "se_at_step": 0.18300049970264912,
        "residual_sd": 1.1069689344159113,
        "sigma_data_used": 7.0
      },
      "gate": {
        "score": 0.5000929439219318,
        "tier": "possible"
      }
    },
    {
      "action": "running_volume",
      "outcome": "hrv_daily",
      "nominal_step": 30.0,
      "dose_multiplier": 1.129552770006843,
      "dose_multiplier_raw": 1.129552770006843,
      "direction_conflict": false,
      "scaled_effect": 0.16141948758884664,
      "posterior": {
        "mean": 0.14290566308634586,
        "variance": 0.11170525800070509,
        "sd": 0.33422336543201925,
        "contraction": 0.6295527700068432,
        "prior_mean": 0.14166006734006745,
        "prior_variance": 0.3015416203888705,
        "source": "pop+cohort+user",
        "lam_js": 0.8472505091649695,
        "n_cohort": 416,
        "z_like": 0.427575321975545
      },
      "cohort_prior": {
        "mean": 0.11986480769230796,
        "variance": 0.2186938498312511,
        "n": 416
      },
      "user_obs": {
        "slope": 0.16179490355772758,
        "se": 0.2140796733035337,
        "n": 56,
        "at_nominal_step": 0.16179490355772758,
        "se_at_step": 0.2140796733035337,
        "residual_sd": 1.3618690264042173,
        "sigma_data_used": 3.5
      },
      "gate": {
        "score": 0.6295527700068432,
        "tier": "possible"
      }
    },
    {
      "action": "sleep_duration",
      "outcome": "hrv_daily",
      "nominal_step": 0.5,
      "dose_multiplier": 0.5056363318051618,
      "dose_multiplier_raw": 0.5056363318051618,
      "direction_conflict": false,
      "scaled_effect": 0.07401192424914481,
      "posterior": {
        "mean": 0.14637382560093412,
        "variance": 0.002917200468673616,
        "sd": 0.054011114306905535,
        "contraction": 0.005636331805161765,
        "prior_mean": 0.13540993265993234,
        "prior_variance": 0.0029337359780747863,
        "source": "pop+cohort+user",
        "lam_js": 0.8472505091649695,
        "n_cohort": 416,
        "z_like": 2.710068612345212
      },
      "cohort_prior": {
        "mean": 0.13603296703296702,
        "variance": 0.002960794899166767,
        "n": 416
      },
      "user_obs": {
        "slope": 1.8369931659600258,
        "se": 0.6128616669106678,
        "n": 56,
        "at_nominal_step": 0.9184965829800129,
        "se_at_step": 0.3064308334553339,
        "residual_sd": 1.3618690264042166,
        "sigma_data_used": 3.5
      },
      "gate": {
        "score": 0.005636331805161765,
        "tier": "not_exposed"
      }
    },
    {
      "action": "training_load",
      "outcome": "hrv_daily",
      "nominal_step": 100.0,
      "dose_multiplier": 1.4492517674276229,
      "dose_multiplier_raw": 1.4492517674276229,
      "direction_conflict": false,
      "scaled_effect": -1.446494733580119,
      "posterior": {
        "mean": -0.998097615673502,
        "variance": 0.2075833063674553,
        "sd": 0.4556131103990043,
        "contraction": 0.9492517674276229,
        "prior_mean": -5.056217651515151,
        "prior_variance": 4.090453910318943,
        "source": "pop+cohort+user",
        "lam_js": 0.8472505091649695,
        "n_cohort": 416,
        "z_like": -2.190669216694435
      },
      "cohort_prior": {
        "mean": -5.038698533653847,
        "variance": 4.062157266087269,
        "n": 416
      },
      "user_obs": {
        "slope": -0.0078059440787496635,
        "se": 0.01729301531549081,
        "n": 56,
        "at_nominal_step": -0.7805944078749664,
        "se_at_step": 1.729301531549081,
        "residual_sd": 1.3618690264042166,
        "sigma_data_used": 3.5
      },
      "gate": {
        "score": 0.9492517674276229,
        "tier": "recommended"
      }
    },
    {
      "action": "training_load",
      "outcome": "resting_hr",
      "nominal_step": 100.0,
      "dose_multiplier": 1.4138331678711005,
      "dose_multiplier_raw": 1.4138331678711005,
      "direction_conflict": false,
      "scaled_effect": 1.1679912567701947,
      "posterior": {
        "mean": 0.8261167465245663,
        "variance": 0.023488125154052453,
        "sd": 0.1532583607965727,
        "contraction": 0.9138331678711004,
        "prior_mean": 1.305251261157877,
        "prior_variance": 0.2725889367606766,
        "source": "pop+cohort+user",
        "lam_js": 0.8472505091649695,
        "n_cohort": 416,
        "z_like": 5.390353532627896
      },
      "cohort_prior": {
        "mean": 1.3016362050919952,
        "variance": 0.2710810896650065,