{
  "pid": 1158,
  "cohort": "cohort_c",
  "age": 40,
  "is_female": false,
  "effects_bayesian": [
    {
      "action": "active_energy",
      "outcome": "deep_sleep",
      "nominal_step": 100.0,
      "dose_multiplier": 0.5138774961162583,
      "dose_multiplier_raw": 0.5138774961162583,
      "direction_conflict": false,
      "scaled_effect": 0.3378710677402062,
      "posterior": {
        "mean": 0.6574934109661169,
        "variance": 0.0755913427589999,
        "sd": 0.2749387982060733,
        "contraction": 0.013877496116258325,
        "prior_mean": 0.6921665440115441,
        "prior_variance": 0.07665512394382158,
        "source": "pop+cohort+user",
        "lam_js": 0.7603833865814696,
        "n_cohort": 238,
        "z_like": 2.3914173454461296
      },
      "cohort_prior": {
        "mean": 0.6920608463385354,
        "variance": 0.07663171440556958,
        "n": 238
      },
      "user_obs": {
        "slope": -0.018424723682940108,
        "se": 0.013880546592473694,
        "n": 26,
        "at_nominal_step": -1.8424723682940107,
        "se_at_step": 1.3880546592473695,
        "residual_sd": 2.37409005552614,
        "sigma_data_used": 12.0
      },
      "gate": {
        "score": 0.013877496116258325,
        "tier": "not_exposed"
      }
    },
    {
      "action": "bedtime",
      "outcome": "deep_sleep",
      "nominal_step": -0.5,
      "dose_multiplier": 0.6506375033394907,
      "dose_multiplier_raw": 0.6506375033394907,
      "direction_conflict": false,
      "scaled_effect": 0.3504598809105723,
      "posterior": {
        "mean": 0.5386407625010647,
        "variance": 0.8023722926127418,
        "sd": 0.8957523612096938,
        "contraction": 0.15063750333949066,
        "prior_mean": 0.6072164646464647,
        "prior_variance": 0.9446759137205589,
        "source": "pop+cohort+user",
        "lam_js": 0.7603833865814696,
        "n_cohort": 238,
        "z_like": 0.6013277618086792
      },
      "cohort_prior": {
        "mean": 0.5855927731092442,
        "variance": 0.9363184076048073,
        "n": 238
      },
      "user_obs": {
        "slope": -0.4618353850787893,
        "se": 1.1253457094400272,
        "n": 26,
        "at_nominal_step": 0.23091769253939465,
        "se_at_step": 0.5626728547200136,
        "residual_sd": 2.433826011659546,
        "sigma_data_used": 12.0
      },
      "gate": {
        "score": 0.15063750333949066,
        "tier": "not_exposed"
      }
    },
    {
      "action": "bedtime",
      "outcome": "sleep_quality",
      "nominal_step": -0.5,
      "dose_multiplier": 0.8265245754153007,
      "dose_multiplier_raw": 0.8265245754153007,
      "direction_conflict": false,
      "scaled_effect": 0.08292559144224129,
      "posterior": {
        "mean": 0.10033046071325101,
        "variance": 0.5973061578637316,
        "sd": 0.7728558454613199,
        "contraction": 0.32652457541530067,
        "prior_mean": 0.4607862962962966,
        "prior_variance": 0.8869011935098631,
        "source": "pop+cohort+user",
        "lam_js": 0.7603833865814696,
        "n_cohort": 238,
        "z_like": 0.12981781958751112
      },
      "cohort_prior": {
        "mean": 0.42567579831932817,
        "variance": 0.8706033108101122,
        "n": 238
      },
      "user_obs": {
        "slope": 1.2379656767160112,
        "se": 0.44507416148798706,
        "n": 26,
        "at_nominal_step": -0.6189828383580056,
        "se_at_step": 0.22253708074399353,
        "residual_sd": 0.962578043582751,
        "sigma_data_used": 7.0
      },
      "gate": {
        "score": 0.32652457541530067,
        "tier": "possible"
      }
    },
    {
      "action": "running_volume",
      "outcome": "hrv_daily",
      "nominal_step": 30.0,
      "dose_multiplier": 0.7199024038514095,
      "dose_multiplier_raw": 0.7199024038514095,
      "direction_conflict": false,
      "scaled_effect": 0.0004705413105941082,
      "posterior": {
        "mean": 0.0006536181961287487,
        "variance": 0.2352318932041087,
        "sd": 0.48500710634392635,
        "contraction": 0.21990240385140947,
        "prior_mean": 0.14166006734006745,
        "prior_variance": 0.3015416203888705,
        "source": "pop+cohort+user",
        "lam_js": 0.7603833865814696,
        "n_cohort": 238,
        "z_like": 0.0013476466377077318
      },
      "cohort_prior": {
        "mean": 0.19654117647058833,
        "variance": 0.5699868837170512,
        "n": 238
      },
      "user_obs": {
        "slope": -0.1826195793744881,
        "se": 0.35914347435071114,
        "n": 26,
        "at_nominal_step": -0.1826195793744881,
        "se_at_step": 0.35914347435071114,
        "residual_sd": 1.6826723594300084,
        "sigma_data_used": 3.5
      },
      "gate": {
        "score": 0.21990240385140947,
        "tier": "not_exposed"
      }
    },
    {
      "action": "sleep_duration",
      "outcome": "hrv_daily",
      "nominal_step": 0.5,
      "dose_multiplier": 0.5,
      "dose_multiplier_raw": 0.5,
      "direction_conflict": false,
      "scaled_effect": 0.06645573907259322,
      "posterior": {
        "mean": 0.13291147814518645,
        "variance": 0.0029409962718369574,
        "sd": 0.05423095307881798,
        "contraction": 0.0,
        "prior_mean": 0.13540993265993234,
        "prior_variance": 0.0029337359780747863,
        "source": "pop+cohort+user",
        "lam_js": 0.7603833865814696,
        "n_cohort": 238,
        "z_like": 2.450841643000743
      },
      "cohort_prior": {
        "mean": 0.13619087635053972,
        "variance": 0.0029676727681804804,
        "n": 238
      },
      "user_obs": {
        "slope": -0.7187692983437708,
        "se": 0.8382782243266798,
        "n": 26,
        "at_nominal_step": -0.3593846491718854,
        "se_at_step": 0.4191391121633399,
        "residual_sd": 1.6826723594300084,
        "sigma_data_used": 3.5
      },
      "gate": {
        "score": 0.0,
        "tier": "not_exposed"
      }
    },
    {
      "action": "training_load",
      "outcome": "hrv_daily",
      "nominal_step": 100.0,
      "dose_multiplier": 1.3966536651557004,
      "dose_multiplier_raw": 1.3966536651557004,
      "direction_conflict": false,
      "scaled_effect": -5.44993338933889,
      "posterior": {
        "mean": -3.902136603587637,
        "variance": 0.4227334194809958,
        "sd": 0.6501795286541986,
        "contraction": 0.8966536651557004,
        "prior_mean": -5.056217651515151,
        "prior_variance": 4.090453910318943,
        "source": "pop+cohort+user",
        "lam_js": 0.7603833865814696,
        "n_cohort": 238,
        "z_like": -6.001629444816016
      },
      "cohort_prior": {
        "mean": -5.074865420168067,
        "variance": 4.120681445250819,
        "n": 238
      },
      "user_obs": {
        "slope": -0.03768322551193426,
        "se": 0.03160102369478234,
        "n": 26,
        "at_nominal_step": -3.768322551193426,
        "se_at_step": 3.160102369478234,
        "residual_sd": 1.6826723594300055,
        "sigma_data_used": 3.5
      },
      "gate": {
        "score": 0.8966536651557004,
        "tier": "recommended"
      }
    },
    {
      "action": "training_load",
      "outcome": "resting_hr",
      "nominal_step": 100.0,
      "dose_multiplier": 1.3310034664428905,
      "dose_multiplier_raw": 1.3310034664428905,
      "direction_conflict": false,
      "scaled_effect": 1.313522212819128,
      "posterior": {
        "mean": 0.9868661096199236,
        "variance": 0.04606658539857249,
        "sd": 0.21463127777323715,
        "contraction": 0.8310034664428905,
        "prior_mean": 1.305251261157877,
        "prior_variance": 0.2725889367606766,
        "source": "pop+cohort+user",
        "lam_js": 0.7603833865814696,
        "n_cohort": 238,
        "z_like": 4.59796037119329
      },
      "cohort_prior": {
        "mean": 1.3090992134188058,
        "variance": 0.2741985200917978,
        "n": 238
      },