{
  "pid": 1008,
  "cohort": "cohort_c",
  "age": 38,
  "is_female": false,
  "effects_bayesian": [
    {
      "action": "active_energy",
      "outcome": "deep_sleep",
      "nominal_step": 100.0,
      "dose_multiplier": 0.5185144841190054,
      "dose_multiplier_raw": 0.5185144841190054,
      "direction_conflict": false,
      "scaled_effect": 0.3563983907341056,
      "posterior": {
        "mean": 0.6873451015349223,
        "variance": 0.0752358938689233,
        "sd": 0.27429162194446133,
        "contraction": 0.01851448411900536,
        "prior_mean": 0.6921665440115441,
        "prior_variance": 0.07665512394382158,
        "source": "pop+cohort+user",
        "lam_js": 0.7603833865814696,
        "n_cohort": 238,
        "z_like": 2.5058917099338025
      },
      "cohort_prior": {
        "mean": 0.6920608463385354,
        "variance": 0.07663171440556958,
        "n": 238
      },
      "user_obs": {
        "slope": 0.004328199819031292,
        "se": 0.008803974596206375,
        "n": 35,
        "at_nominal_step": 0.4328199819031292,
        "se_at_step": 0.8803974596206375,
        "residual_sd": 2.099852580172208,
        "sigma_data_used": 12.0
      },
      "gate": {
        "score": 0.01851448411900536,
        "tier": "not_exposed"
      }
    },
    {
      "action": "bedtime",
      "outcome": "deep_sleep",
      "nominal_step": -0.5,
      "dose_multiplier": 0.6911975458047087,
      "dose_multiplier_raw": 0.6911975458047087,
      "direction_conflict": false,
      "scaled_effect": 0.2455286115677112,
      "posterior": {
        "mean": 0.3552220534606513,
        "variance": 0.7640561974363673,
        "sd": 0.8741030816993882,
        "contraction": 0.1911975458047087,
        "prior_mean": 0.6072164646464647,
        "prior_variance": 0.9446759137205589,
        "source": "pop+cohort+user",
        "lam_js": 0.7603833865814696,
        "n_cohort": 238,
        "z_like": 0.4063846254494905
      },
      "cohort_prior": {
        "mean": 0.5855927731092442,
        "variance": 0.9363184076048073,
        "n": 238
      },
      "user_obs": {
        "slope": 1.35525119759894,
        "se": 1.1903295214980207,
        "n": 35,
        "at_nominal_step": -0.67762559879947,
        "se_at_step": 0.5951647607490104,
        "residual_sd": 2.1303115710796456,
        "sigma_data_used": 12.0
      },
      "gate": {
        "score": 0.1911975458047087,
        "tier": "not_exposed"
      }
    },
    {
      "action": "bedtime",
      "outcome": "sleep_quality",
      "nominal_step": -0.5,
      "dose_multiplier": 0.8931064396386682,
      "dose_multiplier_raw": 0.8931064396386682,
      "direction_conflict": false,
      "scaled_effect": 0.087370924940404,
      "posterior": {
        "mean": 0.09782812110922905,
        "variance": 0.5382546230179153,
        "sd": 0.7336583830488923,
        "contraction": 0.3931064396386682,
        "prior_mean": 0.4607862962962966,
        "prior_variance": 0.8869011935098631,
        "source": "pop+cohort+user",
        "lam_js": 0.7603833865814696,
        "n_cohort": 238,
        "z_like": 0.13334287915130333
      },
      "cohort_prior": {
        "mean": 0.42567579831932817,
        "variance": 0.8706033108101122,
        "n": 238
      },
      "user_obs": {
        "slope": 0.8810502909760466,
        "se": 0.5186743871741141,
        "n": 35,
        "at_nominal_step": -0.4405251454880233,
        "se_at_step": 0.25933719358705704,
        "residual_sd": 0.928262324561272,
        "sigma_data_used": 7.0
      },
      "gate": {
        "score": 0.3931064396386682,
        "tier": "possible"
      }
    },
    {
      "action": "running_volume",
      "outcome": "hrv_daily",
      "nominal_step": 30.0,
      "dose_multiplier": 0.5,
      "dose_multiplier_raw": 0.8348550386736007,
      "direction_conflict": true,
      "scaled_effect": -0.07275865823606693,
      "posterior": {
        "mean": -0.14551731647213387,
        "variance": 0.20056888943185505,
        "sd": 0.44784918156881237,
        "contraction": 0.33485503867360067,
        "prior_mean": 0.14166006734006745,
        "prior_variance": 0.3015416203888705,
        "source": "pop+cohort+user",
        "lam_js": 0.7603833865814696,
        "n_cohort": 238,
        "z_like": -0.32492482393824584
      },
      "cohort_prior": {
        "mean": 0.19654117647058833,
        "variance": 0.5699868837170512,
        "n": 238
      },
      "user_obs": {
        "slope": -0.3905657780278671,
        "se": 0.4343071201668918,
        "n": 35,
        "at_nominal_step": -0.3905657780278671,
        "se_at_step": 0.4343071201668918,
        "residual_sd": 1.7576481863042333,
        "sigma_data_used": 3.5
      },
      "gate": {
        "score": 0.16742751933680033,
        "tier": "not_exposed"
      }
    },
    {
      "action": "sleep_duration",
      "outcome": "hrv_daily",
      "nominal_step": 0.5,
      "dose_multiplier": 0.5,
      "dose_multiplier_raw": 0.5,
      "direction_conflict": false,
      "scaled_effect": 0.07089655812970652,
      "posterior": {
        "mean": 0.14179311625941304,
        "variance": 0.0029346552684220996,
        "sd": 0.054172458578341263,
        "contraction": 0.0,
        "prior_mean": 0.13540993265993234,
        "prior_variance": 0.0029337359780747863,
        "source": "pop+cohort+user",
        "lam_js": 0.7603833865814696,
        "n_cohort": 238,
        "z_like": 2.617439192913121
      },
      "cohort_prior": {
        "mean": 0.13619087635053972,
        "variance": 0.0029676727681804804,
        "n": 238
      },
      "user_obs": {
        "slope": 1.6529386550874055,
        "se": 0.8704333354687112,
        "n": 35,
        "at_nominal_step": 0.8264693275437027,
        "se_at_step": 0.4352166677343556,
        "residual_sd": 1.7576481863042326,
        "sigma_data_used": 3.5
      },
      "gate": {
        "score": 0.0,
        "tier": "not_exposed"
      }
    },
    {
      "action": "training_load",
      "outcome": "hrv_daily",
      "nominal_step": 100.0,
      "dose_multiplier": 0.5,
      "dose_multiplier_raw": 1.4211445603936714,
      "direction_conflict": true,
      "scaled_effect": 1.0166126806073459,
      "posterior": {
        "mean": 2.0332253612146918,
        "variance": 0.32255454128762606,
        "sd": 0.5679388534759935,
        "contraction": 0.9211445603936714,
        "prior_mean": -5.056217651515151,
        "prior_variance": 4.090453910318943,
        "source": "pop+cohort+user",
        "lam_js": 0.7603833865814696,
        "n_cohort": 238,
        "z_like": 3.580007510968142
      },
      "cohort_prior": {
        "mean": -5.074865420168067,
        "variance": 4.120681445250819,
        "n": 238
      },
      "user_obs": {
        "slope": 0.026376570220630734,
        "se": 0.028968940745411245,
        "n": 35,
        "at_nominal_step": 2.6376570220630735,
        "se_at_step": 2.8968940745411245,
        "residual_sd": 1.757648186304232,
        "sigma_data_used": 3.5
      },
      "gate": {
        "score": 0.4605722801968357,
        "tier": "possible"
      }
    },
    {
      "action": "training_load",
      "outcome": "resting_hr",
      "nominal_step": 100.0,
      "dose_multiplier": 1.3687829697530143,
      "dose_multiplier_raw": 1.3687829697530143,
      "direction_conflict": false,
      "scaled_effect": 1.4847079603226643,
      "posterior": {
        "mean": 1.0846920170190075,
        "variance": 0.03576831075991934,
        "sd": 0.1891251193255918,
        "contraction": 0.8687829697530144,
        "prior_mean": 1.305251261157877,
        "prior_variance": 0.2725889367606766,
        "source": "pop+cohort+user",
        "lam_js": 0.7603833865814696,
        "n_cohort": 238,
        "z_like": 5.735314382811498
      },
      "cohort_prior": {
        "mean": 1.3090992134188058,
        "variance": 0.2741985200917978,
        "n": 238
      },
      "user_obs": {
        "slope": 0.010511111363590965,