{
  "pid": 683,
  "cohort": "cohort_b",
  "age": 26,
  "is_female": false,
  "effects_bayesian": [
    {
      "action": "active_energy",
      "outcome": "deep_sleep",
      "nominal_step": 100.0,
      "dose_multiplier": 0.5449486181512122,
      "dose_multiplier_raw": 0.5449486181512122,
      "direction_conflict": false,
      "scaled_effect": 0.37075720076244084,
      "posterior": {
        "mean": 0.680352584469832,
        "variance": 0.0732095820483369,
        "sd": 0.2705726927247776,
        "contraction": 0.044948618151212205,
        "prior_mean": 0.6921665440115441,
        "prior_variance": 0.07665512394382158,
        "source": "pop+cohort+user",
        "lam_js": 0.8472505091649695,
        "n_cohort": 416,
        "z_like": 2.514490940007299
      },
      "cohort_prior": {
        "mean": 0.6841722046703297,
        "variance": 0.07489465690295352,
        "n": 416
      },
      "user_obs": {
        "slope": 0.004909828555163009,
        "se": 0.00572557804944183,
        "n": 51,
        "at_nominal_step": 0.4909828555163009,
        "se_at_step": 0.5725578049441831,
        "residual_sd": 1.9301628376134015,
        "sigma_data_used": 12.0
      },
      "gate": {
        "score": 0.044948618151212205,
        "tier": "not_exposed"
      }
    },
    {
      "action": "bedtime",
      "outcome": "deep_sleep",
      "nominal_step": -0.5,
      "dose_multiplier": 0.7538227731012285,
      "dose_multiplier_raw": 0.7538227731012285,
      "direction_conflict": false,
      "scaled_effect": 0.3489668094369748,
      "posterior": {
        "mean": 0.46292951326122,
        "variance": 0.7048956536180698,
        "sd": 0.8395806415217479,
        "contraction": 0.25382277310122847,
        "prior_mean": 0.6072164646464647,
        "prior_variance": 0.9446759137205589,
        "source": "pop+cohort+user",
        "lam_js": 0.8472505091649695,
        "n_cohort": 416,
        "z_like": 0.5513818332234958
      },
      "cohort_prior": {
        "mean": 0.6215986538461539,
        "variance": 0.9384823525592582,
        "n": 416
      },
      "user_obs": {
        "slope": 0.014726799400612367,
        "se": 0.7314160709066656,
        "n": 51,
        "at_nominal_step": -0.007363399700306183,
        "se_at_step": 0.3657080354533328,
        "residual_sd": 1.9524278522791934,
        "sigma_data_used": 12.0
      },
      "gate": {
        "score": 0.25382277310122847,
        "tier": "not_exposed"
      }
    },
    {
      "action": "bedtime",
      "outcome": "sleep_quality",
      "nominal_step": -0.5,
      "dose_multiplier": 0.9764046255329304,
      "dose_multiplier_raw": 0.9764046255329304,
      "direction_conflict": false,
      "scaled_effect": 0.32315174065844793,
      "posterior": {
        "mean": 0.33096088671442825,
        "variance": 0.46437736253108775,
        "sd": 0.6814523919769361,
        "contraction": 0.4764046255329304,
        "prior_mean": 0.4607862962962966,
        "prior_variance": 0.8869011935098631,
        "source": "pop+cohort+user",
        "lam_js": 0.8472505091649695,
        "n_cohort": 416,
        "z_like": 0.4856698583950817
      },
      "cohort_prior": {
        "mean": 0.4770937500000001,
        "variance": 0.9009695161433738,
        "n": 416
      },
      "user_obs": {
        "slope": -0.3548230757532849,
        "se": 0.3972728416014326,
        "n": 51,
        "at_nominal_step": 0.17741153787664246,
        "se_at_step": 0.1986364208007163,
        "residual_sd": 1.0604724065404298,
        "sigma_data_used": 7.0
      },
      "gate": {
        "score": 0.4764046255329304,
        "tier": "possible"
      }
    },
    {
      "action": "running_volume",
      "outcome": "hrv_daily",
      "nominal_step": 30.0,
      "dose_multiplier": 1.1118557266620634,
      "dose_multiplier_raw": 1.1118557266620634,
      "direction_conflict": false,
      "scaled_effect": 0.21325880632865166,
      "posterior": {
        "mean": 0.19180438721926857,
        "variance": 0.11704165312698206,
        "sd": 0.34211350912669625,
        "contraction": 0.6118557266620634,
        "prior_mean": 0.14166006734006745,
        "prior_variance": 0.3015416203888705,
        "source": "pop+cohort+user",
        "lam_js": 0.8472505091649695,
        "n_cohort": 416,
        "z_like": 0.5606454644509138
      },
      "cohort_prior": {
        "mean": 0.11986480769230796,
        "variance": 0.2186938498312511,
        "n": 416
      },
      "user_obs": {
        "slope": 0.2639980875851125,
        "se": 0.2973214851512897,
        "n": 51,
        "at_nominal_step": 0.2639980875851125,
        "se_at_step": 0.2973214851512897,
        "residual_sd": 1.6418453525782997,
        "sigma_data_used": 3.5
      },
      "gate": {
        "score": 0.6118557266620634,
        "tier": "possible"
      }
    },
    {
      "action": "sleep_duration",
      "outcome": "hrv_daily",
      "nominal_step": 0.5,
      "dose_multiplier": 0.5044509374411273,
      "dose_multiplier_raw": 0.5044509374411273,
      "direction_conflict": false,
      "scaled_effect": 0.06870270041420255,
      "posterior": {
        "mean": 0.13619302753743143,
        "variance": 0.0029206781027675908,
        "sd": 0.05404329840755087,
        "contraction": 0.004450937441127345,
        "prior_mean": 0.13540993265993234,
        "prior_variance": 0.0029337359780747863,
        "source": "pop+cohort+user",
        "lam_js": 0.8472505091649695,
        "n_cohort": 416,
        "z_like": 2.5200724520989395
      },
      "cohort_prior": {
        "mean": 0.13603296703296702,
        "variance": 0.002960794899166767,
        "n": 416
      },
      "user_obs": {
        "slope": 0.3138555268364324,
        "se": 0.5382898911605342,
        "n": 51,
        "at_nominal_step": 0.1569277634182162,
        "se_at_step": 0.2691449455802671,
        "residual_sd": 1.641845352578299,
        "sigma_data_used": 3.5
      },
      "gate": {
        "score": 0.004450937441127345,
        "tier": "not_exposed"
      }
    },
    {
      "action": "training_load",
      "outcome": "hrv_daily",
      "nominal_step": 100.0,
      "dose_multiplier": 0.5,
      "dose_multiplier_raw": 1.4445539403290324,
      "direction_conflict": true,
      "scaled_effect": 0.5774586733994987,
      "posterior": {
        "mean": 1.1549173467989975,
        "variance": 0.226799551592887,
        "sd": 0.4762347652081765,
        "contraction": 0.9445539403290324,
        "prior_mean": -5.056217651515151,
        "prior_variance": 4.090453910318943,
        "source": "pop+cohort+user",
        "lam_js": 0.8472505091649695,
        "n_cohort": 416,
        "z_like": 2.4251008770729885
      },
      "cohort_prior": {
        "mean": -5.038698533653847,
        "variance": 4.062157266087269,
        "n": 416
      },
      "user_obs": {
        "slope": 0.015209180305715943,
        "se": 0.017208189863338788,
        "n": 51,
        "at_nominal_step": 1.5209180305715944,
        "se_at_step": 1.7208189863338788,
        "residual_sd": 1.6418453525782999,
        "sigma_data_used": 3.5
      },
      "gate": {
        "score": 0.4722769701645162,
        "tier": "possible"
      }
    },
    {
      "action": "training_load",
      "outcome": "resting_hr",
      "nominal_step": 100.0,
      "dose_multiplier": 1.4061817256122207,
      "dose_multiplier_raw": 1.4061817256122207,
      "direction_conflict": false,
      "scaled_effect": 0.4247737510386133,
      "posterior": {
        "mean": 0.3020760000658351,
        "variance": 0.02557382366408622,
        "sd": 0.1599181780289102,
        "contraction": 0.9061817256122205,
        "prior_mean": 1.305251261157877,
        "prior_variance": 0.2725889367606766,
        "source": "pop+cohort+user",
        "lam_js": 0.8472505091649695,
        "n_cohort": 416,
        "z_like": 1.888940980876017
      },
      "cohort_prior": {
        "mean": 1.3016362050919952,
        "variance": 0.2710810896650065,