{
  "pid": 818,
  "cohort": "cohort_b",
  "age": 40,
  "is_female": true,
  "effects_bayesian": [
    {
      "action": "active_energy",
      "outcome": "deep_sleep",
      "nominal_step": 100.0,
      "dose_multiplier": 0.5526547018548416,
      "dose_multiplier_raw": 0.5526547018548416,
      "direction_conflict": false,
      "scaled_effect": 0.37045954460948805,
      "posterior": {
        "mean": 0.6703273189681316,
        "variance": 0.07261887124691373,
        "sd": 0.269478888313934,
        "contraction": 0.05265470185484156,
        "prior_mean": 0.6921665440115441,
        "prior_variance": 0.07665512394382158,
        "source": "pop+cohort+user",
        "lam_js": 0.8472505091649695,
        "n_cohort": 416,
        "z_like": 2.4874947464798147
      },
      "cohort_prior": {
        "mean": 0.6841722046703297,
        "variance": 0.07489465690295352,
        "n": 416
      },
      "user_obs": {
        "slope": 0.0023949418293256475,
        "se": 0.007647776895548595,
        "n": 67,
        "at_nominal_step": 0.23949418293256475,
        "se_at_step": 0.7647776895548595,
        "residual_sd": 2.0461664215162436,
        "sigma_data_used": 12.0
      },
      "gate": {
        "score": 0.05265470185484156,
        "tier": "not_exposed"
      }
    },
    {
      "action": "bedtime",
      "outcome": "deep_sleep",
      "nominal_step": -0.5,
      "dose_multiplier": 0.8080198611321171,
      "dose_multiplier_raw": 0.8080198611321171,
      "direction_conflict": false,
      "scaled_effect": 0.44955220630545945,
      "posterior": {
        "mean": 0.5563628172153982,
        "variance": 0.6536969699614965,
        "sd": 0.8085152874012318,
        "contraction": 0.3080198611321171,
        "prior_mean": 0.6072164646464647,
        "prior_variance": 0.9446759137205589,
        "source": "pop+cohort+user",
        "lam_js": 0.8472505091649695,
        "n_cohort": 416,
        "z_like": 0.6881290012507815
      },
      "cohort_prior": {
        "mean": 0.6215986538461539,
        "variance": 0.9384823525592582,
        "n": 416
      },
      "user_obs": {
        "slope": -0.8242789871290278,
        "se": 0.5632266719987058,
        "n": 67,
        "at_nominal_step": 0.4121394935645139,
        "se_at_step": 0.2816133359993529,
        "residual_sd": 2.0532502979292846,
        "sigma_data_used": 12.0
      },
      "gate": {
        "score": 0.3080198611321171,
        "tier": "possible"
      }
    },
    {
      "action": "bedtime",
      "outcome": "sleep_quality",
      "nominal_step": -0.5,
      "dose_multiplier": 1.0453454516619114,
      "dose_multiplier_raw": 1.0453454516619114,
      "direction_conflict": false,
      "scaled_effect": 0.545761450570597,
      "posterior": {
        "mean": 0.5220871719515634,
        "variance": 0.4032336615557385,
        "sd": 0.6350068200860038,
        "contraction": 0.5453454516619114,
        "prior_mean": 0.4607862962962966,
        "prior_variance": 0.8869011935098631,
        "source": "pop+cohort+user",
        "lam_js": 0.8472505091649695,
        "n_cohort": 416,
        "z_like": 0.8221756923506005
      },
      "cohort_prior": {
        "mean": 0.4770937500000001,
        "variance": 0.9009695161433738,
        "n": 416
      },
      "user_obs": {
        "slope": -1.1214500405583603,
        "se": 0.355593668756791,
        "n": 67,
        "at_nominal_step": 0.5607250202791801,
        "se_at_step": 0.1777968343783955,
        "residual_sd": 1.2963214325871382,
        "sigma_data_used": 7.0
      },
      "gate": {
        "score": 0.5453454516619114,
        "tier": "possible"
      }
    },
    {
      "action": "running_volume",
      "outcome": "hrv_daily",
      "nominal_step": 30.0,
      "dose_multiplier": 0.5,
      "dose_multiplier_raw": 1.1633236814582526,
      "direction_conflict": true,
      "scaled_effect": -0.019615320748067638,
      "posterior": {
        "mean": -0.039230641496135275,
        "variance": 0.101521922639638,
        "sd": 0.3186250502387375,
        "contraction": 0.6633236814582527,
        "prior_mean": 0.14166006734006745,
        "prior_variance": 0.3015416203888705,
        "source": "pop+cohort+user",
        "lam_js": 0.8472505091649695,
        "n_cohort": 416,
        "z_like": -0.12312478716516724
      },
      "cohort_prior": {
        "mean": 0.11986480769230796,
        "variance": 0.2186938498312511,
        "n": 416
      },
      "user_obs": {
        "slope": -0.16932453904579592,
        "se": 0.2150386739254249,
        "n": 67,
        "at_nominal_step": -0.16932453904579592,
        "se_at_step": 0.2150386739254249,
        "residual_sd": 1.630222672360965,
        "sigma_data_used": 3.5
      },
      "gate": {
        "score": 0.33166184072912636,
        "tier": "possible"
      }
    },
    {
      "action": "sleep_duration",
      "outcome": "hrv_daily",
      "nominal_step": 0.5,
      "dose_multiplier": 0.5082342888151464,
      "dose_multiplier_raw": 0.5082342888151464,
      "direction_conflict": false,
      "scaled_effect": 0.07015344209039978,
      "posterior": {
        "mean": 0.1380336660360903,
        "variance": 0.0029095787487239326,
        "sd": 0.05394051120191514,
        "contraction": 0.008234288815146429,
        "prior_mean": 0.13540993265993234,
        "prior_variance": 0.0029337359780747863,
        "source": "pop+cohort+user",
        "lam_js": 0.8472505091649695,
        "n_cohort": 416,
        "z_like": 2.55899810662509
      },
      "cohort_prior": {
        "mean": 0.13603296703296702,
        "variance": 0.002960794899166767,
        "n": 416
      },
      "user_obs": {
        "slope": 0.5352811492262914,
        "se": 0.6456357013254412,
        "n": 67,
        "at_nominal_step": 0.2676405746131457,
        "se_at_step": 0.3228178506627206,
        "residual_sd": 1.6302226723609645,
        "sigma_data_used": 3.5
      },
      "gate": {
        "score": 0.008234288815146429,
        "tier": "not_exposed"
      }
    },
    {
      "action": "training_load",
      "outcome": "hrv_daily",
      "nominal_step": 100.0,
      "dose_multiplier": 0.5,
      "dose_multiplier_raw": 1.4572250712989225,
      "direction_conflict": true,
      "scaled_effect": 1.5463042525375037,
      "posterior": {
        "mean": 3.0926085050750074,
        "variance": 0.17496887436893666,
        "sd": 0.4182928093679554,
        "contraction": 0.9572250712989224,
        "prior_mean": -5.056217651515151,
        "prior_variance": 4.090453910318943,
        "source": "pop+cohort+user",
        "lam_js": 0.8472505091649695,
        "n_cohort": 416,
        "z_like": 7.393405853062523
      },
      "cohort_prior": {
        "mean": -5.038698533653847,
        "variance": 4.062157266087269,
        "n": 416
      },
      "user_obs": {
        "slope": 0.034583284660135404,
        "se": 0.0196735998299578,
        "n": 67,
        "at_nominal_step": 3.4583284660135405,
        "se_at_step": 1.96735998299578,
        "residual_sd": 1.6302226723609652,
        "sigma_data_used": 3.5
      },
      "gate": {
        "score": 0.4786125356494612,
        "tier": "possible"
      }
    },
    {
      "action": "training_load",
      "outcome": "resting_hr",
      "nominal_step": 100.0,
      "dose_multiplier": 1.4269415475995544,
      "dose_multiplier_raw": 1.4269415475995544,
      "direction_conflict": false,
      "scaled_effect": 1.860513419862363,
      "posterior": {
        "mean": 1.3038469746656243,
        "variance": 0.019914925861218003,
        "sd": 0.14112025319286386,
        "contraction": 0.9269415475995543,
        "prior_mean": 1.305251261157877,
        "prior_variance": 0.2725889367606766,
        "source": "pop+cohort+user",
        "lam_js": 0.8472505091649695,
        "n_cohort": 416,
        "z_like": 9.23926187181442
      },
      "cohort_prior": {
        "mean": 1.3016362050919952,
        "variance": 0.2710810896650065,
        "n": 416
      },