{
  "pid": 623,
  "cohort": "cohort_b",
  "age": 25,
  "is_female": true,
  "effects_bayesian": [
    {
      "action": "active_energy",
      "outcome": "deep_sleep",
      "nominal_step": 100.0,
      "dose_multiplier": 0.547853046505958,
      "dose_multiplier_raw": 0.547853046505958,
      "direction_conflict": false,
      "scaled_effect": 0.3639394927551404,
      "posterior": {
        "mean": 0.6643013031984345,
        "variance": 0.07298694273281792,
        "sd": 0.270160957084509,
        "contraction": 0.04785304650595801,
        "prior_mean": 0.6921665440115441,
        "prior_variance": 0.07665512394382158,
        "source": "pop+cohort+user",
        "lam_js": 0.8472505091649695,
        "n_cohort": 416,
        "z_like": 2.4589093493277585
      },
      "cohort_prior": {
        "mean": 0.6841722046703297,
        "variance": 0.07489465690295352,
        "n": 416
      },
      "user_obs": {
        "slope": -0.0004467060889595184,
        "se": 0.006518565481100038,
        "n": 57,
        "at_nominal_step": -0.04467060889595184,
        "se_at_step": 0.6518565481100038,
        "residual_sd": 1.7712392792001728,
        "sigma_data_used": 12.0
      },
      "gate": {
        "score": 0.04785304650595801,
        "tier": "not_exposed"
      }
    },
    {
      "action": "bedtime",
      "outcome": "deep_sleep",
      "nominal_step": -0.5,
      "dose_multiplier": 0.7751131720344738,
      "dose_multiplier_raw": 0.7751131720344738,
      "direction_conflict": false,
      "scaled_effect": 0.4760441638338534,
      "posterior": {
        "mean": 0.614160849033644,
        "variance": 0.6847831265523311,
        "sd": 0.827516239449312,
        "contraction": 0.27511317203447383,
        "prior_mean": 0.6072164646464647,
        "prior_variance": 0.9446759137205589,
        "source": "pop+cohort+user",
        "lam_js": 0.8472505091649695,
        "n_cohort": 416,
        "z_like": 0.7421737722541254
      },
      "cohort_prior": {
        "mean": 0.6215986538461539,
        "variance": 0.9384823525592582,
        "n": 416
      },
      "user_obs": {
        "slope": -1.2001336530009021,
        "se": 0.7711871515929398,
        "n": 57,
        "at_nominal_step": 0.6000668265004511,
        "se_at_step": 0.3855935757964699,
        "residual_sd": 1.7311424620643143,
        "sigma_data_used": 12.0
      },
      "gate": {
        "score": 0.27511317203447383,
        "tier": "not_exposed"
      }
    },
    {
      "action": "bedtime",
      "outcome": "sleep_quality",
      "nominal_step": -0.5,
      "dose_multiplier": 1.004575706366948,
      "dose_multiplier_raw": 1.004575706366948,
      "direction_conflict": false,
      "scaled_effect": 0.637549993805803,
      "posterior": {
        "mean": 0.634646039880364,
        "variance": 0.43939239731693475,
        "sd": 0.6628668020929505,
        "contraction": 0.5045757063669479,
        "prior_mean": 0.4607862962962966,
        "prior_variance": 0.8869011935098631,
        "source": "pop+cohort+user",
        "lam_js": 0.8472505091649695,
        "n_cohort": 416,
        "z_like": 0.9574261946389809
      },
      "cohort_prior": {
        "mean": 0.4770937500000001,
        "variance": 0.9009695161433738,
        "n": 416
      },
      "user_obs": {
        "slope": -1.575438706539083,
        "se": 0.5878356704800864,
        "n": 57,
        "at_nominal_step": 0.7877193532695415,
        "se_at_step": 0.2939178352400432,
        "residual_sd": 1.3195594451776653,
        "sigma_data_used": 7.0
      },
      "gate": {
        "score": 0.5045757063669479,
        "tier": "possible"
      }
    },
    {
      "action": "running_volume",
      "outcome": "hrv_daily",
      "nominal_step": 30.0,
      "dose_multiplier": 1.1329002776959824,
      "dose_multiplier_raw": 1.1329002776959824,
      "direction_conflict": false,
      "scaled_effect": 0.0283755113408084,
      "posterior": {
        "mean": 0.025046786464309672,
        "variance": 0.11069584510785781,
        "sd": 0.3327098512335603,
        "contraction": 0.6329002776959826,
        "prior_mean": 0.14166006734006745,
        "prior_variance": 0.3015416203888705,
        "source": "pop+cohort+user",
        "lam_js": 0.8472505091649695,
        "n_cohort": 416,
        "z_like": 0.0752811687764754
      },
      "cohort_prior": {
        "mean": 0.11986480769230796,
        "variance": 0.2186938498312511,
        "n": 416
      },
      "user_obs": {
        "slope": -0.0673555534221064,
        "se": 0.25213095666902585,
        "n": 57,
        "at_nominal_step": -0.0673555534221064,
        "se_at_step": 0.25213095666902585,
        "residual_sd": 1.7213653085488183,
        "sigma_data_used": 3.5
      },
      "gate": {
        "score": 0.6329002776959826,
        "tier": "possible"
      }
    },
    {
      "action": "sleep_duration",
      "outcome": "hrv_daily",
      "nominal_step": 0.5,
      "dose_multiplier": 0.5058730720125288,
      "dose_multiplier_raw": 0.5058730720125288,
      "direction_conflict": false,
      "scaled_effect": 0.06621257226340899,
      "posterior": {
        "mean": 0.13088771853380865,
        "variance": 0.0029165059354098063,
        "sd": 0.05400468438394772,
        "contraction": 0.005873072012528846,
        "prior_mean": 0.13540993265993234,
        "prior_variance": 0.0029337359780747863,
        "source": "pop+cohort+user",
        "lam_js": 0.8472505091649695,
        "n_cohort": 416,
        "z_like": 2.423636394266449
      },
      "cohort_prior": {
        "mean": 0.13603296703296702,
        "variance": 0.002960794899166767,
        "n": 416
      },
      "user_obs": {
        "slope": -0.4723877794060202,
        "se": 0.8024594687976361,
        "n": 57,
        "at_nominal_step": -0.2361938897030101,
        "se_at_step": 0.40122973439881804,
        "residual_sd": 1.72136530854882,
        "sigma_data_used": 3.5
      },
      "gate": {
        "score": 0.005873072012528846,
        "tier": "not_exposed"
      }
    },
    {
      "action": "training_load",
      "outcome": "hrv_daily",
      "nominal_step": 100.0,
      "dose_multiplier": 1.450097395801169,
      "dose_multiplier_raw": 1.450097395801169,
      "direction_conflict": false,
      "scaled_effect": -5.499767125541284,
      "posterior": {
        "mean": -3.79268809216963,
        "variance": 0.20412430248020696,
        "sd": 0.45180117582871226,
        "contraction": 0.9500973958011689,
        "prior_mean": -5.056217651515151,
        "prior_variance": 4.090453910318943,
        "source": "pop+cohort+user",
        "lam_js": 0.8472505091649695,
        "n_cohort": 416,
        "z_like": -8.394595443920494
      },
      "cohort_prior": {
        "mean": -5.038698533653847,
        "variance": 4.062157266087269,
        "n": 416
      },
      "user_obs": {
        "slope": -0.03726694957767904,
        "se": 0.02025785113160923,
        "n": 57,
        "at_nominal_step": -3.726694957767904,
        "se_at_step": 2.0257851131609232,
        "residual_sd": 1.7213653085488192,
        "sigma_data_used": 3.5
      },
      "gate": {
        "score": 0.9500973958011689,
        "tier": "recommended"
      }
    },
    {
      "action": "training_load",
      "outcome": "resting_hr",
      "nominal_step": 100.0,
      "dose_multiplier": 1.4152160949358203,
      "dose_multiplier_raw": 1.4152160949358203,
      "direction_conflict": false,
      "scaled_effect": 1.1351113008655727,
      "posterior": {
        "mean": 0.8020763082948471,
        "variance": 0.023111154535862873,
        "sd": 0.1520235328357517,
        "contraction": 0.9152160949358203,
        "prior_mean": 1.305251261157877,
        "prior_variance": 0.2725889367606766,
        "source": "pop+cohort+user",
        "lam_js": 0.8472505091649695,
        "n_cohort": 416,
        "z_like": 5.276000980462816
      },
      "cohort_prior": {
        "mean": 1.3016362050919952,
        "variance": 0.2710810896650065,