{
  "pid": 700,
  "cohort": "cohort_b",
  "age": 32,
  "is_female": true,
  "effects_bayesian": [
    {
      "action": "active_energy",
      "outcome": "deep_sleep",
      "nominal_step": 100.0,
      "dose_multiplier": 0.5483354012946146,
      "dose_multiplier_raw": 0.5483354012946146,
      "direction_conflict": false,
      "scaled_effect": 0.37131183889336133,
      "posterior": {
        "mean": 0.6771618940099393,
        "variance": 0.07294996776670855,
        "sd": 0.2700925170505628,
        "contraction": 0.048335401294614555,
        "prior_mean": 0.6921665440115441,
        "prior_variance": 0.07665512394382158,
        "source": "pop+cohort+user",
        "lam_js": 0.8472505091649695,
        "n_cohort": 416,
        "z_like": 2.5071479262165965
      },
      "cohort_prior": {
        "mean": 0.6841722046703297,
        "variance": 0.07489465690295352,
        "n": 416
      },
      "user_obs": {
        "slope": 0.00405246763921027,
        "se": 0.0066591978792950625,
        "n": 58,
        "at_nominal_step": 0.40524676392102704,
        "se_at_step": 0.6659197879295062,
        "residual_sd": 2.010528681819875,
        "sigma_data_used": 12.0
      },
      "gate": {
        "score": 0.048335401294614555,
        "tier": "not_exposed"
      }
    },
    {
      "action": "bedtime",
      "outcome": "deep_sleep",
      "nominal_step": -0.5,
      "dose_multiplier": 0.7785440115306814,
      "dose_multiplier_raw": 0.7785440115306814,
      "direction_conflict": false,
      "scaled_effect": 0.3911402682945735,
      "posterior": {
        "mean": 0.5023996877524748,
        "variance": 0.6815420951164225,
        "sd": 0.8255556281174652,
        "contraction": 0.2785440115306814,
        "prior_mean": 0.6072164646464647,
        "prior_variance": 0.9446759137205589,
        "source": "pop+cohort+user",
        "lam_js": 0.8472505091649695,
        "n_cohort": 416,
        "z_like": 0.6085594606121324
      },
      "cohort_prior": {
        "mean": 0.6215986538461539,
        "variance": 0.9384823525592582,
        "n": 416
      },
      "user_obs": {
        "slope": -0.3863603773007583,
        "se": 0.7447215704229625,
        "n": 58,
        "at_nominal_step": 0.19318018865037914,
        "se_at_step": 0.37236078521148125,
        "residual_sd": 1.9752581609758932,
        "sigma_data_used": 12.0
      },
      "gate": {
        "score": 0.2785440115306814,
        "tier": "not_exposed"
      }
    },
    {
      "action": "bedtime",
      "outcome": "sleep_quality",
      "nominal_step": -0.5,
      "dose_multiplier": 1.0089787877462468,
      "dose_multiplier_raw": 1.0089787877462468,
      "direction_conflict": false,
      "scaled_effect": 0.6232517031484374,
      "posterior": {
        "mean": 0.6177054569606889,
        "variance": 0.43548729918651347,
        "sd": 0.6599146150726725,
        "contraction": 0.5089787877462468,
        "prior_mean": 0.4607862962962966,
        "prior_variance": 0.8869011935098631,
        "source": "pop+cohort+user",
        "lam_js": 0.8472505091649695,
        "n_cohort": 416,
        "z_like": 0.9360384553578416
      },
      "cohort_prior": {
        "mean": 0.4770937500000001,
        "variance": 0.9009695161433738,
        "n": 416
      },
      "user_obs": {
        "slope": -1.5044322375381631,
        "se": 0.4537100913704718,
        "n": 58,
        "at_nominal_step": 0.7522161187690816,
        "se_at_step": 0.2268550456852359,
        "residual_sd": 1.2033954652174925,
        "sigma_data_used": 7.0
      },
      "gate": {
        "score": 0.5089787877462468,
        "tier": "possible"
      }
    },
    {
      "action": "running_volume",
      "outcome": "hrv_daily",
      "nominal_step": 30.0,
      "dose_multiplier": 1.1361878283734297,
      "dose_multiplier_raw": 1.1361878283734297,
      "direction_conflict": false,
      "scaled_effect": 0.39689066747880664,
      "posterior": {
        "mean": 0.34931783070321804,
        "variance": 0.10970451174946987,
        "sd": 0.33121671417588494,
        "contraction": 0.6361878283734297,
        "prior_mean": 0.14166006734006745,
        "prior_variance": 0.3015416203888705,
        "source": "pop+cohort+user",
        "lam_js": 0.8472505091649695,
        "n_cohort": 416,
        "z_like": 1.0546503716528053
      },
      "cohort_prior": {
        "mean": 0.11986480769230796,
        "variance": 0.2186938498312511,
        "n": 416
      },
      "user_obs": {
        "slope": 0.5585353498968517,
        "se": 0.28015904385637513,
        "n": 58,
        "at_nominal_step": 0.5585353498968517,
        "se_at_step": 0.28015904385637513,
        "residual_sd": 1.7823611359571974,
        "sigma_data_used": 3.5
      },
      "gate": {
        "score": 0.6361878283734297,
        "tier": "possible"
      }
    },
    {
      "action": "sleep_duration",
      "outcome": "hrv_daily",
      "nominal_step": 0.5,
      "dose_multiplier": 0.5061096995195082,
      "dose_multiplier_raw": 0.5061096995195082,
      "direction_conflict": false,
      "scaled_effect": 0.06996054170706276,
      "posterior": {
        "mean": 0.13823197179086288,
        "variance": 0.002915811732779179,
        "sd": 0.05399825675685446,
        "contraction": 0.006109699519508238,
        "prior_mean": 0.13540993265993234,
        "prior_variance": 0.0029337359780747863,
        "source": "pop+cohort+user",
        "lam_js": 0.8472505091649695,
        "n_cohort": 416,
        "z_like": 2.5599339699668344
      },
      "cohort_prior": {
        "mean": 0.13603296703296702,
        "variance": 0.002960794899166767,
        "n": 416
      },
      "user_obs": {
        "slope": 0.6042325476396192,
        "se": 0.6663949301729852,
        "n": 58,
        "at_nominal_step": 0.3021162738198096,
        "se_at_step": 0.3331974650864926,
        "residual_sd": 1.7823611359571971,
        "sigma_data_used": 3.5
      },
      "gate": {
        "score": 0.006109699519508238,
        "tier": "not_exposed"
      }
    },
    {
      "action": "training_load",
      "outcome": "hrv_daily",
      "nominal_step": 100.0,
      "dose_multiplier": 1.4509153043129706,
      "dose_multiplier_raw": 1.4509153043129706,
      "direction_conflict": false,
      "scaled_effect": -4.847181285159931,
      "posterior": {
        "mean": -3.340774799708341,
        "variance": 0.20077868540982546,
        "sd": 0.44808334649909215,
        "contraction": 0.9509153043129704,
        "prior_mean": -5.056217651515151,
        "prior_variance": 4.090453910318943,
        "source": "pop+cohort+user",
        "lam_js": 0.8472505091649695,
        "n_cohort": 416,
        "z_like": -7.455699538512328
      },
      "cohort_prior": {
        "mean": -5.038698533653847,
        "variance": 4.062157266087269,
        "n": 416
      },
      "user_obs": {
        "slope": -0.032524476277471744,
        "se": 0.020360257006658902,
        "n": 58,
        "at_nominal_step": -3.2524476277471743,
        "se_at_step": 2.03602570066589,
        "residual_sd": 1.7823611359571971,
        "sigma_data_used": 3.5
      },
      "gate": {
        "score": 0.9509153043129704,
        "tier": "recommended"
      }
    },
    {
      "action": "training_load",
      "outcome": "resting_hr",
      "nominal_step": 100.0,
      "dose_multiplier": 1.4165553328508738,
      "dose_multiplier_raw": 1.4165553328508738,
      "direction_conflict": false,
      "scaled_effect": 0.017744886872532086,
      "posterior": {
        "mean": 0.012526786960605201,
        "variance": 0.022746093096528846,
        "sd": 0.15081807947500475,
        "contraction": 0.9165553328508739,
        "prior_mean": 1.305251261157877,
        "prior_variance": 0.2725889367606766,
        "source": "pop+cohort+user",
        "lam_js": 0.8472505091649695,
        "n_cohort": 416,
        "z_like": 0.08305892108035548
      },
      "cohort_prior": {
        "mean": 1.3016362050919952,