{
  "pid": 295,
  "cohort": "cohort_a",
  "age": 32,
  "is_female": true,
  "effects_bayesian": [
    {
      "action": "active_energy",
      "outcome": "deep_sleep",
      "nominal_step": 100.0,
      "dose_multiplier": 0.5149629932710894,
      "dose_multiplier_raw": 0.5149629932710894,
      "direction_conflict": false,
      "scaled_effect": 0.34270144182892326,
      "posterior": {
        "mean": 0.6654875132911088,
        "variance": 0.07550813384005566,
        "sd": 0.27478743391948557,
        "contraction": 0.014962993271089409,
        "prior_mean": 0.6921665440115441,
        "prior_variance": 0.07665512394382158,
        "source": "pop+cohort+user",
        "lam_js": 0.8768472906403941,
        "n_cohort": 534,
        "z_like": 2.421826587187028
      },
      "cohort_prior": {
        "mean": 0.6984414526484751,
        "variance": 0.07805127404443395,
        "n": 534
      },
      "user_obs": {
        "slope": -0.0036046991473134143,
        "se": 0.005938857324862773,
        "n": 58,
        "at_nominal_step": -0.36046991473134143,
        "se_at_step": 0.5938857324862773,
        "residual_sd": 1.9717086338576364,
        "sigma_data_used": 12.0
      },
      "gate": {
        "score": 0.014962993271089409,
        "tier": "not_exposed"
      }
    },
    {
      "action": "bedtime",
      "outcome": "deep_sleep",
      "nominal_step": -0.5,
      "dose_multiplier": 0.7701238236606847,
      "dose_multiplier_raw": 0.7701238236606847,
      "direction_conflict": false,
      "scaled_effect": 0.37498316362403555,
      "posterior": {
        "mean": 0.48691282116374646,
        "variance": 0.6894964437862106,
        "sd": 0.8303592257488385,
        "contraction": 0.27012382366068466,
        "prior_mean": 0.6072164646464647,
        "prior_variance": 0.9446759137205589,
        "source": "pop+cohort+user",
        "lam_js": 0.8768472906403941,
        "n_cohort": 534,
        "z_like": 0.5863881631767702
      },
      "cohort_prior": {
        "mean": 0.6056498876404495,
        "variance": 0.9560138510611396,
        "n": 534
      },
      "user_obs": {
        "slope": -0.35519254253430493,
        "se": 0.5247059359248348,
        "n": 58,
        "at_nominal_step": 0.17759627126715247,
        "se_at_step": 0.2623529679624174,
        "residual_sd": 1.8989794294131654,
        "sigma_data_used": 12.0
      },
      "gate": {
        "score": 0.27012382366068466,
        "tier": "not_exposed"
      }
    },
    {
      "action": "bedtime",
      "outcome": "sleep_quality",
      "nominal_step": -0.5,
      "dose_multiplier": 1.012598386808996,
      "dose_multiplier_raw": 1.012598386808996,
      "direction_conflict": false,
      "scaled_effect": 0.33213033890848237,
      "posterior": {
        "mean": 0.3279980920719473,
        "variance": 0.432277072457734,
        "sd": 0.6574778113805317,
        "contraction": 0.512598386808996,
        "prior_mean": 0.4607862962962966,
        "prior_variance": 0.8869011935098631,
        "source": "pop+cohort+user",
        "lam_js": 0.8768472906403941,
        "n_cohort": 534,
        "z_like": 0.49887324924811827
      },
      "cohort_prior": {
        "mean": 0.46373086142322145,
        "variance": 0.8849888909576128,
        "n": 534
      },
      "user_obs": {
        "slope": -0.3976108863342699,
        "se": 0.3414567569456515,
        "n": 58,
        "at_nominal_step": 0.19880544316713494,
        "se_at_step": 0.17072837847282574,
        "residual_sd": 1.2357766761891757,
        "sigma_data_used": 7.0
      },
      "gate": {
        "score": 0.512598386808996,
        "tier": "possible"
      }
    },
    {
      "action": "running_volume",
      "outcome": "hrv_daily",
      "nominal_step": 30.0,
      "dose_multiplier": 0.5,
      "dose_multiplier_raw": 1.120246802740201,
      "direction_conflict": true,
      "scaled_effect": -0.03136341683201558,
      "posterior": {
        "mean": -0.06272683366403116,
        "variance": 0.11451139444957417,
        "sd": 0.33839532273595946,
        "contraction": 0.620246802740201,
        "prior_mean": 0.14166006734006745,
        "prior_variance": 0.3015416203888705,
        "source": "pop+cohort+user",
        "lam_js": 0.8768472906403941,
        "n_cohort": 534,
        "z_like": -0.18536554570813374
      },
      "cohort_prior": {
        "mean": 0.13417902621722846,
        "variance": 0.24427088794406634,
        "n": 534
      },
      "user_obs": {
        "slope": -0.22977569076491727,
        "se": 0.23423917956043028,
        "n": 58,
        "at_nominal_step": -0.22977569076491727,
        "se_at_step": 0.23423917956043028,
        "residual_sd": 1.5171433430919552,
        "sigma_data_used": 3.5
      },
      "gate": {
        "score": 0.3101234013701005,
        "tier": "possible"
      }
    },
    {
      "action": "sleep_duration",
      "outcome": "hrv_daily",
      "nominal_step": 0.5,
      "dose_multiplier": 0.5241850425609117,
      "dose_multiplier_raw": 0.5241850425609117,
      "direction_conflict": false,
      "scaled_effect": 0.07019533034906902,
      "posterior": {
        "mean": 0.1339132646863195,
        "variance": 0.0028627834485825698,
        "sd": 0.053504985268501566,
        "contraction": 0.024185042560911696,
        "prior_mean": 0.13540993265993234,
        "prior_variance": 0.0029337359780747863,
        "source": "pop+cohort+user",
        "lam_js": 0.8768472906403941,
        "n_cohort": 534,
        "z_like": 2.5028184572766223
      },
      "cohort_prior": {
        "mean": 0.13457651150347733,
        "variance": 0.002897733991751291,
        "n": 534
      },
      "user_obs": {
        "slope": 0.15634928274202672,
        "se": 0.7632874704318457,
        "n": 58,
        "at_nominal_step": 0.07817464137101336,
        "se_at_step": 0.3816437352159229,
        "residual_sd": 1.5171433430919556,
        "sigma_data_used": 3.5
      },
      "gate": {
        "score": 0.024185042560911696,
        "tier": "not_exposed"
      }
    },
    {
      "action": "training_load",
      "outcome": "hrv_daily",
      "nominal_step": 100.0,
      "dose_multiplier": 1.4508966252752653,
      "dose_multiplier_raw": 1.4508966252752653,
      "direction_conflict": false,
      "scaled_effect": -1.406484244335217,
      "posterior": {
        "mean": -0.9693897000197225,
        "variance": 0.20085509115264738,
        "sd": 0.44816859679438426,
        "contraction": 0.9508966252752653,
        "prior_mean": -5.056217651515151,
        "prior_variance": 4.090453910318943,
        "source": "pop+cohort+user",
        "lam_js": 0.8768472906403941,
        "n_cohort": 534,
        "z_like": -2.1630022874281614
      },
      "cohort_prior": {
        "mean": -5.061554325842696,
        "variance": 4.099093150953106,
        "n": 534
      },
      "user_obs": {
        "slope": -0.0075851882714415555,
        "se": 0.015471739413082487,
        "n": 58,
        "at_nominal_step": -0.7585188271441555,
        "se_at_step": 1.5471739413082486,
        "residual_sd": 1.5171433430919552,
        "sigma_data_used": 3.5
      },
      "gate": {
        "score": 0.9508966252752653,
        "tier": "recommended"
      }
    },
    {
      "action": "training_load",
      "outcome": "resting_hr",
      "nominal_step": 100.0,
      "dose_multiplier": 1.4165122067858007,
      "dose_multiplier_raw": 1.4165122067858007,
      "direction_conflict": false,
      "scaled_effect": 1.1181198512913155,
      "posterior": {
        "mean": 0.7893471344157595,
        "variance": 0.02275784878475381,
        "sd": 0.15085704751437307,
        "contraction": 0.9165122067858007,
        "prior_mean": 1.305251261157877,
        "prior_variance": 0.2725889367606766,
        "source": "pop+cohort+user",
        "lam_js": 0.8768472906403941,
        "n_cohort": 534,
        "z_like": 5.232418023695934
      },
      "cohort_prior": {
        "mean": 1.306352479669686,