{
  "pid": 1150,
  "cohort": "cohort_c",
  "age": 37,
  "is_female": true,
  "effects_bayesian": [
    {
      "action": "active_energy",
      "outcome": "deep_sleep",
      "nominal_step": 100.0,
      "dose_multiplier": 0.5246297220121386,
      "dose_multiplier_raw": 0.5246297220121386,
      "direction_conflict": false,
      "scaled_effect": 0.3639899148320524,
      "posterior": {
        "mean": 0.6938034571049914,
        "variance": 0.07476712955027923,
        "sd": 0.2734357868865727,
        "contraction": 0.024629722012138644,
        "prior_mean": 0.6921665440115441,
        "prior_variance": 0.07665512394382158,
        "source": "pop+cohort+user",
        "lam_js": 0.7603833865814696,
        "n_cohort": 238,
        "z_like": 2.537354254192033
      },
      "cohort_prior": {
        "mean": 0.6920608463385354,
        "variance": 0.07663171440556958,
        "n": 238
      },
      "user_obs": {
        "slope": 0.007624575441829059,
        "se": 0.006756072425159866,
        "n": 47,
        "at_nominal_step": 0.7624575441829059,
        "se_at_step": 0.6756072425159866,
        "residual_sd": 1.996818590003113,
        "sigma_data_used": 12.0
      },
      "gate": {
        "score": 0.024629722012138644,
        "tier": "not_exposed"
      }
    },
    {
      "action": "bedtime",
      "outcome": "deep_sleep",
      "nominal_step": -0.5,
      "dose_multiplier": 0.7396124476251641,
      "dose_multiplier_raw": 0.7396124476251641,
      "direction_conflict": false,
      "scaled_effect": 0.30265574405287343,
      "posterior": {
        "mean": 0.40920855919160987,
        "variance": 0.7183198058214375,
        "sd": 0.8475374952304101,
        "contraction": 0.2396124476251641,
        "prior_mean": 0.6072164646464647,
        "prior_variance": 0.9446759137205589,
        "source": "pop+cohort+user",
        "lam_js": 0.7603833865814696,
        "n_cohort": 238,
        "z_like": 0.48282059672222893
      },
      "cohort_prior": {
        "mean": 0.5855927731092442,
        "variance": 0.9363184076048073,
        "n": 238
      },
      "user_obs": {
        "slope": 0.3673053029449591,
        "se": 0.8338501058575293,
        "n": 47,
        "at_nominal_step": -0.18365265147247956,
        "se_at_step": 0.41692505292876464,
        "residual_sd": 2.0074910486042374,
        "sigma_data_used": 12.0
      },
      "gate": {
        "score": 0.2396124476251641,
        "tier": "not_exposed"
      }
    },
    {
      "action": "bedtime",
      "outcome": "sleep_quality",
      "nominal_step": -0.5,
      "dose_multiplier": 0.9637884795845637,
      "dose_multiplier_raw": 0.9637884795845637,
      "direction_conflict": false,
      "scaled_effect": 0.40336330246947366,
      "posterior": {
        "mean": 0.41851849343887304,
        "variance": 0.47556663743018873,
        "sd": 0.6896133970785289,
        "contraction": 0.4637884795845637,
        "prior_mean": 0.4607862962962966,
        "prior_variance": 0.8869011935098631,
        "source": "pop+cohort+user",
        "lam_js": 0.7603833865814696,
        "n_cohort": 238,
        "z_like": 0.6068885772983537
      },
      "cohort_prior": {
        "mean": 0.42567579831932817,
        "variance": 0.8706033108101122,
        "n": 238
      },
      "user_obs": {
        "slope": -0.7999099638609019,
        "se": 0.513243320651912,
        "n": 47,
        "at_nominal_step": 0.3999549819304509,
        "se_at_step": 0.256621660325956,
        "residual_sd": 1.2356313979297726,
        "sigma_data_used": 7.0
      },
      "gate": {
        "score": 0.4637884795845637,
        "tier": "possible"
      }
    },
    {
      "action": "running_volume",
      "outcome": "hrv_daily",
      "nominal_step": 30.0,
      "dose_multiplier": 0.5,
      "dose_multiplier_raw": 0.9440798163249816,
      "direction_conflict": true,
      "scaled_effect": -0.003843491227620623,
      "posterior": {
        "mean": -0.007686982455241246,
        "variance": 0.16763307299224356,
        "sd": 0.4094301808516851,
        "contraction": 0.4440798163249816,
        "prior_mean": 0.14166006734006745,
        "prior_variance": 0.3015416203888705,
        "source": "pop+cohort+user",
        "lam_js": 0.7603833865814696,
        "n_cohort": 238,
        "z_like": -0.018774831008429818
      },
      "cohort_prior": {
        "mean": 0.19654117647058833,
        "variance": 0.5699868837170512,
        "n": 238
      },
      "user_obs": {
        "slope": -0.11369964003322076,
        "se": 0.3049889025902138,
        "n": 47,
        "at_nominal_step": -0.11369964003322076,
        "se_at_step": 0.3049889025902138,
        "residual_sd": 1.7032179429355188,
        "sigma_data_used": 3.5
      },
      "gate": {
        "score": 0.2220399081624908,
        "tier": "not_exposed"
      }
    },
    {
      "action": "sleep_duration",
      "outcome": "hrv_daily",
      "nominal_step": 0.5,
      "dose_multiplier": 0.5025540705692492,
      "dose_multiplier_raw": 0.5025540705692492,
      "direction_conflict": false,
      "scaled_effect": 0.06866940641251855,
      "posterior": {
        "mean": 0.1366408321690358,
        "variance": 0.002926243009355238,
        "sd": 0.05409475953690189,
        "contraction": 0.002554070569249167,
        "prior_mean": 0.13540993265993234,
        "prior_variance": 0.0029337359780747863,
        "source": "pop+cohort+user",
        "lam_js": 0.7603833865814696,
        "n_cohort": 238,
        "z_like": 2.5259532224341132
      },
      "cohort_prior": {
        "mean": 0.13619087635053972,
        "variance": 0.0029676727681804804,
        "n": 238
      },
      "user_obs": {
        "slope": 0.38549650294627297,
        "se": 0.9092428128912377,
        "n": 47,
        "at_nominal_step": 0.19274825147313648,
        "se_at_step": 0.4546214064456188,
        "residual_sd": 1.7032179429355208,
        "sigma_data_used": 3.5
      },
      "gate": {
        "score": 0.002554070569249167,
        "tier": "not_exposed"
      }
    },
    {
      "action": "training_load",
      "outcome": "hrv_daily",
      "nominal_step": 100.0,
      "dose_multiplier": 0.5,
      "dose_multiplier_raw": 1.4400781689446864,
      "direction_conflict": true,
      "scaled_effect": 1.0931981638478618,
      "posterior": {
        "mean": 2.1863963276957237,
        "variance": 0.2451074881536781,
        "sd": 0.49508331435595576,
        "contraction": 0.9400781689446865,
        "prior_mean": -5.056217651515151,
        "prior_variance": 4.090453910318943,
        "source": "pop+cohort+user",
        "lam_js": 0.7603833865814696,
        "n_cohort": 238,
        "z_like": 4.416218976274658
      },
      "cohort_prior": {
        "mean": -5.074865420168067,
        "variance": 4.120681445250819,
        "n": 238
      },
      "user_obs": {
        "slope": 0.026462104232165624,
        "se": 0.020876092362687126,
        "n": 47,
        "at_nominal_step": 2.646210423216562,
        "se_at_step": 2.0876092362687126,
        "residual_sd": 1.7032179429355183,
        "sigma_data_used": 3.5
      },
      "gate": {
        "score": 0.47003908447234327,
        "tier": "possible"
      }
    },
    {
      "action": "training_load",
      "outcome": "resting_hr",
      "nominal_step": 100.0,
      "dose_multiplier": 1.3989136907704731,
      "dose_multiplier_raw": 1.3989136907704731,
      "direction_conflict": false,
      "scaled_effect": 0.09445284558691516,
      "posterior": {
        "mean": 0.06751870841645263,
        "variance": 0.02755500955393774,
        "sd": 0.1659970167019207,
        "contraction": 0.898913690770473,
        "prior_mean": 1.305251261157877,
        "prior_variance": 0.2725889367606766,
        "source": "pop+cohort+user",
        "lam_js": 0.7603833865814696,
        "n_cohort": 238,
        "z_like": 0.406746517244315
      },
      "cohort_prior": {
        "mean": 1.3090992134188058,
        "variance": 0.2741985200917978,