{
  "pid": 783,
  "cohort": "cohort_b",
  "age": 32,
  "is_female": true,
  "effects_bayesian": [
    {
      "action": "active_energy",
      "outcome": "deep_sleep",
      "nominal_step": 100.0,
      "dose_multiplier": 0.5439765337290721,
      "dose_multiplier_raw": 0.5439765337290721,
      "direction_conflict": false,
      "scaled_effect": 0.3577454669631445,
      "posterior": {
        "mean": 0.6576487123639784,
        "variance": 0.07328409730019991,
        "sd": 0.2707103568395563,
        "contraction": 0.043976533729072065,
        "prior_mean": 0.6921665440115441,
        "prior_variance": 0.07665512394382158,
        "source": "pop+cohort+user",
        "lam_js": 0.8472505091649695,
        "n_cohort": 416,
        "z_like": 2.4293444847909953
      },
      "cohort_prior": {
        "mean": 0.6841722046703297,
        "variance": 0.07489465690295352,
        "n": 416
      },
      "user_obs": {
        "slope": -0.004271975711240883,
        "se": 0.007201119135556481,
        "n": 49,
        "at_nominal_step": -0.4271975711240883,
        "se_at_step": 0.7201119135556481,
        "residual_sd": 1.8876167519894567,
        "sigma_data_used": 12.0
      },
      "gate": {
        "score": 0.043976533729072065,
        "tier": "not_exposed"
      }
    },
    {
      "action": "bedtime",
      "outcome": "deep_sleep",
      "nominal_step": -0.5,
      "dose_multiplier": 0.746445308843454,
      "dose_multiplier_raw": 0.746445308843454,
      "direction_conflict": false,
      "scaled_effect": 0.4465211025439533,
      "posterior": {
        "mean": 0.5981966759705346,
        "variance": 0.7118649664067237,
        "sd": 0.8437209055171762,
        "contraction": 0.24644530884345395,
        "prior_mean": 0.6072164646464647,
        "prior_variance": 0.9446759137205589,
        "source": "pop+cohort+user",
        "lam_js": 0.8472505091649695,
        "n_cohort": 416,
        "z_like": 0.708998286114361
      },
      "cohort_prior": {
        "mean": 0.6215986538461539,
        "variance": 0.9384823525592582,
        "n": 416
      },
      "user_obs": {
        "slope": -1.063722477792351,
        "se": 0.8536446120179884,
        "n": 49,
        "at_nominal_step": 0.5318612388961755,
        "se_at_step": 0.4268223060089942,
        "residual_sd": 1.9014111494621275,
        "sigma_data_used": 12.0
      },
      "gate": {
        "score": 0.24644530884345395,
        "tier": "not_exposed"
      }
    },
    {
      "action": "bedtime",
      "outcome": "sleep_quality",
      "nominal_step": -0.5,
      "dose_multiplier": 0.9662885639398574,
      "dose_multiplier_raw": 0.9662885639398574,
      "direction_conflict": false,
      "scaled_effect": 0.4222189321188662,
      "posterior": {
        "mean": 0.43694911424528193,
        "variance": 0.4733493096316035,
        "sd": 0.6880038587330768,
        "contraction": 0.4662885639398574,
        "prior_mean": 0.4607862962962966,
        "prior_variance": 0.8869011935098631,
        "source": "pop+cohort+user",
        "lam_js": 0.8472505091649695,
        "n_cohort": 416,
        "z_like": 0.6350968947323943
      },
      "cohort_prior": {
        "mean": 0.4770937500000001,
        "variance": 0.9009695161433738,
        "n": 416
      },
      "user_obs": {
        "slope": -0.7901109009115945,
        "se": 0.522078573062865,
        "n": 49,
        "at_nominal_step": 0.39505545045579726,
        "se_at_step": 0.2610392865314325,
        "residual_sd": 1.162879734425233,
        "sigma_data_used": 7.0
      },
      "gate": {
        "score": 0.4662885639398574,
        "tier": "possible"
      }
    },
    {
      "action": "running_volume",
      "outcome": "hrv_daily",
      "nominal_step": 30.0,
      "dose_multiplier": 1.1042942482395492,
      "dose_multiplier_raw": 1.1042942482395492,
      "direction_conflict": false,
      "scaled_effect": 0.13331007722046423,
      "posterior": {
        "mean": 0.1207197062132537,
        "variance": 0.11932175358304244,
        "sd": 0.34542980992242467,
        "contraction": 0.6042942482395494,
        "prior_mean": 0.14166006734006745,
        "prior_variance": 0.3015416203888705,
        "source": "pop+cohort+user",
        "lam_js": 0.8472505091649695,
        "n_cohort": 416,
        "z_like": 0.3494768046809987
      },
      "cohort_prior": {
        "mean": 0.11986480769230796,
        "variance": 0.2186938498312511,
        "n": 416
      },
      "user_obs": {
        "slope": 0.11800989593538413,
        "se": 0.2394853873084554,
        "n": 49,
        "at_nominal_step": 0.11800989593538413,
        "se_at_step": 0.2394853873084554,
        "residual_sd": 1.3196371557180187,
        "sigma_data_used": 3.5
      },
      "gate": {
        "score": 0.6042942482395494,
        "tier": "possible"
      }
    },
    {
      "action": "sleep_duration",
      "outcome": "hrv_daily",
      "nominal_step": 0.5,
      "dose_multiplier": 0.5039759879681849,
      "dose_multiplier_raw": 0.5039759879681849,
      "direction_conflict": false,
      "scaled_effect": 0.06778424064321924,
      "posterior": {
        "mean": 0.13449894888146602,
        "variance": 0.0029220714791241297,
        "sd": 0.054056188166796686,
        "contraction": 0.00397598796818488,
        "prior_mean": 0.13540993265993234,
        "prior_variance": 0.0029337359780747863,
        "source": "pop+cohort+user",
        "lam_js": 0.8472505091649695,
        "n_cohort": 416,
        "z_like": 2.4881323201416605
      },
      "cohort_prior": {
        "mean": 0.13603296703296702,
        "variance": 0.002960794899166767,
        "n": 416
      },
      "user_obs": {
        "slope": 0.025671838050377312,
        "se": 0.664936383107845,
        "n": 49,
        "at_nominal_step": 0.012835919025188656,
        "se_at_step": 0.3324681915539225,
        "residual_sd": 1.3196371557180184,
        "sigma_data_used": 3.5
      },
      "gate": {
        "score": 0.00397598796818488,
        "tier": "not_exposed"
      }
    },
    {
      "action": "training_load",
      "outcome": "hrv_daily",
      "nominal_step": 100.0,
      "dose_multiplier": 1.4424219101308449,
      "dose_multiplier_raw": 1.4424219101308449,
      "direction_conflict": false,
      "scaled_effect": -0.039989940519279274,
      "posterior": {
        "mean": -0.02772416325515446,
        "variance": 0.23552052285398178,
        "sd": 0.4853045671060409,
        "contraction": 0.9424219101308448,
        "prior_mean": -5.056217651515151,
        "prior_variance": 4.090453910318943,
        "source": "pop+cohort+user",
        "lam_js": 0.8472505091649695,
        "n_cohort": 416,
        "z_like": -0.057127348750247026
      },
      "cohort_prior": {
        "mean": -5.038698533653847,
        "variance": 4.062157266087269,
        "n": 416
      },
      "user_obs": {
        "slope": 0.0028050815383853164,
        "se": 0.015932434369604162,
        "n": 49,
        "at_nominal_step": 0.28050815383853167,
        "se_at_step": 1.5932434369604163,
        "residual_sd": 1.3196371557180187,
        "sigma_data_used": 3.5
      },
      "gate": {
        "score": 0.9424219101308448,
        "tier": "recommended"
      }
    },
    {
      "action": "training_load",
      "outcome": "resting_hr",
      "nominal_step": 100.0,
      "dose_multiplier": 1.4027266542346961,
      "dose_multiplier_raw": 1.4027266542346961,
      "direction_conflict": false,
      "scaled_effect": 2.571822372237328,
      "posterior": {
        "mean": 1.8334451437657118,
        "variance": 0.026515637897317847,
        "sd": 0.16283623029693928,
        "contraction": 0.9027266542346961,
        "prior_mean": 1.305251261157877,
        "prior_variance": 0.2725889367606766,
        "source": "pop+cohort+user",
        "lam_js": 0.8472505091649695,
        "n_cohort": 416,
        "z_like": 11.259442326946166
      },
      "cohort_prior": {
        "mean": 1.3016362050919952,