{
  "pid": 545,
  "cohort": "cohort_b",
  "age": 29,
  "is_female": false,
  "effects_bayesian": [
    {
      "action": "active_energy",
      "outcome": "deep_sleep",
      "nominal_step": 100.0,
      "dose_multiplier": 0.5483354012946146,
      "dose_multiplier_raw": 0.5483354012946146,
      "direction_conflict": false,
      "scaled_effect": 0.3758945325082293,
      "posterior": {
        "mean": 0.6855193584451158,
        "variance": 0.07294996776670855,
        "sd": 0.2700925170505628,
        "contraction": 0.048335401294614555,
        "prior_mean": 0.6921665440115441,
        "prior_variance": 0.07665512394382158,
        "source": "pop+cohort+user",
        "lam_js": 0.8472505091649695,
        "n_cohort": 416,
        "z_like": 2.538090895412637
      },
      "cohort_prior": {
        "mean": 0.6841722046703297,
        "variance": 0.07489465690295352,
        "n": 416
      },
      "user_obs": {
        "slope": 0.006896823505123426,
        "se": 0.006374341658116024,
        "n": 58,
        "at_nominal_step": 0.6896823505123426,
        "se_at_step": 0.6374341658116024,
        "residual_sd": 2.1138277622138717,
        "sigma_data_used": 12.0
      },
      "gate": {
        "score": 0.048335401294614555,
        "tier": "not_exposed"
      }
    },
    {
      "action": "bedtime",
      "outcome": "deep_sleep",
      "nominal_step": -0.5,
      "dose_multiplier": 0.7785440115306814,
      "dose_multiplier_raw": 0.7785440115306814,
      "direction_conflict": false,
      "scaled_effect": 0.7336225565333093,
      "posterior": {
        "mean": 0.9423006864967687,
        "variance": 0.6815420951164225,
        "sd": 0.8255556281174652,
        "contraction": 0.2785440115306814,
        "prior_mean": 0.6072164646464647,
        "prior_variance": 0.9446759137205589,
        "source": "pop+cohort+user",
        "lam_js": 0.8472505091649695,
        "n_cohort": 416,
        "z_like": 1.1414139210043546
      },
      "cohort_prior": {
        "mean": 0.6215986538461539,
        "variance": 0.9384823525592582,
        "n": 416
      },
      "user_obs": {
        "slope": -3.5913509558968415,
        "se": 0.9568526546993688,
        "n": 58,
        "at_nominal_step": 1.7956754779484208,
        "se_at_step": 0.4784263273496844,
        "residual_sd": 2.1218228112058624,
        "sigma_data_used": 12.0
      },
      "gate": {
        "score": 0.2785440115306814,
        "tier": "not_exposed"
      }
    },
    {
      "action": "bedtime",
      "outcome": "sleep_quality",
      "nominal_step": -0.5,
      "dose_multiplier": 1.0089787877462468,
      "dose_multiplier_raw": 1.0089787877462468,
      "direction_conflict": false,
      "scaled_effect": 0.1307328823984305,
      "posterior": {
        "mean": 0.12956950531184921,
        "variance": 0.43548729918651347,
        "sd": 0.6599146150726725,
        "contraction": 0.5089787877462468,
        "prior_mean": 0.4607862962962966,
        "prior_variance": 0.8869011935098631,
        "source": "pop+cohort+user",
        "lam_js": 0.8472505091649695,
        "n_cohort": 416,
        "z_like": 0.19634283337940697
      },
      "cohort_prior": {
        "mean": 0.4770937500000001,
        "variance": 0.9009695161433738,
        "n": 416
      },
      "user_obs": {
        "slope": 0.3894954087681145,
        "se": 0.6118573817550148,
        "n": 58,
        "at_nominal_step": -0.19474770438405725,
        "se_at_step": 0.3059286908775074,
        "residual_sd": 1.3567950545325904,
        "sigma_data_used": 7.0
      },
      "gate": {
        "score": 0.5089787877462468,
        "tier": "possible"
      }
    },
    {
      "action": "running_volume",
      "outcome": "hrv_daily",
      "nominal_step": 30.0,
      "dose_multiplier": 0.5,
      "dose_multiplier_raw": 1.1361878283734297,
      "direction_conflict": true,
      "scaled_effect": -0.04181008021557168,
      "posterior": {
        "mean": -0.08362016043114336,
        "variance": 0.10970451174946987,
        "sd": 0.33121671417588494,
        "contraction": 0.6361878283734297,
        "prior_mean": 0.14166006734006745,
        "prior_variance": 0.3015416203888705,
        "source": "pop+cohort+user",
        "lam_js": 0.8472505091649695,
        "n_cohort": 416,
        "z_like": -0.2524635891011793
      },
      "cohort_prior": {
        "mean": 0.11986480769230796,
        "variance": 0.2186938498312511,
        "n": 416
      },
      "user_obs": {
        "slope": -0.27497175066474566,
        "se": 0.2733855942302276,
        "n": 58,
        "at_nominal_step": -0.27497175066474566,
        "se_at_step": 0.2733855942302276,
        "residual_sd": 1.5849851564753048,
        "sigma_data_used": 3.5
      },
      "gate": {
        "score": 0.31809391418671484,
        "tier": "possible"
      }
    },
    {
      "action": "sleep_duration",
      "outcome": "hrv_daily",
      "nominal_step": 0.5,
      "dose_multiplier": 0.5061096995195082,
      "dose_multiplier_raw": 0.5061096995195082,
      "direction_conflict": false,
      "scaled_effect": 0.06896242516938718,
      "posterior": {
        "mean": 0.136259837017269,
        "variance": 0.002915811732779179,
        "sd": 0.05399825675685446,
        "contraction": 0.006109699519508238,
        "prior_mean": 0.13540993265993234,
        "prior_variance": 0.0029337359780747863,
        "source": "pop+cohort+user",
        "lam_js": 0.8472505091649695,
        "n_cohort": 416,
        "z_like": 2.5234117766213324
      },
      "cohort_prior": {
        "mean": 0.13603296703296702,
        "variance": 0.002960794899166767,
        "n": 416
      },
      "user_obs": {
        "slope": 0.3185292833102078,
        "se": 0.9711283095138167,
        "n": 58,
        "at_nominal_step": 0.1592646416551039,
        "se_at_step": 0.48556415475690834,
        "residual_sd": 1.584985156475305,
        "sigma_data_used": 3.5
      },
      "gate": {
        "score": 0.006109699519508238,
        "tier": "not_exposed"
      }
    },
    {
      "action": "training_load",
      "outcome": "hrv_daily",
      "nominal_step": 100.0,
      "dose_multiplier": 0.5,
      "dose_multiplier_raw": 1.4509153043129706,
      "direction_conflict": true,
      "scaled_effect": 0.28844050226285145,
      "posterior": {
        "mean": 0.5768810045257029,
        "variance": 0.20077868540982546,
        "sd": 0.44808334649909215,
        "contraction": 0.9509153043129704,
        "prior_mean": -5.056217651515151,
        "prior_variance": 4.090453910318943,
        "source": "pop+cohort+user",
        "lam_js": 0.8472505091649695,
        "n_cohort": 416,
        "z_like": 1.2874412964304882
      },
      "cohort_prior": {
        "mean": -5.038698533653847,
        "variance": 4.062157266087269,
        "n": 416
      },
      "user_obs": {
        "slope": 0.008686866574045368,
        "se": 0.017719591345810186,
        "n": 58,
        "at_nominal_step": 0.8686866574045369,
        "se_at_step": 1.7719591345810186,
        "residual_sd": 1.5849851564753046,
        "sigma_data_used": 3.5
      },
      "gate": {
        "score": 0.4754576521564852,
        "tier": "possible"
      }
    },
    {
      "action": "training_load",
      "outcome": "resting_hr",
      "nominal_step": 100.0,
      "dose_multiplier": 0.5,
      "dose_multiplier_raw": 1.4165553328508738,
      "direction_conflict": true,
      "scaled_effect": -0.15499163229876975,
      "posterior": {
        "mean": -0.3099832645975395,
        "variance": 0.022746093096528846,
        "sd": 0.15081807947500475,
        "contraction": 0.9165553328508739,
        "prior_mean": 1.305251261157877,
        "prior_variance": 0.2725889367606766,
        "source": "pop+cohort+user",
        "lam_js": 0.8472505091649695,
        "n_cohort": 416,
        "z_like": -2.0553455240683753
      },
      "cohort_prior": {
        "mean": 1.3016362050919952,
        "variance": 0.2710810896650065,
        "n": 416
      },