{
  "pid": 1070,
  "cohort": "cohort_c",
  "age": 41,
  "is_female": true,
  "effects_bayesian": [
    {
      "action": "active_energy",
      "outcome": "deep_sleep",
      "nominal_step": 100.0,
      "dose_multiplier": 0.5180014178613304,
      "dose_multiplier_raw": 0.5180014178613304,
      "direction_conflict": false,
      "scaled_effect": 0.3559195695136657,
      "posterior": {
        "mean": 0.6871015353261944,
        "variance": 0.07527522302649678,
        "sd": 0.2743633048104224,
        "contraction": 0.01800141786133036,
        "prior_mean": 0.6921665440115441,
        "prior_variance": 0.07665512394382158,
        "source": "pop+cohort+user",
        "lam_js": 0.7603833865814696,
        "n_cohort": 238,
        "z_like": 2.5043492452496987
      },
      "cohort_prior": {
        "mean": 0.6920608463385354,
        "variance": 0.07663171440556958,
        "n": 238
      },
      "user_obs": {
        "slope": 0.004116299107832233,
        "se": 0.008891951655317738,
        "n": 34,
        "at_nominal_step": 0.4116299107832233,
        "se_at_step": 0.8891951655317738,
        "residual_sd": 2.0319720060723507,
        "sigma_data_used": 12.0
      },
      "gate": {
        "score": 0.01800141786133036,
        "tier": "not_exposed"
      }
    },
    {
      "action": "bedtime",
      "outcome": "deep_sleep",
      "nominal_step": -0.5,
      "dose_multiplier": 0.6868831920801892,
      "dose_multiplier_raw": 0.6868831920801892,
      "direction_conflict": false,
      "scaled_effect": 0.5206411518712899,
      "posterior": {
        "mean": 0.7579762583716103,
        "variance": 0.7681318634831914,
        "sd": 0.8764313227419428,
        "contraction": 0.18688319208018922,
        "prior_mean": 0.6072164646464647,
        "prior_variance": 0.9446759137205589,
        "source": "pop+cohort+user",
        "lam_js": 0.7603833865814696,
        "n_cohort": 238,
        "z_like": 0.8648438716227734
      },
      "cohort_prior": {
        "mean": 0.5855927731092442,
        "variance": 0.9363184076048073,
        "n": 238
      },
      "user_obs": {
        "slope": -3.0253724514799267,
        "se": 0.8598654238293107,
        "n": 34,
        "at_nominal_step": 1.5126862257399634,
        "se_at_step": 0.4299327119146554,
        "residual_sd": 2.0435275287554338,
        "sigma_data_used": 12.0
      },
      "gate": {
        "score": 0.18688319208018922,
        "tier": "not_exposed"
      }
    },
    {
      "action": "bedtime",
      "outcome": "sleep_quality",
      "nominal_step": -0.5,
      "dose_multiplier": 0.8863657978808612,
      "dose_multiplier_raw": 0.8863657978808612,
      "direction_conflict": false,
      "scaled_effect": 0.39059877508455076,
      "posterior": {
        "mean": 0.44067446647693437,
        "variance": 0.5442329062379367,
        "sd": 0.7377214286151221,
        "contraction": 0.38636579788086123,
        "prior_mean": 0.4607862962962966,
        "prior_variance": 0.8869011935098631,
        "source": "pop+cohort+user",
        "lam_js": 0.7603833865814696,
        "n_cohort": 238,
        "z_like": 0.5973453520310298
      },
      "cohort_prior": {
        "mean": 0.42567579831932817,
        "variance": 0.8706033108101122,
        "n": 238
      },
      "user_obs": {
        "slope": -0.9030562572400925,
        "se": 0.5805305496308061,
        "n": 34,
        "at_nominal_step": 0.45152812862004627,
        "se_at_step": 0.29026527481540304,
        "residual_sd": 1.3796695698855888,
        "sigma_data_used": 7.0
      },
      "gate": {
        "score": 0.38636579788086123,
        "tier": "possible"
      }
    },
    {
      "action": "running_volume",
      "outcome": "hrv_daily",
      "nominal_step": 30.0,
      "dose_multiplier": 0.5,
      "dose_multiplier_raw": 0.823783363589503,
      "direction_conflict": true,
      "scaled_effect": -0.038841056752710275,
      "posterior": {
        "mean": -0.07768211350542055,
        "variance": 0.20390746027713294,
        "sd": 0.4515611368099927,
        "contraction": 0.323783363589503,
        "prior_mean": 0.14166006734006745,
        "prior_variance": 0.3015416203888705,
        "source": "pop+cohort+user",
        "lam_js": 0.7603833865814696,
        "n_cohort": 238,
        "z_like": -0.17203011325154743
      },
      "cohort_prior": {
        "mean": 0.19654117647058833,
        "variance": 0.5699868837170512,
        "n": 238
      },
      "user_obs": {
        "slope": -0.27791173015731313,
        "se": 0.340080259878248,
        "n": 34,
        "at_nominal_step": -0.27791173015731313,
        "se_at_step": 0.340080259878248,
        "residual_sd": 1.407905223340056,
        "sigma_data_used": 3.5
      },
      "gate": {
        "score": 0.1618916817947515,
        "tier": "not_exposed"
      }
    },
    {
      "action": "sleep_duration",
      "outcome": "hrv_daily",
      "nominal_step": 0.5,
      "dose_multiplier": 0.5,
      "dose_multiplier_raw": 0.5,
      "direction_conflict": false,
      "scaled_effect": 0.06721465513773767,
      "posterior": {
        "mean": 0.13442931027547533,
        "variance": 0.0029353584737453393,
        "sd": 0.05417894862163107,
        "contraction": 0.0,
        "prior_mean": 0.13540993265993234,
        "prior_variance": 0.0029337359780747863,
        "source": "pop+cohort+user",
        "lam_js": 0.7603833865814696,
        "n_cohort": 238,
        "z_like": 2.481209283227104
      },
      "cohort_prior": {
        "mean": 0.13619087635053972,
        "variance": 0.0029676727681804804,
        "n": 238
      },
      "user_obs": {
        "slope": -0.11449460178292291,
        "se": 0.8689868640191502,
        "n": 34,
        "at_nominal_step": -0.057247300891461454,
        "se_at_step": 0.4344934320095751,
        "residual_sd": 1.407905223340056,
        "sigma_data_used": 3.5
      },
      "gate": {
        "score": 0.0,
        "tier": "not_exposed"
      }
    },
    {
      "action": "training_load",
      "outcome": "hrv_daily",
      "nominal_step": 100.0,
      "dose_multiplier": 0.5,
      "dose_multiplier_raw": 1.419012068550527,
      "direction_conflict": true,
      "scaled_effect": 1.6713374395340381,
      "posterior": {
        "mean": 3.3426748790680763,
        "variance": 0.33127740088613916,
        "sd": 0.5755670255375469,
        "contraction": 0.9190120685505271,
        "prior_mean": -5.056217651515151,
        "prior_variance": 4.090453910318943,
        "source": "pop+cohort+user",
        "lam_js": 0.7603833865814696,
        "n_cohort": 238,
        "z_like": 5.8076205389740805
      },
      "cohort_prior": {
        "mean": -5.074865420168067,
        "variance": 4.120681445250819,
        "n": 238
      },
      "user_obs": {
        "slope": 0.04079579135735768,
        "se": 0.024848742974726206,
        "n": 34,
        "at_nominal_step": 4.079579135735768,
        "se_at_step": 2.484874297472621,
        "residual_sd": 1.4079052233400555,
        "sigma_data_used": 3.5
      },
      "gate": {
        "score": 0.45950603427526354,
        "tier": "possible"
      }
    },
    {
      "action": "training_load",
      "outcome": "resting_hr",
      "nominal_step": 100.0,
      "dose_multiplier": 0.5,
      "dose_multiplier_raw": 1.3654406356134055,
      "direction_conflict": true,
      "scaled_effect": -0.0420623094987168,
      "posterior": {
        "mean": -0.0841246189974336,
        "variance": 0.036679394069334265,
        "sd": 0.19151865201419485,
        "contraction": 0.8654406356134055,
        "prior_mean": 1.305251261157877,
        "prior_variance": 0.2725889367606766,
        "source": "pop+cohort+user",
        "lam_js": 0.7603833865814696,
        "n_cohort": 238,
        "z_like": -0.43925026681578
      },
      "cohort_prior": {
        "mean": 1.3090992134188058,
        "variance": 0.2741985200917978,
        "n": 238
      },
      "user_obs": {
        "slope": -0.0029948504261198797,