{
  "pid": 417,
  "cohort": "cohort_a",
  "age": 28,
  "is_female": true,
  "effects_bayesian": [
    {
      "action": "active_energy",
      "outcome": "deep_sleep",
      "nominal_step": 100.0,
      "dose_multiplier": 0.5149629932710894,
      "dose_multiplier_raw": 0.5149629932710894,
      "direction_conflict": false,
      "scaled_effect": 0.35342872013058396,
      "posterior": {
        "mean": 0.686318676776314,
        "variance": 0.07550813384005566,
        "sd": 0.27478743391948557,
        "contraction": 0.014962993271089409,
        "prior_mean": 0.6921665440115441,
        "prior_variance": 0.07665512394382158,
        "source": "pop+cohort+user",
        "lam_js": 0.8768472906403941,
        "n_cohort": 534,
        "z_like": 2.4976348699315327
      },
      "cohort_prior": {
        "mean": 0.6984414526484751,
        "variance": 0.07805127404443395,
        "n": 534
      },
      "user_obs": {
        "slope": 0.0032447286019462174,
        "se": 0.007107317965739557,
        "n": 58,
        "at_nominal_step": 0.32447286019462174,
        "se_at_step": 0.7107317965739557,
        "residual_sd": 1.8540984420517037,
        "sigma_data_used": 12.0
      },
      "gate": {
        "score": 0.014962993271089409,
        "tier": "not_exposed"
      }
    },
    {
      "action": "bedtime",
      "outcome": "deep_sleep",
      "nominal_step": -0.5,
      "dose_multiplier": 0.7701238236606847,
      "dose_multiplier_raw": 0.7701238236606847,
      "direction_conflict": false,
      "scaled_effect": 0.5779371251006521,
      "posterior": {
        "mean": 0.7504470155896518,
        "variance": 0.6894964437862106,
        "sd": 0.8303592257488385,
        "contraction": 0.27012382366068466,
        "prior_mean": 0.6072164646464647,
        "prior_variance": 0.9446759137205589,
        "source": "pop+cohort+user",
        "lam_js": 0.8768472906403941,
        "n_cohort": 534,
        "z_like": 0.9037618807846448
      },
      "cohort_prior": {
        "mean": 0.6056498876404495,
        "variance": 0.9560138510611396,
        "n": 534
      },
      "user_obs": {
        "slope": -2.2530755525307824,
        "se": 0.7535828031286895,
        "n": 58,
        "at_nominal_step": 1.1265377762653912,
        "se_at_step": 0.37679140156434476,
        "residual_sd": 1.8511328669189815,
        "sigma_data_used": 12.0
      },
      "gate": {
        "score": 0.27012382366068466,
        "tier": "not_exposed"
      }
    },
    {
      "action": "bedtime",
      "outcome": "sleep_quality",
      "nominal_step": -0.5,
      "dose_multiplier": 1.012598386808996,
      "dose_multiplier_raw": 1.012598386808996,
      "direction_conflict": false,
      "scaled_effect": 0.7197811988241885,
      "posterior": {
        "mean": 0.7108259386946456,
        "variance": 0.432277072457734,
        "sd": 0.6574778113805317,
        "contraction": 0.512598386808996,
        "prior_mean": 0.4607862962962966,
        "prior_variance": 0.8869011935098631,
        "source": "pop+cohort+user",
        "lam_js": 0.8768472906403941,
        "n_cohort": 534,
        "z_like": 1.0811405744660747
      },
      "cohort_prior": {
        "mean": 0.46373086142322145,
        "variance": 0.8849888909576128,
        "n": 534
      },
      "user_obs": {
        "slope": -1.893982293479214,
        "se": 0.5632620960456244,
        "n": 58,
        "at_nominal_step": 0.946991146739607,
        "se_at_step": 0.2816310480228122,
        "residual_sd": 1.3836209827915538,
        "sigma_data_used": 7.0
      },
      "gate": {
        "score": 0.512598386808996,
        "tier": "possible"
      }
    },
    {
      "action": "running_volume",
      "outcome": "hrv_daily",
      "nominal_step": 30.0,
      "dose_multiplier": 1.120246802740201,
      "dose_multiplier_raw": 1.120246802740201,
      "direction_conflict": false,
      "scaled_effect": 0.19704265961891204,
      "posterior": {
        "mean": 0.1758921865582942,
        "variance": 0.11451139444957417,
        "sd": 0.33839532273595946,
        "contraction": 0.620246802740201,
        "prior_mean": 0.14166006734006745,
        "prior_variance": 0.3015416203888705,
        "source": "pop+cohort+user",
        "lam_js": 0.8768472906403941,
        "n_cohort": 534,
        "z_like": 0.5197831492947024
      },
      "cohort_prior": {
        "mean": 0.13417902621722846,
        "variance": 0.24427088794406634,
        "n": 534
      },
      "user_obs": {
        "slope": 0.21033756575090937,
        "se": 0.2304773411839888,
        "n": 58,
        "at_nominal_step": 0.21033756575090937,
        "se_at_step": 0.2304773411839888,
        "residual_sd": 1.5429695619131423,
        "sigma_data_used": 3.5
      },
      "gate": {
        "score": 0.620246802740201,
        "tier": "possible"
      }
    },
    {
      "action": "sleep_duration",
      "outcome": "hrv_daily",
      "nominal_step": 0.5,
      "dose_multiplier": 0.5241850425609117,
      "dose_multiplier_raw": 0.5241850425609117,
      "direction_conflict": false,
      "scaled_effect": 0.07480086779847016,
      "posterior": {
        "mean": 0.14269935561882824,
        "variance": 0.0028627834485825698,
        "sd": 0.053504985268501566,
        "contraction": 0.024185042560911696,
        "prior_mean": 0.13540993265993234,
        "prior_variance": 0.0029337359780747863,
        "source": "pop+cohort+user",
        "lam_js": 0.8768472906403941,
        "n_cohort": 534,
        "z_like": 2.6670291544372313
      },
      "cohort_prior": {
        "mean": 0.13457651150347733,
        "variance": 0.002897733991751291,
        "n": 534
      },
      "user_obs": {
        "slope": 1.4527679829376043,
        "se": 0.6003138461098413,
        "n": 58,
        "at_nominal_step": 0.7263839914688022,
        "se_at_step": 0.30015692305492064,
        "residual_sd": 1.5429695619131416,
        "sigma_data_used": 3.5
      },
      "gate": {
        "score": 0.024185042560911696,
        "tier": "not_exposed"
      }
    },
    {
      "action": "training_load",
      "outcome": "hrv_daily",
      "nominal_step": 100.0,
      "dose_multiplier": 0.5,
      "dose_multiplier_raw": 1.4508966252752653,
      "direction_conflict": true,
      "scaled_effect": 0.47140922509761324,
      "posterior": {
        "mean": 0.9428184501952265,
        "variance": 0.20085509115264738,
        "sd": 0.44816859679438426,
        "contraction": 0.9508966252752653,
        "prior_mean": -5.056217651515151,
        "prior_variance": 4.090453910318943,
        "source": "pop+cohort+user",
        "lam_js": 0.8768472906403941,
        "n_cohort": 534,
        "z_like": 2.1037137740995786
      },
      "cohort_prior": {
        "mean": -5.061554325842696,
        "variance": 4.099093150953106,
        "n": 534
      },
      "user_obs": {
        "slope": 0.012522419987334176,
        "se": 0.0177444593411816,
        "n": 58,
        "at_nominal_step": 1.2522419987334177,
        "se_at_step": 1.7744459341181602,
        "residual_sd": 1.5429695619131423,
        "sigma_data_used": 3.5
      },
      "gate": {
        "score": 0.47544831263763265,
        "tier": "possible"
      }
    },
    {
      "action": "training_load",
      "outcome": "resting_hr",
      "nominal_step": 100.0,
      "dose_multiplier": 0.5,
      "dose_multiplier_raw": 1.4165122067858007,
      "direction_conflict": true,
      "scaled_effect": -0.3597965236901106,
      "posterior": {
        "mean": -0.7195930473802212,
        "variance": 0.02275784878475381,
        "sd": 0.15085704751437307,
        "contraction": 0.9165122067858007,
        "prior_mean": 1.305251261157877,
        "prior_variance": 0.2725889367606766,
        "source": "pop+cohort+user",
        "lam_js": 0.8768472906403941,
        "n_cohort": 534,
        "z_like": -4.770032684828074
      },
      "cohort_prior": {
        "mean": 1.306352479669686,
        "variance": 0.273049088182262,
        "n": 534
      },