{
  "pid": 593,
  "cohort": "cohort_b",
  "age": 27,
  "is_female": false,
  "effects_bayesian": [
    {
      "action": "active_energy",
      "outcome": "deep_sleep",
      "nominal_step": 100.0,
      "dose_multiplier": 0.5434897490742284,
      "dose_multiplier_raw": 0.5434897490742284,
      "direction_conflict": false,
      "scaled_effect": 0.36346853088484243,
      "posterior": {
        "mean": 0.6687679602126237,
        "variance": 0.0733214118382509,
        "sd": 0.270779267740813,
        "contraction": 0.04348974907422842,
        "prior_mean": 0.6921665440115441,
        "prior_variance": 0.07665512394382158,
        "source": "pop+cohort+user",
        "lam_js": 0.8472505091649695,
        "n_cohort": 416,
        "z_like": 2.469790120168141
      },
      "cohort_prior": {
        "mean": 0.6841722046703297,
        "variance": 0.07489465690295352,
        "n": 416
      },
      "user_obs": {
        "slope": 5.15374541813704e-05,
        "se": 0.007549624652458634,
        "n": 48,
        "at_nominal_step": 0.00515374541813704,
        "se_at_step": 0.7549624652458633,
        "residual_sd": 2.0731837658139836,
        "sigma_data_used": 12.0
      },
      "gate": {
        "score": 0.04348974907422842,
        "tier": "not_exposed"
      }
    },
    {
      "action": "bedtime",
      "outcome": "deep_sleep",
      "nominal_step": -0.5,
      "dose_multiplier": 0.7427015991163366,
      "dose_multiplier_raw": 0.7427015991163366,
      "direction_conflict": false,
      "scaled_effect": 0.40777507237191674,
      "posterior": {
        "mean": 0.5490429438378561,
        "variance": 0.7154015588138929,
        "sd": 0.845814139639373,
        "contraction": 0.2427015991163366,
        "prior_mean": 0.6072164646464647,
        "prior_variance": 0.9446759137205589,
        "source": "pop+cohort+user",
        "lam_js": 0.8472505091649695,
        "n_cohort": 416,
        "z_like": 0.6491295405299676
      },
      "cohort_prior": {
        "mean": 0.6215986538461539,
        "variance": 0.9384823525592582,
        "n": 416
      },
      "user_obs": {
        "slope": -0.6487111568539831,
        "se": 0.7937280870606109,
        "n": 48,
        "at_nominal_step": 0.32435557842699153,
        "se_at_step": 0.39686404353030547,
        "residual_sd": 1.928225547615248,
        "sigma_data_used": 12.0
      },
      "gate": {
        "score": 0.2427015991163366,
        "tier": "not_exposed"
      }
    },
    {
      "action": "bedtime",
      "outcome": "sleep_quality",
      "nominal_step": -0.5,
      "dose_multiplier": 0.9610825186800368,
      "dose_multiplier_raw": 0.9610825186800368,
      "direction_conflict": false,
      "scaled_effect": 0.70384825721201,
      "posterior": {
        "mean": 0.7323494533837577,
        "variance": 0.47796655738600474,
        "sd": 0.6913512547077677,
        "contraction": 0.4610825186800368,
        "prior_mean": 0.4607862962962966,
        "prior_variance": 0.8869011935098631,
        "source": "pop+cohort+user",
        "lam_js": 0.8472505091649695,
        "n_cohort": 416,
        "z_like": 1.0593015466404554
      },
      "cohort_prior": {
        "mean": 0.4770937500000001,
        "variance": 0.9009695161433738,
        "n": 416
      },
      "user_obs": {
        "slope": -2.050187976751692,
        "se": 0.48856783664409204,
        "n": 48,
        "at_nominal_step": 1.025093988375846,
        "se_at_step": 0.24428391832204602,
        "residual_sd": 1.1868913293077314,
        "sigma_data_used": 7.0
      },
      "gate": {
        "score": 0.4610825186800368,
        "tier": "possible"
      }
    },
    {
      "action": "running_volume",
      "outcome": "hrv_daily",
      "nominal_step": 30.0,
      "dose_multiplier": 0.5,
      "dose_multiplier_raw": 1.100401942859436,
      "direction_conflict": true,
      "scaled_effect": -0.0473206816545736,
      "posterior": {
        "mean": -0.0946413633091472,
        "variance": 0.12049544565441013,
        "sd": 0.34712453911299634,
        "contraction": 0.600401942859436,
        "prior_mean": 0.14166006734006745,
        "prior_variance": 0.3015416203888705,
        "source": "pop+cohort+user",
        "lam_js": 0.8472505091649695,
        "n_cohort": 416,
        "z_like": -0.2726438284973551
      },
      "cohort_prior": {
        "mean": 0.11986480769230796,
        "variance": 0.2186938498312511,
        "n": 416
      },
      "user_obs": {
        "slope": -0.33817947964585393,
        "se": 0.35108504551824593,
        "n": 48,
        "at_nominal_step": -0.33817947964585393,
        "se_at_step": 0.35108504551824593,
        "residual_sd": 1.814394257889127,
        "sigma_data_used": 3.5
      },
      "gate": {
        "score": 0.300200971429718,
        "tier": "possible"
      }
    },
    {
      "action": "sleep_duration",
      "outcome": "hrv_daily",
      "nominal_step": 0.5,
      "dose_multiplier": 0.5037383432520277,
      "dose_multiplier_raw": 0.5037383432520277,
      "direction_conflict": false,
      "scaled_effect": 0.06436456314302968,
      "posterior": {
        "mean": 0.1277738016278565,
        "variance": 0.0029227686659779196,
        "sd": 0.05406263650598183,
        "contraction": 0.0037383432520277093,
        "prior_mean": 0.13540993265993234,
        "prior_variance": 0.0029337359780747863,
        "source": "pop+cohort+user",
        "lam_js": 0.8472505091649695,
        "n_cohort": 416,
        "z_like": 2.363440074065178
      },
      "cohort_prior": {
        "mean": 0.13603296703296702,
        "variance": 0.002960794899166767,
        "n": 416
      },
      "user_obs": {
        "slope": -1.1538411540783968,
        "se": 0.7345493380112152,
        "n": 48,
        "at_nominal_step": -0.5769205770391984,
        "se_at_step": 0.3672746690056076,
        "residual_sd": 1.8143942578891277,
        "sigma_data_used": 3.5
      },
      "gate": {
        "score": 0.0037383432520277093,
        "tier": "not_exposed"
      }
    },
    {
      "action": "training_load",
      "outcome": "hrv_daily",
      "nominal_step": 100.0,
      "dose_multiplier": 0.5,
      "dose_multiplier_raw": 1.4412932035683412,
      "direction_conflict": true,
      "scaled_effect": 0.037975298774368185,
      "posterior": {
        "mean": 0.07595059754873637,
        "variance": 0.24013744502617643,
        "sd": 0.49003820772076173,
        "contraction": 0.9412932035683413,
        "prior_mean": -5.056217651515151,
        "prior_variance": 4.090453910318943,
        "source": "pop+cohort+user",
        "lam_js": 0.8472505091649695,
        "n_cohort": 416,
        "z_like": 0.15498913421872457
      },
      "cohort_prior": {
        "mean": -5.038698533653847,
        "variance": 4.062157266087269,
        "n": 416
      },
      "user_obs": {
        "slope": 0.003971109897688162,
        "se": 0.028776447129169554,
        "n": 48,
        "at_nominal_step": 0.3971109897688162,
        "se_at_step": 2.8776447129169553,
        "residual_sd": 1.8143942578891272,
        "sigma_data_used": 3.5
      },
      "gate": {
        "score": 0.47064660178417067,
        "tier": "possible"
      }
    },
    {
      "action": "training_load",
      "outcome": "resting_hr",
      "nominal_step": 100.0,
      "dose_multiplier": 1.4009018977092427,
      "dose_multiplier_raw": 1.4009018977092427,
      "direction_conflict": false,
      "scaled_effect": 0.09785225410969867,
      "posterior": {
        "mean": 0.06984946930952614,
        "variance": 0.02701304633843833,
        "sd": 0.16435646120076428,
        "contraction": 0.9009018977092426,
        "prior_mean": 1.305251261157877,
        "prior_variance": 0.2725889367606766,
        "source": "pop+cohort+user",
        "lam_js": 0.8472505091649695,
        "n_cohort": 416,
        "z_like": 0.424987668870552
      },
      "cohort_prior": {
        "mean": 1.3016362050919952,
        "variance": 0.2710810896650065,
        "n": 416
      },