{
  "pid": 463,
  "cohort": "cohort_a",
  "age": 28,
  "is_female": true,
  "effects_bayesian": [
    {
      "action": "active_energy",
      "outcome": "deep_sleep",
      "nominal_step": 100.0,
      "dose_multiplier": 0.513411003813398,
      "dose_multiplier_raw": 0.513411003813398,
      "direction_conflict": false,
      "scaled_effect": 0.33483760847677174,
      "posterior": {
        "mean": 0.6521823762828236,
        "variance": 0.07562710178429449,
        "sd": 0.2750038213994389,
        "contraction": 0.013411003813397993,
        "prior_mean": 0.6921665440115441,
        "prior_variance": 0.07665512394382158,
        "source": "pop+cohort+user",
        "lam_js": 0.8768472906403941,
        "n_cohort": 534,
        "z_like": 2.371539322486499
      },
      "cohort_prior": {
        "mean": 0.6984414526484751,
        "variance": 0.07805127404443395,
        "n": 534
      },
      "user_obs": {
        "slope": -0.008770500677582768,
        "se": 0.0075641671855740415,
        "n": 55,
        "at_nominal_step": -0.8770500677582769,
        "se_at_step": 0.7564167185574041,
        "residual_sd": 1.8543968563058837,
        "sigma_data_used": 12.0
      },
      "gate": {
        "score": 0.013411003813397993,
        "tier": "not_exposed"
      }
    },
    {
      "action": "bedtime",
      "outcome": "deep_sleep",
      "nominal_step": -0.5,
      "dose_multiplier": 0.7594867137133707,
      "dose_multiplier_raw": 0.7594867137133707,
      "direction_conflict": false,
      "scaled_effect": 0.5172730719727275,
      "posterior": {
        "mean": 0.681082450334932,
        "variance": 0.6995450653450354,
        "sd": 0.8363881068888027,
        "contraction": 0.25948671371337073,
        "prior_mean": 0.6072164646464647,
        "prior_variance": 0.9446759137205589,
        "source": "pop+cohort+user",
        "lam_js": 0.8768472906403941,
        "n_cohort": 534,
        "z_like": 0.8143138869686025
      },
      "cohort_prior": {
        "mean": 0.6056498876404495,
        "variance": 0.9560138510611396,
        "n": 534
      },
      "user_obs": {
        "slope": -1.7748832090599527,
        "se": 0.8799577722420023,
        "n": 55,
        "at_nominal_step": 0.8874416045299763,
        "se_at_step": 0.43997888612100117,
        "residual_sd": 1.873628920595768,
        "sigma_data_used": 12.0
      },
      "gate": {
        "score": 0.25948671371337073,
        "tier": "not_exposed"
      }
    },
    {
      "action": "bedtime",
      "outcome": "sleep_quality",
      "nominal_step": -0.5,
      "dose_multiplier": 0.9993481637417531,
      "dose_multiplier_raw": 0.9993481637417531,
      "direction_conflict": false,
      "scaled_effect": 0.6325050335392127,
      "posterior": {
        "mean": 0.6329175921742742,
        "variance": 0.44402871111034375,
        "sd": 0.6663547937175388,
        "contraction": 0.49934816374175306,
        "prior_mean": 0.4607862962962966,
        "prior_variance": 0.8869011935098631,
        "source": "pop+cohort+user",
        "lam_js": 0.8768472906403941,
        "n_cohort": 534,
        "z_like": 0.9498207233466106
      },
      "cohort_prior": {
        "mean": 0.46373086142322145,
        "variance": 0.8849888909576128,
        "n": 534
      },
      "user_obs": {
        "slope": -1.607111689022798,
        "se": 0.4719724854481396,
        "n": 55,
        "at_nominal_step": 0.803555844511399,
        "se_at_step": 0.2359862427240698,
        "residual_sd": 1.0049360621112882,
        "sigma_data_used": 7.0
      },
      "gate": {
        "score": 0.49934816374175306,
        "tier": "possible"
      }
    },
    {
      "action": "running_volume",
      "outcome": "hrv_daily",
      "nominal_step": 30.0,
      "dose_multiplier": 0.5,
      "dose_multiplier_raw": 1.1092898818113839,
      "direction_conflict": true,
      "scaled_effect": -0.020165293294677228,
      "posterior": {
        "mean": -0.040330586589354456,
        "variance": 0.11781536214092239,
        "sd": 0.3432424247393122,
        "contraction": 0.6092898818113839,
        "prior_mean": 0.14166006734006745,
        "prior_variance": 0.3015416203888705,
        "source": "pop+cohort+user",
        "lam_js": 0.8768472906403941,
        "n_cohort": 534,
        "z_like": -0.11749883954463079
      },
      "cohort_prior": {
        "mean": 0.13417902621722846,
        "variance": 0.24427088794406634,
        "n": 534
      },
      "user_obs": {
        "slope": -0.1965478489548044,
        "se": 0.2161019544222079,
        "n": 55,
        "at_nominal_step": -0.1965478489548044,
        "se_at_step": 0.2161019544222079,
        "residual_sd": 1.3777098517539155,
        "sigma_data_used": 3.5
      },
      "gate": {
        "score": 0.30464494090569194,
        "tier": "possible"
      }
    },
    {
      "action": "sleep_duration",
      "outcome": "hrv_daily",
      "nominal_step": 0.5,
      "dose_multiplier": 0.5235004286481572,
      "dose_multiplier_raw": 0.5235004286481572,
      "direction_conflict": false,
      "scaled_effect": 0.06726336785378945,
      "posterior": {
        "mean": 0.12848770349144628,
        "variance": 0.002864791925049508,
        "sd": 0.05352375103680149,
        "contraction": 0.023500428648157157,
        "prior_mean": 0.13540993265993234,
        "prior_variance": 0.0029337359780747863,
        "source": "pop+cohort+user",
        "lam_js": 0.8768472906403941,
        "n_cohort": 534,
        "z_like": 2.4005735958808567
      },
      "cohort_prior": {
        "mean": 0.13457651150347733,
        "variance": 0.002897733991751291,
        "n": 534
      },
      "user_obs": {
        "slope": -0.6933670484013043,
        "se": 0.7476008825147838,
        "n": 55,
        "at_nominal_step": -0.3466835242006521,
        "se_at_step": 0.3738004412573919,
        "residual_sd": 1.3777098517539155,
        "sigma_data_used": 3.5
      },
      "gate": {
        "score": 0.023500428648157157,
        "tier": "not_exposed"
      }
    },
    {
      "action": "training_load",
      "outcome": "hrv_daily",
      "nominal_step": 100.0,
      "dose_multiplier": 0.5,
      "dose_multiplier_raw": 1.4483563244181767,
      "direction_conflict": true,
      "scaled_effect": 0.720549013080425,
      "posterior": {
        "mean": 1.44109802616085,
        "variance": 0.21124607472691176,
        "sd": 0.45961513761723705,
        "contraction": 0.9483563244181767,
        "prior_mean": -5.056217651515151,
        "prior_variance": 4.090453910318943,
        "source": "pop+cohort+user",
        "lam_js": 0.8768472906403941,
        "n_cohort": 534,
        "z_like": 3.1354450891932593
      },
      "cohort_prior": {
        "mean": -5.061554325842696,
        "variance": 4.099093150953106,
        "n": 534
      },
      "user_obs": {
        "slope": 0.017944806560471285,
        "se": 0.020231299266674104,
        "n": 55,
        "at_nominal_step": 1.7944806560471285,
        "se_at_step": 2.0231299266674103,
        "residual_sd": 1.3777098517539148,
        "sigma_data_used": 3.5
      },
      "gate": {
        "score": 0.47417816220908837,
        "tier": "possible"
      }
    },
    {
      "action": "training_load",
      "outcome": "resting_hr",
      "nominal_step": 100.0,
      "dose_multiplier": 1.412356853723333,
      "dose_multiplier_raw": 1.412356853723333,
      "direction_conflict": false,
      "scaled_effect": 1.61248559735762,
      "posterior": {
        "mean": 1.1416984263620744,
        "variance": 0.02389055205791707,
        "sd": 0.15456568848847752,
        "contraction": 0.9123568537233331,
        "prior_mean": 1.305251261157877,
        "prior_variance": 0.2725889367606766,
        "source": "pop+cohort+user",
        "lam_js": 0.8768472906403941,
        "n_cohort": 534,
        "z_like": 7.386493325439334
      },
      "cohort_prior": {
        "mean": 1.306352479669686,
        "variance": 0.273049088182262,
        "n": 534
      },