{
  "pid": 694,
  "cohort": "cohort_b",
  "age": 49,
  "is_female": false,
  "effects_bayesian": [
    {
      "action": "active_energy",
      "outcome": "deep_sleep",
      "nominal_step": 100.0,
      "dose_multiplier": 0.5444628231696331,
      "dose_multiplier_raw": 0.5444628231696331,
      "direction_conflict": false,
      "scaled_effect": 0.37236239151135453,
      "posterior": {
        "mean": 0.683907836615212,
        "variance": 0.07324682072286114,
        "sd": 0.2706414985231591,
        "contraction": 0.044462823169633126,
        "prior_mean": 0.6921665440115441,
        "prior_variance": 0.07665512394382158,
        "source": "pop+cohort+user",
        "lam_js": 0.8472505091649695,
        "n_cohort": 416,
        "z_like": 2.5269880648280894
      },
      "cohort_prior": {
        "mean": 0.6841722046703297,
        "variance": 0.07489465690295352,
        "n": 416
      },
      "user_obs": {
        "slope": 0.006269848207708137,
        "se": 0.004513453656600678,
        "n": 50,
        "at_nominal_step": 0.6269848207708137,
        "se_at_step": 0.45134536566006783,
        "residual_sd": 1.5805025194432956,
        "sigma_data_used": 12.0
      },
      "gate": {
        "score": 0.044462823169633126,
        "tier": "not_exposed"
      }
    },
    {
      "action": "bedtime",
      "outcome": "deep_sleep",
      "nominal_step": -0.5,
      "dose_multiplier": 0.7501521865416325,
      "dose_multiplier_raw": 0.7501521865416325,
      "direction_conflict": false,
      "scaled_effect": 0.4726327241395505,
      "posterior": {
        "mean": 0.6300491188574573,
        "variance": 0.7083631683301466,
        "sd": 0.8416431359728104,
        "contraction": 0.2501521865416325,
        "prior_mean": 0.6072164646464647,
        "prior_variance": 0.9446759137205589,
        "source": "pop+cohort+user",
        "lam_js": 0.8472505091649695,
        "n_cohort": 416,
        "z_like": 0.7485941391647152
      },
      "cohort_prior": {
        "mean": 0.6215986538461539,
        "variance": 0.9384823525592582,
        "n": 416
      },
      "user_obs": {
        "slope": -1.325381556822038,
        "se": 0.7693959904907861,
        "n": 50,
        "at_nominal_step": 0.662690778411019,
        "se_at_step": 0.38469799524539305,
        "residual_sd": 1.5991675618978194,
        "sigma_data_used": 12.0
      },
      "gate": {
        "score": 0.2501521865416325,
        "tier": "not_exposed"
      }
    },
    {
      "action": "bedtime",
      "outcome": "sleep_quality",
      "nominal_step": -0.5,
      "dose_multiplier": 0.971394988779228,
      "dose_multiplier_raw": 0.971394988779228,
      "direction_conflict": false,
      "scaled_effect": 0.31479116208916286,
      "posterior": {
        "mean": 0.3240609285876257,
        "variance": 0.46882041534699725,
        "sd": 0.6847046190489715,
        "contraction": 0.47139498877922803,
        "prior_mean": 0.4607862962962966,
        "prior_variance": 0.8869011935098631,
        "source": "pop+cohort+user",
        "lam_js": 0.8472505091649695,
        "n_cohort": 416,
        "z_like": 0.4732857345664382
      },
      "cohort_prior": {
        "mean": 0.4770937500000001,
        "variance": 0.9009695161433738,
        "n": 416
      },
      "user_obs": {
        "slope": -0.31983441021847125,
        "se": 0.6379583090711913,
        "n": 50,
        "at_nominal_step": 0.15991720510923563,
        "se_at_step": 0.31897915453559567,
        "residual_sd": 1.3259781001185889,
        "sigma_data_used": 7.0
      },
      "gate": {
        "score": 0.47139498877922803,
        "tier": "possible"
      }
    },
    {
      "action": "running_volume",
      "outcome": "hrv_daily",
      "nominal_step": 30.0,
      "dose_multiplier": 1.1081114586851646,
      "dose_multiplier_raw": 1.1081114586851646,
      "direction_conflict": false,
      "scaled_effect": 0.10166590145590287,
      "posterior": {
        "mean": 0.09174699950899802,
        "variance": 0.11817070575990628,
        "sd": 0.34375966278768993,
        "contraction": 0.6081114586851646,
        "prior_mean": 0.14166006734006745,
        "prior_variance": 0.3015416203888705,
        "source": "pop+cohort+user",
        "lam_js": 0.8472505091649695,
        "n_cohort": 416,
        "z_like": 0.26689285986896627
      },
      "cohort_prior": {
        "mean": 0.11986480769230796,
        "variance": 0.2186938498312511,
        "n": 416
      },
      "user_obs": {
        "slope": 0.05799579436023215,
        "se": 0.2856675868801352,
        "n": 50,
        "at_nominal_step": 0.05799579436023215,
        "se_at_step": 0.2856675868801352,
        "residual_sd": 1.7876230293990718,
        "sigma_data_used": 3.5
      },
      "gate": {
        "score": 0.6081114586851646,
        "tier": "possible"
      }
    },
    {
      "action": "sleep_duration",
      "outcome": "hrv_daily",
      "nominal_step": 0.5,
      "dose_multiplier": 0.5042135193375271,
      "dose_multiplier_raw": 0.5042135193375271,
      "direction_conflict": false,
      "scaled_effect": 0.06892537278426852,
      "posterior": {
        "mean": 0.13669877966546348,
        "variance": 0.002921374624799969,
        "sd": 0.054049742134444724,
        "contraction": 0.004213519337527116,
        "prior_mean": 0.13540993265993234,
        "prior_variance": 0.0029337359780747863,
        "source": "pop+cohort+user",
        "lam_js": 0.8472505091649695,
        "n_cohort": 416,
        "z_like": 2.529129173742132
      },
      "cohort_prior": {
        "mean": 0.13603296703296702,
        "variance": 0.002960794899166767,
        "n": 416
      },
      "user_obs": {
        "slope": 0.39951434575733696,
        "se": 0.6662780655695105,
        "n": 50,
        "at_nominal_step": 0.19975717287866848,
        "se_at_step": 0.33313903278475526,
        "residual_sd": 1.7876230293990711,
        "sigma_data_used": 3.5
      },
      "gate": {
        "score": 0.004213519337527116,
        "tier": "not_exposed"
      }
    },
    {
      "action": "training_load",
      "outcome": "hrv_daily",
      "nominal_step": 100.0,
      "dose_multiplier": 1.4435080339977748,
      "dose_multiplier_raw": 1.4435080339977748,
      "direction_conflict": false,
      "scaled_effect": -1.763860632235367,
      "posterior": {
        "mean": -1.2219264394049683,
        "variance": 0.2310777832354069,
        "sd": 0.4807055057261222,
        "contraction": 0.9435080339977748,
        "prior_mean": -5.056217651515151,
        "prior_variance": 4.090453910318943,
        "source": "pop+cohort+user",
        "lam_js": 0.8472505091649695,
        "n_cohort": 416,
        "z_like": -2.541943923773468
      },
      "cohort_prior": {
        "mean": -5.038698533653847,
        "variance": 4.062157266087269,
        "n": 416
      },
      "user_obs": {
        "slope": -0.009918083205163514,
        "se": 0.02041319268185503,
        "n": 50,
        "at_nominal_step": -0.9918083205163514,
        "se_at_step": 2.0413192681855032,
        "residual_sd": 1.7876230293990707,
        "sigma_data_used": 3.5
      },
      "gate": {
        "score": 0.9435080339977748,
        "tier": "recommended"
      }
    },
    {
      "action": "training_load",
      "outcome": "resting_hr",
      "nominal_step": 100.0,
      "dose_multiplier": 0.5,
      "dose_multiplier_raw": 1.4044854249881205,
      "direction_conflict": true,
      "scaled_effect": -0.5982240035259353,
      "posterior": {
        "mean": -1.1964480070518706,
        "variance": 0.026036216447636103,
        "sd": 0.161357418322295,
        "contraction": 0.9044854249881206,
        "prior_mean": 1.305251261157877,
        "prior_variance": 0.2725889367606766,
        "source": "pop+cohort+user",
        "lam_js": 0.8472505091649695,
        "n_cohort": 416,
        "z_like": -7.41489309566225
      },
      "cohort_prior": {
        "mean": 1.3016362050919952,
        "variance": 0.2710810896650065,