{
  "pid": 208,
  "cohort": "cohort_a",
  "age": 36,
  "is_female": false,
  "effects_bayesian": [
    {
      "action": "active_energy",
      "outcome": "deep_sleep",
      "nominal_step": 100.0,
      "dose_multiplier": 0.5118541161188561,
      "dose_multiplier_raw": 0.5118541161188561,
      "direction_conflict": false,
      "scaled_effect": 0.3582434952758715,
      "posterior": {
        "mean": 0.6998937470548442,
        "variance": 0.07574644520348621,
        "sd": 0.2752207208832326,
        "contraction": 0.011854116118856117,
        "prior_mean": 0.6921665440115441,
        "prior_variance": 0.07665512394382158,
        "source": "pop+cohort+user",
        "lam_js": 0.8768472906403941,
        "n_cohort": 534,
        "z_like": 2.543027083167139
      },
      "cohort_prior": {
        "mean": 0.6984414526484751,
        "variance": 0.07805127404443395,
        "n": 534
      },
      "user_obs": {
        "slope": 0.00779015367460344,
        "se": 0.008207759664504271,
        "n": 52,
        "at_nominal_step": 0.779015367460344,
        "se_at_step": 0.8207759664504272,
        "residual_sd": 1.920108351814629,
        "sigma_data_used": 12.0
      },
      "gate": {
        "score": 0.011854116118856117,
        "tier": "not_exposed"
      }
    },
    {
      "action": "bedtime",
      "outcome": "deep_sleep",
      "nominal_step": -0.5,
      "dose_multiplier": 0.748534970945571,
      "dose_multiplier_raw": 0.748534970945571,
      "direction_conflict": false,
      "scaled_effect": 0.402581638094936,
      "posterior": {
        "mean": 0.537826091927787,
        "variance": 0.7098909129510391,
        "sd": 0.8425502435766303,
        "contraction": 0.24853497094557098,
        "prior_mean": 0.6072164646464647,
        "prior_variance": 0.9446759137205589,
        "source": "pop+cohort+user",
        "lam_js": 0.8768472906403941,
        "n_cohort": 534,
        "z_like": 0.6383311808738104
      },
      "cohort_prior": {
        "mean": 0.6056498876404495,
        "variance": 0.9560138510611396,
        "n": 534
      },
      "user_obs": {
        "slope": -0.6810294385939671,
        "se": 0.7292774262720526,
        "n": 52,
        "at_nominal_step": 0.34051471929698357,
        "se_at_step": 0.3646387131360263,
        "residual_sd": 1.9396677859711897,
        "sigma_data_used": 12.0
      },
      "gate": {
        "score": 0.24853497094557098,
        "tier": "not_exposed"
      }
    },
    {
      "action": "bedtime",
      "outcome": "sleep_quality",
      "nominal_step": -0.5,
      "dose_multiplier": 0.9853573822158039,
      "dose_multiplier_raw": 0.9853573822158039,
      "direction_conflict": false,
      "scaled_effect": 0.3375976011840483,
      "posterior": {
        "mean": 0.3426143724877587,
        "variance": 0.4564371519438438,
        "sd": 0.6756013261856757,
        "contraction": 0.48535738221580393,
        "prior_mean": 0.4607862962962966,
        "prior_variance": 0.8869011935098631,
        "source": "pop+cohort+user",
        "lam_js": 0.8768472906403941,
        "n_cohort": 534,
        "z_like": 0.5071250739279898
      },
      "cohort_prior": {
        "mean": 0.46373086142322145,
        "variance": 0.8849888909576128,
        "n": 534
      },
      "user_obs": {
        "slope": -0.42814738395100616,
        "se": 0.4684027147157616,
        "n": 52,
        "at_nominal_step": 0.21407369197550308,
        "se_at_step": 0.2342013573578808,
        "residual_sd": 1.2458162338027565,
        "sigma_data_used": 7.0
      },
      "gate": {
        "score": 0.48535738221580393,
        "tier": "possible"
      }
    },
    {
      "action": "running_volume",
      "outcome": "hrv_daily",
      "nominal_step": 30.0,
      "dose_multiplier": 1.097681901617898,
      "dose_multiplier_raw": 1.097681901617898,
      "direction_conflict": false,
      "scaled_effect": 0.09436811957666398,
      "posterior": {
        "mean": 0.08597037032092147,
        "variance": 0.12131565129790807,
        "sd": 0.3483039639422843,
        "contraction": 0.597681901617898,
        "prior_mean": 0.14166006734006745,
        "prior_variance": 0.3015416203888705,
        "source": "pop+cohort+user",
        "lam_js": 0.8768472906403941,
        "n_cohort": 534,
        "z_like": 0.246825701745867
      },
      "cohort_prior": {
        "mean": 0.13417902621722846,
        "variance": 0.24427088794406634,
        "n": 534
      },
      "user_obs": {
        "slope": 0.03969726061979064,
        "se": 0.27153479147635534,
        "n": 52,
        "at_nominal_step": 0.03969726061979064,
        "se_at_step": 0.27153479147635534,
        "residual_sd": 1.716731178480805,
        "sigma_data_used": 3.5
      },
      "gate": {
        "score": 0.597681901617898,
        "tier": "possible"
      }
    },
    {
      "action": "sleep_duration",
      "outcome": "hrv_daily",
      "nominal_step": 0.5,
      "dose_multiplier": 0.5228148534357926,
      "dose_multiplier_raw": 0.5228148534357926,
      "direction_conflict": false,
      "scaled_effect": 0.07600791770455233,
      "posterior": {
        "mean": 0.14538209311585087,
        "variance": 0.0028668032217156986,
        "sd": 0.05354253656407865,
        "contraction": 0.022814853435792593,
        "prior_mean": 0.13540993265993234,
        "prior_variance": 0.0029337359780747863,
        "source": "pop+cohort+user",
        "lam_js": 0.8768472906403941,
        "n_cohort": 534,
        "z_like": 2.715263460517237
      },
      "cohort_prior": {
        "mean": 0.13457651150347733,
        "variance": 0.002897733991751291,
        "n": 534
      },
      "user_obs": {
        "slope": 2.0283674196023145,
        "se": 0.6993713640266775,
        "n": 52,
        "at_nominal_step": 1.0141837098011572,
        "se_at_step": 0.34968568201333877,
        "residual_sd": 1.7167311784808073,
        "sigma_data_used": 3.5
      },
      "gate": {
        "score": 0.022814853435792593,
        "tier": "not_exposed"
      }
    },
    {
      "action": "training_load",
      "outcome": "hrv_daily",
      "nominal_step": 100.0,
      "dose_multiplier": 0.5,
      "dose_multiplier_raw": 1.4455388456212095,
      "direction_conflict": true,
      "scaled_effect": 1.242167395823416,
      "posterior": {
        "mean": 2.484334791646832,
        "variance": 0.22277084188920668,
        "sd": 0.4719860611174939,
        "contraction": 0.9455388456212096,
        "prior_mean": -5.056217651515151,
        "prior_variance": 4.090453910318943,
        "source": "pop+cohort+user",
        "lam_js": 0.8768472906403941,
        "n_cohort": 534,
        "z_like": 5.2635766102177195
      },
      "cohort_prior": {
        "mean": -5.061554325842696,
        "variance": 4.099093150953106,
        "n": 534
      },
      "user_obs": {
        "slope": 0.02918075811631248,
        "se": 0.02288992470747171,
        "n": 52,
        "at_nominal_step": 2.918075811631248,
        "se_at_step": 2.288992470747171,
        "residual_sd": 1.7167311784808057,
        "sigma_data_used": 3.5
      },
      "gate": {
        "score": 0.4727694228106048,
        "tier": "possible"
      }
    },
    {
      "action": "training_load",
      "outcome": "resting_hr",
      "nominal_step": 100.0,
      "dose_multiplier": 1.4077661942706743,
      "dose_multiplier_raw": 1.4077661942706743,
      "direction_conflict": false,
      "scaled_effect": 0.18313842267601468,
      "posterior": {
        "mean": 0.1300915048403288,
        "variance": 0.025141915037147702,
        "sd": 0.15856202268244343,
        "contraction": 0.9077661942706743,
        "prior_mean": 1.305251261157877,
        "prior_variance": 0.2725889367606766,
        "source": "pop+cohort+user",
        "lam_js": 0.8768472906403941,
        "n_cohort": 534,
        "z_like": 0.820445543261432
      },
      "cohort_prior": {
        "mean": 1.306352479669686,
        "variance": 0.273049088182262,
        "n": 534
      },