{
  "pid": 768,
  "cohort": "cohort_b",
  "age": 48,
  "is_female": true,
  "effects_bayesian": [
    {
      "action": "active_energy",
      "outcome": "deep_sleep",
      "nominal_step": 100.0,
      "dose_multiplier": 0.5434897490742284,
      "dose_multiplier_raw": 0.5434897490742284,
      "direction_conflict": false,
      "scaled_effect": 0.3563260871897772,
      "posterior": {
        "mean": 0.655626141609363,
        "variance": 0.0733214118382509,
        "sd": 0.270779267740813,
        "contraction": 0.04348974907422842,
        "prior_mean": 0.6921665440115441,
        "prior_variance": 0.07665512394382158,
        "source": "pop+cohort+user",
        "lam_js": 0.8472505091649695,
        "n_cohort": 416,
        "z_like": 2.4212567936955987
      },
      "cohort_prior": {
        "mean": 0.6841722046703297,
        "variance": 0.07489465690295352,
        "n": 416
      },
      "user_obs": {
        "slope": -0.005325535193677136,
        "se": 0.007331110645775809,
        "n": 48,
        "at_nominal_step": -0.5325535193677136,
        "se_at_step": 0.7331110645775809,
        "residual_sd": 2.0411455998250925,
        "sigma_data_used": 12.0
      },
      "gate": {
        "score": 0.04348974907422842,
        "tier": "not_exposed"
      }
    },
    {
      "action": "bedtime",
      "outcome": "deep_sleep",
      "nominal_step": -0.5,
      "dose_multiplier": 0.7427015991163366,
      "dose_multiplier_raw": 0.7427015991163366,
      "direction_conflict": false,
      "scaled_effect": 0.49016545577703924,
      "posterior": {
        "mean": 0.6599763032154988,
        "variance": 0.7154015588138929,
        "sd": 0.845814139639373,
        "contraction": 0.2427015991163366,
        "prior_mean": 0.6072164646464647,
        "prior_variance": 0.9446759137205589,
        "source": "pop+cohort+user",
        "lam_js": 0.8472505091649695,
        "n_cohort": 416,
        "z_like": 0.780285256873207
      },
      "cohort_prior": {
        "mean": 0.6215986538461539,
        "variance": 0.9384823525592582,
        "n": 416
      },
      "user_obs": {
        "slope": -1.5790979418218474,
        "se": 0.7963508986388494,
        "n": 48,
        "at_nominal_step": 0.7895489709109237,
        "se_at_step": 0.3981754493194247,
        "residual_sd": 1.977457048782661,
        "sigma_data_used": 12.0
      },
      "gate": {
        "score": 0.2427015991163366,
        "tier": "not_exposed"
      }
    },
    {
      "action": "bedtime",
      "outcome": "sleep_quality",
      "nominal_step": -0.5,
      "dose_multiplier": 0.9610825186800368,
      "dose_multiplier_raw": 0.9610825186800368,
      "direction_conflict": false,
      "scaled_effect": 0.7440950262277054,
      "posterior": {
        "mean": 0.7742259501813176,
        "variance": 0.47796655738600474,
        "sd": 0.6913512547077677,
        "contraction": 0.4610825186800368,
        "prior_mean": 0.4607862962962966,
        "prior_variance": 0.8869011935098631,
        "source": "pop+cohort+user",
        "lam_js": 0.8472505091649695,
        "n_cohort": 416,
        "z_like": 1.119873501218394
      },
      "cohort_prior": {
        "mean": 0.4770937500000001,
        "variance": 0.9009695161433738,
        "n": 416
      },
      "user_obs": {
        "slope": -2.2290662817442812,
        "se": 0.5015665407826582,
        "n": 48,
        "at_nominal_step": 1.1145331408721406,
        "se_at_step": 0.2507832703913291,
        "residual_sd": 1.2454638943705183,
        "sigma_data_used": 7.0
      },
      "gate": {
        "score": 0.4610825186800368,
        "tier": "possible"
      }
    },
    {
      "action": "running_volume",
      "outcome": "hrv_daily",
      "nominal_step": 30.0,
      "dose_multiplier": 1.100401942859436,
      "dose_multiplier_raw": 1.100401942859436,
      "direction_conflict": false,
      "scaled_effect": 0.13621639634075577,
      "posterior": {
        "mean": 0.1237878551784381,
        "variance": 0.12049544565441013,
        "sd": 0.34712453911299634,
        "contraction": 0.600401942859436,
        "prior_mean": 0.14166006734006745,
        "prior_variance": 0.3015416203888705,
        "source": "pop+cohort+user",
        "lam_js": 0.8472505091649695,
        "n_cohort": 416,
        "z_like": 0.35660934687807405
      },
      "cohort_prior": {
        "mean": 0.11986480769230796,
        "variance": 0.2186938498312511,
        "n": 416
      },
      "user_obs": {
        "slope": 0.12445175507649256,
        "se": 0.27560936092073174,
        "n": 48,
        "at_nominal_step": 0.12445175507649256,
        "se_at_step": 0.27560936092073174,
        "residual_sd": 1.8316962930205987,
        "sigma_data_used": 3.5
      },
      "gate": {
        "score": 0.600401942859436,
        "tier": "possible"
      }
    },
    {
      "action": "sleep_duration",
      "outcome": "hrv_daily",
      "nominal_step": 0.5,
      "dose_multiplier": 0.5037383432520277,
      "dose_multiplier_raw": 0.5037383432520277,
      "direction_conflict": false,
      "scaled_effect": 0.06562007907568641,
      "posterior": {
        "mean": 0.13026619862219962,
        "variance": 0.0029227686659779196,
        "sd": 0.05406263650598183,
        "contraction": 0.0037383432520277093,
        "prior_mean": 0.13540993265993234,
        "prior_variance": 0.0029337359780747863,
        "source": "pop+cohort+user",
        "lam_js": 0.8472505091649695,
        "n_cohort": 416,
        "z_like": 2.409542098594954
      },
      "cohort_prior": {
        "mean": 0.13603296703296702,
        "variance": 0.002960794899166767,
        "n": 416
      },
      "user_obs": {
        "slope": -0.7185822912504741,
        "se": 1.4115493711518854,
        "n": 48,
        "at_nominal_step": -0.35929114562523706,
        "se_at_step": 0.7057746855759427,
        "residual_sd": 1.8316962930205978,
        "sigma_data_used": 3.5
      },
      "gate": {
        "score": 0.0037383432520277093,
        "tier": "not_exposed"
      }
    },
    {
      "action": "training_load",
      "outcome": "hrv_daily",
      "nominal_step": 100.0,
      "dose_multiplier": 1.4412932035683412,
      "dose_multiplier_raw": 1.4412932035683412,
      "direction_conflict": false,
      "scaled_effect": -2.642470496992744,
      "posterior": {
        "mean": -1.8334024544419822,
        "variance": 0.24013744502617643,
        "sd": 0.49003820772076173,
        "contraction": 0.9412932035683413,
        "prior_mean": -5.056217651515151,
        "prior_variance": 4.090453910318943,
        "source": "pop+cohort+user",
        "lam_js": 0.8472505091649695,
        "n_cohort": 416,
        "z_like": -3.741345930900778
      },
      "cohort_prior": {
        "mean": -5.038698533653847,
        "variance": 4.062157266087269,
        "n": 416
      },
      "user_obs": {
        "slope": -0.016320719645611423,
        "se": 0.022308736602073234,
        "n": 48,
        "at_nominal_step": -1.6320719645611423,
        "se_at_step": 2.2308736602073234,
        "residual_sd": 1.831696293020597,
        "sigma_data_used": 3.5
      },
      "gate": {
        "score": 0.9412932035683413,
        "tier": "recommended"
      }
    },
    {
      "action": "training_load",
      "outcome": "resting_hr",
      "nominal_step": 100.0,
      "dose_multiplier": 0.5,
      "dose_multiplier_raw": 1.4009018977092427,
      "direction_conflict": true,
      "scaled_effect": -0.15955554302377398,
      "posterior": {
        "mean": -0.31911108604754795,
        "variance": 0.02701304633843833,
        "sd": 0.16435646120076428,
        "contraction": 0.9009018977092426,
        "prior_mean": 1.305251261157877,
        "prior_variance": 0.2725889367606766,
        "source": "pop+cohort+user",
        "lam_js": 0.8472505091649695,
        "n_cohort": 416,
        "z_like": -1.9415791975330268
      },
      "cohort_prior": {
        "mean": 1.3016362050919952,
        "variance": 0.2710810896650065,