{
  "pid": 1057,
  "cohort": "cohort_c",
  "age": 31,
  "is_female": true,
  "effects_bayesian": [
    {
      "action": "active_energy",
      "outcome": "deep_sleep",
      "nominal_step": 100.0,
      "dose_multiplier": 0.525641527375349,
      "dose_multiplier_raw": 0.525641527375349,
      "direction_conflict": false,
      "scaled_effect": 0.3574570424418139,
      "posterior": {
        "mean": 0.6800395779737581,
        "variance": 0.07468956948475532,
        "sd": 0.2732939250783949,
        "contraction": 0.02564152737534897,
        "prior_mean": 0.6921665440115441,
        "prior_variance": 0.07665512394382158,
        "source": "pop+cohort+user",
        "lam_js": 0.7603833865814696,
        "n_cohort": 238,
        "z_like": 2.488308431219931
      },
      "cohort_prior": {
        "mean": 0.6920608463385354,
        "variance": 0.07663171440556958,
        "n": 238
      },
      "user_obs": {
        "slope": 0.002180944305823773,
        "se": 0.006244663504333146,
        "n": 49,
        "at_nominal_step": 0.21809443058237732,
        "se_at_step": 0.6244663504333146,
        "residual_sd": 1.971934265154678,
        "sigma_data_used": 12.0
      },
      "gate": {
        "score": 0.02564152737534897,
        "tier": "not_exposed"
      }
    },
    {
      "action": "bedtime",
      "outcome": "deep_sleep",
      "nominal_step": -0.5,
      "dose_multiplier": 0.7471236420591036,
      "dose_multiplier_raw": 0.7471236420591036,
      "direction_conflict": false,
      "scaled_effect": 0.5169626186859907,
      "posterior": {
        "mean": 0.6919371702135142,
        "variance": 0.7112241613564229,
        "sd": 0.843341070597432,
        "contraction": 0.24712364205910364,
        "prior_mean": 0.6072164646464647,
        "prior_variance": 0.9446759137205589,
        "source": "pop+cohort+user",
        "lam_js": 0.7603833865814696,
        "n_cohort": 238,
        "z_like": 0.8204713304468124
      },
      "cohort_prior": {
        "mean": 0.5855927731092442,
        "variance": 0.9363184076048073,
        "n": 238
      },
      "user_obs": {
        "slope": -2.017558605939437,
        "se": 1.0766578887647646,
        "n": 49,
        "at_nominal_step": 1.0087793029697185,
        "se_at_step": 0.5383289443823823,
        "residual_sd": 1.9749575963699417,
        "sigma_data_used": 12.0
      },
      "gate": {
        "score": 0.24712364205910364,
        "tier": "not_exposed"
      }
    },
    {
      "action": "bedtime",
      "outcome": "sleep_quality",
      "nominal_step": -0.5,
      "dose_multiplier": 0.9739986307061456,
      "dose_multiplier_raw": 0.9739986307061456,
      "direction_conflict": false,
      "scaled_effect": 0.43893379758044726,
      "posterior": {
        "mean": 0.45065134974801946,
        "variance": 0.46651124221454177,
        "sd": 0.6830162825398395,
        "contraction": 0.47399863070614556,
        "prior_mean": 0.4607862962962966,
        "prior_variance": 0.8869011935098631,
        "source": "pop+cohort+user",
        "lam_js": 0.7603833865814696,
        "n_cohort": 238,
        "z_like": 0.6597959100949157
      },
      "cohort_prior": {
        "mean": 0.42567579831932817,
        "variance": 0.8706033108101122,
        "n": 238
      },
      "user_obs": {
        "slope": -0.9391834745531741,
        "se": 0.7316941216880638,
        "n": 49,
        "at_nominal_step": 0.46959173727658704,
        "se_at_step": 0.3658470608440319,
        "residual_sd": 1.342176450780459,
        "sigma_data_used": 7.0
      },
      "gate": {
        "score": 0.47399863070614556,
        "tier": "possible"
      }
    },
    {
      "action": "running_volume",
      "outcome": "hrv_daily",
      "nominal_step": 30.0,
      "dose_multiplier": 0.5,
      "dose_multiplier_raw": 0.9588892939549147,
      "direction_conflict": true,
      "scaled_effect": -0.0008455229703661996,
      "posterior": {
        "mean": -0.0016910459407323993,
        "variance": 0.1631673991106008,
        "sd": 0.40393984590604676,
        "contraction": 0.45888929395491473,
        "prior_mean": 0.14166006734006745,
        "prior_variance": 0.3015416203888705,
        "source": "pop+cohort+user",
        "lam_js": 0.7603833865814696,
        "n_cohort": 238,
        "z_like": -0.004186380615508091
      },
      "cohort_prior": {
        "mean": 0.19654117647058833,
        "variance": 0.5699868837170512,
        "n": 238
      },
      "user_obs": {
        "slope": -0.10018580586080378,
        "se": 0.38682087328682285,
        "n": 49,
        "at_nominal_step": -0.10018580586080378,
        "se_at_step": 0.38682087328682285,
        "residual_sd": 1.8877306228343018,
        "sigma_data_used": 3.5
      },
      "gate": {
        "score": 0.22944464697745737,
        "tier": "not_exposed"
      }
    },
    {
      "action": "sleep_duration",
      "outcome": "hrv_daily",
      "nominal_step": 0.5,
      "dose_multiplier": 0.5030303767554629,
      "dose_multiplier_raw": 0.5030303767554629,
      "direction_conflict": false,
      "scaled_effect": 0.06809642582331323,
      "posterior": {
        "mean": 0.1353723929408279,
        "variance": 0.0029248456527601633,
        "sd": 0.05408184217239797,
        "contraction": 0.0030303767554629157,
        "prior_mean": 0.13540993265993234,
        "prior_variance": 0.0029337359780747863,
        "source": "pop+cohort+user",
        "lam_js": 0.7603833865814696,
        "n_cohort": 238,
        "z_like": 2.5031024740114827
      },
      "cohort_prior": {
        "mean": 0.13619087635053972,
        "variance": 0.0029676727681804804,
        "n": 238
      },
      "user_obs": {
        "slope": 0.16407764475027675,
        "se": 1.2016342592540714,
        "n": 49,
        "at_nominal_step": 0.08203882237513838,
        "se_at_step": 0.6008171296270357,
        "residual_sd": 1.8877306228343014,
        "sigma_data_used": 3.5
      },
      "gate": {
        "score": 0.0030303767554629157,
        "tier": "not_exposed"
      }
    },
    {
      "action": "training_load",
      "outcome": "hrv_daily",
      "nominal_step": 100.0,
      "dose_multiplier": 1.4423838269768077,
      "dose_multiplier_raw": 1.4423838269768077,
      "direction_conflict": false,
      "scaled_effect": -4.970077903739312,
      "posterior": {
        "mean": -3.4457387907325905,
        "variance": 0.23567630024032965,
        "sd": 0.4854650350337598,
        "contraction": 0.9423838269768077,
        "prior_mean": -5.056217651515151,
        "prior_variance": 4.090453910318943,
        "source": "pop+cohort+user",
        "lam_js": 0.7603833865814696,
        "n_cohort": 238,
        "z_like": -7.097810433439289
      },
      "cohort_prior": {
        "mean": -5.074865420168067,
        "variance": 4.120681445250819,
        "n": 238
      },
      "user_obs": {
        "slope": -0.03346996923680937,
        "se": 0.02698801392480433,
        "n": 49,
        "at_nominal_step": -3.3469969236809374,
        "se_at_step": 2.698801392480433,
        "residual_sd": 1.8877306228343018,
        "sigma_data_used": 3.5
      },
      "gate": {
        "score": 0.9423838269768077,
        "tier": "recommended"
      }
    },
    {
      "action": "training_load",
      "outcome": "resting_hr",
      "nominal_step": 100.0,
      "dose_multiplier": 1.402639749964771,
      "dose_multiplier_raw": 1.402639749964771,
      "direction_conflict": false,
      "scaled_effect": 0.09280787208481855,
      "posterior": {
        "mean": 0.06616657775964893,
        "variance": 0.02653932703985673,
        "sd": 0.16290895322190468,
        "contraction": 0.9026397499647709,
        "prior_mean": 1.305251261157877,
        "prior_variance": 0.2725889367606766,
        "source": "pop+cohort+user",
        "lam_js": 0.7603833865814696,
        "n_cohort": 238,
        "z_like": 0.40615679157621765
      },
      "cohort_prior": {
        "mean": 1.3090992134188058,