{
  "pid": 250,
  "cohort": "cohort_a",
  "age": 27,
  "is_female": false,
  "effects_bayesian": [
    {
      "action": "active_energy",
      "outcome": "deep_sleep",
      "nominal_step": 100.0,
      "dose_multiplier": 0.5149629932710894,
      "dose_multiplier_raw": 0.5149629932710894,
      "direction_conflict": false,
      "scaled_effect": 0.34372469898660984,
      "posterior": {
        "mean": 0.6674745631782992,
        "variance": 0.07550813384005566,
        "sd": 0.27478743391948557,
        "contraction": 0.014962993271089409,
        "prior_mean": 0.6921665440115441,
        "prior_variance": 0.07665512394382158,
        "source": "pop+cohort+user",
        "lam_js": 0.8768472906403941,
        "n_cohort": 534,
        "z_like": 2.4290578126431845
      },
      "cohort_prior": {
        "mean": 0.6984414526484751,
        "variance": 0.07805127404443395,
        "n": 534
      },
      "user_obs": {
        "slope": -0.0029513436760191247,
        "se": 0.00877815708802152,
        "n": 58,
        "at_nominal_step": -0.2951343676019125,
        "se_at_step": 0.8778157088021521,
        "residual_sd": 2.253485779857245,
        "sigma_data_used": 12.0
      },
      "gate": {
        "score": 0.014962993271089409,
        "tier": "not_exposed"
      }
    },
    {
      "action": "bedtime",
      "outcome": "deep_sleep",
      "nominal_step": -0.5,
      "dose_multiplier": 0.7701238236606847,
      "dose_multiplier_raw": 0.7701238236606847,
      "direction_conflict": false,
      "scaled_effect": 0.5671003764811113,
      "posterior": {
        "mean": 0.7363755789107687,
        "variance": 0.6894964437862106,
        "sd": 0.8303592257488385,
        "contraction": 0.27012382366068466,
        "prior_mean": 0.6072164646464647,
        "prior_variance": 0.9446759137205589,
        "source": "pop+cohort+user",
        "lam_js": 0.8768472906403941,
        "n_cohort": 534,
        "z_like": 0.886815676970033
      },
      "cohort_prior": {
        "mean": 0.6056498876404495,
        "variance": 0.9560138510611396,
        "n": 534
      },
      "user_obs": {
        "slope": -2.151737884918915,
        "se": 0.9419336006331602,
        "n": 58,
        "at_nominal_step": 1.0758689424594574,
        "se_at_step": 0.4709668003165801,
        "residual_sd": 2.263851117628809,
        "sigma_data_used": 12.0
      },
      "gate": {
        "score": 0.27012382366068466,
        "tier": "not_exposed"
      }
    },
    {
      "action": "bedtime",
      "outcome": "sleep_quality",
      "nominal_step": -0.5,
      "dose_multiplier": 1.012598386808996,
      "dose_multiplier_raw": 1.012598386808996,
      "direction_conflict": false,
      "scaled_effect": 0.8179122473009497,
      "posterior": {
        "mean": 0.807736075778709,
        "variance": 0.432277072457734,
        "sd": 0.6574778113805317,
        "contraction": 0.512598386808996,
        "prior_mean": 0.4607862962962966,
        "prior_variance": 0.8869011935098631,
        "source": "pop+cohort+user",
        "lam_js": 0.8768472906403941,
        "n_cohort": 534,
        "z_like": 1.2285373921329361
      },
      "cohort_prior": {
        "mean": 0.46373086142322145,
        "variance": 0.8849888909576128,
        "n": 534
      },
      "user_obs": {
        "slope": -2.272778035414909,
        "se": 0.5438613378517031,
        "n": 58,
        "at_nominal_step": 1.1363890177074545,
        "se_at_step": 0.27193066892585155,
        "residual_sd": 1.3071209018375187,
        "sigma_data_used": 7.0
      },
      "gate": {
        "score": 0.512598386808996,
        "tier": "possible"
      }
    },
    {
      "action": "running_volume",
      "outcome": "hrv_daily",
      "nominal_step": 30.0,
      "dose_multiplier": 1.120246802740201,
      "dose_multiplier_raw": 1.120246802740201,
      "direction_conflict": false,
      "scaled_effect": 0.0812949286465985,
      "posterior": {
        "mean": 0.07256876649658404,
        "variance": 0.11451139444957417,
        "sd": 0.33839532273595946,
        "contraction": 0.620246802740201,
        "prior_mean": 0.14166006734006745,
        "prior_variance": 0.3015416203888705,
        "source": "pop+cohort+user",
        "lam_js": 0.8768472906403941,
        "n_cohort": 534,
        "z_like": 0.21444967356480707
      },
      "cohort_prior": {
        "mean": 0.13417902621722846,
        "variance": 0.24427088794406634,
        "n": 534
      },
      "user_obs": {
        "slope": 0.019765972441444533,
        "se": 0.23782923514563975,
        "n": 58,
        "at_nominal_step": 0.019765972441444533,
        "se_at_step": 0.23782923514563975,
        "residual_sd": 1.6546359111840163,
        "sigma_data_used": 3.5
      },
      "gate": {
        "score": 0.620246802740201,
        "tier": "possible"
      }
    },
    {
      "action": "sleep_duration",
      "outcome": "hrv_daily",
      "nominal_step": 0.5,
      "dose_multiplier": 0.5241850425609117,
      "dose_multiplier_raw": 0.5241850425609117,
      "direction_conflict": false,
      "scaled_effect": 0.0690415812414561,
      "posterior": {
        "mean": 0.13171223067364285,
        "variance": 0.0028627834485825698,
        "sd": 0.053504985268501566,
        "contraction": 0.024185042560911696,
        "prior_mean": 0.13540993265993234,
        "prior_variance": 0.0029337359780747863,
        "source": "pop+cohort+user",
        "lam_js": 0.8768472906403941,
        "n_cohort": 534,
        "z_like": 2.461681467860939
      },
      "cohort_prior": {
        "mean": 0.13457651150347733,
        "variance": 0.002897733991751291,
        "n": 534
      },
      "user_obs": {
        "slope": -0.16842104751288117,
        "se": 0.951624718101245,
        "n": 58,
        "at_nominal_step": -0.08421052375644059,
        "se_at_step": 0.4758123590506225,
        "residual_sd": 1.654635911184016,
        "sigma_data_used": 3.5
      },
      "gate": {
        "score": 0.024185042560911696,
        "tier": "not_exposed"
      }
    },
    {
      "action": "training_load",
      "outcome": "hrv_daily",
      "nominal_step": 100.0,
      "dose_multiplier": 1.4508966252752653,
      "dose_multiplier_raw": 1.4508966252752653,
      "direction_conflict": false,
      "scaled_effect": -7.3568185011673535,
      "posterior": {
        "mean": -5.070532505905865,
        "variance": 0.20085509115264738,
        "sd": 0.44816859679438426,
        "contraction": 0.9508966252752653,
        "prior_mean": -5.056217651515151,
        "prior_variance": 4.090453910318943,
        "source": "pop+cohort+user",
        "lam_js": 0.8768472906403941,
        "n_cohort": 534,
        "z_like": -11.313895132710915
      },
      "cohort_prior": {
        "mean": -5.061554325842696,
        "variance": 4.099093150953106,
        "n": 534
      },
      "user_obs": {
        "slope": -0.050710291019688485,
        "se": 0.02654946351379862,
        "n": 58,
        "at_nominal_step": -5.071029101968849,
        "se_at_step": 2.654946351379862,
        "residual_sd": 1.6546359111840163,
        "sigma_data_used": 3.5
      },
      "gate": {
        "score": 0.9508966252752653,
        "tier": "recommended"
      }
    },
    {
      "action": "training_load",
      "outcome": "resting_hr",
      "nominal_step": 100.0,
      "dose_multiplier": 0.5,
      "dose_multiplier_raw": 1.4165122067858007,
      "direction_conflict": true,
      "scaled_effect": -0.06516844410379348,
      "posterior": {
        "mean": -0.13033688820758696,
        "variance": 0.02275784878475381,
        "sd": 0.15085704751437307,
        "contraction": 0.9165122067858007,
        "prior_mean": 1.305251261157877,
        "prior_variance": 0.2725889367606766,
        "source": "pop+cohort+user",
        "lam_js": 0.8768472906403941,
        "n_cohort": 534,
        "z_like": -0.8639761307483429
      },
      "cohort_prior": {
        "mean": 1.306352479669686,
        "variance": 0.273049088182262,