{
  "pid": 138,
  "cohort": "cohort_a",
  "age": 38,
  "is_female": false,
  "effects_bayesian": [
    {
      "action": "active_energy",
      "outcome": "deep_sleep",
      "nominal_step": 100.0,
      "dose_multiplier": 0.5113340610468459,
      "dose_multiplier_raw": 0.5113340610468459,
      "direction_conflict": false,
      "scaled_effect": 0.34802464738212746,
      "posterior": {
        "mean": 0.6806208971677387,
        "variance": 0.07578631008948877,
        "sd": 0.27529313483900897,
        "contraction": 0.011334061046845867,
        "prior_mean": 0.6921665440115441,
        "prior_variance": 0.07665512394382158,
        "source": "pop+cohort+user",
        "lam_js": 0.8768472906403941,
        "n_cohort": 534,
        "z_like": 2.472349692140942
      },
      "cohort_prior": {
        "mean": 0.6984414526484751,
        "variance": 0.07805127404443395,
        "n": 534
      },
      "user_obs": {
        "slope": 0.0006252866647630112,
        "se": 0.004509632206453695,
        "n": 51,
        "at_nominal_step": 0.06252866647630112,
        "se_at_step": 0.4509632206453695,
        "residual_sd": 1.4462599862808105,
        "sigma_data_used": 12.0
      },
      "gate": {
        "score": 0.011334061046845867,
        "tier": "not_exposed"
      }
    },
    {
      "action": "bedtime",
      "outcome": "deep_sleep",
      "nominal_step": -0.5,
      "dose_multiplier": 0.7448120468796667,
      "dose_multiplier_raw": 0.7448120468796667,
      "direction_conflict": false,
      "scaled_effect": 0.48080298104418184,
      "posterior": {
        "mean": 0.6455359886544119,
        "variance": 0.7134078696447095,
        "sd": 0.8446347551721451,
        "contraction": 0.24481204687966673,
        "prior_mean": 0.6072164646464647,
        "prior_variance": 0.9446759137205589,
        "source": "pop+cohort+user",
        "lam_js": 0.8768472906403941,
        "n_cohort": 534,
        "z_like": 0.7642782690404979
      },
      "cohort_prior": {
        "mean": 0.6056498876404495,
        "variance": 0.9560138510611396,
        "n": 534
      },
      "user_obs": {
        "slope": -1.5258813271575313,
        "se": 0.459764414887594,
        "n": 51,
        "at_nominal_step": 0.7629406635787657,
        "se_at_step": 0.229882207443797,
        "residual_sd": 1.4423713578305046,
        "sigma_data_used": 12.0
      },
      "gate": {
        "score": 0.24481204687966673,
        "tier": "not_exposed"
      }
    },
    {
      "action": "bedtime",
      "outcome": "sleep_quality",
      "nominal_step": -0.5,
      "dose_multiplier": 0.9805183881875824,
      "dose_multiplier_raw": 0.9805183881875824,
      "direction_conflict": false,
      "scaled_effect": 0.7586018979095913,
      "posterior": {
        "mean": 0.7736743206945994,
        "variance": 0.4607288615228606,
        "sd": 0.6787701094795355,
        "contraction": 0.4805183881875824,
        "prior_mean": 0.4607862962962966,
        "prior_variance": 0.8869011935098631,
        "source": "pop+cohort+user",
        "lam_js": 0.8768472906403941,
        "n_cohort": 534,
        "z_like": 1.1398178998893074
      },
      "cohort_prior": {
        "mean": 0.46373086142322145,
        "variance": 0.8849888909576128,
        "n": 534
      },
      "user_obs": {
        "slope": -2.2209346280175946,
        "se": 0.4027319731058334,
        "n": 51,
        "at_nominal_step": 1.1104673140087973,
        "se_at_step": 0.2013659865529167,
        "residual_sd": 1.263449375551256,
        "sigma_data_used": 7.0
      },
      "gate": {
        "score": 0.4805183881875824,
        "tier": "possible"
      }
    },
    {
      "action": "running_volume",
      "outcome": "hrv_daily",
      "nominal_step": 30.0,
      "dose_multiplier": 1.0936577650560966,
      "dose_multiplier_raw": 1.0936577650560966,
      "direction_conflict": false,
      "scaled_effect": 0.36813455055891164,
      "posterior": {
        "mean": 0.3366085464039375,
        "variance": 0.12252909595741975,
        "sd": 0.3500415631856019,
        "contraction": 0.5936577650560966,
        "prior_mean": 0.14166006734006745,
        "prior_variance": 0.3015416203888705,
        "source": "pop+cohort+user",
        "lam_js": 0.8768472906403941,
        "n_cohort": 534,
        "z_like": 0.9616245092170902
      },
      "cohort_prior": {
        "mean": 0.13417902621722846,
        "variance": 0.24427088794406634,
        "n": 534
      },
      "user_obs": {
        "slope": 0.5301206489317403,
        "se": 0.2793391609248393,
        "n": 51,
        "at_nominal_step": 0.5301206489317403,
        "se_at_step": 0.2793391609248393,
        "residual_sd": 1.8174935818859794,
        "sigma_data_used": 3.5
      },
      "gate": {
        "score": 0.5936577650560966,
        "tier": "possible"
      }
    },
    {
      "action": "sleep_duration",
      "outcome": "hrv_daily",
      "nominal_step": 0.5,
      "dose_multiplier": 0.5225861143928368,
      "dose_multiplier_raw": 0.5225861143928368,
      "direction_conflict": false,
      "scaled_effect": 0.06925504656488943,
      "posterior": {
        "mean": 0.13252370213730794,
        "variance": 0.0028674742816756082,
        "sd": 0.05354880280338309,
        "contraction": 0.022586114392836754,
        "prior_mean": 0.13540993265993234,
        "prior_variance": 0.0029337359780747863,
        "source": "pop+cohort+user",
        "lam_js": 0.8768472906403941,
        "n_cohort": 534,
        "z_like": 2.4748210081166446
      },
      "cohort_prior": {
        "mean": 0.13457651150347733,
        "variance": 0.002897733991751291,
        "n": 534
      },
      "user_obs": {
        "slope": -0.0917469603222165,
        "se": 0.8816727779438777,
        "n": 51,
        "at_nominal_step": -0.04587348016110825,
        "se_at_step": 0.44083638897193883,
        "residual_sd": 1.8174935818859799,
        "sigma_data_used": 3.5
      },
      "gate": {
        "score": 0.022586114392836754,
        "tier": "not_exposed"
      }
    },
    {
      "action": "training_load",
      "outcome": "hrv_daily",
      "nominal_step": 100.0,
      "dose_multiplier": 1.4445301047839205,
      "dose_multiplier_raw": 1.4445301047839205,
      "direction_conflict": false,
      "scaled_effect": -1.4765604767840612,
      "posterior": {
        "mean": -1.0221735579577498,
        "variance": 0.2268970497915945,
        "sd": 0.47633711779746335,
        "contraction": 0.9445301047839205,
        "prior_mean": -5.056217651515151,
        "prior_variance": 4.090453910318943,
        "source": "pop+cohort+user",
        "lam_js": 0.8768472906403941,
        "n_cohort": 534,
        "z_like": -2.1459036463170897
      },
      "cohort_prior": {
        "mean": -5.061554325842696,
        "variance": 4.099093150953106,
        "n": 534
      },
      "user_obs": {
        "slope": -0.007854534238603456,
        "se": 0.019466673552111357,
        "n": 51,
        "at_nominal_step": -0.7854534238603457,
        "se_at_step": 1.9466673552111358,
        "residual_sd": 1.8174935818859808,
        "sigma_data_used": 3.5
      },
      "gate": {
        "score": 0.9445301047839205,
        "tier": "recommended"
      }
    },
    {
      "action": "training_load",
      "outcome": "resting_hr",
      "nominal_step": 100.0,
      "dose_multiplier": 1.4061272069179176,
      "dose_multiplier_raw": 1.4061272069179176,
      "direction_conflict": false,
      "scaled_effect": 1.2982726592806775,
      "posterior": {
        "mean": 0.923296735098636,
        "variance": 0.025588684856999812,
        "sd": 0.15996463627002006,
        "contraction": 0.9061272069179177,
        "prior_mean": 1.305251261157877,
        "prior_variance": 0.2725889367606766,
        "source": "pop+cohort+user",
        "lam_js": 0.8768472906403941,
        "n_cohort": 534,
        "z_like": 5.7718803144722095
      },
      "cohort_prior": {
        "mean": 1.306352479669686,