{
  "pid": 934,
  "cohort": "cohort_b",
  "age": 36,
  "is_female": true,
  "effects_bayesian": [
    {
      "action": "active_energy",
      "outcome": "deep_sleep",
      "nominal_step": 100.0,
      "dose_multiplier": 0.5430024684482626,
      "dose_multiplier_raw": 0.5430024684482626,
      "direction_conflict": false,
      "scaled_effect": 0.3522682572472553,
      "posterior": {
        "mean": 0.6487415393413068,
        "variance": 0.07335876439502974,
        "sd": 0.27084823129389224,
        "contraction": 0.04300246844826261,
        "prior_mean": 0.6921665440115441,
        "prior_variance": 0.07665512394382158,
        "source": "pop+cohort+user",
        "lam_js": 0.8472505091649695,
        "n_cohort": 416,
        "z_like": 2.395221620027379
      },
      "cohort_prior": {
        "mean": 0.6841722046703297,
        "variance": 0.07489465690295352,
        "n": 416
      },
      "user_obs": {
        "slope": -0.008453694445352076,
        "se": 0.006939035045821128,
        "n": 47,
        "at_nominal_step": -0.8453694445352076,
        "se_at_step": 0.6939035045821128,
        "residual_sd": 1.8220441520741217,
        "sigma_data_used": 12.0
      },
      "gate": {
        "score": 0.04300246844826261,
        "tier": "not_exposed"
      }
    },
    {
      "action": "bedtime",
      "outcome": "deep_sleep",
      "nominal_step": -0.5,
      "dose_multiplier": 0.7389205056675398,
      "dose_multiplier_raw": 0.7389205056675398,
      "direction_conflict": false,
      "scaled_effect": 0.3416580458845422,
      "posterior": {
        "mean": 0.4623745629793949,
        "variance": 0.7189734667224978,
        "sd": 0.8479230311310678,
        "contraction": 0.23892050566753975,
        "prior_mean": 0.6072164646464647,
        "prior_variance": 0.9446759137205589,
        "source": "pop+cohort+user",
        "lam_js": 0.8472505091649695,
        "n_cohort": 416,
        "z_like": 0.5453025168600748
      },
      "cohort_prior": {
        "mean": 0.6215986538461539,
        "variance": 0.9384823525592582,
        "n": 416
      },
      "user_obs": {
        "slope": 0.0995063814084153,
        "se": 0.7394890557797714,
        "n": 47,
        "at_nominal_step": -0.04975319070420765,
        "se_at_step": 0.3697445278898857,
        "residual_sd": 1.830214510820945,
        "sigma_data_used": 12.0
      },
      "gate": {
        "score": 0.23892050566753975,
        "tier": "not_exposed"
      }
    },
    {
      "action": "bedtime",
      "outcome": "sleep_quality",
      "nominal_step": -0.5,
      "dose_multiplier": 0.955773909065267,
      "dose_multiplier_raw": 0.955773909065267,
      "direction_conflict": false,
      "scaled_effect": 0.6191237735629708,
      "posterior": {
        "mean": 0.647772206052857,
        "variance": 0.4826747695892219,
        "sd": 0.6947479899857372,
        "contraction": 0.45577390906526705,
        "prior_mean": 0.4607862962962966,
        "prior_variance": 0.8869011935098631,
        "source": "pop+cohort+user",
        "lam_js": 0.8472505091649695,
        "n_cohort": 416,
        "z_like": 0.9323844262811836
      },
      "cohort_prior": {
        "mean": 0.4770937500000001,
        "variance": 0.9009695161433738,
        "n": 416
      },
      "user_obs": {
        "slope": -1.6972800023217245,
        "se": 0.47617039333513356,
        "n": 47,
        "at_nominal_step": 0.8486400011608622,
        "se_at_step": 0.23808519666756678,
        "residual_sd": 1.1785082641775022,
        "sigma_data_used": 7.0
      },
      "gate": {
        "score": 0.45577390906526705,
        "tier": "possible"
      }
    },
    {
      "action": "running_volume",
      "outcome": "hrv_daily",
      "nominal_step": 30.0,
      "dose_multiplier": 1.09643230454799,
      "dose_multiplier_raw": 1.09643230454799,
      "direction_conflict": false,
      "scaled_effect": 0.4130070496368306,
      "posterior": {
        "mean": 0.3766826715372044,
        "variance": 0.12169245682320128,
        "sd": 0.34884445935574393,
        "contraction": 0.59643230454799,
        "prior_mean": 0.14166006734006745,
        "prior_variance": 0.3015416203888705,
        "source": "pop+cohort+user",
        "lam_js": 0.8472505091649695,
        "n_cohort": 416,
        "z_like": 1.0798012163726862
      },
      "cohort_prior": {
        "mean": 0.11986480769230796,
        "variance": 0.2186938498312511,
        "n": 416
      },
      "user_obs": {
        "slope": 0.6661105823172825,
        "se": 0.4327054338828614,
        "n": 47,
        "at_nominal_step": 0.6661105823172825,
        "se_at_step": 0.4327054338828614,
        "residual_sd": 1.725178527126754,
        "sigma_data_used": 3.5
      },
      "gate": {
        "score": 0.59643230454799,
        "tier": "possible"
      }
    },
    {
      "action": "sleep_duration",
      "outcome": "hrv_daily",
      "nominal_step": 0.5,
      "dose_multiplier": 0.5035005851079042,
      "dose_multiplier_raw": 0.5035005851079042,
      "direction_conflict": false,
      "scaled_effect": 0.06770228288185254,
      "posterior": {
        "mean": 0.134463166249039,
        "variance": 0.002923466185599415,
        "sd": 0.054069087153376424,
        "contraction": 0.003500585107904186,
        "prior_mean": 0.13540993265993234,
        "prior_variance": 0.0029337359780747863,
        "source": "pop+cohort+user",
        "lam_js": 0.8472505091649695,
        "n_cohort": 416,
        "z_like": 2.4868769444472165
      },
      "cohort_prior": {
        "mean": 0.13603296703296702,
        "variance": 0.002960794899166767,
        "n": 416
      },
      "user_obs": {
        "slope": 0.008937217963730815,
        "se": 0.8740074705788178,
        "n": 47,
        "at_nominal_step": 0.004468608981865407,
        "se_at_step": 0.4370037352894089,
        "residual_sd": 1.7251785271267535,
        "sigma_data_used": 3.5
      },
      "gate": {
        "score": 0.003500585107904186,
        "tier": "not_exposed"
      }
    },
    {
      "action": "training_load",
      "outcome": "hrv_daily",
      "nominal_step": 100.0,
      "dose_multiplier": 0.5,
      "dose_multiplier_raw": 1.4401193599846833,
      "direction_conflict": true,
      "scaled_effect": 0.3562324184040686,
      "posterior": {
        "mean": 0.7124648368081372,
        "variance": 0.24493899810305306,
        "sd": 0.49491312177295627,
        "contraction": 0.9401193599846833,
        "prior_mean": -5.056217651515151,
        "prior_variance": 4.090453910318943,
        "source": "pop+cohort+user",
        "lam_js": 0.8472505091649695,
        "n_cohort": 416,
        "z_like": 1.4395755648099058
      },
      "cohort_prior": {
        "mean": -5.038698533653847,
        "variance": 4.062157266087269,
        "n": 416
      },
      "user_obs": {
        "slope": 0.010812556392985236,
        "se": 0.021420074857478634,
        "n": 47,
        "at_nominal_step": 1.0812556392985235,
        "se_at_step": 2.1420074857478633,
        "residual_sd": 1.7251785271267548,
        "sigma_data_used": 3.5
      },
      "gate": {
        "score": 0.47005967999234166,
        "tier": "possible"
      }
    },
    {
      "action": "training_load",
      "outcome": "resting_hr",
      "nominal_step": 100.0,
      "dose_multiplier": 1.399007370925188,
      "dose_multiplier_raw": 1.399007370925188,
      "direction_conflict": false,
      "scaled_effect": 0.42077097288780724,
      "posterior": {
        "mean": 0.30076394280149077,
        "variance": 0.027529473380168392,
        "sd": 0.16592008130473054,
        "contraction": 0.899007370925188,
        "prior_mean": 1.305251261157877,
        "prior_variance": 0.2725889367606766,
        "source": "pop+cohort+user",
        "lam_js": 0.8472505091649695,
        "n_cohort": 416,
        "z_like": 1.812703685029569
      },
      "cohort_prior": {
        "mean": 1.3016362050919952,
        "variance": 0.2710810896650065,
        "n": 416
      },