{
  "pid": 375,
  "cohort": "cohort_a",
  "age": 29,
  "is_female": false,
  "effects_bayesian": [
    {
      "action": "active_energy",
      "outcome": "deep_sleep",
      "nominal_step": 100.0,
      "dose_multiplier": 0.5097706062156571,
      "dose_multiplier_raw": 0.5097706062156571,
      "direction_conflict": false,
      "scaled_effect": 0.3464406941091935,
      "posterior": {
        "mean": 0.6796011576285995,
        "variance": 0.07590615691335412,
        "sd": 0.275510720142346,
        "contraction": 0.009770606215657063,
        "prior_mean": 0.6921665440115441,
        "prior_variance": 0.07665512394382158,
        "source": "pop+cohort+user",
        "lam_js": 0.8768472906403941,
        "n_cohort": 534,
        "z_like": 2.466695877668481
      },
      "cohort_prior": {
        "mean": 0.6984414526484751,
        "variance": 0.07805127404443395,
        "n": 534
      },
      "user_obs": {
        "slope": -0.0001640473927981348,
        "se": 0.006658134389249163,
        "n": 48,
        "at_nominal_step": -0.01640473927981348,
        "se_at_step": 0.6658134389249163,
        "residual_sd": 2.1678916019910335,
        "sigma_data_used": 12.0
      },
      "gate": {
        "score": 0.009770606215657063,
        "tier": "not_exposed"
      }
    },
    {
      "action": "bedtime",
      "outcome": "deep_sleep",
      "nominal_step": -0.5,
      "dose_multiplier": 0.7334186052179852,
      "dose_multiplier_raw": 0.7334186052179852,
      "direction_conflict": false,
      "scaled_effect": 0.4646340660140383,
      "posterior": {
        "mean": 0.6335182427993366,
        "variance": 0.7241709795568804,
        "sd": 0.8509823614839971,
        "contraction": 0.2334186052179852,
        "prior_mean": 0.6072164646464647,
        "prior_variance": 0.9446759137205589,
        "source": "pop+cohort+user",
        "lam_js": 0.8768472906403941,
        "n_cohort": 534,
        "z_like": 0.7444551984538988
      },
      "cohort_prior": {
        "mean": 0.6056498876404495,
        "variance": 0.9560138510611396,
        "n": 534
      },
      "user_obs": {
        "slope": -1.4409858472772068,
        "se": 0.7037532312967177,
        "n": 48,
        "at_nominal_step": 0.7204929236386034,
        "se_at_step": 0.35187661564835887,
        "residual_sd": 2.194684579422226,
        "sigma_data_used": 12.0
      },
      "gate": {
        "score": 0.2334186052179852,
        "tier": "not_exposed"
      }
    },
    {
      "action": "bedtime",
      "outcome": "sleep_quality",
      "nominal_step": -0.5,
      "dose_multiplier": 0.9654395665602016,
      "dose_multiplier_raw": 0.9654395665602016,
      "direction_conflict": false,
      "scaled_effect": 0.25061588446080335,
      "posterior": {
        "mean": 0.25958733528368994,
        "variance": 0.47410228642090696,
        "sd": 0.6885508597198227,
        "contraction": 0.4654395665602016,
        "prior_mean": 0.4607862962962966,
        "prior_variance": 0.8869011935098631,
        "source": "pop+cohort+user",
        "lam_js": 0.8768472906403941,
        "n_cohort": 534,
        "z_like": 0.37700531720970953
      },
      "cohort_prior": {
        "mean": 0.46373086142322145,
        "variance": 0.8849888909576128,
        "n": 534
      },
      "user_obs": {
        "slope": -0.0491776035346987,
        "se": 0.3787694456792424,
        "n": 48,
        "at_nominal_step": 0.02458880176734935,
        "se_at_step": 0.1893847228396212,
        "residual_sd": 1.181208731442474,
        "sigma_data_used": 7.0
      },
      "gate": {
        "score": 0.4654395665602016,
        "tier": "possible"
      }
    },
    {
      "action": "running_volume",
      "outcome": "hrv_daily",
      "nominal_step": 30.0,
      "dose_multiplier": 1.0810874021416246,
      "dose_multiplier_raw": 1.0810874021416246,
      "direction_conflict": false,
      "scaled_effect": 0.13543221446557405,
      "posterior": {
        "mean": 0.1252740659055725,
        "variance": 0.12631958355952583,
        "sd": 0.3554146642437898,
        "contraction": 0.5810874021416246,
        "prior_mean": 0.14166006734006745,
        "prior_variance": 0.3015416203888705,
        "source": "pop+cohort+user",
        "lam_js": 0.8768472906403941,
        "n_cohort": 534,
        "z_like": 0.35247298017969
      },
      "cohort_prior": {
        "mean": 0.13417902621722846,
        "variance": 0.24427088794406634,
        "n": 534
      },
      "user_obs": {
        "slope": 0.11524794230709479,
        "se": 0.3409556926584414,
        "n": 48,
        "at_nominal_step": 0.11524794230709479,
        "se_at_step": 0.3409556926584414,
        "residual_sd": 1.4082093401269165,
        "sigma_data_used": 3.5
      },
      "gate": {
        "score": 0.5810874021416246,
        "tier": "possible"
      }
    },
    {
      "action": "sleep_duration",
      "outcome": "hrv_daily",
      "nominal_step": 0.5,
      "dose_multiplier": 0.521899254294911,
      "dose_multiplier_raw": 0.521899254294911,
      "direction_conflict": false,
      "scaled_effect": 0.07005369748500437,
      "posterior": {
        "mean": 0.13422839160720268,
        "variance": 0.002869489347856797,
        "sd": 0.05356761472995412,
        "contraction": 0.02189925429491102,
        "prior_mean": 0.13540993265993234,
        "prior_variance": 0.0029337359780747863,
        "source": "pop+cohort+user",
        "lam_js": 0.8768472906403941,
        "n_cohort": 534,
        "z_like": 2.5057750337377707
      },
      "cohort_prior": {
        "mean": 0.13457651150347733,
        "variance": 0.002897733991751291,
        "n": 534
      },
      "user_obs": {
        "slope": 0.18917874366790471,
        "se": 0.6136301990540757,
        "n": 48,
        "at_nominal_step": 0.09458937183395236,
        "se_at_step": 0.30681509952703784,
        "residual_sd": 1.408209340126917,
        "sigma_data_used": 3.5
      },
      "gate": {
        "score": 0.02189925429491102,
        "tier": "not_exposed"
      }
    },
    {
      "action": "training_load",
      "outcome": "hrv_daily",
      "nominal_step": 100.0,
      "dose_multiplier": 1.4412664814147256,
      "dose_multiplier_raw": 1.4412664814147256,
      "direction_conflict": false,
      "scaled_effect": -3.38158733594034,
      "posterior": {
        "mean": -2.3462609999928845,
        "variance": 0.24024675076392543,
        "sd": 0.49014972280306907,
        "contraction": 0.9412664814147257,
        "prior_mean": -5.056217651515151,
        "prior_variance": 4.090453910318943,
        "source": "pop+cohort+user",
        "lam_js": 0.8768472906403941,
        "n_cohort": 534,
        "z_like": -4.786825108407862
      },
      "cohort_prior": {
        "mean": -5.061554325842696,
        "variance": 4.099093150953106,
        "n": 534
      },
      "user_obs": {
        "slope": -0.021772045943344843,
        "se": 0.019154903734844932,
        "n": 48,
        "at_nominal_step": -2.1772045943344844,
        "se_at_step": 1.9154903734844932,
        "residual_sd": 1.4082093401269167,
        "sigma_data_used": 3.5
      },
      "gate": {
        "score": 0.9412664814147257,
        "tier": "recommended"
      }
    },
    {
      "action": "training_load",
      "outcome": "resting_hr",
      "nominal_step": 100.0,
      "dose_multiplier": 0.5,
      "dose_multiplier_raw": 1.400841068041583,
      "direction_conflict": true,
      "scaled_effect": -0.12832593463498293,
      "posterior": {
        "mean": -0.25665186926996586,
        "variance": 0.02702962783286915,
        "sd": 0.1644068971572335,
        "contraction": 0.900841068041583,
        "prior_mean": 1.305251261157877,
        "prior_variance": 0.2725889367606766,
        "source": "pop+cohort+user",
        "lam_js": 0.8768472906403941,
        "n_cohort": 534,
        "z_like": -1.5610772644441566
      },
      "cohort_prior": {
        "mean": 1.306352479669686,
        "variance": 0.273049088182262,