{
  "pid": 1038,
  "cohort": "cohort_c",
  "age": 26,
  "is_female": false,
  "effects_bayesian": [
    {
      "action": "active_energy",
      "outcome": "deep_sleep",
      "nominal_step": 100.0,
      "dose_multiplier": 0.5174878149178698,
      "dose_multiplier_raw": 0.5174878149178698,
      "direction_conflict": false,
      "scaled_effect": 0.34203004535224063,
      "posterior": {
        "mean": 0.660943186471983,
        "variance": 0.07531459332378566,
        "sd": 0.2744350439061777,
        "contraction": 0.01748781491786977,
        "prior_mean": 0.6921665440115441,
        "prior_variance": 0.07665512394382158,
        "source": "pop+cohort+user",
        "lam_js": 0.7603833865814696,
        "n_cohort": 238,
        "z_like": 2.4083775055271097
      },
      "cohort_prior": {
        "mean": 0.6920608463385354,
        "variance": 0.07663171440556958,
        "n": 238
      },
      "user_obs": {
        "slope": -0.011123007803186591,
        "se": 0.009704063608958381,
        "n": 33,
        "at_nominal_step": -1.112300780318659,
        "se_at_step": 0.9704063608958381,
        "residual_sd": 1.8900127415549857,
        "sigma_data_used": 12.0
      },
      "gate": {
        "score": 0.01748781491786977,
        "tier": "not_exposed"
      }
    },
    {
      "action": "bedtime",
      "outcome": "deep_sleep",
      "nominal_step": -0.5,
      "dose_multiplier": 0.682522563841356,
      "dose_multiplier_raw": 0.682522563841356,
      "direction_conflict": false,
      "scaled_effect": 0.25469248271147626,
      "posterior": {
        "mean": 0.3731634618466275,
        "variance": 0.7722512439491069,
        "sd": 0.8787782677951856,
        "contraction": 0.182522563841356,
        "prior_mean": 0.6072164646464647,
        "prior_variance": 0.9446759137205589,
        "source": "pop+cohort+user",
        "lam_js": 0.7603833865814696,
        "n_cohort": 238,
        "z_like": 0.4246389282963011
      },
      "cohort_prior": {
        "mean": 0.5855927731092442,
        "variance": 0.9363184076048073,
        "n": 238
      },
      "user_obs": {
        "slope": 1.27768756931566,
        "se": 0.9991064237213971,
        "n": 33,
        "at_nominal_step": -0.63884378465783,
        "se_at_step": 0.49955321186069856,
        "residual_sd": 1.8510284228199179,
        "sigma_data_used": 12.0
      },
      "gate": {
        "score": 0.182522563841356,
        "tier": "not_exposed"
      }
    },
    {
      "action": "bedtime",
      "outcome": "sleep_quality",
      "nominal_step": -0.5,
      "dose_multiplier": 0.8794737405424626,
      "dose_multiplier_raw": 0.8794737405424626,
      "direction_conflict": false,
      "scaled_effect": 0.2951110478146094,
      "posterior": {
        "mean": 0.3355541322161408,
        "variance": 0.5503454801171008,
        "sd": 0.7418527347911449,
        "contraction": 0.37947374054246263,
        "prior_mean": 0.4607862962962966,
        "prior_variance": 0.8869011935098631,
        "source": "pop+cohort+user",
        "lam_js": 0.7603833865814696,
        "n_cohort": 238,
        "z_like": 0.45231906075079703
      },
      "cohort_prior": {
        "mean": 0.42567579831932817,
        "variance": 0.8706033108101122,
        "n": 238
      },
      "user_obs": {
        "slope": -0.3364784740495553,
        "se": 0.4882904148347984,
        "n": 33,
        "at_nominal_step": 0.16823923702477764,
        "se_at_step": 0.2441452074173992,
        "residual_sd": 0.9046478082717021,
        "sigma_data_used": 7.0
      },
      "gate": {
        "score": 0.37947374054246263,
        "tier": "possible"
      }
    },
    {
      "action": "running_volume",
      "outcome": "hrv_daily",
      "nominal_step": 30.0,
      "dose_multiplier": 0.8123368620394839,
      "dose_multiplier_raw": 0.8123368620394839,
      "direction_conflict": false,
      "scaled_effect": 0.00752127969798863,
      "posterior": {
        "mean": 0.009258818661885439,
        "variance": 0.20735905690230944,
        "sd": 0.4553669475294726,
        "contraction": 0.31233686203948385,
        "prior_mean": 0.14166006734006745,
        "prior_variance": 0.3015416203888705,
        "source": "pop+cohort+user",
        "lam_js": 0.7603833865814696,
        "n_cohort": 238,
        "z_like": 0.020332654164114936
      },
      "cohort_prior": {
        "mean": 0.19654117647058833,
        "variance": 0.5699868837170512,
        "n": 238
      },
      "user_obs": {
        "slope": -0.12833850227254498,
        "se": 0.3897446139408798,
        "n": 33,
        "at_nominal_step": -0.12833850227254498,
        "se_at_step": 0.3897446139408798,
        "residual_sd": 1.7926998997536097,
        "sigma_data_used": 3.5
      },
      "gate": {
        "score": 0.31233686203948385,
        "tier": "possible"
      }
    },
    {
      "action": "sleep_duration",
      "outcome": "hrv_daily",
      "nominal_step": 0.5,
      "dose_multiplier": 0.5,
      "dose_multiplier_raw": 0.5,
      "direction_conflict": false,
      "scaled_effect": 0.065379834161306,
      "posterior": {
        "mean": 0.130759668322612,
        "variance": 0.0029360620161550176,
        "sd": 0.05418544099806716,
        "contraction": 0.0,
        "prior_mean": 0.13540993265993234,
        "prior_variance": 0.0029337359780747863,
        "source": "pop+cohort+user",
        "lam_js": 0.7603833865814696,
        "n_cohort": 238,
        "z_like": 2.4131882275771512
      },
      "cohort_prior": {
        "mean": 0.13619087635053972,
        "variance": 0.0029676727681804804,
        "n": 238
      },
      "user_obs": {
        "slope": -1.054031529850176,
        "se": 2.0399163338229953,
        "n": 33,
        "at_nominal_step": -0.527015764925088,
        "se_at_step": 1.0199581669114977,
        "residual_sd": 1.7926998997536079,
        "sigma_data_used": 3.5
      },
      "gate": {
        "score": 0.0,
        "tier": "not_exposed"
      }
    },
    {
      "action": "training_load",
      "outcome": "hrv_daily",
      "nominal_step": 100.0,
      "dose_multiplier": 1.4167610327360245,
      "dose_multiplier_raw": 1.4167610327360245,
      "direction_conflict": false,
      "scaled_effect": -0.9898616787620237,
      "posterior": {
        "mean": -0.6986793509208958,
        "variance": 0.3404851591358391,
        "sd": 0.5835110617082071,
        "contraction": 0.9167610327360245,
        "prior_mean": -5.056217651515151,
        "prior_variance": 4.090453910318943,
        "source": "pop+cohort+user",
        "lam_js": 0.7603833865814696,
        "n_cohort": 238,
        "z_like": -1.1973712184230711
      },
      "cohort_prior": {
        "mean": -5.074865420168067,
        "variance": 4.120681445250819,
        "n": 238
      },
      "user_obs": {
        "slope": -0.0030415523721621547,
        "se": 0.03321065622396689,
        "n": 33,
        "at_nominal_step": -0.30415523721621546,
        "se_at_step": 3.3210656223966892,
        "residual_sd": 1.792699899753608,
        "sigma_data_used": 3.5
      },
      "gate": {
        "score": 0.9167610327360245,
        "tier": "recommended"
      }
    },
    {
      "action": "training_load",
      "outcome": "resting_hr",
      "nominal_step": 100.0,
      "dose_multiplier": 1.3619235804720524,
      "dose_multiplier_raw": 1.3619235804720524,
      "direction_conflict": false,
      "scaled_effect": 1.327736060089833,
      "posterior": {
        "mean": 0.9748976221041934,
        "variance": 0.03763810439084435,
        "sd": 0.19400542361192985,
        "contraction": 0.8619235804720524,
        "prior_mean": 1.305251261157877,
        "prior_variance": 0.2725889367606766,
        "source": "pop+cohort+user",
        "lam_js": 0.7603833865814696,
        "n_cohort": 238,
        "z_like": 5.0251049890970405
      },
      "cohort_prior": {
        "mean": 1.3090992134188058,
        "variance": 0.2741985200917978,
        "n": 238
      },