{
  "pid": 1021,
  "cohort": "cohort_c",
  "age": 33,
  "is_female": false,
  "effects_bayesian": [
    {
      "action": "active_energy",
      "outcome": "deep_sleep",
      "nominal_step": 100.0,
      "dose_multiplier": 0.5180014178613304,
      "dose_multiplier_raw": 0.5180014178613304,
      "direction_conflict": false,
      "scaled_effect": 0.3609662908832173,
      "posterior": {
        "mean": 0.6968442140053146,
        "variance": 0.07527522302649678,
        "sd": 0.2743633048104224,
        "contraction": 0.01800141786133036,
        "prior_mean": 0.6921665440115441,
        "prior_variance": 0.07665512394382158,
        "source": "pop+cohort+user",
        "lam_js": 0.7603833865814696,
        "n_cohort": 238,
        "z_like": 2.539859382750966
      },
      "cohort_prior": {
        "mean": 0.6920608463385354,
        "variance": 0.07663171440556958,
        "n": 238
      },
      "user_obs": {
        "slope": 0.00959793144856648,
        "se": 0.008199843552746514,
        "n": 34,
        "at_nominal_step": 0.9597931448566479,
        "se_at_step": 0.8199843552746513,
        "residual_sd": 1.861288065689961,
        "sigma_data_used": 12.0
      },
      "gate": {
        "score": 0.01800141786133036,
        "tier": "not_exposed"
      }
    },
    {
      "action": "bedtime",
      "outcome": "deep_sleep",
      "nominal_step": -0.5,
      "dose_multiplier": 0.6868831920801892,
      "dose_multiplier_raw": 0.6868831920801892,
      "direction_conflict": false,
      "scaled_effect": 0.2606202566956405,
      "posterior": {
        "mean": 0.379424419902263,
        "variance": 0.7681318634831914,
        "sd": 0.8764313227419428,
        "contraction": 0.18688319208018922,
        "prior_mean": 0.6072164646464647,
        "prior_variance": 0.9446759137205589,
        "source": "pop+cohort+user",
        "lam_js": 0.7603833865814696,
        "n_cohort": 238,
        "z_like": 0.4329197394671174
      },
      "cohort_prior": {
        "mean": 0.5855927731092442,
        "variance": 0.9363184076048073,
        "n": 238
      },
      "user_obs": {
        "slope": 1.1491149013124364,
        "se": 0.8803887911004393,
        "n": 34,
        "at_nominal_step": -0.5745574506562182,
        "se_at_step": 0.44019439555021966,
        "residual_sd": 1.8582648205555004,
        "sigma_data_used": 12.0
      },
      "gate": {
        "score": 0.18688319208018922,
        "tier": "not_exposed"
      }
    },
    {
      "action": "bedtime",
      "outcome": "sleep_quality",
      "nominal_step": -0.5,
      "dose_multiplier": 0.8863657978808612,
      "dose_multiplier_raw": 0.8863657978808612,
      "direction_conflict": false,
      "scaled_effect": 0.20623322566635835,
      "posterior": {
        "mean": 0.23267281539904217,
        "variance": 0.5442329062379367,
        "sd": 0.7377214286151221,
        "contraction": 0.38636579788086123,
        "prior_mean": 0.4607862962962966,
        "prior_variance": 0.8869011935098631,
        "source": "pop+cohort+user",
        "lam_js": 0.7603833865814696,
        "n_cohort": 238,
        "z_like": 0.3153938687070866
      },
      "cohort_prior": {
        "mean": 0.42567579831932817,
        "variance": 0.8706033108101122,
        "n": 238
      },
      "user_obs": {
        "slope": 0.19855697467244138,
        "se": 0.6806085189027855,
        "n": 34,
        "at_nominal_step": -0.09927848733622069,
        "se_at_step": 0.34030425945139275,
        "residual_sd": 1.43658220099163,
        "sigma_data_used": 7.0
      },
      "gate": {
        "score": 0.38636579788086123,
        "tier": "possible"
      }
    },
    {
      "action": "running_volume",
      "outcome": "hrv_daily",
      "nominal_step": 30.0,
      "dose_multiplier": 0.5,
      "dose_multiplier_raw": 0.823783363589503,
      "direction_conflict": true,
      "scaled_effect": -0.01158537487046513,
      "posterior": {
        "mean": -0.02317074974093026,
        "variance": 0.20390746027713294,
        "sd": 0.4515611368099927,
        "contraction": 0.323783363589503,
        "prior_mean": 0.14166006734006745,
        "prior_variance": 0.3015416203888705,
        "source": "pop+cohort+user",
        "lam_js": 0.7603833865814696,
        "n_cohort": 238,
        "z_like": -0.05131254187332781
      },
      "cohort_prior": {
        "mean": 0.19654117647058833,
        "variance": 0.5699868837170512,
        "n": 238
      },
      "user_obs": {
        "slope": -0.18159292121049103,
        "se": 0.4544721112536976,
        "n": 34,
        "at_nominal_step": -0.18159292121049103,
        "se_at_step": 0.4544721112536976,
        "residual_sd": 1.9014768089586873,
        "sigma_data_used": 3.5
      },
      "gate": {
        "score": 0.1618916817947515,
        "tier": "not_exposed"
      }
    },
    {
      "action": "sleep_duration",
      "outcome": "hrv_daily",
      "nominal_step": 0.5,
      "dose_multiplier": 0.5,
      "dose_multiplier_raw": 0.5,
      "direction_conflict": false,
      "scaled_effect": 0.06941224506140244,
      "posterior": {
        "mean": 0.13882449012280487,
        "variance": 0.0029353584737453393,
        "sd": 0.05417894862163107,
        "contraction": 0.0,
        "prior_mean": 0.13540993265993234,
        "prior_variance": 0.0029337359780747863,
        "source": "pop+cohort+user",
        "lam_js": 0.7603833865814696,
        "n_cohort": 238,
        "z_like": 2.5623326708000915
      },
      "cohort_prior": {
        "mean": 0.13619087635053972,
        "variance": 0.0029676727681804804,
        "n": 238
      },
      "user_obs": {
        "slope": 0.9644587588764351,
        "se": 0.9859473383466055,
        "n": 34,
        "at_nominal_step": 0.48222937943821753,
        "se_at_step": 0.49297366917330276,
        "residual_sd": 1.901476808958687,
        "sigma_data_used": 3.5
      },
      "gate": {
        "score": 0.0,
        "tier": "not_exposed"
      }
    },
    {
      "action": "training_load",
      "outcome": "hrv_daily",
      "nominal_step": 100.0,
      "dose_multiplier": 0.5,
      "dose_multiplier_raw": 1.419012068550527,
      "direction_conflict": true,
      "scaled_effect": 1.2477043296767674,
      "posterior": {
        "mean": 2.4954086593535347,
        "variance": 0.33127740088613916,
        "sd": 0.5755670255375469,
        "contraction": 0.9190120685505271,
        "prior_mean": -5.056217651515151,
        "prior_variance": 4.090453910318943,
        "source": "pop+cohort+user",
        "lam_js": 0.7603833865814696,
        "n_cohort": 238,
        "z_like": 4.335565709350644
      },
      "cohort_prior": {
        "mean": -5.074865420168067,
        "variance": 4.120681445250819,
        "n": 238
      },
      "user_obs": {
        "slope": 0.031581005373537134,
        "se": 0.038068735214614666,
        "n": 34,
        "at_nominal_step": 3.158100537353713,
        "se_at_step": 3.8068735214614664,
        "residual_sd": 1.9014768089586882,
        "sigma_data_used": 3.5
      },
      "gate": {
        "score": 0.45950603427526354,
        "tier": "possible"
      }
    },
    {
      "action": "training_load",
      "outcome": "resting_hr",
      "nominal_step": 100.0,
      "dose_multiplier": 1.3654406356134055,
      "dose_multiplier_raw": 1.3654406356134055,
      "direction_conflict": false,
      "scaled_effect": 1.845170062485595,
      "posterior": {
        "mean": 1.3513367145812807,
        "variance": 0.036679394069334265,
        "sd": 0.19151865201419485,
        "contraction": 0.8654406356134055,
        "prior_mean": 1.305251261157877,
        "prior_variance": 0.2725889367606766,
        "source": "pop+cohort+user",
        "lam_js": 0.7603833865814696,
        "n_cohort": 238,
        "z_like": 7.055901346262208
      },
      "cohort_prior": {
        "mean": 1.3090992134188058,
        "variance": 0.2741985200917978,
        "n": 238
      },
      "user_obs": {
        "slope": 0.013580126059924555,