{
  "pid": 816,
  "cohort": "cohort_b",
  "age": 39,
  "is_female": false,
  "effects_bayesian": [
    {
      "action": "active_energy",
      "outcome": "deep_sleep",
      "nominal_step": 100.0,
      "dose_multiplier": 0.54640304387206,
      "dose_multiplier_raw": 0.54640304387206,
      "direction_conflict": false,
      "scaled_effect": 0.38932884877862967,
      "posterior": {
        "mean": 0.712530526952538,
        "variance": 0.07309809286443823,
        "sd": 0.2703665897710703,
        "contraction": 0.04640304387205996,
        "prior_mean": 0.6921665440115441,
        "prior_variance": 0.07665512394382158,
        "source": "pop+cohort+user",
        "lam_js": 0.8472505091649695,
        "n_cohort": 416,
        "z_like": 2.635423731740911
      },
      "cohort_prior": {
        "mean": 0.6841722046703297,
        "variance": 0.07489465690295352,
        "n": 416
      },
      "user_obs": {
        "slope": 0.016753759726851978,
        "se": 0.005428064123149509,
        "n": 54,
        "at_nominal_step": 1.6753759726851978,
        "se_at_step": 0.5428064123149509,
        "residual_sd": 1.7831050128673664,
        "sigma_data_used": 12.0
      },
      "gate": {
        "score": 0.04640304387205996,
        "tier": "not_exposed"
      }
    },
    {
      "action": "bedtime",
      "outcome": "deep_sleep",
      "nominal_step": -0.5,
      "dose_multiplier": 0.7646220382882518,
      "dose_multiplier_raw": 0.7646220382882518,
      "direction_conflict": false,
      "scaled_effect": 0.32569655915280854,
      "posterior": {
        "mean": 0.425957587989408,
        "variance": 0.6946938479100079,
        "sd": 0.8334829619794324,
        "contraction": 0.2646220382882518,
        "prior_mean": 0.6072164646464647,
        "prior_variance": 0.9446759137205589,
        "source": "pop+cohort+user",
        "lam_js": 0.8472505091649695,
        "n_cohort": 416,
        "z_like": 0.5110573430053142
      },
      "cohort_prior": {
        "mean": 0.6215986538461539,
        "variance": 0.9384823525592582,
        "n": 416
      },
      "user_obs": {
        "slope": 0.24631447792388875,
        "se": 0.9400331428783401,
        "n": 54,
        "at_nominal_step": -0.12315723896194437,
        "se_at_step": 0.47001657143917003,
        "residual_sd": 1.7990236345832034,
        "sigma_data_used": 12.0
      },
      "gate": {
        "score": 0.2646220382882518,
        "tier": "not_exposed"
      }
    },
    {
      "action": "bedtime",
      "outcome": "sleep_quality",
      "nominal_step": -0.5,
      "dose_multiplier": 0.9908795646142635,
      "dose_multiplier_raw": 0.9908795646142635,
      "direction_conflict": false,
      "scaled_effect": 0.25490915817513254,
      "posterior": {
        "mean": 0.25725543979137905,
        "variance": 0.45153952178387086,
        "sd": 0.6719669052742634,
        "contraction": 0.4908795646142635,
        "prior_mean": 0.4607862962962966,
        "prior_variance": 0.8869011935098631,
        "source": "pop+cohort+user",
        "lam_js": 0.8472505091649695,
        "n_cohort": 416,
        "z_like": 0.382839449044563
      },
      "cohort_prior": {
        "mean": 0.4770937500000001,
        "variance": 0.9009695161433738,
        "n": 416
      },
      "user_obs": {
        "slope": -0.07564927668521805,
        "se": 0.6686078067672896,
        "n": 54,
        "at_nominal_step": 0.037824638342609025,
        "se_at_step": 0.3343039033836448,
        "residual_sd": 1.2795732318098345,
        "sigma_data_used": 7.0
      },
      "gate": {
        "score": 0.4908795646142635,
        "tier": "possible"
      }
    },
    {
      "action": "running_volume",
      "outcome": "hrv_daily",
      "nominal_step": 30.0,
      "dose_multiplier": 0.5,
      "dose_multiplier_raw": 1.122671200887503,
      "direction_conflict": true,
      "scaled_effect": -0.04780150120642883,
      "posterior": {
        "mean": -0.09560300241285766,
        "variance": 0.11378033750376892,
        "sd": 0.3373134113903106,
        "contraction": 0.622671200887503,
        "prior_mean": 0.14166006734006745,
        "prior_variance": 0.3015416203888705,
        "source": "pop+cohort+user",
        "lam_js": 0.8472505091649695,
        "n_cohort": 416,
        "z_like": -0.28342484818142594
      },
      "cohort_prior": {
        "mean": 0.11986480769230796,
        "variance": 0.2186938498312511,
        "n": 416
      },
      "user_obs": {
        "slope": -0.3130369763771607,
        "se": 0.25216824918927977,
        "n": 54,
        "at_nominal_step": -0.3130369763771607,
        "se_at_step": 0.25216824918927977,
        "residual_sd": 1.4994060178800852,
        "sigma_data_used": 3.5
      },
      "gate": {
        "score": 0.3113356004437515,
        "tier": "possible"
      }
    },
    {
      "action": "sleep_duration",
      "outcome": "hrv_daily",
      "nominal_step": 0.5,
      "dose_multiplier": 0.5051625129670514,
      "dose_multiplier_raw": 0.5051625129670514,
      "direction_conflict": false,
      "scaled_effect": 0.0691002294547874,
      "posterior": {
        "mean": 0.1367881180433006,
        "variance": 0.00291859052804607,
        "sd": 0.05402398104588434,
        "contraction": 0.005162512967051391,
        "prior_mean": 0.13540993265993234,
        "prior_variance": 0.0029337359780747863,
        "source": "pop+cohort+user",
        "lam_js": 0.8472505091649695,
        "n_cohort": 416,
        "z_like": 2.531988857450582
      },
      "cohort_prior": {
        "mean": 0.13603296703296702,
        "variance": 0.002960794899166767,
        "n": 416
      },
      "user_obs": {
        "slope": 0.40406028196865645,
        "se": 0.6604965680901194,
        "n": 54,
        "at_nominal_step": 0.20203014098432823,
        "se_at_step": 0.3302482840450597,
        "residual_sd": 1.4994060178800852,
        "sigma_data_used": 3.5
      },
      "gate": {
        "score": 0.005162512967051391,
        "tier": "not_exposed"
      }
    },
    {
      "action": "training_load",
      "outcome": "hrv_daily",
      "nominal_step": 100.0,
      "dose_multiplier": 1.4474715166095566,
      "dose_multiplier_raw": 1.4474715166095566,
      "direction_conflict": false,
      "scaled_effect": -0.7856955828611243,
      "posterior": {
        "mean": -0.5428055570319448,
        "variance": 0.21486534028756318,
        "sd": 0.46353569472864026,
        "contraction": 0.9474715166095565,
        "prior_mean": -5.056217651515151,
        "prior_variance": 4.090453910318943,
        "source": "pop+cohort+user",
        "lam_js": 0.8472505091649695,
        "n_cohort": 416,
        "z_like": -1.1710113443360821
      },
      "cohort_prior": {
        "mean": -5.038698533653847,
        "variance": 4.062157266087269,
        "n": 416
      },
      "user_obs": {
        "slope": -0.0029184768069707057,
        "se": 0.016549280313022257,
        "n": 54,
        "at_nominal_step": -0.29184768069707057,
        "se_at_step": 1.6549280313022257,
        "residual_sd": 1.4994060178800852,
        "sigma_data_used": 3.5
      },
      "gate": {
        "score": 0.9474715166095565,
        "tier": "recommended"
      }
    },
    {
      "action": "training_load",
      "outcome": "resting_hr",
      "nominal_step": 100.0,
      "dose_multiplier": 1.4109274064472632,
      "dose_multiplier_raw": 1.4109274064472632,
      "direction_conflict": false,
      "scaled_effect": 0.813732567365666,
      "posterior": {
        "mean": 0.5767359565398599,
        "variance": 0.024280203571056404,
        "sd": 0.15582106266822981,
        "contraction": 0.9109274064472632,
        "prior_mean": 1.305251261157877,
        "prior_variance": 0.2725889367606766,
        "source": "pop+cohort+user",
        "lam_js": 0.8472505091649695,
        "n_cohort": 416,
        "z_like": 3.701270846598134
      },
      "cohort_prior": {
        "mean": 1.3016362050919952,
        "variance": 0.2710810896650065,