{
  "pid": 70,
  "cohort": "cohort_a",
  "age": 38,
  "is_female": true,
  "effects_bayesian": [
    {
      "action": "active_energy",
      "outcome": "deep_sleep",
      "nominal_step": 100.0,
      "dose_multiplier": 0.513928876738436,
      "dose_multiplier_raw": 0.513928876738436,
      "direction_conflict": false,
      "scaled_effect": 0.3440327470365637,
      "posterior": {
        "mean": 0.6694170392212834,
        "variance": 0.07558740417103856,
        "sd": 0.27493163544968513,
        "contraction": 0.013928876738436013,
        "prior_mean": 0.6921665440115441,
        "prior_variance": 0.07665512394382158,
        "source": "pop+cohort+user",
        "lam_js": 0.8768472906403941,
        "n_cohort": 534,
        "z_like": 2.434849078485886
      },
      "cohort_prior": {
        "mean": 0.6984414526484751,
        "variance": 0.07805127404443395,
        "n": 534
      },
      "user_obs": {
        "slope": -0.002634316343219159,
        "se": 0.007744462791333995,
        "n": 56,
        "at_nominal_step": -0.2634316343219159,
        "se_at_step": 0.7744462791333996,
        "residual_sd": 2.2846465075847027,
        "sigma_data_used": 12.0
      },
      "gate": {
        "score": 0.013928876738436013,
        "tier": "not_exposed"
      }
    },
    {
      "action": "bedtime",
      "outcome": "deep_sleep",
      "nominal_step": -0.5,
      "dose_multiplier": 0.7630667001950857,
      "dose_multiplier_raw": 0.7630667001950857,
      "direction_conflict": false,
      "scaled_effect": 0.4518926131771696,
      "posterior": {
        "mean": 0.5922059147144525,
        "variance": 0.696163138344314,
        "sd": 0.834363912417306,
        "contraction": 0.2630667001950857,
        "prior_mean": 0.6072164646464647,
        "prior_variance": 0.9446759137205589,
        "source": "pop+cohort+user",
        "lam_js": 0.8768472906403941,
        "n_cohort": 534,
        "z_like": 0.7097693295467715
      },
      "cohort_prior": {
        "mean": 0.6056498876404495,
        "variance": 0.9560138510611396,
        "n": 534
      },
      "user_obs": {
        "slope": -1.1109439656696316,
        "se": 0.7431007374364567,
        "n": 56,
        "at_nominal_step": 0.5554719828348158,
        "se_at_step": 0.37155036871822833,
        "residual_sd": 2.2985433542974696,
        "sigma_data_used": 12.0
      },
      "gate": {
        "score": 0.2630667001950857,
        "tier": "not_exposed"
      }
    },
    {
      "action": "bedtime",
      "outcome": "sleep_quality",
      "nominal_step": -0.5,
      "dose_multiplier": 1.0038442332442534,
      "dose_multiplier_raw": 1.0038442332442534,
      "direction_conflict": false,
      "scaled_effect": 0.6235675096800818,
      "posterior": {
        "mean": 0.6211795506010109,
        "variance": 0.4400411417024728,
        "sd": 0.6633559690712618,
        "contraction": 0.5038442332442534,
        "prior_mean": 0.4607862962962966,
        "prior_variance": 0.8869011935098631,
        "source": "pop+cohort+user",
        "lam_js": 0.8768472906403941,
        "n_cohort": 534,
        "z_like": 0.9364196292236574
      },
      "cohort_prior": {
        "mean": 0.46373086142322145,
        "variance": 0.8849888909576128,
        "n": 534
      },
      "user_obs": {
        "slope": -1.554336437960827,
        "se": 0.5016954983481631,
        "n": 56,
        "at_nominal_step": 0.7771682189804135,
        "se_at_step": 0.25084774917408154,
        "residual_sd": 1.5518338167545365,
        "sigma_data_used": 7.0
      },
      "gate": {
        "score": 0.5038442332442534,
        "tier": "possible"
      }
    },
    {
      "action": "running_volume",
      "outcome": "hrv_daily",
      "nominal_step": 30.0,
      "dose_multiplier": 0.5,
      "dose_multiplier_raw": 1.113011772276164,
      "direction_conflict": true,
      "scaled_effect": -0.1021705288096893,
      "posterior": {
        "mean": -0.2043410576193786,
        "variance": 0.11669305725926267,
        "sd": 0.34160365521941166,
        "contraction": 0.6130117722761642,
        "prior_mean": 0.14166006734006745,
        "prior_variance": 0.3015416203888705,
        "source": "pop+cohort+user",
        "lam_js": 0.8768472906403941,
        "n_cohort": 534,
        "z_like": -0.598181707066719
      },
      "cohort_prior": {
        "mean": 0.13417902621722846,
        "variance": 0.24427088794406634,
        "n": 534
      },
      "user_obs": {
        "slope": -0.5012083413940819,
        "se": 0.23957180627179128,
        "n": 56,
        "at_nominal_step": -0.5012083413940819,
        "se_at_step": 0.23957180627179128,
        "residual_sd": 1.6111118692600819,
        "sigma_data_used": 3.5
      },
      "gate": {
        "score": 0.3065058861380821,
        "tier": "possible"
      }
    },
    {
      "action": "sleep_duration",
      "outcome": "hrv_daily",
      "nominal_step": 0.5,
      "dose_multiplier": 0.5237287399969176,
      "dose_multiplier_raw": 0.5237287399969176,
      "direction_conflict": false,
      "scaled_effect": 0.07050960066772881,
      "posterior": {
        "mean": 0.1346300007674656,
        "variance": 0.002864122119831447,
        "sd": 0.05351749358697067,
        "contraction": 0.023728739996917603,
        "prior_mean": 0.13540993265993234,
        "prior_variance": 0.0029337359780747863,
        "source": "pop+cohort+user",
        "lam_js": 0.8768472906403941,
        "n_cohort": 534,
        "z_like": 2.515626045690647
      },
      "cohort_prior": {
        "mean": 0.13457651150347733,
        "variance": 0.002897733991751291,
        "n": 534
      },
      "user_obs": {
        "slope": 0.26185072676620874,
        "se": 0.7187691167665909,
        "n": 56,
        "at_nominal_step": 0.13092536338310437,
        "se_at_step": 0.35938455838329547,
        "residual_sd": 1.611111869260081,
        "sigma_data_used": 3.5
      },
      "gate": {
        "score": 0.023728739996917603,
        "tier": "not_exposed"
      }
    },
    {
      "action": "training_load",
      "outcome": "hrv_daily",
      "nominal_step": 100.0,
      "dose_multiplier": 1.4492318005692542,
      "dose_multiplier_raw": 1.4492318005692542,
      "direction_conflict": false,
      "scaled_effect": -3.202550479365775,
      "posterior": {
        "mean": -2.2098262528519057,
        "variance": 0.20766497988134625,
        "sd": 0.4557027319221888,
        "contraction": 0.9492318005692542,
        "prior_mean": -5.056217651515151,
        "prior_variance": 4.090453910318943,
        "source": "pop+cohort+user",
        "lam_js": 0.8768472906403941,
        "n_cohort": 534,
        "z_like": -4.849271461530833
      },
      "cohort_prior": {
        "mean": -5.061554325842696,
        "variance": 4.099093150953106,
        "n": 534
      },
      "user_obs": {
        "slope": -0.020576379651697948,
        "se": 0.01972487661879954,
        "n": 56,
        "at_nominal_step": -2.057637965169795,
        "se_at_step": 1.972487661879954,
        "residual_sd": 1.611111869260081,
        "sigma_data_used": 3.5
      },
      "gate": {
        "score": 0.9492318005692542,
        "tier": "recommended"
      }
    },
    {
      "action": "training_load",
      "outcome": "resting_hr",
      "nominal_step": 100.0,
      "dose_multiplier": 0.5,
      "dose_multiplier_raw": 1.4137871813838943,
      "direction_conflict": true,
      "scaled_effect": -0.4592577187392432,
      "posterior": {
        "mean": -0.9185154374784864,
        "variance": 0.023500660561705362,
        "sd": 0.15329925166714078,
        "contraction": 0.9137871813838941,
        "prior_mean": 1.305251261157877,
        "prior_variance": 0.2725889367606766,
        "source": "pop+cohort+user",
        "lam_js": 0.8768472906403941,
        "n_cohort": 534,
        "z_like": -5.991649844924633
      },
      "cohort_prior": {
        "mean": 1.306352479669686,
        "variance": 0.273049088182262,
        "n": 534
      },