{
  "pid": 978,
  "cohort": "cohort_c",
  "age": 37,
  "is_female": true,
  "effects_bayesian": [
    {
      "action": "active_energy",
      "outcome": "deep_sleep",
      "nominal_step": 100.0,
      "dose_multiplier": 0.5236158130816639,
      "dose_multiplier_raw": 0.5236158130816639,
      "direction_conflict": false,
      "scaled_effect": 0.36259831492077876,
      "posterior": {
        "mean": 0.6924892370739525,
        "variance": 0.07484485086501251,
        "sd": 0.2735778698378444,
        "contraction": 0.02361581308166394,
        "prior_mean": 0.6921665440115441,
        "prior_variance": 0.07665512394382158,
        "source": "pop+cohort+user",
        "lam_js": 0.7603833865814696,
        "n_cohort": 238,
        "z_like": 2.5312326522770503
      },
      "cohort_prior": {
        "mean": 0.6920608463385354,
        "variance": 0.07663171440556958,
        "n": 238
      },
      "user_obs": {
        "slope": 0.007093192119948501,
        "se": 0.008833519581931295,
        "n": 45,
        "at_nominal_step": 0.70931921199485,
        "se_at_step": 0.8833519581931295,
        "residual_sd": 2.391999593611892,
        "sigma_data_used": 12.0
      },
      "gate": {
        "score": 0.02361581308166394,
        "tier": "not_exposed"
      }
    },
    {
      "action": "bedtime",
      "outcome": "deep_sleep",
      "nominal_step": -0.5,
      "dose_multiplier": 0.7319498695618661,
      "dose_multiplier_raw": 0.7319498695618661,
      "direction_conflict": false,
      "scaled_effect": 0.32082314477946516,
      "posterior": {
        "mean": 0.4383130021889408,
        "variance": 0.7255584587548386,
        "sd": 0.8517971934415132,
        "contraction": 0.23194986956186614,
        "prior_mean": 0.6072164646464647,
        "prior_variance": 0.9446759137205589,
        "source": "pop+cohort+user",
        "lam_js": 0.7603833865814696,
        "n_cohort": 238,
        "z_like": 0.5145743676590743
      },
      "cohort_prior": {
        "mean": 0.5855927731092442,
        "variance": 0.9363184076048073,
        "n": 238
      },
      "user_obs": {
        "slope": 0.16327984923970118,
        "se": 1.2106283542250216,
        "n": 45,
        "at_nominal_step": -0.08163992461985059,
        "se_at_step": 0.6053141771125108,
        "residual_sd": 2.385903959485587,
        "sigma_data_used": 12.0
      },
      "gate": {
        "score": 0.23194986956186614,
        "tier": "not_exposed"
      }
    },
    {
      "action": "bedtime",
      "outcome": "sleep_quality",
      "nominal_step": -0.5,
      "dose_multiplier": 0.9531741060479709,
      "dose_multiplier_raw": 0.9531741060479709,
      "direction_conflict": false,
      "scaled_effect": 0.155279186974851,
      "posterior": {
        "mean": 0.16290747512924586,
        "variance": 0.4849805379881524,
        "sd": 0.6964054408088383,
        "contraction": 0.4531741060479709,
        "prior_mean": 0.4607862962962966,
        "prior_variance": 0.8869011935098631,
        "source": "pop+cohort+user",
        "lam_js": 0.7603833865814696,
        "n_cohort": 238,
        "z_like": 0.2339261952635485
      },
      "cohort_prior": {
        "mean": 0.42567579831932817,
        "variance": 0.8706033108101122,
        "n": 238
      },
      "user_obs": {
        "slope": 0.3495470004032101,
        "se": 0.7834533607004904,
        "n": 45,
        "at_nominal_step": -0.17477350020160504,
        "se_at_step": 0.3917266803502452,
        "residual_sd": 1.5440283294572086,
        "sigma_data_used": 7.0
      },
      "gate": {
        "score": 0.4531741060479709,
        "tier": "possible"
      }
    },
    {
      "action": "running_volume",
      "outcome": "hrv_daily",
      "nominal_step": 30.0,
      "dose_multiplier": 0.9284368972518966,
      "dose_multiplier_raw": 0.9284368972518966,
      "direction_conflict": false,
      "scaled_effect": 0.13951042564037694,
      "posterior": {
        "mean": 0.15026376704040664,
        "variance": 0.1723500641571536,
        "sd": 0.41515065236267373,
        "contraction": 0.4284368972518966,
        "prior_mean": 0.14166006734006745,
        "prior_variance": 0.3015416203888705,
        "source": "pop+cohort+user",
        "lam_js": 0.7603833865814696,
        "n_cohort": 238,
        "z_like": 0.36194997210106006
      },
      "cohort_prior": {
        "mean": 0.19654117647058833,
        "variance": 0.5699868837170512,
        "n": 238
      },
      "user_obs": {
        "slope": 0.13106758402519256,
        "se": 0.26142050459982136,
        "n": 45,
        "at_nominal_step": 0.13106758402519256,
        "se_at_step": 0.26142050459982136,
        "residual_sd": 1.5072957484438658,
        "sigma_data_used": 3.5
      },
      "gate": {
        "score": 0.4284368972518966,
        "tier": "possible"
      }
    },
    {
      "action": "sleep_duration",
      "outcome": "hrv_daily",
      "nominal_step": 0.5,
      "dose_multiplier": 0.5020773090511649,
      "dose_multiplier_raw": 0.5020773090511649,
      "direction_conflict": false,
      "scaled_effect": 0.06587242517079897,
      "posterior": {
        "mean": 0.13119976542115777,
        "variance": 0.0029276417017738035,
        "sd": 0.054107686161707226,
        "contraction": 0.0020773090511648773,
        "prior_mean": 0.13540993265993234,
        "prior_variance": 0.0029337359780747863,
        "source": "pop+cohort+user",
        "lam_js": 0.7603833865814696,
        "n_cohort": 238,
        "z_like": 2.4247897984225704
      },
      "cohort_prior": {
        "mean": 0.13619087635053972,
        "variance": 0.0029676727681804804,
        "n": 238
      },
      "user_obs": {
        "slope": -0.6213744734099406,
        "se": 0.7329796339213582,
        "n": 45,
        "at_nominal_step": -0.3106872367049703,
        "se_at_step": 0.3664898169606791,
        "residual_sd": 1.507295748443866,
        "sigma_data_used": 3.5
      },
      "gate": {
        "score": 0.0020773090511648773,
        "tier": "not_exposed"
      }
    },
    {
      "action": "training_load",
      "outcome": "hrv_daily",
      "nominal_step": 100.0,
      "dose_multiplier": 1.4375802849330408,
      "dose_multiplier_raw": 1.4375802849330408,
      "direction_conflict": false,
      "scaled_effect": -1.3643285317276808,
      "posterior": {
        "mean": -0.9490451044904445,
        "variance": 0.2553249675766379,
        "sd": 0.505296910317724,
        "contraction": 0.9375802849330407,
        "prior_mean": -5.056217651515151,
        "prior_variance": 4.090453910318943,
        "source": "pop+cohort+user",
        "lam_js": 0.7603833865814696,
        "n_cohort": 238,
        "z_like": -1.8781929695427935
      },
      "cohort_prior": {
        "mean": -5.074865420168067,
        "variance": 4.120681445250819,
        "n": 238
      },
      "user_obs": {
        "slope": -0.006762964779162665,
        "se": 0.02007488287910447,
        "n": 45,
        "at_nominal_step": -0.6762964779162665,
        "se_at_step": 2.007488287910447,
        "residual_sd": 1.507295748443867,
        "sigma_data_used": 3.5
      },
      "gate": {
        "score": 0.9375802849330407,
        "tier": "recommended"
      }
    },
    {
      "action": "training_load",
      "outcome": "resting_hr",
      "nominal_step": 100.0,
      "dose_multiplier": 1.394891083552537,
      "dose_multiplier_raw": 1.394891083552537,
      "direction_conflict": false,
      "scaled_effect": 0.17591289292257078,
      "posterior": {
        "mean": 0.12611227858346635,
        "variance": 0.02865152777848073,
        "sd": 0.16926762176648177,
        "contraction": 0.894891083552537,
        "prior_mean": 1.305251261157877,
        "prior_variance": 0.2725889367606766,
        "source": "pop+cohort+user",
        "lam_js": 0.7603833865814696,
        "n_cohort": 238,
        "z_like": 0.7450466738254782
      },
      "cohort_prior": {
        "mean": 1.3090992134188058,