{
  "pid": 47,
  "cohort": "cohort_a",
  "age": 45,
  "is_female": false,
  "effects_bayesian": [
    {
      "action": "active_energy",
      "outcome": "deep_sleep",
      "nominal_step": 100.0,
      "dose_multiplier": 0.513928876738436,
      "dose_multiplier_raw": 0.513928876738436,
      "direction_conflict": false,
      "scaled_effect": 0.33697446037237916,
      "posterior": {
        "mean": 0.6556830636000285,
        "variance": 0.07558740417103856,
        "sd": 0.27493163544968513,
        "contraction": 0.013928876738436013,
        "prior_mean": 0.6921665440115441,
        "prior_variance": 0.07665512394382158,
        "source": "pop+cohort+user",
        "lam_js": 0.8768472906403941,
        "n_cohort": 534,
        "z_like": 2.3848949304345304
      },
      "cohort_prior": {
        "mean": 0.6984414526484751,
        "variance": 0.07805127404443395,
        "n": 534
      },
      "user_obs": {
        "slope": -0.007306515064567684,
        "se": 0.007213020499936422,
        "n": 56,
        "at_nominal_step": -0.7306515064567685,
        "se_at_step": 0.7213020499936422,
        "residual_sd": 2.2652190236639935,
        "sigma_data_used": 12.0
      },
      "gate": {
        "score": 0.013928876738436013,
        "tier": "not_exposed"
      }
    },
    {
      "action": "bedtime",
      "outcome": "deep_sleep",
      "nominal_step": -0.5,
      "dose_multiplier": 0.7630667001950857,
      "dose_multiplier_raw": 0.7630667001950857,
      "direction_conflict": false,
      "scaled_effect": 0.5186243805906329,
      "posterior": {
        "mean": 0.6796579911795932,
        "variance": 0.696163138344314,
        "sd": 0.834363912417306,
        "contraction": 0.2630667001950857,
        "prior_mean": 0.6072164646464647,
        "prior_variance": 0.9446759137205589,
        "source": "pop+cohort+user",
        "lam_js": 0.8768472906403941,
        "n_cohort": 534,
        "z_like": 0.8145821997628095
      },
      "cohort_prior": {
        "mean": 0.6056498876404495,
        "variance": 0.9560138510611396,
        "n": 534
      },
      "user_obs": {
        "slope": -1.7569901455579944,
        "se": 0.7731118860679761,
        "n": 56,
        "at_nominal_step": 0.8784950727789972,
        "se_at_step": 0.38655594303398805,
        "residual_sd": 2.281358351851715,
        "sigma_data_used": 12.0
      },
      "gate": {
        "score": 0.2630667001950857,
        "tier": "not_exposed"
      }
    },
    {
      "action": "bedtime",
      "outcome": "sleep_quality",
      "nominal_step": -0.5,
      "dose_multiplier": 1.0038442332442534,
      "dose_multiplier_raw": 1.0038442332442534,
      "direction_conflict": false,
      "scaled_effect": 0.6133090535579336,
      "posterior": {
        "mean": 0.610960379356689,
        "variance": 0.4400411417024728,
        "sd": 0.6633559690712618,
        "contraction": 0.5038442332442534,
        "prior_mean": 0.4607862962962966,
        "prior_variance": 0.8869011935098631,
        "source": "pop+cohort+user",
        "lam_js": 0.8768472906403941,
        "n_cohort": 534,
        "z_like": 0.9210143691208058
      },
      "cohort_prior": {
        "mean": 0.46373086142322145,
        "variance": 0.8849888909576128,
        "n": 534
      },
      "user_obs": {
        "slope": -1.5136958069317057,
        "se": 0.48848843680101417,
        "n": 56,
        "at_nominal_step": 0.7568479034658528,
        "se_at_step": 0.24424421840050708,
        "residual_sd": 1.4414694627796691,
        "sigma_data_used": 7.0
      },
      "gate": {
        "score": 0.5038442332442534,
        "tier": "possible"
      }
    },
    {
      "action": "running_volume",
      "outcome": "hrv_daily",
      "nominal_step": 30.0,
      "dose_multiplier": 1.113011772276164,
      "dose_multiplier_raw": 1.113011772276164,
      "direction_conflict": false,
      "scaled_effect": 0.41627743450014926,
      "posterior": {
        "mean": 0.3740099115473337,
        "variance": 0.11669305725926267,
        "sd": 0.34160365521941166,
        "contraction": 0.6130117722761642,
        "prior_mean": 0.14166006734006745,
        "prior_variance": 0.3015416203888705,
        "source": "pop+cohort+user",
        "lam_js": 0.8768472906403941,
        "n_cohort": 534,
        "z_like": 1.094865074869025
      },
      "cohort_prior": {
        "mean": 0.13417902621722846,
        "variance": 0.24427088794406634,
        "n": 534
      },
      "user_obs": {
        "slope": 0.5829544826558132,
        "se": 0.2312740266766849,
        "n": 56,
        "at_nominal_step": 0.5829544826558132,
        "se_at_step": 0.2312740266766849,
        "residual_sd": 1.5302788833869279,
        "sigma_data_used": 3.5
      },
      "gate": {
        "score": 0.6130117722761642,
        "tier": "possible"
      }
    },
    {
      "action": "sleep_duration",
      "outcome": "hrv_daily",
      "nominal_step": 0.5,
      "dose_multiplier": 0.5237287399969176,
      "dose_multiplier_raw": 0.5237287399969176,
      "direction_conflict": false,
      "scaled_effect": 0.06715968311006829,
      "posterior": {
        "mean": 0.12823371715377613,
        "variance": 0.002864122119831447,
        "sd": 0.05351749358697067,
        "contraction": 0.023728739996917603,
        "prior_mean": 0.13540993265993234,
        "prior_variance": 0.0029337359780747863,
        "source": "pop+cohort+user",
        "lam_js": 0.8768472906403941,
        "n_cohort": 534,
        "z_like": 2.3961084228540144
      },
      "cohort_prior": {
        "mean": 0.13457651150347733,
        "variance": 0.002897733991751291,
        "n": 534
      },
      "user_obs": {
        "slope": -0.7151935345845665,
        "se": 0.6053715361043612,
        "n": 56,
        "at_nominal_step": -0.35759676729228324,
        "se_at_step": 0.3026857680521806,
        "residual_sd": 1.5302788833869263,
        "sigma_data_used": 3.5
      },
      "gate": {
        "score": 0.023728739996917603,
        "tier": "not_exposed"
      }
    },
    {
      "action": "training_load",
      "outcome": "hrv_daily",
      "nominal_step": 100.0,
      "dose_multiplier": 1.4492318005692542,
      "dose_multiplier_raw": 1.4492318005692542,
      "direction_conflict": false,
      "scaled_effect": -0.7302662886684209,
      "posterior": {
        "mean": -0.5038988851759769,
        "variance": 0.20766497988134625,
        "sd": 0.4557027319221888,
        "contraction": 0.9492318005692542,
        "prior_mean": -5.056217651515151,
        "prior_variance": 4.090453910318943,
        "source": "pop+cohort+user",
        "lam_js": 0.8768472906403941,
        "n_cohort": 534,
        "z_like": -1.1057622653489327
      },
      "cohort_prior": {
        "mean": -5.061554325842696,
        "variance": 4.099093150953106,
        "n": 534
      },
      "user_obs": {
        "slope": -0.0026064931598913455,
        "se": 0.017628529995352027,
        "n": 56,
        "at_nominal_step": -0.26064931598913454,
        "se_at_step": 1.7628529995352027,
        "residual_sd": 1.530278883386926,
        "sigma_data_used": 3.5
      },
      "gate": {
        "score": 0.9492318005692542,
        "tier": "recommended"
      }
    },
    {
      "action": "training_load",
      "outcome": "resting_hr",
      "nominal_step": 100.0,
      "dose_multiplier": 1.4137871813838943,
      "dose_multiplier_raw": 1.4137871813838943,
      "direction_conflict": false,
      "scaled_effect": 0.14256228519652278,
      "posterior": {
        "mean": 0.10083716069413984,
        "variance": 0.023500660561705362,
        "sd": 0.15329925166714078,
        "contraction": 0.9137871813838941,
        "prior_mean": 1.305251261157877,
        "prior_variance": 0.2725889367606766,
        "source": "pop+cohort+user",
        "lam_js": 0.8768472906403941,
        "n_cohort": 534,
        "z_like": 0.6577798625728971
      },
      "cohort_prior": {
        "mean": 1.306352479669686,