{
  "pid": 268,
  "cohort": "cohort_a",
  "age": 38,
  "is_female": false,
  "effects_bayesian": [
    {
      "action": "active_energy",
      "outcome": "deep_sleep",
      "nominal_step": 100.0,
      "dose_multiplier": 0.513928876738436,
      "dose_multiplier_raw": 0.513928876738436,
      "direction_conflict": false,
      "scaled_effect": 0.3607141178967213,
      "posterior": {
        "mean": 0.7018755594858443,
        "variance": 0.07558740417103856,
        "sd": 0.27493163544968513,
        "contraction": 0.013928876738436013,
        "prior_mean": 0.6921665440115441,
        "prior_variance": 0.07665512394382158,
        "source": "pop+cohort+user",
        "lam_js": 0.8768472906403941,
        "n_cohort": 534,
        "z_like": 2.5529094108716843
      },
      "cohort_prior": {
        "mean": 0.6984414526484751,
        "variance": 0.07805127404443395,
        "n": 534
      },
      "user_obs": {
        "slope": 0.008407836421508968,
        "se": 0.006301127948953411,
        "n": 56,
        "at_nominal_step": 0.8407836421508968,
        "se_at_step": 0.6301127948953411,
        "residual_sd": 2.056089222256616,
        "sigma_data_used": 12.0
      },
      "gate": {
        "score": 0.013928876738436013,
        "tier": "not_exposed"
      }
    },
    {
      "action": "bedtime",
      "outcome": "deep_sleep",
      "nominal_step": -0.5,
      "dose_multiplier": 0.7630667001950857,
      "dose_multiplier_raw": 0.7630667001950857,
      "direction_conflict": false,
      "scaled_effect": 0.4359670477447255,
      "posterior": {
        "mean": 0.5713354384790558,
        "variance": 0.696163138344314,
        "sd": 0.834363912417306,
        "contraction": 0.2630667001950857,
        "prior_mean": 0.6072164646464647,
        "prior_variance": 0.9446759137205589,
        "source": "pop+cohort+user",
        "lam_js": 0.8768472906403941,
        "n_cohort": 534,
        "z_like": 0.6847556923019258
      },
      "cohort_prior": {
        "mean": 0.6056498876404495,
        "variance": 0.9560138510611396,
        "n": 534
      },
      "user_obs": {
        "slope": -0.9567647627355135,
        "se": 1.0226821363101142,
        "n": 56,
        "at_nominal_step": 0.47838238136775674,
        "se_at_step": 0.5113410681550571,
        "residual_sd": 2.077369691252586,
        "sigma_data_used": 12.0
      },
      "gate": {
        "score": 0.2630667001950857,
        "tier": "not_exposed"
      }
    },
    {
      "action": "bedtime",
      "outcome": "sleep_quality",
      "nominal_step": -0.5,
      "dose_multiplier": 1.0038442332442534,
      "dose_multiplier_raw": 1.0038442332442534,
      "direction_conflict": false,
      "scaled_effect": 0.7600493137175254,
      "posterior": {
        "mean": 0.7571386959719593,
        "variance": 0.4400411417024728,
        "sd": 0.6633559690712618,
        "contraction": 0.5038442332442534,
        "prior_mean": 0.4607862962962966,
        "prior_variance": 0.8869011935098631,
        "source": "pop+cohort+user",
        "lam_js": 0.8768472906403941,
        "n_cohort": 534,
        "z_like": 1.141376170974988
      },
      "cohort_prior": {
        "mean": 0.46373086142322145,
        "variance": 0.8849888909576128,
        "n": 534
      },
      "user_obs": {
        "slope": -2.095032481695827,
        "se": 0.7216192939773091,
        "n": 56,
        "at_nominal_step": 1.0475162408479135,
        "se_at_step": 0.36080964698865453,
        "residual_sd": 1.4658220738461978,
        "sigma_data_used": 7.0
      },
      "gate": {
        "score": 0.5038442332442534,
        "tier": "possible"
      }
    },
    {
      "action": "running_volume",
      "outcome": "hrv_daily",
      "nominal_step": 30.0,
      "dose_multiplier": 1.113011772276164,
      "dose_multiplier_raw": 1.113011772276164,
      "direction_conflict": false,
      "scaled_effect": 0.1502928978031817,
      "posterior": {
        "mean": 0.1350326218884687,
        "variance": 0.11669305725926267,
        "sd": 0.34160365521941166,
        "contraction": 0.6130117722761642,
        "prior_mean": 0.14166006734006745,
        "prior_variance": 0.3015416203888705,
        "source": "pop+cohort+user",
        "lam_js": 0.8768472906403941,
        "n_cohort": 534,
        "z_like": 0.3952903308418565
      },
      "cohort_prior": {
        "mean": 0.13417902621722846,
        "variance": 0.24427088794406634,
        "n": 534
      },
      "user_obs": {
        "slope": 0.13497340014177855,
        "se": 0.2557329329891156,
        "n": 56,
        "at_nominal_step": 0.13497340014177855,
        "se_at_step": 0.2557329329891156,
        "residual_sd": 1.707512189356037,
        "sigma_data_used": 3.5
      },
      "gate": {
        "score": 0.6130117722761642,
        "tier": "possible"
      }
    },
    {
      "action": "sleep_duration",
      "outcome": "hrv_daily",
      "nominal_step": 0.5,
      "dose_multiplier": 0.5237287399969176,
      "dose_multiplier_raw": 0.5237287399969176,
      "direction_conflict": false,
      "scaled_effect": 0.07363882403307824,
      "posterior": {
        "mean": 0.14060489411658342,
        "variance": 0.002864122119831447,
        "sd": 0.05351749358697067,
        "contraction": 0.023728739996917603,
        "prior_mean": 0.13540993265993234,
        "prior_variance": 0.0029337359780747863,
        "source": "pop+cohort+user",
        "lam_js": 0.8768472906403941,
        "n_cohort": 534,
        "z_like": 2.6272697896079156
      },
      "cohort_prior": {
        "mean": 0.13457651150347733,
        "variance": 0.002897733991751291,
        "n": 534
      },
      "user_obs": {
        "slope": 1.1745268386328616,
        "se": 1.0326224529889736,
        "n": 56,
        "at_nominal_step": 0.5872634193164308,
        "se_at_step": 0.5163112264944868,
        "residual_sd": 1.7075121893560359,
        "sigma_data_used": 3.5
      },
      "gate": {
        "score": 0.023728739996917603,
        "tier": "not_exposed"
      }
    },
    {
      "action": "training_load",
      "outcome": "hrv_daily",
      "nominal_step": 100.0,
      "dose_multiplier": 0.5,
      "dose_multiplier_raw": 1.4492318005692542,
      "direction_conflict": true,
      "scaled_effect": 0.3492704856063204,
      "posterior": {
        "mean": 0.6985409712126408,
        "variance": 0.20766497988134625,
        "sd": 0.4557027319221888,
        "contraction": 0.9492318005692542,
        "prior_mean": -5.056217651515151,
        "prior_variance": 4.090453910318943,
        "source": "pop+cohort+user",
        "lam_js": 0.8768472906403941,
        "n_cohort": 534,
        "z_like": 1.5328873896940267
      },
      "cohort_prior": {
        "mean": -5.061554325842696,
        "variance": 4.099093150953106,
        "n": 534
      },
      "user_obs": {
        "slope": 0.010059759895163967,
        "se": 0.020189534759678766,
        "n": 56,
        "at_nominal_step": 1.0059759895163967,
        "se_at_step": 2.0189534759678764,
        "residual_sd": 1.7075121893560372,
        "sigma_data_used": 3.5
      },
      "gate": {
        "score": 0.4746159002846271,
        "tier": "possible"
      }
    },
    {
      "action": "training_load",
      "outcome": "resting_hr",
      "nominal_step": 100.0,
      "dose_multiplier": 1.4137871813838943,
      "dose_multiplier_raw": 1.4137871813838943,
      "direction_conflict": false,
      "scaled_effect": 1.5001297422004776,
      "posterior": {
        "mean": 1.061071823223115,
        "variance": 0.023500660561705362,
        "sd": 0.15329925166714078,
        "contraction": 0.9137871813838941,
        "prior_mean": 1.305251261157877,
        "prior_variance": 0.2725889367606766,
        "source": "pop+cohort+user",
        "lam_js": 0.8768472906403941,
        "n_cohort": 534,
        "z_like": 6.921572099562653
      },
      "cohort_prior": {
        "mean": 1.306352479669686,
        "variance": 0.273049088182262,
        "n": 534
      },