{
  "pid": 435,
  "cohort": "cohort_a",
  "age": 30,
  "is_female": false,
  "effects_bayesian": [
    {
      "action": "active_energy",
      "outcome": "deep_sleep",
      "nominal_step": 100.0,
      "dose_multiplier": 0.5154792385865138,
      "dose_multiplier_raw": 0.5154792385865138,
      "direction_conflict": false,
      "scaled_effect": 0.34200726424548594,
      "posterior": {
        "mean": 0.6634743722817971,
        "variance": 0.07546856099141638,
        "sd": 0.27471541819019984,
        "contraction": 0.015479238586513788,
        "prior_mean": 0.6921665440115441,
        "prior_variance": 0.07665512394382158,
        "source": "pop+cohort+user",
        "lam_js": 0.8768472906403941,
        "n_cohort": 534,
        "z_like": 2.4151333647478026
      },
      "cohort_prior": {
        "mean": 0.6984414526484751,
        "variance": 0.07805127404443395,
        "n": 534
      },
      "user_obs": {
        "slope": -0.0040818644499814385,
        "se": 0.00740621591353749,
        "n": 59,
        "at_nominal_step": -0.4081864449981438,
        "se_at_step": 0.740621591353749,
        "residual_sd": 1.9241909764958796,
        "sigma_data_used": 12.0
      },
      "gate": {
        "score": 0.015479238586513788,
        "tier": "not_exposed"
      }
    },
    {
      "action": "bedtime",
      "outcome": "deep_sleep",
      "nominal_step": -0.5,
      "dose_multiplier": 0.7736019408727779,
      "dose_multiplier_raw": 0.7736019408727779,
      "direction_conflict": false,
      "scaled_effect": 0.4132788078348017,
      "posterior": {
        "mean": 0.5342266946338584,
        "variance": 0.6862107502308491,
        "sd": 0.8283783859027523,
        "contraction": 0.2736019408727779,
        "prior_mean": 0.6072164646464647,
        "prior_variance": 0.9446759137205589,
        "source": "pop+cohort+user",
        "lam_js": 0.8768472906403941,
        "n_cohort": 534,
        "z_like": 0.6449066075663811
      },
      "cohort_prior": {
        "mean": 0.6056498876404495,
        "variance": 0.9560138510611396,
        "n": 534
      },
      "user_obs": {
        "slope": -0.7022447959243918,
        "se": 0.7373610020021019,
        "n": 59,
        "at_nominal_step": 0.3511223979621959,
        "se_at_step": 0.36868050100105093,
        "residual_sd": 1.9137090941848314,
        "sigma_data_used": 12.0
      },
      "gate": {
        "score": 0.2736019408727779,
        "tier": "not_exposed"
      }
    },
    {
      "action": "bedtime",
      "outcome": "sleep_quality",
      "nominal_step": -0.5,
      "dose_multiplier": 1.016860633157724,
      "dose_multiplier_raw": 1.016860633157724,
      "direction_conflict": false,
      "scaled_effect": 0.2665561453614236,
      "posterior": {
        "mean": 0.2621363603522238,
        "variance": 0.4284968810840142,
        "sd": 0.6545967316478246,
        "contraction": 0.5168606331577239,
        "prior_mean": 0.4607862962962966,
        "prior_variance": 0.8869011935098631,
        "source": "pop+cohort+user",
        "lam_js": 0.8768472906403941,
        "n_cohort": 534,
        "z_like": 0.4004547344627656
      },
      "cohort_prior": {
        "mean": 0.46373086142322145,
        "variance": 0.8849888909576128,
        "n": 534
      },
      "user_obs": {
        "slope": -0.14668516639432852,
        "se": 0.45659147329440003,
        "n": 59,
        "at_nominal_step": 0.07334258319716426,
        "se_at_step": 0.22829573664720001,
        "residual_sd": 1.1850141957578781,
        "sigma_data_used": 7.0
      },
      "gate": {
        "score": 0.5168606331577239,
        "tier": "possible"
      }
    },
    {
      "action": "running_volume",
      "outcome": "hrv_daily",
      "nominal_step": 30.0,
      "dose_multiplier": 0.5,
      "dose_multiplier_raw": 1.1237638093389757,
      "direction_conflict": true,
      "scaled_effect": -0.011101225034808484,
      "posterior": {
        "mean": -0.022202450069616967,
        "variance": 0.1134508705808613,
        "sd": 0.3368246881997537,
        "contraction": 0.6237638093389757,
        "prior_mean": 0.14166006734006745,
        "prior_variance": 0.3015416203888705,
        "source": "pop+cohort+user",
        "lam_js": 0.8768472906403941,
        "n_cohort": 534,
        "z_like": -0.06591693200484704
      },
      "cohort_prior": {
        "mean": 0.13417902621722846,
        "variance": 0.24427088794406634,
        "n": 534
      },
      "user_obs": {
        "slope": -0.15278043675260264,
        "se": 0.2196837602731973,
        "n": 59,
        "at_nominal_step": -0.15278043675260264,
        "se_at_step": 0.2196837602731973,
        "residual_sd": 1.1409985122136752,
        "sigma_data_used": 3.5
      },
      "gate": {
        "score": 0.31188190466948784,
        "tier": "possible"
      }
    },
    {
      "action": "sleep_duration",
      "outcome": "hrv_daily",
      "nominal_step": 0.5,
      "dose_multiplier": 0.5244130339257386,
      "dose_multiplier_raw": 0.5244130339257386,
      "direction_conflict": false,
      "scaled_effect": 0.06930457275031332,
      "posterior": {
        "mean": 0.13215646497475775,
        "variance": 0.0028621145821128868,
        "sd": 0.053498734397300345,
        "contraction": 0.02441303392573857,
        "prior_mean": 0.13540993265993234,
        "prior_variance": 0.0029337359780747863,
        "source": "pop+cohort+user",
        "lam_js": 0.8768472906403941,
        "n_cohort": 534,
        "z_like": 2.4702727356747833
      },
      "cohort_prior": {
        "mean": 0.13457651150347733,
        "variance": 0.002897733991751291,
        "n": 534
      },
      "user_obs": {
        "slope": -0.09664922442376533,
        "se": 0.652894171498112,
        "n": 59,
        "at_nominal_step": -0.04832461221188267,
        "se_at_step": 0.326447085749056,
        "residual_sd": 1.1409985122136752,
        "sigma_data_used": 3.5
      },
      "gate": {
        "score": 0.02441303392573857,
        "tier": "not_exposed"
      }
    },
    {
      "action": "training_load",
      "outcome": "hrv_daily",
      "nominal_step": 100.0,
      "dose_multiplier": 0.5,
      "dose_multiplier_raw": 1.4516887526218638,
      "direction_conflict": true,
      "scaled_effect": 0.21785602778989413,
      "posterior": {
        "mean": 0.43571205557978826,
        "variance": 0.1976149307502823,
        "sd": 0.4445390092559733,
        "contraction": 0.9516887526218639,
        "prior_mean": -5.056217651515151,
        "prior_variance": 4.090453910318943,
        "source": "pop+cohort+user",
        "lam_js": 0.8768472906403941,
        "n_cohort": 534,
        "z_like": 0.9801435790956597
      },
      "cohort_prior": {
        "mean": -5.061554325842696,
        "variance": 4.099093150953106,
        "n": 534
      },
      "user_obs": {
        "slope": 0.007141985213282271,
        "se": 0.013693442308699915,
        "n": 59,
        "at_nominal_step": 0.7141985213282271,
        "se_at_step": 1.3693442308699915,
        "residual_sd": 1.1409985122136752,
        "sigma_data_used": 3.5
      },
      "gate": {
        "score": 0.47584437631093196,
        "tier": "possible"
      }
    },
    {
      "action": "training_load",
      "outcome": "resting_hr",
      "nominal_step": 100.0,
      "dose_multiplier": 0.5,
      "dose_multiplier_raw": 1.417811124836331,
      "direction_conflict": true,
      "scaled_effect": -0.1407482521118132,
      "posterior": {
        "mean": -0.2814965042236264,
        "variance": 0.022403778094420478,
        "sd": 0.14967891666637784,
        "contraction": 0.9178111248363311,
        "prior_mean": 1.305251261157877,
        "prior_variance": 0.2725889367606766,
        "source": "pop+cohort+user",
        "lam_js": 0.8768472906403941,
        "n_cohort": 534,
        "z_like": -1.8806690380520275
      },
      "cohort_prior": {
        "mean": 1.306352479669686,
        "variance": 0.273049088182262,
        "n": 534
      },