{
  "pid": 357,
  "cohort": "cohort_a",
  "age": 39,
  "is_female": true,
  "effects_bayesian": [
    {
      "action": "active_energy",
      "outcome": "deep_sleep",
      "nominal_step": 100.0,
      "dose_multiplier": 0.5175388200166048,
      "dose_multiplier_raw": 0.5175388200166048,
      "direction_conflict": false,
      "scaled_effect": 0.3341466587621483,
      "posterior": {
        "mean": 0.6456455937960894,
        "variance": 0.07531068352162036,
        "sd": 0.27442792044837633,
        "contraction": 0.017538820016604784,
        "prior_mean": 0.6921665440115441,
        "prior_variance": 0.07665512394382158,
        "source": "pop+cohort+user",
        "lam_js": 0.8768472906403941,
        "n_cohort": 534,
        "z_like": 2.3526964484561046
      },
      "cohort_prior": {
        "mean": 0.6984414526484751,
        "variance": 0.07805127404443395,
        "n": 534
      },
      "user_obs": {
        "slope": -0.008812562108266028,
        "se": 0.007938172893953988,
        "n": 63,
        "at_nominal_step": -0.8812562108266028,
        "se_at_step": 0.7938172893953988,
        "residual_sd": 2.513073216395598,
        "sigma_data_used": 12.0
      },
      "gate": {
        "score": 0.017538820016604784,
        "tier": "not_exposed"
      }
    },
    {
      "action": "bedtime",
      "outcome": "deep_sleep",
      "nominal_step": -0.5,
      "dose_multiplier": 0.7871891210946215,
      "dose_multiplier_raw": 0.7871891210946215,
      "direction_conflict": false,
      "scaled_effect": 0.366074748478126,
      "posterior": {
        "mean": 0.46504040600698693,
        "variance": 0.6733752683398931,
        "sd": 0.8205944603395109,
        "contraction": 0.28718912109462147,
        "prior_mean": 0.6072164646464647,
        "prior_variance": 0.9446759137205589,
        "source": "pop+cohort+user",
        "lam_js": 0.8768472906403941,
        "n_cohort": 534,
        "z_like": 0.5667116078441258
      },
      "cohort_prior": {
        "mean": 0.6056498876404495,
        "variance": 0.9560138510611396,
        "n": 534
      },
      "user_obs": {
        "slope": -0.25580235305337096,
        "se": 0.8768090253361331,
        "n": 63,
        "at_nominal_step": 0.12790117652668548,
        "se_at_step": 0.43840451266806657,
        "residual_sd": 2.4600487187639293,
        "sigma_data_used": 12.0
      },
      "gate": {
        "score": 0.28718912109462147,
        "tier": "not_exposed"
      }
    },
    {
      "action": "bedtime",
      "outcome": "sleep_quality",
      "nominal_step": -0.5,
      "dose_multiplier": 1.0331893599589028,
      "dose_multiplier_raw": 1.0331893599589028,
      "direction_conflict": false,
      "scaled_effect": 0.25709767407346035,
      "posterior": {
        "mean": 0.24883887120526188,
        "variance": 0.41401491379555205,
        "sd": 0.6434399069031638,
        "contraction": 0.5331893599589029,
        "prior_mean": 0.4607862962962966,
        "prior_variance": 0.8869011935098631,
        "source": "pop+cohort+user",
        "lam_js": 0.8768472906403941,
        "n_cohort": 534,
        "z_like": 0.3867321074362762
      },
      "cohort_prior": {
        "mean": 0.46373086142322145,
        "variance": 0.8849888909576128,
        "n": 534
      },
      "user_obs": {
        "slope": -0.12069705184097983,
        "se": 0.44655151933050125,
        "n": 63,
        "at_nominal_step": 0.060348525920489914,
        "se_at_step": 0.22327575966525062,
        "residual_sd": 1.2528822825129455,
        "sigma_data_used": 7.0
      },
      "gate": {
        "score": 0.5331893599589029,
        "tier": "possible"
      }
    },
    {
      "action": "running_volume",
      "outcome": "hrv_daily",
      "nominal_step": 30.0,
      "dose_multiplier": 0.5,
      "dose_multiplier_raw": 1.1372036656572548,
      "direction_conflict": true,
      "scaled_effect": -0.1216684706675402,
      "posterior": {
        "mean": -0.2433369413350804,
        "variance": 0.10939819452885381,
        "sd": 0.3307539788556652,
        "contraction": 0.6372036656572548,
        "prior_mean": 0.14166006734006745,
        "prior_variance": 0.3015416203888705,
        "source": "pop+cohort+user",
        "lam_js": 0.8768472906403941,
        "n_cohort": 534,
        "z_like": -0.7357037462617133
      },
      "cohort_prior": {
        "mean": 0.13417902621722846,
        "variance": 0.24427088794406634,
        "n": 534
      },
      "user_obs": {
        "slope": -0.5375344046824962,
        "se": 0.23217867805163622,
        "n": 63,
        "at_nominal_step": -0.5375344046824962,
        "se_at_step": 0.23217867805163622,
        "residual_sd": 1.6228886920296688,
        "sigma_data_used": 3.5
      },
      "gate": {
        "score": 0.3186018328286274,
        "tier": "possible"
      }
    },
    {
      "action": "sleep_duration",
      "outcome": "hrv_daily",
      "nominal_step": 0.5,
      "dose_multiplier": 0.5253239350125751,
      "dose_multiplier_raw": 0.5253239350125751,
      "direction_conflict": false,
      "scaled_effect": 0.0704459356087245,
      "posterior": {
        "mean": 0.13409999224009883,
        "variance": 0.0028594422388219668,
        "sd": 0.05347375280286551,
        "contraction": 0.025323935012575127,
        "prior_mean": 0.13540993265993234,
        "prior_variance": 0.0029337359780747863,
        "source": "pop+cohort+user",
        "lam_js": 0.8768472906403941,
        "n_cohort": 534,
        "z_like": 2.507772228638361
      },
      "cohort_prior": {
        "mean": 0.13457651150347733,
        "variance": 0.002897733991751291,
        "n": 534
      },
      "user_obs": {
        "slope": 0.19059194040208516,
        "se": 0.592812365745259,
        "n": 63,
        "at_nominal_step": 0.09529597020104258,
        "se_at_step": 0.2964061828726295,
        "residual_sd": 1.6228886920296692,
        "sigma_data_used": 3.5
      },
      "gate": {
        "score": 0.025323935012575127,
        "tier": "not_exposed"
      }
    },
    {
      "action": "training_load",
      "outcome": "hrv_daily",
      "nominal_step": 100.0,
      "dose_multiplier": 1.4546171842900362,
      "dose_multiplier_raw": 1.4546171842900362,
      "direction_conflict": false,
      "scaled_effect": -1.1711754585642882,
      "posterior": {
        "mean": -0.8051434227596527,
        "variance": 0.18563631598210553,
        "sd": 0.43085533068781395,
        "contraction": 0.9546171842900362,
        "prior_mean": -5.056217651515151,
        "prior_variance": 4.090453910318943,
        "source": "pop+cohort+user",
        "lam_js": 0.8768472906403941,
        "n_cohort": 534,
        "z_like": -1.8687094377463735
      },
      "cohort_prior": {
        "mean": -5.061554325842696,
        "variance": 4.099093150953106,
        "n": 534
      },
      "user_obs": {
        "slope": -0.006032151260556199,
        "se": 0.015466272780391038,
        "n": 63,
        "at_nominal_step": -0.6032151260556199,
        "se_at_step": 1.5466272780391037,
        "residual_sd": 1.6228886920296681,
        "sigma_data_used": 3.5
      },
      "gate": {
        "score": 0.9546171842900362,
        "tier": "recommended"
      }
    },
    {
      "action": "training_load",
      "outcome": "resting_hr",
      "nominal_step": 100.0,
      "dose_multiplier": 1.4226263003823798,
      "dose_multiplier_raw": 1.4226263003823798,
      "direction_conflict": false,
      "scaled_effect": 0.0651766674591148,
      "posterior": {
        "mean": 0.045814327656951315,
        "variance": 0.021091214512007066,
        "sd": 0.1452281464179966,
        "contraction": 0.9226263003823798,
        "prior_mean": 1.305251261157877,
        "prior_variance": 0.2725889367606766,
        "source": "pop+cohort+user",
        "lam_js": 0.8768472906403941,
        "n_cohort": 534,
        "z_like": 0.31546452107904904
      },
      "cohort_prior": {
        "mean": 1.306352479669686,