{
  "pid": 426,
  "cohort": "cohort_a",
  "age": 28,
  "is_female": false,
  "effects_bayesian": [
    {
      "action": "active_energy",
      "outcome": "deep_sleep",
      "nominal_step": 100.0,
      "dose_multiplier": 0.5082021987254516,
      "dose_multiplier_raw": 0.5082021987254516,
      "direction_conflict": false,
      "scaled_effect": 0.3450812379151806,
      "posterior": {
        "mean": 0.6790235043859096,
        "variance": 0.07602638338391024,
        "sd": 0.27572882218569433,
        "contraction": 0.008202198725451582,
        "prior_mean": 0.6921665440115441,
        "prior_variance": 0.07665512394382158,
        "source": "pop+cohort+user",
        "lam_js": 0.8768472906403941,
        "n_cohort": 534,
        "z_like": 2.4626497114204824
      },
      "cohort_prior": {
        "mean": 0.6984414526484751,
        "variance": 0.07805127404443395,
        "n": 534
      },
      "user_obs": {
        "slope": -0.0008711893367354707,
        "se": 0.0065714899547914376,
        "n": 45,
        "at_nominal_step": -0.08711893367354707,
        "se_at_step": 0.6571489954791437,
        "residual_sd": 1.8531459554688599,
        "sigma_data_used": 12.0
      },
      "gate": {
        "score": 0.008202198725451582,
        "tier": "not_exposed"
      }
    },
    {
      "action": "bedtime",
      "outcome": "deep_sleep",
      "nominal_step": -0.5,
      "dose_multiplier": 0.7216761141591966,
      "dose_multiplier_raw": 0.7216761141591966,
      "direction_conflict": false,
      "scaled_effect": 0.3879016346193309,
      "posterior": {
        "mean": 0.5375010021930178,
        "variance": 0.7352638280271969,
        "sd": 0.8574752637990188,
        "contraction": 0.22167611415919664,
        "prior_mean": 0.6072164646464647,
        "prior_variance": 0.9446759137205589,
        "source": "pop+cohort+user",
        "lam_js": 0.8768472906403941,
        "n_cohort": 534,
        "z_like": 0.6268414085925178
      },
      "cohort_prior": {
        "mean": 0.6056498876404495,
        "variance": 0.9560138510611396,
        "n": 534
      },
      "user_obs": {
        "slope": -0.6168139806022757,
        "se": 0.7160867123561638,
        "n": 45,
        "at_nominal_step": 0.30840699030113783,
        "se_at_step": 0.3580433561780819,
        "residual_sd": 1.8770244240264795,
        "sigma_data_used": 12.0
      },
      "gate": {
        "score": 0.22167611415919664,
        "tier": "not_exposed"
      }
    },
    {
      "action": "bedtime",
      "outcome": "sleep_quality",
      "nominal_step": -0.5,
      "dose_multiplier": 0.9494592001115206,
      "dose_multiplier_raw": 0.9494592001115206,
      "direction_conflict": false,
      "scaled_effect": 0.47820144771765233,
      "posterior": {
        "mean": 0.5036566580865025,
        "variance": 0.48827529249696705,
        "sd": 0.698766980113519,
        "contraction": 0.44945920011152063,
        "prior_mean": 0.4607862962962966,
        "prior_variance": 0.8869011935098631,
        "source": "pop+cohort+user",
        "lam_js": 0.8768472906403941,
        "n_cohort": 534,
        "z_like": 0.7207791329874809
      },
      "cohort_prior": {
        "mean": 0.46373086142322145,
        "variance": 0.8849888909576128,
        "n": 534
      },
      "user_obs": {
        "slope": -1.1064286222624917,
        "se": 0.4270245203270244,
        "n": 45,
        "at_nominal_step": 0.5532143111312459,
        "se_at_step": 0.2135122601635122,
        "residual_sd": 1.1193273670372936,
        "sigma_data_used": 7.0
      },
      "gate": {
        "score": 0.44945920011152063,
        "tier": "possible"
      }
    },
    {
      "action": "running_volume",
      "outcome": "hrv_daily",
      "nominal_step": 30.0,
      "dose_multiplier": 1.0677144728935688,
      "dose_multiplier_raw": 1.0677144728935688,
      "direction_conflict": false,
      "scaled_effect": 0.09463131024307588,
      "posterior": {
        "mean": 0.08862979068422616,
        "variance": 0.1303520783143303,
        "sd": 0.36104304219072036,
        "contraction": 0.5677144728935687,
        "prior_mean": 0.14166006734006745,
        "prior_variance": 0.3015416203888705,
        "source": "pop+cohort+user",
        "lam_js": 0.8768472906403941,
        "n_cohort": 534,
        "z_like": 0.24548261655021072
      },
      "cohort_prior": {
        "mean": 0.13417902621722846,
        "variance": 0.24427088794406634,
        "n": 534
      },
      "user_obs": {
        "slope": 0.03805305162459938,
        "se": 0.46067998700094265,
        "n": 45,
        "at_nominal_step": 0.03805305162459938,
        "se_at_step": 0.46067998700094265,
        "residual_sd": 2.0160985559991755,
        "sigma_data_used": 3.5
      },
      "gate": {
        "score": 0.5677144728935687,
        "tier": "possible"
      }
    },
    {
      "action": "sleep_duration",
      "outcome": "hrv_daily",
      "nominal_step": 0.5,
      "dose_multiplier": 0.521211428160863,
      "dose_multiplier_raw": 0.521211428160863,
      "direction_conflict": false,
      "scaled_effect": 0.07066911323292938,
      "posterior": {
        "mean": 0.1355862696301405,
        "variance": 0.002871507248132914,
        "sd": 0.05358644649659944,
        "contraction": 0.021211428160862966,
        "prior_mean": 0.13540993265993234,
        "prior_variance": 0.0029337359780747863,
        "source": "pop+cohort+user",
        "lam_js": 0.8768472906403941,
        "n_cohort": 534,
        "z_like": 2.5302343875096236
      },
      "cohort_prior": {
        "mean": 0.13457651150347733,
        "variance": 0.002897733991751291,
        "n": 534
      },
      "user_obs": {
        "slope": 0.4413503683831628,
        "se": 1.2518633631561003,
        "n": 45,
        "at_nominal_step": 0.2206751841915814,
        "se_at_step": 0.6259316815780501,
        "residual_sd": 2.0160985559991773,
        "sigma_data_used": 3.5
      },
      "gate": {
        "score": 0.021211428160862966,
        "tier": "not_exposed"
      }
    },
    {
      "action": "training_load",
      "outcome": "hrv_daily",
      "nominal_step": 100.0,
      "dose_multiplier": 1.4375948136815437,
      "dose_multiplier_raw": 1.4375948136815437,
      "direction_conflict": false,
      "scaled_effect": -7.8108733382256625,
      "posterior": {
        "mean": -5.433292652345314,
        "variance": 0.2552655384005116,
        "sd": 0.505238100701552,
        "contraction": 0.9375948136815437,
        "prior_mean": -5.056217651515151,
        "prior_variance": 4.090453910318943,
        "source": "pop+cohort+user",
        "lam_js": 0.8768472906403941,
        "n_cohort": 534,
        "z_like": -10.753925020304045
      },
      "cohort_prior": {
        "mean": -5.061554325842696,
        "variance": 4.099093150953106,
        "n": 534
      },
      "user_obs": {
        "slope": -0.05458030004979401,
        "se": 0.026038981473301876,
        "n": 45,
        "at_nominal_step": -5.458030004979401,
        "se_at_step": 2.6038981473301877,
        "residual_sd": 2.016098555999176,
        "sigma_data_used": 3.5
      },
      "gate": {
        "score": 0.9375948136815437,
        "tier": "recommended"
      }
    },
    {
      "action": "training_load",
      "outcome": "resting_hr",
      "nominal_step": 100.0,
      "dose_multiplier": 1.394924060679009,
      "dose_multiplier_raw": 1.394924060679009,
      "direction_conflict": false,
      "scaled_effect": 0.9665163873926642,
      "posterior": {
        "mean": 0.6928810066708518,
        "variance": 0.028642538578638292,
        "sd": 0.16924106646626372,
        "contraction": 0.8949240606790091,
        "prior_mean": 1.305251261157877,
        "prior_variance": 0.2725889367606766,
        "source": "pop+cohort+user",
        "lam_js": 0.8768472906403941,
        "n_cohort": 534,
        "z_like": 4.094047745846424
      },
      "cohort_prior": {
        "mean": 1.306352479669686,