{
  "pid": 563,
  "cohort": "cohort_b",
  "age": 50,
  "is_female": false,
  "effects_bayesian": [
    {
      "action": "active_energy",
      "outcome": "deep_sleep",
      "nominal_step": 100.0,
      "dose_multiplier": 0.5473702025026558,
      "dose_multiplier_raw": 0.5473702025026558,
      "direction_conflict": false,
      "scaled_effect": 0.360133836443472,
      "posterior": {
        "mean": 0.657934675283543,
        "variance": 0.07302395519973658,
        "sd": 0.27022944917187797,
        "contraction": 0.04737020250265578,
        "prior_mean": 0.6921665440115441,
        "prior_variance": 0.07665512394382158,
        "source": "pop+cohort+user",
        "lam_js": 0.8472505091649695,
        "n_cohort": 416,
        "z_like": 2.4347260348559097
      },
      "cohort_prior": {
        "mean": 0.6841722046703297,
        "variance": 0.07489465690295352,
        "n": 416
      },
      "user_obs": {
        "slope": -0.0028152203228008765,
        "se": 0.006942994889044822,
        "n": 56,
        "at_nominal_step": -0.28152203228008765,
        "se_at_step": 0.6942994889044822,
        "residual_sd": 2.074012861990587,
        "sigma_data_used": 12.0
      },
      "gate": {
        "score": 0.04737020250265578,
        "tier": "not_exposed"
      }
    },
    {
      "action": "bedtime",
      "outcome": "deep_sleep",
      "nominal_step": -0.5,
      "dose_multiplier": 0.7716495463338675,
      "dose_multiplier_raw": 0.7716495463338675,
      "direction_conflict": false,
      "scaled_effect": 0.48462979541043155,
      "posterior": {
        "mean": 0.6280439063470247,
        "variance": 0.6880551303258373,
        "sd": 0.8294908862222884,
        "contraction": 0.2716495463338675,
        "prior_mean": 0.6072164646464647,
        "prior_variance": 0.9446759137205589,
        "source": "pop+cohort+user",
        "lam_js": 0.8472505091649695,
        "n_cohort": 416,
        "z_like": 0.757143829762007
      },
      "cohort_prior": {
        "mean": 0.6215986538461539,
        "variance": 0.9384823525592582,
        "n": 416
      },
      "user_obs": {
        "slope": -1.3033989864298108,
        "se": 0.6722373297042373,
        "n": 56,
        "at_nominal_step": 0.6516994932149054,
        "se_at_step": 0.33611866485211866,
        "residual_sd": 2.090689714716033,
        "sigma_data_used": 12.0
      },
      "gate": {
        "score": 0.2716495463338675,
        "tier": "not_exposed"
      }
    },
    {
      "action": "bedtime",
      "outcome": "sleep_quality",
      "nominal_step": -0.5,
      "dose_multiplier": 1.0000929439219317,
      "dose_multiplier_raw": 1.0000929439219317,
      "direction_conflict": false,
      "scaled_effect": 0.5552003820189632,
      "posterior": {
        "mean": 0.5551487843136934,
        "variance": 0.44336816467964074,
        "sd": 0.6658589675596783,
        "contraction": 0.5000929439219318,
        "prior_mean": 0.4607862962962966,
        "prior_variance": 0.8869011935098631,
        "source": "pop+cohort+user",
        "lam_js": 0.8472505091649695,
        "n_cohort": 416,
        "z_like": 0.8337332849150787
      },
      "cohort_prior": {
        "mean": 0.4770937500000001,
        "variance": 0.9009695161433738,
        "n": 416
      },
      "user_obs": {
        "slope": -1.2671253071648008,
        "se": 0.43930988357211403,
        "n": 56,
        "at_nominal_step": 0.6335626535824004,
        "se_at_step": 0.21965494178605702,
        "residual_sd": 1.3662744012764207,
        "sigma_data_used": 7.0
      },
      "gate": {
        "score": 0.5000929439219318,
        "tier": "possible"
      }
    },
    {
      "action": "running_volume",
      "outcome": "hrv_daily",
      "nominal_step": 30.0,
      "dose_multiplier": 0.5,
      "dose_multiplier_raw": 1.129552770006843,
      "direction_conflict": true,
      "scaled_effect": -0.13117904072279757,
      "posterior": {
        "mean": -0.26235808144559514,
        "variance": 0.11170525800070509,
        "sd": 0.33422336543201925,
        "contraction": 0.6295527700068432,
        "prior_mean": 0.14166006734006745,
        "prior_variance": 0.3015416203888705,
        "source": "pop+cohort+user",
        "lam_js": 0.8472505091649695,
        "n_cohort": 416,
        "z_like": -0.7849782767475559
      },
      "cohort_prior": {
        "mean": 0.11986480769230796,
        "variance": 0.2186938498312511,
        "n": 416
      },
      "user_obs": {
        "slope": -0.6318243557595243,
        "se": 0.37425594377144683,
        "n": 56,
        "at_nominal_step": -0.6318243557595243,
        "se_at_step": 0.37425594377144683,
        "residual_sd": 1.546696290862768,
        "sigma_data_used": 3.5
      },
      "gate": {
        "score": 0.3147763850034216,
        "tier": "possible"
      }
    },
    {
      "action": "sleep_duration",
      "outcome": "hrv_daily",
      "nominal_step": 0.5,
      "dose_multiplier": 0.5056363318051618,
      "dose_multiplier_raw": 0.5056363318051618,
      "direction_conflict": false,
      "scaled_effect": 0.0667885637903757,
      "posterior": {
        "mean": 0.13208814238473576,
        "variance": 0.002917200468673616,
        "sd": 0.054011114306905535,
        "contraction": 0.005636331805161765,
        "prior_mean": 0.13540993265993234,
        "prior_variance": 0.0029337359780747863,
        "source": "pop+cohort+user",
        "lam_js": 0.8472505091649695,
        "n_cohort": 416,
        "z_like": 2.4455733617006263
      },
      "cohort_prior": {
        "mean": 0.13603296703296702,
        "variance": 0.002960794899166767,
        "n": 416
      },
      "user_obs": {
        "slope": -0.30546720801917887,
        "se": 0.7247462855628808,
        "n": 56,
        "at_nominal_step": -0.15273360400958944,
        "se_at_step": 0.3623731427814404,
        "residual_sd": 1.5466962908627684,
        "sigma_data_used": 3.5
      },
      "gate": {
        "score": 0.005636331805161765,
        "tier": "not_exposed"
      }
    },
    {
      "action": "training_load",
      "outcome": "hrv_daily",
      "nominal_step": 100.0,
      "dose_multiplier": 1.4492517674276229,
      "dose_multiplier_raw": 1.4492517674276229,
      "direction_conflict": false,
      "scaled_effect": -4.253190183102561,
      "posterior": {
        "mean": -2.934749005448406,
        "variance": 0.2075833063674553,
        "sd": 0.4556131103990043,
        "contraction": 0.9492517674276229,
        "prior_mean": -5.056217651515151,
        "prior_variance": 4.090453910318943,
        "source": "pop+cohort+user",
        "lam_js": 0.8472505091649695,
        "n_cohort": 416,
        "z_like": -6.441318167684622
      },
      "cohort_prior": {
        "mean": -5.038698533653847,
        "variance": 4.062157266087269,
        "n": 416
      },
      "user_obs": {
        "slope": -0.028214256236729553,
        "se": 0.01992778625894952,
        "n": 56,
        "at_nominal_step": -2.821425623672955,
        "se_at_step": 1.992778625894952,
        "residual_sd": 1.5466962908627686,
        "sigma_data_used": 3.5
      },
      "gate": {
        "score": 0.9492517674276229,
        "tier": "recommended"
      }
    },
    {
      "action": "training_load",
      "outcome": "resting_hr",
      "nominal_step": 100.0,
      "dose_multiplier": 1.4138331678711005,
      "dose_multiplier_raw": 1.4138331678711005,
      "direction_conflict": false,
      "scaled_effect": 0.9215174740452654,
      "posterior": {
        "mean": 0.6517865721263659,
        "variance": 0.023488125154052453,
        "sd": 0.1532583607965727,
        "contraction": 0.9138331678711004,
        "prior_mean": 1.305251261157877,
        "prior_variance": 0.2725889367606766,
        "source": "pop+cohort+user",
        "lam_js": 0.8472505091649695,
        "n_cohort": 416,
        "z_like": 4.252861434369079
      },
      "cohort_prior": {
        "mean": 1.3016362050919952,
        "variance": 0.2710810896650065,