{
  "pid": 1007,
  "cohort": "cohort_c",
  "age": 48,
  "is_female": false,
  "effects_bayesian": [
    {
      "action": "active_energy",
      "outcome": "deep_sleep",
      "nominal_step": 100.0,
      "dose_multiplier": 0.5159437775386527,
      "dose_multiplier_raw": 0.5159437775386527,
      "direction_conflict": false,
      "scaled_effect": 0.34796838333816044,
      "posterior": {
        "mean": 0.6744308168579315,
        "variance": 0.07543295170046344,
        "sd": 0.27465059930840025,
        "contraction": 0.015943777538652726,
        "prior_mean": 0.6921665440115441,
        "prior_variance": 0.07665512394382158,
        "source": "pop+cohort+user",
        "lam_js": 0.7603833865814696,
        "n_cohort": 238,
        "z_like": 2.4555956497317712
      },
      "cohort_prior": {
        "mean": 0.6920608463385354,
        "variance": 0.07663171440556958,
        "n": 238
      },
      "user_obs": {
        "slope": -0.004313712655025018,
        "se": 0.010161052804981729,
        "n": 30,
        "at_nominal_step": -0.43137126550250177,
        "se_at_step": 1.016105280498173,
        "residual_sd": 2.075702658995686,
        "sigma_data_used": 12.0
      },
      "gate": {
        "score": 0.015943777538652726,
        "tier": "not_exposed"
      }
    },
    {
      "action": "bedtime",
      "outcome": "deep_sleep",
      "nominal_step": -0.5,
      "dose_multiplier": 0.6691554653960174,
      "dose_multiplier_raw": 0.6691554653960174,
      "direction_conflict": false,
      "scaled_effect": 0.32220027039088983,
      "posterior": {
        "mean": 0.48150286002701376,
        "variance": 0.7848788198867498,
        "sd": 0.8859338687998951,
        "contraction": 0.16915546539601745,
        "prior_mean": 0.6072164646464647,
        "prior_variance": 0.9446759137205589,
        "source": "pop+cohort+user",
        "lam_js": 0.7603833865814696,
        "n_cohort": 238,
        "z_like": 0.5434975193794858
      },
      "cohort_prior": {
        "mean": 0.5855927731092442,
        "variance": 0.9363184076048073,
        "n": 238
      },
      "user_obs": {
        "slope": 0.15496952732772043,
        "se": 1.1373016487741487,
        "n": 30,
        "at_nominal_step": -0.07748476366386021,
        "se_at_step": 0.5686508243870744,
        "residual_sd": 2.1118628279429794,
        "sigma_data_used": 12.0
      },
      "gate": {
        "score": 0.16915546539601745,
        "tier": "not_exposed"
      }
    },
    {
      "action": "bedtime",
      "outcome": "sleep_quality",
      "nominal_step": -0.5,
      "dose_multiplier": 0.8578362771317033,
      "dose_multiplier_raw": 0.8578362771317033,
      "direction_conflict": false,
      "scaled_effect": 0.625923259327512,
      "posterior": {
        "mean": 0.729653520156987,
        "variance": 0.5695357722406293,
        "sd": 0.7546759385594782,
        "contraction": 0.3578362771317033,
        "prior_mean": 0.4607862962962966,
        "prior_variance": 0.8869011935098631,
        "source": "pop+cohort+user",
        "lam_js": 0.7603833865814696,
        "n_cohort": 238,
        "z_like": 0.966843492519115
      },
      "cohort_prior": {
        "mean": 0.42567579831932817,
        "variance": 0.8706033108101122,
        "n": 238
      },
      "user_obs": {
        "slope": -2.5634377488678384,
        "se": 0.7957129197747944,
        "n": 30,
        "at_nominal_step": 1.2817188744339192,
        "se_at_step": 0.3978564598873972,
        "residual_sd": 1.4775644955739198,
        "sigma_data_used": 7.0
      },
      "gate": {
        "score": 0.3578362771317033,
        "tier": "possible"
      }
    },
    {
      "action": "running_volume",
      "outcome": "hrv_daily",
      "nominal_step": 30.0,
      "dose_multiplier": 0.7755478718180951,
      "dose_multiplier_raw": 0.7755478718180951,
      "direction_conflict": false,
      "scaled_effect": 0.2808193537609616,
      "posterior": {
        "mean": 0.3620915793407371,
        "variance": 0.2184524686261373,
        "sd": 0.467388990698473,
        "contraction": 0.27554787181809515,
        "prior_mean": 0.14166006734006745,
        "prior_variance": 0.3015416203888705,
        "source": "pop+cohort+user",
        "lam_js": 0.7603833865814696,
        "n_cohort": 238,
        "z_like": 0.7747114000259657
      },
      "cohort_prior": {
        "mean": 0.19654117647058833,
        "variance": 0.5699868837170512,
        "n": 238
      },
      "user_obs": {
        "slope": 0.5174199582334603,
        "se": 0.4268978488253079,
        "n": 30,
        "at_nominal_step": 0.5174199582334603,
        "se_at_step": 0.4268978488253079,
        "residual_sd": 1.505344697593446,
        "sigma_data_used": 3.5
      },
      "gate": {
        "score": 0.27554787181809515,
        "tier": "not_exposed"
      }
    },
    {
      "action": "sleep_duration",
      "outcome": "hrv_daily",
      "nominal_step": 0.5,
      "dose_multiplier": 0.5,
      "dose_multiplier_raw": 0.5,
      "direction_conflict": false,
      "scaled_effect": 0.06670441946730254,
      "posterior": {
        "mean": 0.1334088389346051,
        "variance": 0.002938174668328203,
        "sd": 0.054204932140241656,
        "contraction": 0.0,
        "prior_mean": 0.13540993265993234,
        "prior_variance": 0.0029337359780747863,
        "source": "pop+cohort+user",
        "lam_js": 0.7603833865814696,
        "n_cohort": 238,
        "z_like": 2.461193726604863
      },
      "cohort_prior": {
        "mean": 0.13619087635053972,
        "variance": 0.0029676727681804804,
        "n": 238
      },
      "user_obs": {
        "slope": -0.4492487273848071,
        "se": 0.9290622634389153,
        "n": 30,
        "at_nominal_step": -0.22462436369240354,
        "se_at_step": 0.46453113171945765,
        "residual_sd": 1.5053446975934428,
        "sigma_data_used": 3.5
      },
      "gate": {
        "score": 0.0,
        "tier": "not_exposed"
      }
    },
    {
      "action": "training_load",
      "outcome": "hrv_daily",
      "nominal_step": 100.0,
      "dose_multiplier": 0.5,
      "dose_multiplier_raw": 1.4091888225644873,
      "direction_conflict": true,
      "scaled_effect": 2.0507109605419633,
      "posterior": {
        "mean": 4.101421921083927,
        "variance": 0.3714589358417602,
        "sd": 0.6094743110597527,
        "contraction": 0.9091888225644873,
        "prior_mean": -5.056217651515151,
        "prior_variance": 4.090453910318943,
        "source": "pop+cohort+user",
        "lam_js": 0.7603833865814696,
        "n_cohort": 238,
        "z_like": 6.7294418266003415
      },
      "cohort_prior": {
        "mean": -5.074865420168067,
        "variance": 4.120681445250819,
        "n": 238
      },
      "user_obs": {
        "slope": 0.05011900221254648,
        "se": 0.029364560986941145,
        "n": 30,
        "at_nominal_step": 5.011900221254648,
        "se_at_step": 2.9364560986941144,
        "residual_sd": 1.5053446975934464,
        "sigma_data_used": 3.5
      },
      "gate": {
        "score": 0.45459441128224365,
        "tier": "possible"
      }
    },
    {
      "action": "training_load",
      "outcome": "resting_hr",
      "nominal_step": 100.0,
      "dose_multiplier": 0.5,
      "dose_multiplier_raw": 1.3501754286902394,
      "direction_conflict": true,
      "scaled_effect": -0.2806517015649123,
      "posterior": {
        "mean": -0.5613034031298246,
        "variance": 0.040840520593951816,
        "sd": 0.2020903772918241,
        "contraction": 0.8501754286902394,
        "prior_mean": 1.305251261157877,
        "prior_variance": 0.2725889367606766,
        "source": "pop+cohort+user",
        "lam_js": 0.7603833865814696,
        "n_cohort": 238,
        "z_like": -2.7774870365019257
      },
      "cohort_prior": {
        "mean": 1.3090992134188058,
        "variance": 0.2741985200917978,
        "n": 238
      },
      "user_obs": {
        "slope": -0.008890295814742266,