{
  "pid": 81,
  "cohort": "cohort_a",
  "age": 31,
  "is_female": true,
  "effects_bayesian": [
    {
      "action": "active_energy",
      "outcome": "deep_sleep",
      "nominal_step": 100.0,
      "dose_multiplier": 0.513928876738436,
      "dose_multiplier_raw": 0.513928876738436,
      "direction_conflict": false,
      "scaled_effect": 0.3470464864040229,
      "posterior": {
        "mean": 0.675281156813946,
        "variance": 0.07558740417103856,
        "sd": 0.27493163544968513,
        "contraction": 0.013928876738436013,
        "prior_mean": 0.6921665440115441,
        "prior_variance": 0.07665512394382158,
        "source": "pop+cohort+user",
        "lam_js": 0.8768472906403941,
        "n_cohort": 534,
        "z_like": 2.456178444904818
      },
      "cohort_prior": {
        "mean": 0.6984414526484751,
        "variance": 0.07805127404443395,
        "n": 534
      },
      "user_obs": {
        "slope": -0.0006393861442843402,
        "se": 0.007747268370723719,
        "n": 56,
        "at_nominal_step": -0.06393861442843402,
        "se_at_step": 0.7747268370723719,
        "residual_sd": 2.3632445574273793,
        "sigma_data_used": 12.0
      },
      "gate": {
        "score": 0.013928876738436013,
        "tier": "not_exposed"
      }
    },
    {
      "action": "bedtime",
      "outcome": "deep_sleep",
      "nominal_step": -0.5,
      "dose_multiplier": 0.7630667001950857,
      "dose_multiplier_raw": 0.7630667001950857,
      "direction_conflict": false,
      "scaled_effect": 0.5046883930435989,
      "posterior": {
        "mean": 0.661394859603453,
        "variance": 0.696163138344314,
        "sd": 0.834363912417306,
        "contraction": 0.2630667001950857,
        "prior_mean": 0.6072164646464647,
        "prior_variance": 0.9446759137205589,
        "source": "pop+cohort+user",
        "lam_js": 0.8768472906403941,
        "n_cohort": 534,
        "z_like": 0.7926935115005995
      },
      "cohort_prior": {
        "mean": 0.6056498876404495,
        "variance": 0.9560138510611396,
        "n": 534
      },
      "user_obs": {
        "slope": -1.622072521363364,
        "se": 0.663406332551251,
        "n": 56,
        "at_nominal_step": 0.811036260681682,
        "se_at_step": 0.3317031662756255,
        "residual_sd": 2.379575966037382,
        "sigma_data_used": 12.0
      },
      "gate": {
        "score": 0.2630667001950857,
        "tier": "not_exposed"
      }
    },
    {
      "action": "bedtime",
      "outcome": "sleep_quality",
      "nominal_step": -0.5,
      "dose_multiplier": 1.0038442332442534,
      "dose_multiplier_raw": 1.0038442332442534,
      "direction_conflict": false,
      "scaled_effect": 0.7799329114550541,
      "posterior": {
        "mean": 0.7769461492391542,
        "variance": 0.4400411417024728,
        "sd": 0.6633559690712618,
        "contraction": 0.5038442332442534,
        "prior_mean": 0.4607862962962966,
        "prior_variance": 0.8869011935098631,
        "source": "pop+cohort+user",
        "lam_js": 0.8768472906403941,
        "n_cohort": 534,
        "z_like": 1.1712356343562047
      },
      "cohort_prior": {
        "mean": 0.46373086142322145,
        "variance": 0.8849888909576128,
        "n": 534
      },
      "user_obs": {
        "slope": -2.173804759859372,
        "se": 0.44904312694637233,
        "n": 56,
        "at_nominal_step": 1.086902379929686,
        "se_at_step": 0.22452156347318616,
        "residual_sd": 1.610675358624666,
        "sigma_data_used": 7.0
      },
      "gate": {
        "score": 0.5038442332442534,
        "tier": "possible"
      }
    },
    {
      "action": "running_volume",
      "outcome": "hrv_daily",
      "nominal_step": 30.0,
      "dose_multiplier": 1.113011772276164,
      "dose_multiplier_raw": 1.113011772276164,
      "direction_conflict": false,
      "scaled_effect": 0.11146685715502393,
      "posterior": {
        "mean": 0.10014885730010627,
        "variance": 0.11669305725926267,
        "sd": 0.34160365521941166,
        "contraction": 0.6130117722761642,
        "prior_mean": 0.14166006734006745,
        "prior_variance": 0.3015416203888705,
        "source": "pop+cohort+user",
        "lam_js": 0.8768472906403941,
        "n_cohort": 534,
        "z_like": 0.29317267473552283
      },
      "cohort_prior": {
        "mean": 0.13417902621722846,
        "variance": 0.24427088794406634,
        "n": 534
      },
      "user_obs": {
        "slope": 0.06958113360144348,
        "se": 0.3222450625999434,
        "n": 56,
        "at_nominal_step": 0.06958113360144348,
        "se_at_step": 0.3222450625999434,
        "residual_sd": 1.6135254254760547,
        "sigma_data_used": 3.5
      },
      "gate": {
        "score": 0.6130117722761642,
        "tier": "possible"
      }
    },
    {
      "action": "sleep_duration",
      "outcome": "hrv_daily",
      "nominal_step": 0.5,
      "dose_multiplier": 0.5237287399969176,
      "dose_multiplier_raw": 0.5237287399969176,
      "direction_conflict": false,
      "scaled_effect": 0.07253943676924385,
      "posterior": {
        "mean": 0.13850574014645592,
        "variance": 0.002864122119831447,
        "sd": 0.05351749358697067,
        "contraction": 0.023728739996917603,
        "prior_mean": 0.13540993265993234,
        "prior_variance": 0.0029337359780747863,
        "source": "pop+cohort+user",
        "lam_js": 0.8768472906403941,
        "n_cohort": 534,
        "z_like": 2.5880460922814295
      },
      "cohort_prior": {
        "mean": 0.13457651150347733,
        "variance": 0.002897733991751291,
        "n": 534
      },
      "user_obs": {
        "slope": 0.8538771513964752,
        "se": 0.8951957159484774,
        "n": 56,
        "at_nominal_step": 0.4269385756982376,
        "se_at_step": 0.4475978579742387,
        "residual_sd": 1.6135254254760543,
        "sigma_data_used": 3.5
      },
      "gate": {
        "score": 0.023728739996917603,
        "tier": "not_exposed"
      }
    },
    {
      "action": "training_load",
      "outcome": "hrv_daily",
      "nominal_step": 100.0,
      "dose_multiplier": 1.4492318005692542,
      "dose_multiplier_raw": 1.4492318005692542,
      "direction_conflict": false,
      "scaled_effect": -0.45422486526490446,
      "posterior": {
        "mean": -0.31342457782563576,
        "variance": 0.20766497988134625,
        "sd": 0.4557027319221888,
        "contraction": 0.9492318005692542,
        "prior_mean": -5.056217651515151,
        "prior_variance": 4.090453910318943,
        "source": "pop+cohort+user",
        "lam_js": 0.8768472906403941,
        "n_cohort": 534,
        "z_like": -0.6877829687427746
      },
      "cohort_prior": {
        "mean": -5.061554325842696,
        "variance": 4.099093150953106,
        "n": 534
      },
      "user_obs": {
        "slope": -0.0006000761531965224,
        "se": 0.01660580150969584,
        "n": 56,
        "at_nominal_step": -0.060007615319652235,
        "se_at_step": 1.6605801509695841,
        "residual_sd": 1.6135254254760552,
        "sigma_data_used": 3.5
      },
      "gate": {
        "score": 0.9492318005692542,
        "tier": "recommended"
      }
    },
    {
      "action": "training_load",
      "outcome": "resting_hr",
      "nominal_step": 100.0,
      "dose_multiplier": 1.4137871813838943,
      "dose_multiplier_raw": 1.4137871813838943,
      "direction_conflict": false,
      "scaled_effect": 0.7290572907515745,
      "posterior": {
        "mean": 0.5156768291235547,
        "variance": 0.023500660561705362,
        "sd": 0.15329925166714078,
        "contraction": 0.9137871813838941,
        "prior_mean": 1.305251261157877,
        "prior_variance": 0.2725889367606766,
        "source": "pop+cohort+user",
        "lam_js": 0.8768472906403941,
        "n_cohort": 534,
        "z_like": 3.363857445587834
      },
      "cohort_prior": {
        "mean": 1.306352479669686,
        "variance": 0.273049088182262,