{
  "pid": 789,
  "cohort": "cohort_b",
  "age": 44,
  "is_female": true,
  "effects_bayesian": [
    {
      "action": "active_energy",
      "outcome": "deep_sleep",
      "nominal_step": 100.0,
      "dose_multiplier": 0.5526547018548416,
      "dose_multiplier_raw": 0.5526547018548416,
      "direction_conflict": false,
      "scaled_effect": 0.37439816584651897,
      "posterior": {
        "mean": 0.6774540496804768,
        "variance": 0.07261887124691373,
        "sd": 0.269478888313934,
        "contraction": 0.05265470185484156,
        "prior_mean": 0.6921665440115441,
        "prior_variance": 0.07665512394382158,
        "source": "pop+cohort+user",
        "lam_js": 0.8472505091649695,
        "n_cohort": 416,
        "z_like": 2.5139410879982007
      },
      "cohort_prior": {
        "mean": 0.6841722046703297,
        "variance": 0.07489465690295352,
        "n": 416
      },
      "user_obs": {
        "slope": 0.004504194192076719,
        "se": 0.006939309579397768,
        "n": 67,
        "at_nominal_step": 0.45041941920767187,
        "se_at_step": 0.6939309579397768,
        "residual_sd": 2.165344590540755,
        "sigma_data_used": 12.0
      },
      "gate": {
        "score": 0.05265470185484156,
        "tier": "not_exposed"
      }
    },
    {
      "action": "bedtime",
      "outcome": "deep_sleep",
      "nominal_step": -0.5,
      "dose_multiplier": 0.8080198611321171,
      "dose_multiplier_raw": 0.8080198611321171,
      "direction_conflict": false,
      "scaled_effect": 0.6722486174686971,
      "posterior": {
        "mean": 0.8319704128643685,
        "variance": 0.6536969699614965,
        "sd": 0.8085152874012318,
        "contraction": 0.3080198611321171,
        "prior_mean": 0.6072164646464647,
        "prior_variance": 0.9446759137205589,
        "source": "pop+cohort+user",
        "lam_js": 0.8472505091649695,
        "n_cohort": 416,
        "z_like": 1.029010119942849
      },
      "cohort_prior": {
        "mean": 0.6215986538461539,
        "variance": 0.9384823525592582,
        "n": 416
      },
      "user_obs": {
        "slope": -2.636588606278679,
        "se": 0.7256836906998182,
        "n": 67,
        "at_nominal_step": 1.3182943031393395,
        "se_at_step": 0.3628418453499091,
        "residual_sd": 2.1810871572310435,
        "sigma_data_used": 12.0
      },
      "gate": {
        "score": 0.3080198611321171,
        "tier": "possible"
      }
    },
    {
      "action": "bedtime",
      "outcome": "sleep_quality",
      "nominal_step": -0.5,
      "dose_multiplier": 1.0453454516619114,
      "dose_multiplier_raw": 1.0453454516619114,
      "direction_conflict": false,
      "scaled_effect": 0.5809360383006043,
      "posterior": {
        "mean": 0.5557359410489808,
        "variance": 0.4032336615557385,
        "sd": 0.6350068200860038,
        "contraction": 0.5453454516619114,
        "prior_mean": 0.4607862962962966,
        "prior_variance": 0.8869011935098631,
        "source": "pop+cohort+user",
        "lam_js": 0.8472505091649695,
        "n_cohort": 416,
        "z_like": 0.8751653107815649
      },
      "cohort_prior": {
        "mean": 0.4770937500000001,
        "variance": 0.9009695161433738,
        "n": 416
      },
      "user_obs": {
        "slope": -1.2435073171520663,
        "se": 0.4496875389189006,
        "n": 67,
        "at_nominal_step": 0.6217536585760332,
        "se_at_step": 0.2248437694594503,
        "residual_sd": 1.3515636750179687,
        "sigma_data_used": 7.0
      },
      "gate": {
        "score": 0.5453454516619114,
        "tier": "possible"
      }
    },
    {
      "action": "running_volume",
      "outcome": "hrv_daily",
      "nominal_step": 30.0,
      "dose_multiplier": 1.1633236814582526,
      "dose_multiplier_raw": 1.1633236814582526,
      "direction_conflict": false,
      "scaled_effect": 0.07634367281727107,
      "posterior": {
        "mean": 0.06562547813139379,
        "variance": 0.101521922639638,
        "sd": 0.3186250502387375,
        "contraction": 0.6633236814582527,
        "prior_mean": 0.14166006734006745,
        "prior_variance": 0.3015416203888705,
        "source": "pop+cohort+user",
        "lam_js": 0.8472505091649695,
        "n_cohort": 416,
        "z_like": 0.2059645909266152
      },
      "cohort_prior": {
        "mean": 0.11986480769230796,
        "variance": 0.2186938498312511,
        "n": 416
      },
      "user_obs": {
        "slope": 0.019516001101077877,
        "se": 0.2114503538356167,
        "n": 67,
        "at_nominal_step": 0.019516001101077877,
        "se_at_step": 0.2114503538356167,
        "residual_sd": 1.722664357965002,
        "sigma_data_used": 3.5
      },
      "gate": {
        "score": 0.6633236814582527,
        "tier": "possible"
      }
    },
    {
      "action": "sleep_duration",
      "outcome": "hrv_daily",
      "nominal_step": 0.5,
      "dose_multiplier": 0.5082342888151464,
      "dose_multiplier_raw": 0.5082342888151464,
      "direction_conflict": false,
      "scaled_effect": 0.0653648420631397,
      "posterior": {
        "mean": 0.12861163345654156,
        "variance": 0.0029095787487239326,
        "sd": 0.05394051120191514,
        "contraction": 0.008234288815146429,
        "prior_mean": 0.13540993265993234,
        "prior_variance": 0.0029337359780747863,
        "source": "pop+cohort+user",
        "lam_js": 0.8472505091649695,
        "n_cohort": 416,
        "z_like": 2.3843235926168833
      },
      "cohort_prior": {
        "mean": 0.13603296703296702,
        "variance": 0.002960794899166767,
        "n": 416
      },
      "user_obs": {
        "slope": -0.64886625488963,
        "se": 0.6688050214917008,
        "n": 67,
        "at_nominal_step": -0.324433127444815,
        "se_at_step": 0.3344025107458504,
        "residual_sd": 1.7226643579650023,
        "sigma_data_used": 3.5
      },
      "gate": {
        "score": 0.008234288815146429,
        "tier": "not_exposed"
      }
    },
    {
      "action": "training_load",
      "outcome": "hrv_daily",
      "nominal_step": 100.0,
      "dose_multiplier": 1.4572250712989225,
      "dose_multiplier_raw": 1.4572250712989225,
      "direction_conflict": false,
      "scaled_effect": -0.5849492472924271,
      "posterior": {
        "mean": -0.4014131096241863,
        "variance": 0.17496887436893666,
        "sd": 0.4182928093679554,
        "contraction": 0.9572250712989224,
        "prior_mean": -5.056217651515151,
        "prior_variance": 4.090453910318943,
        "source": "pop+cohort+user",
        "lam_js": 0.8472505091649695,
        "n_cohort": 416,
        "z_like": -0.9596462110613987
      },
      "cohort_prior": {
        "mean": -5.038698533653847,
        "variance": 4.062157266087269,
        "n": 416
      },
      "user_obs": {
        "slope": -0.0019279126859247787,
        "se": 0.017771163150215517,
        "n": 67,
        "at_nominal_step": -0.19279126859247786,
        "se_at_step": 1.7771163150215517,
        "residual_sd": 1.7226643579650027,
        "sigma_data_used": 3.5
      },
      "gate": {
        "score": 0.9572250712989224,
        "tier": "recommended"
      }
    },
    {
      "action": "training_load",
      "outcome": "resting_hr",
      "nominal_step": 100.0,
      "dose_multiplier": 0.5,
      "dose_multiplier_raw": 1.4269415475995544,
      "direction_conflict": true,
      "scaled_effect": -0.05469174458359975,
      "posterior": {
        "mean": -0.1093834891671995,
        "variance": 0.019914925861218003,
        "sd": 0.14112025319286386,
        "contraction": 0.9269415475995543,
        "prior_mean": 1.305251261157877,
        "prior_variance": 0.2725889367606766,
        "source": "pop+cohort+user",
        "lam_js": 0.8472505091649695,
        "n_cohort": 416,
        "z_like": -0.7751083681639169
      },
      "cohort_prior": {
        "mean": 1.3016362050919952,
        "variance": 0.2710810896650065,