{
  "pid": 1,
  "cohort": "cohort_a",
  "age": 26,
  "is_female": false,
  "effects_bayesian": [
    {
      "action": "active_energy",
      "outcome": "deep_sleep",
      "nominal_step": 100.0,
      "dose_multiplier": 0.5159949430702274,
      "dose_multiplier_raw": 0.5159949430702274,
      "direction_conflict": false,
      "scaled_effect": 0.3434509142391322,
      "posterior": {
        "mean": 0.6656090701113484,
        "variance": 0.07542902960029893,
        "sd": 0.2746434590524576,
        "contraction": 0.01599494307022742,
        "prior_mean": 0.6921665440115441,
        "prior_variance": 0.07665512394382158,
        "source": "pop+cohort+user",
        "lam_js": 0.8768472906403941,
        "n_cohort": 534,
        "z_like": 2.4235387669808492
      },
      "cohort_prior": {
        "mean": 0.6984414526484751,
        "variance": 0.07805127404443395,
        "n": 534
      },
      "user_obs": {
        "slope": -0.0032240364028296165,
        "se": 0.007289110132071837,
        "n": 60,
        "at_nominal_step": -0.32240364028296165,
        "se_at_step": 0.7289110132071837,
        "residual_sd": 2.2636846237522845,
        "sigma_data_used": 12.0
      },
      "gate": {
        "score": 0.01599494307022742,
        "tier": "not_exposed"
      }
    },
    {
      "action": "bedtime",
      "outcome": "deep_sleep",
      "nominal_step": -0.5,
      "dose_multiplier": 0.777047066393277,
      "dose_multiplier_raw": 0.777047066393277,
      "direction_conflict": false,
      "scaled_effect": 0.5597109446688432,
      "posterior": {
        "mean": 0.7203050740115191,
        "variance": 0.6829562231318896,
        "sd": 0.8264116547652808,
        "contraction": 0.27704706639327703,
        "prior_mean": 0.6072164646464647,
        "prior_variance": 0.9446759137205589,
        "source": "pop+cohort+user",
        "lam_js": 0.8768472906403941,
        "n_cohort": 534,
        "z_like": 0.8716056578559528
      },
      "cohort_prior": {
        "mean": 0.6056498876404495,
        "variance": 0.9560138510611396,
        "n": 534
      },
      "user_obs": {
        "slope": -2.0161571638272897,
        "se": 0.6274950313607633,
        "n": 60,
        "at_nominal_step": 1.0080785819136449,
        "se_at_step": 0.3137475156803817,
        "residual_sd": 2.2834471399799616,
        "sigma_data_used": 12.0
      },
      "gate": {
        "score": 0.27704706639327703,
        "tier": "not_exposed"
      }
    },
    {
      "action": "bedtime",
      "outcome": "sleep_quality",
      "nominal_step": -0.5,
      "dose_multiplier": 1.0210489804651262,
      "dose_multiplier_raw": 1.0210489804651262,
      "direction_conflict": false,
      "scaled_effect": 0.8547977666472851,
      "posterior": {
        "mean": 0.8371760640296537,
        "variance": 0.4247822308582454,
        "sd": 0.6517531978120594,
        "contraction": 0.5210489804651262,
        "prior_mean": 0.4607862962962966,
        "prior_variance": 0.8869011935098631,
        "source": "pop+cohort+user",
        "lam_js": 0.8768472906403941,
        "n_cohort": 534,
        "z_like": 1.2844985906322521
      },
      "cohort_prior": {
        "mean": 0.46373086142322145,
        "variance": 0.8849888909576128,
        "n": 534
      },
      "user_obs": {
        "slope": -2.364067758327329,
        "se": 0.3551772679703048,
        "n": 60,
        "at_nominal_step": 1.1820338791636644,
        "se_at_step": 0.1775886339851524,
        "residual_sd": 1.2924859579747134,
        "sigma_data_used": 7.0
      },
      "gate": {
        "score": 0.5210489804651262,
        "tier": "possible"
      }
    },
    {
      "action": "running_volume",
      "outcome": "hrv_daily",
      "nominal_step": 30.0,
      "dose_multiplier": 1.1272162696448673,
      "dose_multiplier_raw": 1.1272162696448673,
      "direction_conflict": false,
      "scaled_effect": 0.22761370375261247,
      "posterior": {
        "mean": 0.2019254954724197,
        "variance": 0.1124098101058945,
        "sd": 0.3352757225119267,
        "contraction": 0.6272162696448673,
        "prior_mean": 0.14166006734006745,
        "prior_variance": 0.3015416203888705,
        "source": "pop+cohort+user",
        "lam_js": 0.8768472906403941,
        "n_cohort": 534,
        "z_like": 0.6022669758477267
      },
      "cohort_prior": {
        "mean": 0.13417902621722846,
        "variance": 0.24427088794406634,
        "n": 534
      },
      "user_obs": {
        "slope": 0.2564729277857078,
        "se": 0.19576034433126147,
        "n": 60,
        "at_nominal_step": 0.2564729277857078,
        "se_at_step": 0.19576034433126147,
        "residual_sd": 1.4187312884702619,
        "sigma_data_used": 3.5
      },
      "gate": {
        "score": 0.6272162696448673,
        "tier": "possible"
      }
    },
    {
      "action": "sleep_duration",
      "outcome": "hrv_daily",
      "nominal_step": 0.5,
      "dose_multiplier": 0.5246409187787313,
      "dose_multiplier_raw": 0.5246409187787313,
      "direction_conflict": false,
      "scaled_effect": 0.07130574966851402,
      "posterior": {
        "mean": 0.13591343548745843,
        "variance": 0.0028614460281208036,
        "sd": 0.05349248571641445,
        "contraction": 0.024640918778731313,
        "prior_mean": 0.13540993265993234,
        "prior_variance": 0.0029337359780747863,
        "source": "pop+cohort+user",
        "lam_js": 0.8768472906403941,
        "n_cohort": 534,
        "z_like": 2.540794911045846
      },
      "cohort_prior": {
        "mean": 0.13457651150347733,
        "variance": 0.002897733991751291,
        "n": 534
      },
      "user_obs": {
        "slope": 0.445493048919693,
        "se": 0.6446875947495098,
        "n": 60,
        "at_nominal_step": 0.2227465244598465,
        "se_at_step": 0.3223437973747549,
        "residual_sd": 1.4187312884702616,
        "sigma_data_used": 3.5
      },
      "gate": {
        "score": 0.024640918778731313,
        "tier": "not_exposed"
      }
    },
    {
      "action": "training_load",
      "outcome": "hrv_daily",
      "nominal_step": 100.0,
      "dose_multiplier": 1.4524557287741793,
      "dose_multiplier_raw": 1.4524557287741793,
      "direction_conflict": false,
      "scaled_effect": -1.14968370878778,
      "posterior": {
        "mean": -0.7915447514245905,
        "variance": 0.19447765014892257,
        "sd": 0.4409962019665505,
        "contraction": 0.9524557287741793,
        "prior_mean": -5.056217651515151,
        "prior_variance": 4.090453910318943,
        "source": "pop+cohort+user",
        "lam_js": 0.8768472906403941,
        "n_cohort": 534,
        "z_like": -1.7949015159196973
      },
      "cohort_prior": {
        "mean": -5.061554325842696,
        "variance": 4.099093150953106,
        "n": 534
      },
      "user_obs": {
        "slope": -0.0057884254429095795,
        "se": 0.01845340014545078,
        "n": 60,
        "at_nominal_step": -0.5788425442909579,
        "se_at_step": 1.8453400145450782,
        "residual_sd": 1.4187312884702616,
        "sigma_data_used": 3.5
      },
      "gate": {
        "score": 0.9524557287741793,
        "tier": "recommended"
      }
    },
    {
      "action": "training_load",
      "outcome": "resting_hr",
      "nominal_step": 100.0,
      "dose_multiplier": 0.5,
      "dose_multiplier_raw": 1.4190702444779641,
      "direction_conflict": true,
      "scaled_effect": -0.004286520245642265,
      "posterior": {
        "mean": -0.00857304049128453,
        "variance": 0.022060556010053273,
        "sd": 0.14852796373091928,
        "contraction": 0.919070244477964,
        "prior_mean": 1.305251261157877,
        "prior_variance": 0.2725889367606766,
        "source": "pop+cohort+user",
        "lam_js": 0.8768472906403941,
        "n_cohort": 534,
        "z_like": -0.05772004325606914
      },
      "cohort_prior": {
        "mean": 1.306352479669686,
        "variance": 0.273049088182262,