{
  "pid": 686,
  "cohort": "cohort_b",
  "age": 22,
  "is_female": false,
  "effects_bayesian": [
    {
      "action": "active_energy",
      "outcome": "deep_sleep",
      "nominal_step": 100.0,
      "dose_multiplier": 0.54640304387206,
      "dose_multiplier_raw": 0.54640304387206,
      "direction_conflict": false,
      "scaled_effect": 0.3839236939816515,
      "posterior": {
        "mean": 0.7026382782588361,
        "variance": 0.07309809286443823,
        "sd": 0.2703665897710703,
        "contraction": 0.04640304387205996,
        "prior_mean": 0.6921665440115441,
        "prior_variance": 0.07665512394382158,
        "source": "pop+cohort+user",
        "lam_js": 0.8472505091649695,
        "n_cohort": 416,
        "z_like": 2.5988354509844824
      },
      "cohort_prior": {
        "mean": 0.6841722046703297,
        "variance": 0.07489465690295352,
        "n": 416
      },
      "user_obs": {
        "slope": 0.01314500212235567,
        "se": 0.008925524257380309,
        "n": 54,
        "at_nominal_step": 1.3145002122355671,
        "se_at_step": 0.8925524257380308,
        "residual_sd": 2.425874885456245,
        "sigma_data_used": 12.0
      },
      "gate": {
        "score": 0.04640304387205996,
        "tier": "not_exposed"
      }
    },
    {
      "action": "bedtime",
      "outcome": "deep_sleep",
      "nominal_step": -0.5,
      "dose_multiplier": 0.7646220382882518,
      "dose_multiplier_raw": 0.7646220382882518,
      "direction_conflict": false,
      "scaled_effect": 0.45828105198816516,
      "posterior": {
        "mean": 0.5993563212147432,
        "variance": 0.6946938479100079,
        "sd": 0.8334829619794324,
        "contraction": 0.2646220382882518,
        "prior_mean": 0.6072164646464647,
        "prior_variance": 0.9446759137205589,
        "source": "pop+cohort+user",
        "lam_js": 0.8472505091649695,
        "n_cohort": 416,
        "z_like": 0.7190984681814448
      },
      "cohort_prior": {
        "mean": 0.6215986538461539,
        "variance": 0.9384823525592582,
        "n": 416
      },
      "user_obs": {
        "slope": -1.0849096960783753,
        "se": 0.7033237637151479,
        "n": 54,
        "at_nominal_step": 0.5424548480391876,
        "se_at_step": 0.35166188185757397,
        "residual_sd": 2.4518957477733494,
        "sigma_data_used": 12.0
      },
      "gate": {
        "score": 0.2646220382882518,
        "tier": "not_exposed"
      }
    },
    {
      "action": "bedtime",
      "outcome": "sleep_quality",
      "nominal_step": -0.5,
      "dose_multiplier": 0.9908795646142635,
      "dose_multiplier_raw": 0.9908795646142635,
      "direction_conflict": false,
      "scaled_effect": 0.3459282281212775,
      "posterior": {
        "mean": 0.3491122841512458,
        "variance": 0.45153952178387086,
        "sd": 0.6719669052742634,
        "contraction": 0.4908795646142635,
        "prior_mean": 0.4607862962962966,
        "prior_variance": 0.8869011935098631,
        "source": "pop+cohort+user",
        "lam_js": 0.8472505091649695,
        "n_cohort": 416,
        "z_like": 0.5195379138631173
      },
      "cohort_prior": {
        "mean": 0.4770937500000001,
        "variance": 0.9009695161433738,
        "n": 416
      },
      "user_obs": {
        "slope": -0.44483769529327344,
        "se": 0.3509620415776532,
        "n": 54,
        "at_nominal_step": 0.22241884764663672,
        "se_at_step": 0.1754810207888266,
        "residual_sd": 1.2235081221038053,
        "sigma_data_used": 7.0
      },
      "gate": {
        "score": 0.4908795646142635,
        "tier": "possible"
      }
    },
    {
      "action": "running_volume",
      "outcome": "hrv_daily",
      "nominal_step": 30.0,
      "dose_multiplier": 1.122671200887503,
      "dose_multiplier_raw": 1.122671200887503,
      "direction_conflict": false,
      "scaled_effect": 0.16598090572647695,
      "posterior": {
        "mean": 0.1478446277015607,
        "variance": 0.11378033750376892,
        "sd": 0.3373134113903106,
        "contraction": 0.622671200887503,
        "prior_mean": 0.14166006734006745,
        "prior_variance": 0.3015416203888705,
        "source": "pop+cohort+user",
        "lam_js": 0.8472505091649695,
        "n_cohort": 416,
        "z_like": 0.4383004728219578
      },
      "cohort_prior": {
        "mean": 0.11986480769230796,
        "variance": 0.2186938498312511,
        "n": 416
      },
      "user_obs": {
        "slope": 0.17234166576802637,
        "se": 0.3567414957856019,
        "n": 54,
        "at_nominal_step": 0.17234166576802637,
        "se_at_step": 0.3567414957856019,
        "residual_sd": 1.8306483602477805,
        "sigma_data_used": 3.5
      },
      "gate": {
        "score": 0.622671200887503,
        "tier": "possible"
      }
    },
    {
      "action": "sleep_duration",
      "outcome": "hrv_daily",
      "nominal_step": 0.5,
      "dose_multiplier": 0.5051625129670514,
      "dose_multiplier_raw": 0.5051625129670514,
      "direction_conflict": false,
      "scaled_effect": 0.07091959584247762,
      "posterior": {
        "mean": 0.14038966475547496,
        "variance": 0.00291859052804607,
        "sd": 0.05402398104588434,
        "contraction": 0.005162512967051391,
        "prior_mean": 0.13540993265993234,
        "prior_variance": 0.0029337359780747863,
        "source": "pop+cohort+user",
        "lam_js": 0.8472505091649695,
        "n_cohort": 416,
        "z_like": 2.598654561133461
      },
      "cohort_prior": {
        "mean": 0.13603296703296702,
        "variance": 0.002960794899166767,
        "n": 416
      },
      "user_obs": {
        "slope": 0.9639315851450367,
        "se": 0.7348955695323007,
        "n": 54,
        "at_nominal_step": 0.48196579257251837,
        "se_at_step": 0.36744778476615036,
        "residual_sd": 1.8306483602477794,
        "sigma_data_used": 3.5
      },
      "gate": {
        "score": 0.005162512967051391,
        "tier": "not_exposed"
      }
    },
    {
      "action": "training_load",
      "outcome": "hrv_daily",
      "nominal_step": 100.0,
      "dose_multiplier": 1.4474715166095566,
      "dose_multiplier_raw": 1.4474715166095566,
      "direction_conflict": false,
      "scaled_effect": -6.0539977591265455,
      "posterior": {
        "mean": -4.182464172633223,
        "variance": 0.21486534028756318,
        "sd": 0.46353569472864026,
        "contraction": 0.9474715166095565,
        "prior_mean": -5.056217651515151,
        "prior_variance": 4.090453910318943,
        "source": "pop+cohort+user",
        "lam_js": 0.8472505091649695,
        "n_cohort": 416,
        "z_like": -9.022960303157863
      },
      "cohort_prior": {
        "mean": -5.038698533653847,
        "variance": 4.062157266087269,
        "n": 416
      },
      "user_obs": {
        "slope": -0.04134548862528807,
        "se": 0.021930768491447154,
        "n": 54,
        "at_nominal_step": -4.134548862528807,
        "se_at_step": 2.1930768491447155,
        "residual_sd": 1.8306483602477799,
        "sigma_data_used": 3.5
      },
      "gate": {
        "score": 0.9474715166095565,
        "tier": "recommended"
      }
    },
    {
      "action": "training_load",
      "outcome": "resting_hr",
      "nominal_step": 100.0,
      "dose_multiplier": 1.4109274064472632,
      "dose_multiplier_raw": 1.4109274064472632,
      "direction_conflict": false,
      "scaled_effect": 0.2890010655617791,
      "posterior": {
        "mean": 0.20483057047526507,
        "variance": 0.024280203571056404,
        "sd": 0.15582106266822981,
        "contraction": 0.9109274064472632,
        "prior_mean": 1.305251261157877,
        "prior_variance": 0.2725889367606766,
        "source": "pop+cohort+user",
        "lam_js": 0.8472505091649695,
        "n_cohort": 416,
        "z_like": 1.3145242816844667
      },
      "cohort_prior": {
        "mean": 1.3016362050919952,
        "variance": 0.2710810896650065,