{
  "pid": 941,
  "cohort": "cohort_b",
  "age": 31,
  "is_female": true,
  "effects_bayesian": [
    {
      "action": "active_energy",
      "outcome": "deep_sleep",
      "nominal_step": 100.0,
      "dose_multiplier": 0.541048371042292,
      "dose_multiplier_raw": 0.541048371042292,
      "direction_conflict": false,
      "scaled_effect": 0.3710012346059222,
      "posterior": {
        "mean": 0.6857080705948975,
        "variance": 0.07350855597388271,
        "sd": 0.2711246133678806,
        "contraction": 0.041048371042291976,
        "prior_mean": 0.6921665440115441,
        "prior_variance": 0.07665512394382158,
        "source": "pop+cohort+user",
        "lam_js": 0.8472505091649695,
        "n_cohort": 416,
        "z_like": 2.529125121017624
      },
      "cohort_prior": {
        "mean": 0.6841722046703297,
        "variance": 0.07489465690295352,
        "n": 416
      },
      "user_obs": {
        "slope": 0.006997317367996796,
        "se": 0.007490914365165273,
        "n": 43,
        "at_nominal_step": 0.6997317367996796,
        "se_at_step": 0.7490914365165272,
        "residual_sd": 1.8002450210034102,
        "sigma_data_used": 12.0
      },
      "gate": {
        "score": 0.041048371042291976,
        "tier": "not_exposed"
      }
    },
    {
      "action": "bedtime",
      "outcome": "deep_sleep",
      "nominal_step": -0.5,
      "dose_multiplier": 0.7234108673077974,
      "dose_multiplier_raw": 0.7234108673077974,
      "direction_conflict": false,
      "scaled_effect": 0.30814114444085855,
      "posterior": {
        "mean": 0.42595592403473037,
        "variance": 0.7336250485114629,
        "sd": 0.8565191466111326,
        "contraction": 0.22341086730779736,
        "prior_mean": 0.6072164646464647,
        "prior_variance": 0.9446759137205589,
        "source": "pop+cohort+user",
        "lam_js": 0.8472505091649695,
        "n_cohort": 416,
        "z_like": 0.49731045210144986
      },
      "cohort_prior": {
        "mean": 0.6215986538461539,
        "variance": 0.9384823525592582,
        "n": 416
      },
      "user_obs": {
        "slope": 0.5272721387021543,
        "se": 1.0841542481926556,
        "n": 43,
        "at_nominal_step": -0.26363606935107714,
        "se_at_step": 0.5420771240963278,
        "residual_sd": 1.8242898760527984,
        "sigma_data_used": 12.0
      },
      "gate": {
        "score": 0.22341086730779736,
        "tier": "not_exposed"
      }
    },
    {
      "action": "bedtime",
      "outcome": "sleep_quality",
      "nominal_step": -0.5,
      "dose_multiplier": 0.9334507219430569,
      "dose_multiplier_raw": 0.9334507219430569,
      "direction_conflict": false,
      "scaled_effect": 0.0960706660769705,
      "posterior": {
        "mean": 0.10291991191242668,
        "variance": 0.5024732308908542,
        "sd": 0.7088534622126453,
        "contraction": 0.4334507219430569,
        "prior_mean": 0.4607862962962966,
        "prior_variance": 0.8869011935098631,
        "source": "pop+cohort+user",
        "lam_js": 0.8472505091649695,
        "n_cohort": 416,
        "z_like": 0.14519208468160413
      },
      "cohort_prior": {
        "mean": 0.4770937500000001,
        "variance": 0.9009695161433738,
        "n": 416
      },
      "user_obs": {
        "slope": 0.7366378928459869,
        "se": 0.7783595889026066,
        "n": 43,
        "at_nominal_step": -0.36831894642299345,
        "se_at_step": 0.3891797944513033,
        "residual_sd": 1.309733850446819,
        "sigma_data_used": 7.0
      },
      "gate": {
        "score": 0.4334507219430569,
        "tier": "possible"
      }
    },
    {
      "action": "running_volume",
      "outcome": "hrv_daily",
      "nominal_step": 30.0,
      "dose_multiplier": 1.079732420712348,
      "dose_multiplier_raw": 1.079732420712348,
      "direction_conflict": false,
      "scaled_effect": 0.06971130798567161,
      "posterior": {
        "mean": 0.06456350355737205,
        "variance": 0.12672816685530672,
        "sd": 0.35598899822228597,
        "contraction": 0.579732420712348,
        "prior_mean": 0.14166006734006745,
        "prior_variance": 0.3015416203888705,
        "source": "pop+cohort+user",
        "lam_js": 0.8472505091649695,
        "n_cohort": 416,
        "z_like": 0.18136376090212042
      },
      "cohort_prior": {
        "mean": 0.11986480769230796,
        "variance": 0.2186938498312511,
        "n": 416
      },
      "user_obs": {
        "slope": -0.00860682976424074,
        "se": 0.3398398100926425,
        "n": 43,
        "at_nominal_step": -0.00860682976424074,
        "se_at_step": 0.3398398100926425,
        "residual_sd": 1.4597982634233777,
        "sigma_data_used": 3.5
      },
      "gate": {
        "score": 0.579732420712348,
        "tier": "possible"
      }
    },
    {
      "action": "sleep_duration",
      "outcome": "hrv_daily",
      "nominal_step": 0.5,
      "dose_multiplier": 0.5025484166260212,
      "dose_multiplier_raw": 0.5025484166260212,
      "direction_conflict": false,
      "scaled_effect": 0.0671983302398934,
      "posterior": {
        "mean": 0.13371513672462731,
        "variance": 0.002926259596531904,
        "sd": 0.054094912852614,
        "contraction": 0.0025484166260212326,
        "prior_mean": 0.13540993265993234,
        "prior_variance": 0.0029337359780747863,
        "source": "pop+cohort+user",
        "lam_js": 0.8472505091649695,
        "n_cohort": 416,
        "z_like": 2.4718615794602554
      },
      "cohort_prior": {
        "mean": 0.13603296703296702,
        "variance": 0.002960794899166767,
        "n": 416
      },
      "user_obs": {
        "slope": -0.16089547791917483,
        "se": 0.7408781785304975,
        "n": 43,
        "at_nominal_step": -0.08044773895958741,
        "se_at_step": 0.37043908926524877,
        "residual_sd": 1.4597982634233788,
        "sigma_data_used": 3.5
      },
      "gate": {
        "score": 0.0025484166260212326,
        "tier": "not_exposed"
      }
    },
    {
      "action": "training_load",
      "outcome": "hrv_daily",
      "nominal_step": 100.0,
      "dose_multiplier": 1.4349137569964086,
      "dose_multiplier_raw": 1.4349137569964086,
      "direction_conflict": false,
      "scaled_effect": -3.2438425152061834,
      "posterior": {
        "mean": -2.2606532966805353,
        "variance": 0.26623227720200965,
        "sd": 0.5159770122805953,
        "contraction": 0.9349137569964086,
        "prior_mean": -5.056217651515151,
        "prior_variance": 4.090453910318943,
        "source": "pop+cohort+user",
        "lam_js": 0.8472505091649695,
        "n_cohort": 416,
        "z_like": -4.381306226586624
      },
      "cohort_prior": {
        "mean": -5.038698533653847,
        "variance": 4.062157266087269,
        "n": 416
      },
      "user_obs": {
        "slope": -0.020658442115537332,
        "se": 0.021501931722171453,
        "n": 43,
        "at_nominal_step": -2.0658442115537334,
        "se_at_step": 2.1501931722171452,
        "residual_sd": 1.4597982634233777,
        "sigma_data_used": 3.5
      },
      "gate": {
        "score": 0.9349137569964086,
        "tier": "recommended"
      }
    },
    {
      "action": "training_load",
      "outcome": "resting_hr",
      "nominal_step": 100.0,
      "dose_multiplier": 1.3906449036653836,
      "dose_multiplier_raw": 1.3906449036653836,
      "direction_conflict": false,
      "scaled_effect": 1.11960863236169,
      "posterior": {
        "mean": 0.8051003023206633,
        "variance": 0.029808989439214433,
        "sd": 0.17265280026461904,
        "contraction": 0.8906449036653836,
        "prior_mean": 1.305251261157877,
        "prior_variance": 0.2725889367606766,
        "source": "pop+cohort+user",
        "lam_js": 0.8472505091649695,
        "n_cohort": 416,
        "z_like": 4.663117546235645
      },
      "cohort_prior": {
        "mean": 1.3016362050919952,