{
  "pid": 619,
  "cohort": "cohort_b",
  "age": 31,
  "is_female": true,
  "effects_bayesian": [
    {
      "action": "active_energy",
      "outcome": "deep_sleep",
      "nominal_step": 100.0,
      "dose_multiplier": 0.5492986461989972,
      "dose_multiplier_raw": 0.5492986461989972,
      "direction_conflict": false,
      "scaled_effect": 0.37795741294244867,
      "posterior": {
        "mean": 0.6880727188348543,
        "variance": 0.07287613010917485,
        "sd": 0.2699557928794543,
        "contraction": 0.049298646198997154,
        "prior_mean": 0.6921665440115441,
        "prior_variance": 0.07665512394382158,
        "source": "pop+cohort+user",
        "lam_js": 0.8472505091649695,
        "n_cohort": 416,
        "z_like": 2.548834798081571
      },
      "cohort_prior": {
        "mean": 0.6841722046703297,
        "variance": 0.07489465690295352,
        "n": 416
      },
      "user_obs": {
        "slope": 0.007736323649796692,
        "se": 0.00686468307250562,
        "n": 60,
        "at_nominal_step": 0.7736323649796693,
        "se_at_step": 0.6864683072505621,
        "residual_sd": 2.0783348184497608,
        "sigma_data_used": 12.0
      },
      "gate": {
        "score": 0.049298646198997154,
        "tier": "not_exposed"
      }
    },
    {
      "action": "bedtime",
      "outcome": "deep_sleep",
      "nominal_step": -0.5,
      "dose_multiplier": 0.7853091765470236,
      "dose_multiplier_raw": 0.7853091765470236,
      "direction_conflict": false,
      "scaled_effect": 0.3068935168040436,
      "posterior": {
        "mean": 0.3907932391079949,
        "variance": 0.6751512066731391,
        "sd": 0.8216758525557016,
        "contraction": 0.2853091765470236,
        "prior_mean": 0.6072164646464647,
        "prior_variance": 0.9446759137205589,
        "source": "pop+cohort+user",
        "lam_js": 0.8472505091649695,
        "n_cohort": 416,
        "z_like": 0.47560511592556864
      },
      "cohort_prior": {
        "mean": 0.6215986538461539,
        "variance": 0.9384823525592582,
        "n": 416
      },
      "user_obs": {
        "slope": 0.386493101751689,
        "se": 0.7644574921159258,
        "n": 60,
        "at_nominal_step": -0.1932465508758445,
        "se_at_step": 0.3822287460579629,
        "residual_sd": 2.0955503881624358,
        "sigma_data_used": 12.0
      },
      "gate": {
        "score": 0.2853091765470236,
        "tier": "not_exposed"
      }
    },
    {
      "action": "bedtime",
      "outcome": "sleep_quality",
      "nominal_step": -0.5,
      "dose_multiplier": 1.0175542568759257,
      "dose_multiplier_raw": 1.0175542568759257,
      "direction_conflict": false,
      "scaled_effect": 0.05971418797853977,
      "posterior": {
        "mean": 0.05868403338203611,
        "variance": 0.42788170538049425,
        "sd": 0.6541266738029372,
        "contraction": 0.5175542568759257,
        "prior_mean": 0.4607862962962966,
        "prior_variance": 0.8869011935098631,
        "source": "pop+cohort+user",
        "lam_js": 0.8472505091649695,
        "n_cohort": 416,
        "z_like": 0.08971356119887462
      },
      "cohort_prior": {
        "mean": 0.4770937500000001,
        "variance": 0.9009695161433738,
        "n": 416
      },
      "user_obs": {
        "slope": 0.6384621428627691,
        "se": 0.4355470575269512,
        "n": 60,
        "at_nominal_step": -0.31923107143138457,
        "se_at_step": 0.2177735287634756,
        "residual_sd": 1.1939327102901904,
        "sigma_data_used": 7.0
      },
      "gate": {
        "score": 0.5175542568759257,
        "tier": "possible"
      }
    },
    {
      "action": "running_volume",
      "outcome": "hrv_daily",
      "nominal_step": 30.0,
      "dose_multiplier": 0.5,
      "dose_multiplier_raw": 1.142589388636886,
      "direction_conflict": true,
      "scaled_effect": -0.0722870846651814,
      "posterior": {
        "mean": -0.1445741693303628,
        "variance": 0.10777417489461022,
        "sd": 0.32828977275359983,
        "contraction": 0.6425893886368861,
        "prior_mean": 0.14166006734006745,
        "prior_variance": 0.3015416203888705,
        "source": "pop+cohort+user",
        "lam_js": 0.8472505091649695,
        "n_cohort": 416,
        "z_like": -0.4403858460704286
      },
      "cohort_prior": {
        "mean": 0.11986480769230796,
        "variance": 0.2186938498312511,
        "n": 416
      },
      "user_obs": {
        "slope": -0.3840642257715877,
        "se": 0.2488927557749564,
        "n": 60,
        "at_nominal_step": -0.3840642257715877,
        "se_at_step": 0.2488927557749564,
        "residual_sd": 1.6558376399444963,
        "sigma_data_used": 3.5
      },
      "gate": {
        "score": 0.32129469431844304,
        "tier": "possible"
      }
    },
    {
      "action": "sleep_duration",
      "outcome": "hrv_daily",
      "nominal_step": 0.5,
      "dose_multiplier": 0.5065826167540577,
      "dose_multiplier_raw": 0.5065826167540577,
      "direction_conflict": false,
      "scaled_effect": 0.07064602873199124,
      "posterior": {
        "mean": 0.13945608553380226,
        "variance": 0.0029144243184735293,
        "sd": 0.05398540838479903,
        "contraction": 0.006582616754057691,
        "prior_mean": 0.13540993265993234,
        "prior_variance": 0.0029337359780747863,
        "source": "pop+cohort+user",
        "lam_js": 0.8472505091649695,
        "n_cohort": 416,
        "z_like": 2.583218127012811
      },
      "cohort_prior": {
        "mean": 0.13603296703296702,
        "variance": 0.002960794899166767,
        "n": 416
      },
      "user_obs": {
        "slope": 0.7648147075709805,
        "se": 0.8139361429043775,
        "n": 60,
        "at_nominal_step": 0.38240735378549023,
        "se_at_step": 0.4069680714521888,
        "residual_sd": 1.6558376399444938,
        "sigma_data_used": 3.5
      },
      "gate": {
        "score": 0.006582616754057691,
        "tier": "not_exposed"
      }
    },
    {
      "action": "training_load",
      "outcome": "hrv_daily",
      "nominal_step": 100.0,
      "dose_multiplier": 0.5,
      "dose_multiplier_raw": 1.4524732406815812,
      "direction_conflict": true,
      "scaled_effect": 0.6792481017588564,
      "posterior": {
        "mean": 1.3584962035177128,
        "variance": 0.19440601849881323,
        "sd": 0.44091497876440217,
        "contraction": 0.9524732406815812,
        "prior_mean": -5.056217651515151,
        "prior_variance": 4.090453910318943,
        "source": "pop+cohort+user",
        "lam_js": 0.8472505091649695,
        "n_cohort": 416,
        "z_like": 3.0810842655531774
      },
      "cohort_prior": {
        "mean": -5.038698533653847,
        "variance": 4.062157266087269,
        "n": 416
      },
      "user_obs": {
        "slope": 0.01679817978544391,
        "se": 0.019784565660156562,
        "n": 60,
        "at_nominal_step": 1.6798179785443912,
        "se_at_step": 1.9784565660156561,
        "residual_sd": 1.6558376399444945,
        "sigma_data_used": 3.5
      },
      "gate": {
        "score": 0.4762366203407906,
        "tier": "possible"
      }
    },
    {
      "action": "training_load",
      "outcome": "resting_hr",
      "nominal_step": 100.0,
      "dose_multiplier": 0.5,
      "dose_multiplier_raw": 1.4191107689346505,
      "direction_conflict": true,
      "scaled_effect": -0.01352081346049272,
      "posterior": {
        "mean": -0.02704162692098544,
        "variance": 0.022049509491492342,
        "sd": 0.14849077241193254,
        "contraction": 0.9191107689346504,
        "prior_mean": 1.305251261157877,
        "prior_variance": 0.2725889367606766,
        "source": "pop+cohort+user",
        "lam_js": 0.8472505091649695,
        "n_cohort": 416,
        "z_like": -0.18210981384061012
      },
      "cohort_prior": {
        "mean": 1.3016362050919952,
        "variance": 0.2710810896650065,
        "n": 416
      },