{
  "pid": 1004,
  "cohort": "cohort_c",
  "age": 22,
  "is_female": true,
  "effects_bayesian": [
    {
      "action": "active_energy",
      "outcome": "deep_sleep",
      "nominal_step": 100.0,
      "dose_multiplier": 0.5195390099383235,
      "dose_multiplier_raw": 0.5195390099383235,
      "direction_conflict": false,
      "scaled_effect": 0.34167469006883516,
      "posterior": {
        "mean": 0.6576497308823773,
        "variance": 0.07515735871525983,
        "sd": 0.27414842460838584,
        "contraction": 0.01953900993832347,
        "prior_mean": 0.6921665440115441,
        "prior_variance": 0.07665512394382158,
        "source": "pop+cohort+user",
        "lam_js": 0.7603833865814696,
        "n_cohort": 238,
        "z_like": 2.3988820356046676
      },
      "cohort_prior": {
        "mean": 0.6920608463385354,
        "variance": 0.07663171440556958,
        "n": 238
      },
      "user_obs": {
        "slope": -0.010911445463204134,
        "se": 0.009561085818245668,
        "n": 37,
        "at_nominal_step": -1.0911445463204132,
        "se_at_step": 0.9561085818245668,
        "residual_sd": 1.9304806367453555,
        "sigma_data_used": 12.0
      },
      "gate": {
        "score": 0.01953900993832347,
        "tier": "not_exposed"
      }
    },
    {
      "action": "bedtime",
      "outcome": "deep_sleep",
      "nominal_step": -0.5,
      "dose_multiplier": 0.6996903451334442,
      "dose_multiplier_raw": 0.6996903451334442,
      "direction_conflict": false,
      "scaled_effect": 0.4303276341493722,
      "posterior": {
        "mean": 0.615025828414569,
        "variance": 0.7560332544704488,
        "sd": 0.8695017276983691,
        "contraction": 0.1996903451334442,
        "prior_mean": 0.6072164646464647,
        "prior_variance": 0.9446759137205589,
        "source": "pop+cohort+user",
        "lam_js": 0.7603833865814696,
        "n_cohort": 238,
        "z_like": 0.7073313471642946
      },
      "cohort_prior": {
        "mean": 0.5855927731092442,
        "variance": 0.9363184076048073,
        "n": 238
      },
      "user_obs": {
        "slope": -1.4312326913493876,
        "se": 0.6421289199759055,
        "n": 37,
        "at_nominal_step": 0.7156163456746938,
        "se_at_step": 0.32106445998795274,
        "residual_sd": 1.95885256269203,
        "sigma_data_used": 12.0
      },
      "gate": {
        "score": 0.1996903451334442,
        "tier": "not_exposed"
      }
    },
    {
      "action": "bedtime",
      "outcome": "sleep_quality",
      "nominal_step": -0.5,
      "dose_multiplier": 0.9061530065604688,
      "dose_multiplier_raw": 0.9061530065604688,
      "direction_conflict": false,
      "scaled_effect": 0.32589421331268686,
      "posterior": {
        "mean": 0.3596458997026343,
        "variance": 0.5266836072437641,
        "sd": 0.7257297067391992,
        "contraction": 0.4061530065604688,
        "prior_mean": 0.4607862962962966,
        "prior_variance": 0.8869011935098631,
        "source": "pop+cohort+user",
        "lam_js": 0.7603833865814696,
        "n_cohort": 238,
        "z_like": 0.49556452817478214
      },
      "cohort_prior": {
        "mean": 0.42567579831932817,
        "variance": 0.8706033108101122,
        "n": 238
      },
      "user_obs": {
        "slope": -0.4938101896655765,
        "se": 0.46923298026339155,
        "n": 37,
        "at_nominal_step": 0.24690509483278825,
        "se_at_step": 0.23461649013169578,
        "residual_sd": 1.4314231882330617,
        "sigma_data_used": 7.0
      },
      "gate": {
        "score": 0.4061530065604688,
        "tier": "possible"
      }
    },
    {
      "action": "running_volume",
      "outcome": "hrv_daily",
      "nominal_step": 30.0,
      "dose_multiplier": 0.5,
      "dose_multiplier_raw": 0.8559452186299543,
      "direction_conflict": true,
      "scaled_effect": -0.13457060222355677,
      "posterior": {
        "mean": -0.26914120444711354,
        "variance": 0.1942093223935233,
        "sd": 0.44069186785499376,
        "contraction": 0.3559452186299543,
        "prior_mean": 0.14166006734006745,
        "prior_variance": 0.3015416203888705,
        "source": "pop+cohort+user",
        "lam_js": 0.7603833865814696,
        "n_cohort": 238,
        "z_like": -0.6107242363175904
      },
      "cohort_prior": {
        "mean": 0.19654117647058833,
        "variance": 0.5699868837170512,
        "n": 238
      },
      "user_obs": {
        "slope": -0.5880694816046661,
        "se": 0.30231462444110324,
        "n": 37,
        "at_nominal_step": -0.5880694816046661,
        "se_at_step": 0.30231462444110324,
        "residual_sd": 1.5968888582211538,
        "sigma_data_used": 3.5
      },
      "gate": {
        "score": 0.17797260931497716,
        "tier": "not_exposed"
      }
    },
    {
      "action": "sleep_duration",
      "outcome": "hrv_daily",
      "nominal_step": 0.5,
      "dose_multiplier": 0.5001656965766728,
      "dose_multiplier_raw": 0.5001656965766728,
      "direction_conflict": false,
      "scaled_effect": 0.07120615471400246,
      "posterior": {
        "mean": 0.14236513059844946,
        "variance": 0.0029332498680663577,
        "sd": 0.0541594854856133,
        "contraction": 0.00016569657667275806,
        "prior_mean": 0.13540993265993234,
        "prior_variance": 0.0029337359780747863,
        "source": "pop+cohort+user",
        "lam_js": 0.7603833865814696,
        "n_cohort": 238,
        "z_like": 2.628627826168451
      },
      "cohort_prior": {
        "mean": 0.13619087635053972,
        "variance": 0.0029676727681804804,
        "n": 238
      },
      "user_obs": {
        "slope": 1.7080481379250534,
        "se": 1.860292953962507,
        "n": 37,
        "at_nominal_step": 0.8540240689625267,
        "se_at_step": 0.9301464769812535,
        "residual_sd": 1.5968888582211533,
        "sigma_data_used": 3.5
      },
      "gate": {
        "score": 0.00016569657667275806,
        "tier": "not_exposed"
      }
    },
    {
      "action": "training_load",
      "outcome": "hrv_daily",
      "nominal_step": 100.0,
      "dose_multiplier": 0.5,
      "dose_multiplier_raw": 1.4250894948626047,
      "direction_conflict": true,
      "scaled_effect": 1.208467913052498,
      "posterior": {
        "mean": 2.416935826104996,
        "variance": 0.30641796866322557,
        "sd": 0.5535503307407788,
        "contraction": 0.9250894948626047,
        "prior_mean": -5.056217651515151,
        "prior_variance": 4.090453910318943,
        "source": "pop+cohort+user",
        "lam_js": 0.7603833865814696,
        "n_cohort": 238,
        "z_like": 4.366244028561188
      },
      "cohort_prior": {
        "mean": -5.074865420168067,
        "variance": 4.120681445250819,
        "n": 238
      },
      "user_obs": {
        "slope": 0.030195797722000817,
        "se": 0.024075400941925368,
        "n": 37,
        "at_nominal_step": 3.019579772200082,
        "se_at_step": 2.407540094192537,
        "residual_sd": 1.5968888582211516,
        "sigma_data_used": 3.5
      },
      "gate": {
        "score": 0.46254474743130236,
        "tier": "possible"
      }
    },
    {
      "action": "training_load",
      "outcome": "resting_hr",
      "nominal_step": 100.0,
      "dose_multiplier": 1.3749930892407562,
      "dose_multiplier_raw": 1.3749930892407562,
      "direction_conflict": false,
      "scaled_effect": 0.6431544505425505,
      "posterior": {
        "mean": 0.4677510422235559,
        "variance": 0.03407550089159903,
        "sd": 0.18459550615223283,
        "contraction": 0.8749930892407562,
        "prior_mean": 1.305251261157877,
        "prior_variance": 0.2725889367606766,
        "source": "pop+cohort+user",
        "lam_js": 0.7603833865814696,
        "n_cohort": 238,
        "z_like": 2.5339243190341234
      },
      "cohort_prior": {
        "mean": 1.3090992134188058,
        "variance": 0.2741985200917978,