{
  "pid": 262,
  "cohort": "cohort_a",
  "age": 36,
  "is_female": true,
  "effects_bayesian": [
    {
      "action": "active_energy",
      "outcome": "deep_sleep",
      "nominal_step": 100.0,
      "dose_multiplier": 0.513411003813398,
      "dose_multiplier_raw": 0.513411003813398,
      "direction_conflict": false,
      "scaled_effect": 0.34798396497399453,
      "posterior": {
        "mean": 0.6777882873357175,
        "variance": 0.07562710178429449,
        "sd": 0.2750038213994389,
        "contraction": 0.013411003813397993,
        "prior_mean": 0.6921665440115441,
        "prior_variance": 0.07665512394382158,
        "source": "pop+cohort+user",
        "lam_js": 0.8768472906403941,
        "n_cohort": 534,
        "z_like": 2.46465043244341
      },
      "cohort_prior": {
        "mean": 0.6984414526484751,
        "variance": 0.07805127404443395,
        "n": 534
      },
      "user_obs": {
        "slope": 9.416941752197344e-05,
        "se": 0.009229791962710806,
        "n": 55,
        "at_nominal_step": 0.009416941752197344,
        "se_at_step": 0.9229791962710806,
        "residual_sd": 2.3396112007297747,
        "sigma_data_used": 12.0
      },
      "gate": {
        "score": 0.013411003813397993,
        "tier": "not_exposed"
      }
    },
    {
      "action": "bedtime",
      "outcome": "deep_sleep",
      "nominal_step": -0.5,
      "dose_multiplier": 0.7594867137133707,
      "dose_multiplier_raw": 0.7594867137133707,
      "direction_conflict": false,
      "scaled_effect": 0.31681772686852033,
      "posterior": {
        "mean": 0.4171471615605996,
        "variance": 0.6995450653450354,
        "sd": 0.8363881068888027,
        "contraction": 0.25948671371337073,
        "prior_mean": 0.6072164646464647,
        "prior_variance": 0.9446759137205589,
        "source": "pop+cohort+user",
        "lam_js": 0.8768472906403941,
        "n_cohort": 534,
        "z_like": 0.49874831806528674
      },
      "cohort_prior": {
        "mean": 0.6056498876404495,
        "variance": 0.9560138510611396,
        "n": 534
      },
      "user_obs": {
        "slope": 0.2007738528755467,
        "se": 0.7804246379881249,
        "n": 55,
        "at_nominal_step": -0.10038692643777335,
        "se_at_step": 0.39021231899406245,
        "residual_sd": 2.363916186552098,
        "sigma_data_used": 12.0
      },
      "gate": {
        "score": 0.25948671371337073,
        "tier": "not_exposed"
      }
    },
    {
      "action": "bedtime",
      "outcome": "sleep_quality",
      "nominal_step": -0.5,
      "dose_multiplier": 0.9993481637417531,
      "dose_multiplier_raw": 0.9993481637417531,
      "direction_conflict": false,
      "scaled_effect": 0.09205770227431218,
      "posterior": {
        "mean": 0.09211774796246217,
        "variance": 0.44402871111034375,
        "sd": 0.6663547937175388,
        "contraction": 0.49934816374175306,
        "prior_mean": 0.4607862962962966,
        "prior_variance": 0.8869011935098631,
        "source": "pop+cohort+user",
        "lam_js": 0.8768472906403941,
        "n_cohort": 534,
        "z_like": 0.13824129252307887
      },
      "cohort_prior": {
        "mean": 0.46373086142322145,
        "variance": 0.8849888909576128,
        "n": 534
      },
      "user_obs": {
        "slope": 0.5630340043298668,
        "se": 0.5086522578273582,
        "n": 55,
        "at_nominal_step": -0.2815170021649334,
        "se_at_step": 0.2543261289136791,
        "residual_sd": 1.5407141792756411,
        "sigma_data_used": 7.0
      },
      "gate": {
        "score": 0.49934816374175306,
        "tier": "possible"
      }
    },
    {
      "action": "running_volume",
      "outcome": "hrv_daily",
      "nominal_step": 30.0,
      "dose_multiplier": 1.1092898818113839,
      "dose_multiplier_raw": 1.1092898818113839,
      "direction_conflict": false,
      "scaled_effect": 0.17157583368240475,
      "posterior": {
        "mean": 0.15467177380382735,
        "variance": 0.11781536214092239,
        "sd": 0.3432424247393122,
        "contraction": 0.6092898818113839,
        "prior_mean": 0.14166006734006745,
        "prior_variance": 0.3015416203888705,
        "source": "pop+cohort+user",
        "lam_js": 0.8768472906403941,
        "n_cohort": 534,
        "z_like": 0.45061962815726636
      },
      "cohort_prior": {
        "mean": 0.13417902621722846,
        "variance": 0.24427088794406634,
        "n": 534
      },
      "user_obs": {
        "slope": 0.17209969510488657,
        "se": 0.2123713115503527,
        "n": 55,
        "at_nominal_step": 0.17209969510488657,
        "se_at_step": 0.2123713115503527,
        "residual_sd": 1.3728523685452427,
        "sigma_data_used": 3.5
      },
      "gate": {
        "score": 0.6092898818113839,
        "tier": "possible"
      }
    },
    {
      "action": "sleep_duration",
      "outcome": "hrv_daily",
      "nominal_step": 0.5,
      "dose_multiplier": 0.5235004286481572,
      "dose_multiplier_raw": 0.5235004286481572,
      "direction_conflict": false,
      "scaled_effect": 0.06948571957690755,
      "posterior": {
        "mean": 0.13273288000229827,
        "variance": 0.002864791925049508,
        "sd": 0.05352375103680149,
        "contraction": 0.023500428648157157,
        "prior_mean": 0.13540993265993234,
        "prior_variance": 0.0029337359780747863,
        "source": "pop+cohort+user",
        "lam_js": 0.8768472906403941,
        "n_cohort": 534,
        "z_like": 2.4798874785706766
      },
      "cohort_prior": {
        "mean": 0.13457651150347733,
        "variance": 0.002897733991751291,
        "n": 534
      },
      "user_obs": {
        "slope": -0.0332726253191794,
        "se": 0.6751665291787914,
        "n": 55,
        "at_nominal_step": -0.0166363126595897,
        "se_at_step": 0.3375832645893957,
        "residual_sd": 1.372852368545243,
        "sigma_data_used": 3.5
      },
      "gate": {
        "score": 0.023500428648157157,
        "tier": "not_exposed"
      }
    },
    {
      "action": "training_load",
      "outcome": "hrv_daily",
      "nominal_step": 100.0,
      "dose_multiplier": 1.4483563244181767,
      "dose_multiplier_raw": 1.4483563244181767,
      "direction_conflict": false,
      "scaled_effect": -1.146065155244492,
      "posterior": {
        "mean": -0.7912867406471132,
        "variance": 0.21124607472691176,
        "sd": 0.45961513761723705,
        "contraction": 0.9483563244181767,
        "prior_mean": -5.056217651515151,
        "prior_variance": 4.090453910318943,
        "source": "pop+cohort+user",
        "lam_js": 0.8768472906403941,
        "n_cohort": 534,
        "z_like": -1.7216289801709905
      },
      "cohort_prior": {
        "mean": -5.061554325842696,
        "variance": 4.099093150953106,
        "n": 534
      },
      "user_obs": {
        "slope": -0.0055923394637480165,
        "se": 0.016070916628158394,
        "n": 55,
        "at_nominal_step": -0.5592339463748016,
        "se_at_step": 1.6070916628158394,
        "residual_sd": 1.3728523685452432,
        "sigma_data_used": 3.5
      },
      "gate": {
        "score": 0.9483563244181767,
        "tier": "recommended"
      }
    },
    {
      "action": "training_load",
      "outcome": "resting_hr",
      "nominal_step": 100.0,
      "dose_multiplier": 0.5,
      "dose_multiplier_raw": 1.412356853723333,
      "direction_conflict": true,
      "scaled_effect": -1.0615010083013277,
      "posterior": {
        "mean": -2.1230020166026553,
        "variance": 0.02389055205791707,
        "sd": 0.15456568848847752,
        "contraction": 0.9123568537233331,
        "prior_mean": 1.305251261157877,
        "prior_variance": 0.2725889367606766,
        "source": "pop+cohort+user",
        "lam_js": 0.8768472906403941,
        "n_cohort": 534,
        "z_like": -13.735273574386593
      },
      "cohort_prior": {
        "mean": 1.306352479669686,
        "variance": 0.273049088182262,