{
  "pid": 389,
  "cohort": "cohort_a",
  "age": 37,
  "is_female": false,
  "effects_bayesian": [
    {
      "action": "active_energy",
      "outcome": "deep_sleep",
      "nominal_step": 100.0,
      "dose_multiplier": 0.5128925866410221,
      "dose_multiplier_raw": 0.5128925866410221,
      "direction_conflict": false,
      "scaled_effect": 0.3656088133073853,
      "posterior": {
        "mean": 0.7128370010215765,
        "variance": 0.07566684111689757,
        "sd": 0.27507606423841674,
        "contraction": 0.012892586641022108,
        "prior_mean": 0.6921665440115441,
        "prior_variance": 0.07665512394382158,
        "source": "pop+cohort+user",
        "lam_js": 0.8768472906403941,
        "n_cohort": 534,
        "z_like": 2.5914177701907906
      },
      "cohort_prior": {
        "mean": 0.6984414526484751,
        "variance": 0.07805127404443395,
        "n": 534
      },
      "user_obs": {
        "slope": 0.01232233804951758,
        "se": 0.007766308847430329,
        "n": 54,
        "at_nominal_step": 1.232233804951758,
        "se_at_step": 0.7766308847430329,
        "residual_sd": 2.273320230848142,
        "sigma_data_used": 12.0
      },
      "gate": {
        "score": 0.012892586641022108,
        "tier": "not_exposed"
      }
    },
    {
      "action": "bedtime",
      "outcome": "deep_sleep",
      "nominal_step": -0.5,
      "dose_multiplier": 0.7558717746297476,
      "dose_multiplier_raw": 0.7558717746297476,
      "direction_conflict": false,
      "scaled_effect": 0.2896948066117856,
      "posterior": {
        "mean": 0.383259193338299,
        "variance": 0.7029600112269011,
        "sd": 0.838427105493913,
        "contraction": 0.25587177462974764,
        "prior_mean": 0.6072164646464647,
        "prior_variance": 0.9446759137205589,
        "source": "pop+cohort+user",
        "lam_js": 0.8768472906403941,
        "n_cohort": 534,
        "z_like": 0.45711689284248874
      },
      "cohort_prior": {
        "mean": 0.6056498876404495,
        "variance": 0.9560138510611396,
        "n": 534
      },
      "user_obs": {
        "slope": 0.47704862687747945,
        "se": 1.2524698590806365,
        "n": 54,
        "at_nominal_step": -0.23852431343873973,
        "se_at_step": 0.6262349295403182,
        "residual_sd": 2.297884356090847,
        "sigma_data_used": 12.0
      },
      "gate": {
        "score": 0.25587177462974764,
        "tier": "not_exposed"
      }
    },
    {
      "action": "bedtime",
      "outcome": "sleep_quality",
      "nominal_step": -0.5,
      "dose_multiplier": 0.994769864025614,
      "dose_multiplier_raw": 0.994769864025614,
      "direction_conflict": false,
      "scaled_effect": 0.16718107893393988,
      "posterior": {
        "mean": 0.16806005587804498,
        "variance": 0.44808921059283335,
        "sd": 0.6693946598179831,
        "contraction": 0.49476986402561396,
        "prior_mean": 0.4607862962962966,
        "prior_variance": 0.8869011935098631,
        "source": "pop+cohort+user",
        "lam_js": 0.8768472906403941,
        "n_cohort": 534,
        "z_like": 0.25106273767368065
      },
      "cohort_prior": {
        "mean": 0.46373086142322145,
        "variance": 0.8849888909576128,
        "n": 534
      },
      "user_obs": {
        "slope": 0.2692969121336566,
        "se": 0.6656997925236986,
        "n": 54,
        "at_nominal_step": -0.1346484560668283,
        "se_at_step": 0.3328498962618493,
        "residual_sd": 1.221347665975764,
        "sigma_data_used": 7.0
      },
      "gate": {
        "score": 0.49476986402561396,
        "tier": "possible"
      }
    },
    {
      "action": "running_volume",
      "outcome": "hrv_daily",
      "nominal_step": 30.0,
      "dose_multiplier": 1.105495704963558,
      "dose_multiplier_raw": 1.105495704963558,
      "direction_conflict": false,
      "scaled_effect": 0.28028303055737097,
      "posterior": {
        "mean": 0.25353606468024253,
        "variance": 0.11895946437565777,
        "sd": 0.3449050077567123,
        "contraction": 0.605495704963558,
        "prior_mean": 0.14166006734006745,
        "prior_variance": 0.3015416203888705,
        "source": "pop+cohort+user",
        "lam_js": 0.8768472906403941,
        "n_cohort": 534,
        "z_like": 0.7350895434347557
      },
      "cohort_prior": {
        "mean": 0.13417902621722846,
        "variance": 0.24427088794406634,
        "n": 534
      },
      "user_obs": {
        "slope": 0.3609534401812026,
        "se": 0.23622082718433002,
        "n": 54,
        "at_nominal_step": 0.3609534401812026,
        "se_at_step": 0.23622082718433002,
        "residual_sd": 1.3939284551635185,
        "sigma_data_used": 3.5
      },
      "gate": {
        "score": 0.605495704963558,
        "tier": "possible"
      }
    },
    {
      "action": "sleep_duration",
      "outcome": "hrv_daily",
      "nominal_step": 0.5,
      "dose_multiplier": 0.5232720104883758,
      "dose_multiplier_raw": 0.5232720104883758,
      "direction_conflict": false,
      "scaled_effect": 0.07154060904853536,
      "posterior": {
        "mean": 0.1367178209699496,
        "variance": 0.0028654620436229044,
        "sd": 0.05353001068207351,
        "contraction": 0.023272010488375794,
        "prior_mean": 0.13540993265993234,
        "prior_variance": 0.0029337359780747863,
        "source": "pop+cohort+user",
        "lam_js": 0.8768472906403941,
        "n_cohort": 534,
        "z_like": 2.554040606902673
      },
      "cohort_prior": {
        "mean": 0.13457651150347733,
        "variance": 0.002897733991751291,
        "n": 534
      },
      "user_obs": {
        "slope": 0.5921518827245129,
        "se": 0.7506195575285862,
        "n": 54,
        "at_nominal_step": 0.29607594136225646,
        "se_at_step": 0.3753097787642931,
        "residual_sd": 1.3939284551635183,
        "sigma_data_used": 3.5
      },
      "gate": {
        "score": 0.023272010488375794,
        "tier": "not_exposed"
      }
    },
    {
      "action": "training_load",
      "outcome": "hrv_daily",
      "nominal_step": 100.0,
      "dose_multiplier": 0.5,
      "dose_multiplier_raw": 1.447450124007499,
      "direction_conflict": true,
      "scaled_effect": 0.21962467715596876,
      "posterior": {
        "mean": 0.4392493543119375,
        "variance": 0.214952845740301,
        "sd": 0.4636300742405533,
        "contraction": 0.9474501240074991,
        "prior_mean": -5.056217651515151,
        "prior_variance": 4.090453910318943,
        "source": "pop+cohort+user",
        "lam_js": 0.8768472906403941,
        "n_cohort": 534,
        "z_like": 0.9474134201312274
      },
      "cohort_prior": {
        "mean": -5.061554325842696,
        "variance": 4.099093150953106,
        "n": 534
      },
      "user_obs": {
        "slope": 0.007437174158915563,
        "se": 0.016998663759285396,
        "n": 54,
        "at_nominal_step": 0.7437174158915564,
        "se_at_step": 1.6998663759285395,
        "residual_sd": 1.393928455163518,
        "sigma_data_used": 3.5
      },
      "gate": {
        "score": 0.47372506200374953,
        "tier": "possible"
      }
    },
    {
      "action": "training_load",
      "outcome": "resting_hr",
      "nominal_step": 100.0,
      "dose_multiplier": 0.5,
      "dose_multiplier_raw": 1.4108782652203857,
      "direction_conflict": true,
      "scaled_effect": -0.41965995829573716,
      "posterior": {
        "mean": -0.8393199165914743,
        "variance": 0.024293598925842062,
        "sd": 0.15586403987399422,
        "contraction": 0.9108782652203857,
        "prior_mean": 1.305251261157877,
        "prior_variance": 0.2725889367606766,
        "source": "pop+cohort+user",
        "lam_js": 0.8768472906403941,
        "n_cohort": 534,
        "z_like": -5.384949070164029
      },
      "cohort_prior": {
        "mean": 1.306352479669686,
        "variance": 0.273049088182262,
        "n": 534
      },