{
  "pid": 838,
  "cohort": "cohort_b",
  "age": 25,
  "is_female": true,
  "effects_bayesian": [
    {
      "action": "active_energy",
      "outcome": "deep_sleep",
      "nominal_step": 100.0,
      "dose_multiplier": 0.5449486181512122,
      "dose_multiplier_raw": 0.5449486181512122,
      "direction_conflict": false,
      "scaled_effect": 0.38436171029500515,
      "posterior": {
        "mean": 0.7053173409247045,
        "variance": 0.0732095820483369,
        "sd": 0.2705726927247776,
        "contraction": 0.044948618151212205,
        "prior_mean": 0.6921665440115441,
        "prior_variance": 0.07665512394382158,
        "source": "pop+cohort+user",
        "lam_js": 0.8472505091649695,
        "n_cohort": 416,
        "z_like": 2.6067572962440178
      },
      "cohort_prior": {
        "mean": 0.6841722046703297,
        "variance": 0.07489465690295352,
        "n": 416
      },
      "user_obs": {
        "slope": 0.014538175300993994,
        "se": 0.007646756140039826,
        "n": 51,
        "at_nominal_step": 1.4538175300993994,
        "se_at_step": 0.7646756140039827,
        "residual_sd": 1.7050112501266135,
        "sigma_data_used": 12.0
      },
      "gate": {
        "score": 0.044948618151212205,
        "tier": "not_exposed"
      }
    },
    {
      "action": "bedtime",
      "outcome": "deep_sleep",
      "nominal_step": -0.5,
      "dose_multiplier": 0.7538227731012285,
      "dose_multiplier_raw": 0.7538227731012285,
      "direction_conflict": false,
      "scaled_effect": 0.5063432106597755,
      "posterior": {
        "mean": 0.671700602220703,
        "variance": 0.7048956536180698,
        "sd": 0.8395806415217479,
        "contraction": 0.25382277310122847,
        "prior_mean": 0.6072164646464647,
        "prior_variance": 0.9446759137205589,
        "source": "pop+cohort+user",
        "lam_js": 0.8472505091649695,
        "n_cohort": 416,
        "z_like": 0.8000429845586235
      },
      "cohort_prior": {
        "mean": 0.6215986538461539,
        "variance": 0.9384823525592582,
        "n": 416
      },
      "user_obs": {
        "slope": -1.657779782183834,
        "se": 0.8559374550097881,
        "n": 51,
        "at_nominal_step": 0.828889891091917,
        "se_at_step": 0.42796872750489406,
        "residual_sd": 1.6898317610382398,
        "sigma_data_used": 12.0
      },
      "gate": {
        "score": 0.25382277310122847,
        "tier": "not_exposed"
      }
    },
    {
      "action": "bedtime",
      "outcome": "sleep_quality",
      "nominal_step": -0.5,
      "dose_multiplier": 0.9764046255329304,
      "dose_multiplier_raw": 0.9764046255329304,
      "direction_conflict": false,
      "scaled_effect": 0.4053556839264021,
      "posterior": {
        "mean": 0.41515133513952307,
        "variance": 0.46437736253108775,
        "sd": 0.6814523919769361,
        "contraction": 0.4764046255329304,
        "prior_mean": 0.4607862962962966,
        "prior_variance": 0.8869011935098631,
        "source": "pop+cohort+user",
        "lam_js": 0.8472505091649695,
        "n_cohort": 416,
        "z_like": 0.6092154639521377
      },
      "cohort_prior": {
        "mean": 0.4770937500000001,
        "variance": 0.9009695161433738,
        "n": 416
      },
      "user_obs": {
        "slope": -0.7031986372641281,
        "se": 0.3885296875109719,
        "n": 51,
        "at_nominal_step": 0.35159931863206406,
        "se_at_step": 0.19426484375548594,
        "residual_sd": 0.7670534829613159,
        "sigma_data_used": 7.0
      },
      "gate": {
        "score": 0.4764046255329304,
        "tier": "possible"
      }
    },
    {
      "action": "running_volume",
      "outcome": "hrv_daily",
      "nominal_step": 30.0,
      "dose_multiplier": 1.1118557266620634,
      "dose_multiplier_raw": 1.1118557266620634,
      "direction_conflict": false,
      "scaled_effect": 0.18193947330377416,
      "posterior": {
        "mean": 0.1636358647447725,
        "variance": 0.11704165312698206,
        "sd": 0.34211350912669625,
        "contraction": 0.6118557266620634,
        "prior_mean": 0.14166006734006745,
        "prior_variance": 0.3015416203888705,
        "source": "pop+cohort+user",
        "lam_js": 0.8472505091649695,
        "n_cohort": 416,
        "z_like": 0.4783086910612834
      },
      "cohort_prior": {
        "mean": 0.11986480769230796,
        "variance": 0.2186938498312511,
        "n": 416
      },
      "user_obs": {
        "slope": 0.2061898761252203,
        "se": 0.32714261756001867,
        "n": 51,
        "at_nominal_step": 0.2061898761252203,
        "se_at_step": 0.32714261756001867,
        "residual_sd": 1.8641709569649432,
        "sigma_data_used": 3.5
      },
      "gate": {
        "score": 0.6118557266620634,
        "tier": "possible"
      }
    },
    {
      "action": "sleep_duration",
      "outcome": "hrv_daily",
      "nominal_step": 0.5,
      "dose_multiplier": 0.5044509374411273,
      "dose_multiplier_raw": 0.5044509374411273,
      "direction_conflict": false,
      "scaled_effect": 0.06922786656653447,
      "posterior": {
        "mean": 0.13723409241283016,
        "variance": 0.0029206781027675908,
        "sd": 0.05404329840755087,
        "contraction": 0.004450937441127345,
        "prior_mean": 0.13540993265993234,
        "prior_variance": 0.0029337359780747863,
        "source": "pop+cohort+user",
        "lam_js": 0.8472505091649695,
        "n_cohort": 416,
        "z_like": 2.539335985341264
      },
      "cohort_prior": {
        "mean": 0.13603296703296702,
        "variance": 0.002960794899166767,
        "n": 416
      },
      "user_obs": {
        "slope": 0.48508952912272807,
        "se": 0.900445582254461,
        "n": 51,
        "at_nominal_step": 0.24254476456136403,
        "se_at_step": 0.4502227911272305,
        "residual_sd": 1.8641709569649432,
        "sigma_data_used": 3.5
      },
      "gate": {
        "score": 0.004450937441127345,
        "tier": "not_exposed"
      }
    },
    {
      "action": "training_load",
      "outcome": "hrv_daily",
      "nominal_step": 100.0,
      "dose_multiplier": 1.4445539403290324,
      "dose_multiplier_raw": 1.4445539403290324,
      "direction_conflict": false,
      "scaled_effect": -2.316911066459917,
      "posterior": {
        "mean": -1.6038937707872534,
        "variance": 0.226799551592887,
        "sd": 0.4762347652081765,
        "contraction": 0.9445539403290324,
        "prior_mean": -5.056217651515151,
        "prior_variance": 4.090453910318943,
        "source": "pop+cohort+user",
        "lam_js": 0.8472505091649695,
        "n_cohort": 416,
        "z_like": -3.3678636839671783
      },
      "cohort_prior": {
        "mean": -5.038698533653847,
        "variance": 4.062157266087269,
        "n": 416
      },
      "user_obs": {
        "slope": -0.014008497018733938,
        "se": 0.02361143809575466,
        "n": 51,
        "at_nominal_step": -1.4008497018733939,
        "se_at_step": 2.361143809575466,
        "residual_sd": 1.8641709569649432,
        "sigma_data_used": 3.5
      },
      "gate": {
        "score": 0.9445539403290324,
        "tier": "recommended"
      }
    },
    {
      "action": "training_load",
      "outcome": "resting_hr",
      "nominal_step": 100.0,
      "dose_multiplier": 1.4061817256122207,
      "dose_multiplier_raw": 1.4061817256122207,
      "direction_conflict": false,
      "scaled_effect": 1.0483151450740542,
      "posterior": {
        "mean": 0.7455047423672363,
        "variance": 0.02557382366408622,
        "sd": 0.1599181780289102,
        "contraction": 0.9061817256122205,
        "prior_mean": 1.305251261157877,
        "prior_variance": 0.2725889367606766,
        "source": "pop+cohort+user",
        "lam_js": 0.8472505091649695,
        "n_cohort": 416,
        "z_like": 4.661788619380488
      },
      "cohort_prior": {
        "mean": 1.3016362050919952,
        "variance": 0.2710810896650065,