{
  "pid": 1107,
  "cohort": "cohort_c",
  "age": 54,
  "is_female": true,
  "effects_bayesian": [
    {
      "action": "active_energy",
      "outcome": "deep_sleep",
      "nominal_step": 100.0,
      "dose_multiplier": 0.5185144841190054,
      "dose_multiplier_raw": 0.5185144841190054,
      "direction_conflict": false,
      "scaled_effect": 0.347474920403941,
      "posterior": {
        "mean": 0.6701354177103205,
        "variance": 0.0752358938689233,
        "sd": 0.27429162194446133,
        "contraction": 0.01851448411900536,
        "prior_mean": 0.6921665440115441,
        "prior_variance": 0.07665512394382158,
        "source": "pop+cohort+user",
        "lam_js": 0.7603833865814696,
        "n_cohort": 238,
        "z_like": 2.4431494223546126
      },
      "cohort_prior": {
        "mean": 0.6920608463385354,
        "variance": 0.07663171440556958,
        "n": 238
      },
      "user_obs": {
        "slope": -0.005082940617512383,
        "se": 0.007747443399253089,
        "n": 35,
        "at_nominal_step": -0.5082940617512383,
        "se_at_step": 0.7747443399253089,
        "residual_sd": 1.9338028694497582,
        "sigma_data_used": 12.0
      },
      "gate": {
        "score": 0.01851448411900536,
        "tier": "not_exposed"
      }
    },
    {
      "action": "bedtime",
      "outcome": "deep_sleep",
      "nominal_step": -0.5,
      "dose_multiplier": 0.6911975458047087,
      "dose_multiplier_raw": 0.6911975458047087,
      "direction_conflict": false,
      "scaled_effect": 0.45955647677257927,
      "posterior": {
        "mean": 0.664869948630319,
        "variance": 0.7640561974363673,
        "sd": 0.8741030816993882,
        "contraction": 0.1911975458047087,
        "prior_mean": 0.6072164646464647,
        "prior_variance": 0.9446759137205589,
        "source": "pop+cohort+user",
        "lam_js": 0.7603833865814696,
        "n_cohort": 238,
        "z_like": 0.7606310543348178
      },
      "cohort_prior": {
        "mean": 0.5855927731092442,
        "variance": 0.9363184076048073,
        "n": 238
      },
      "user_obs": {
        "slope": -1.9795294529076082,
        "se": 0.9633252889372305,
        "n": 35,
        "at_nominal_step": 0.9897647264538041,
        "se_at_step": 0.48166264446861523,
        "residual_sd": 1.9366134499213319,
        "sigma_data_used": 12.0
      },
      "gate": {
        "score": 0.1911975458047087,
        "tier": "not_exposed"
      }
    },
    {
      "action": "bedtime",
      "outcome": "sleep_quality",
      "nominal_step": -0.5,
      "dose_multiplier": 0.8931064396386682,
      "dose_multiplier_raw": 0.8931064396386682,
      "direction_conflict": false,
      "scaled_effect": 0.22945651544167675,
      "posterior": {
        "mean": 0.25691956216832335,
        "variance": 0.5382546230179153,
        "sd": 0.7336583830488923,
        "contraction": 0.3931064396386682,
        "prior_mean": 0.4607862962962966,
        "prior_variance": 0.8869011935098631,
        "source": "pop+cohort+user",
        "lam_js": 0.7603833865814696,
        "n_cohort": 238,
        "z_like": 0.3501896360818953
      },
      "cohort_prior": {
        "mean": 0.42567579831932817,
        "variance": 0.8706033108101122,
        "n": 238
      },
      "user_obs": {
        "slope": 0.05345677683610867,
        "se": 0.6340087819565617,
        "n": 35,
        "at_nominal_step": -0.026728388418054336,
        "se_at_step": 0.31700439097828087,
        "residual_sd": 1.2745745892956857,
        "sigma_data_used": 7.0
      },
      "gate": {
        "score": 0.3931064396386682,
        "tier": "possible"
      }
    },
    {
      "action": "running_volume",
      "outcome": "hrv_daily",
      "nominal_step": 30.0,
      "dose_multiplier": 0.8348550386736007,
      "dose_multiplier_raw": 0.8348550386736007,
      "direction_conflict": false,
      "scaled_effect": 0.09143330219941925,
      "posterior": {
        "mean": 0.10951997408398764,
        "variance": 0.20056888943185505,
        "sd": 0.44784918156881237,
        "contraction": 0.33485503867360067,
        "prior_mean": 0.14166006734006745,
        "prior_variance": 0.3015416203888705,
        "source": "pop+cohort+user",
        "lam_js": 0.7603833865814696,
        "n_cohort": 238,
        "z_like": 0.24454655404379658
      },
      "cohort_prior": {
        "mean": 0.19654117647058833,
        "variance": 0.5699868837170512,
        "n": 238
      },
      "user_obs": {
        "slope": 0.0544835611168779,
        "se": 0.4407342033646954,
        "n": 35,
        "at_nominal_step": 0.0544835611168779,
        "se_at_step": 0.4407342033646954,
        "residual_sd": 1.9526281119335904,
        "sigma_data_used": 3.5
      },
      "gate": {
        "score": 0.33485503867360067,
        "tier": "possible"
      }
    },
    {
      "action": "sleep_duration",
      "outcome": "hrv_daily",
      "nominal_step": 0.5,
      "dose_multiplier": 0.5,
      "dose_multiplier_raw": 0.5,
      "direction_conflict": false,
      "scaled_effect": 0.06912960340295257,
      "posterior": {
        "mean": 0.13825920680590514,
        "variance": 0.0029346552684220996,
        "sd": 0.054172458578341263,
        "contraction": 0.0,
        "prior_mean": 0.13540993265993234,
        "prior_variance": 0.0029337359780747863,
        "source": "pop+cohort+user",
        "lam_js": 0.7603833865814696,
        "n_cohort": 238,
        "z_like": 2.5522047629786306
      },
      "cohort_prior": {
        "mean": 0.13619087635053972,
        "variance": 0.0029676727681804804,
        "n": 238
      },
      "user_obs": {
        "slope": 0.8099992325004365,
        "se": 1.15120735501061,
        "n": 35,
        "at_nominal_step": 0.40499961625021824,
        "se_at_step": 0.575603677505305,
        "residual_sd": 1.95262811193359,
        "sigma_data_used": 3.5
      },
      "gate": {
        "score": 0.0,
        "tier": "not_exposed"
      }
    },
    {
      "action": "training_load",
      "outcome": "hrv_daily",
      "nominal_step": 100.0,
      "dose_multiplier": 1.4211445603936714,
      "dose_multiplier_raw": 1.4211445603936714,
      "direction_conflict": false,
      "scaled_effect": -3.4168295446468506,
      "posterior": {
        "mean": -2.4042800710579044,
        "variance": 0.32255454128762606,
        "sd": 0.5679388534759935,
        "contraction": 0.9211445603936714,
        "prior_mean": -5.056217651515151,
        "prior_variance": 4.090453910318943,
        "source": "pop+cohort+user",
        "lam_js": 0.7603833865814696,
        "n_cohort": 238,
        "z_like": -4.233343178306663
      },
      "cohort_prior": {
        "mean": -5.074865420168067,
        "variance": 4.120681445250819,
        "n": 238
      },
      "user_obs": {
        "slope": -0.021774260181427234,
        "se": 0.030802517522404094,
        "n": 35,
        "at_nominal_step": -2.1774260181427234,
        "se_at_step": 3.080251752240409,
        "residual_sd": 1.9526281119335906,
        "sigma_data_used": 3.5
      },
      "gate": {
        "score": 0.9211445603936714,
        "tier": "recommended"
      }
    },
    {
      "action": "training_load",
      "outcome": "resting_hr",
      "nominal_step": 100.0,
      "dose_multiplier": 0.5,
      "dose_multiplier_raw": 1.3687829697530143,
      "direction_conflict": true,
      "scaled_effect": -0.35389019148861417,
      "posterior": {
        "mean": -0.7077803829772283,
        "variance": 0.03576831075991934,
        "sd": 0.1891251193255918,
        "contraction": 0.8687829697530144,
        "prior_mean": 1.305251261157877,
        "prior_variance": 0.2725889367606766,
        "source": "pop+cohort+user",
        "lam_js": 0.7603833865814696,
        "n_cohort": 238,
        "z_like": -3.7423922612772347
      },
      "cohort_prior": {
        "mean": 1.3090992134188058,
        "variance": 0.2741985200917978,
        "n": 238
      },