{
  "pid": 48,
  "cohort": "cohort_a",
  "age": 39,
  "is_female": true,
  "effects_bayesian": [
    {
      "action": "active_energy",
      "outcome": "deep_sleep",
      "nominal_step": 100.0,
      "dose_multiplier": 0.5149629932710894,
      "dose_multiplier_raw": 0.5149629932710894,
      "direction_conflict": false,
      "scaled_effect": 0.3676045611726767,
      "posterior": {
        "mean": 0.7138465598034934,
        "variance": 0.07550813384005566,
        "sd": 0.27478743391948557,
        "contraction": 0.014962993271089409,
        "prior_mean": 0.6921665440115441,
        "prior_variance": 0.07665512394382158,
        "source": "pop+cohort+user",
        "lam_js": 0.8768472906403941,
        "n_cohort": 534,
        "z_like": 2.597813697742288
      },
      "cohort_prior": {
        "mean": 0.6984414526484751,
        "variance": 0.07805127404443395,
        "n": 534
      },
      "user_obs": {
        "slope": 0.012296083127517912,
        "se": 0.007113153781931613,
        "n": 58,
        "at_nominal_step": 1.2296083127517912,
        "se_at_step": 0.7113153781931613,
        "residual_sd": 2.1906119492155702,
        "sigma_data_used": 12.0
      },
      "gate": {
        "score": 0.014962993271089409,
        "tier": "not_exposed"
      }
    },
    {
      "action": "bedtime",
      "outcome": "deep_sleep",
      "nominal_step": -0.5,
      "dose_multiplier": 0.7701238236606847,
      "dose_multiplier_raw": 0.7701238236606847,
      "direction_conflict": false,
      "scaled_effect": 0.6498603660525634,
      "posterior": {
        "mean": 0.8438388036920291,
        "variance": 0.6894964437862106,
        "sd": 0.8303592257488385,
        "contraction": 0.27012382366068466,
        "prior_mean": 0.6072164646464647,
        "prior_variance": 0.9446759137205589,
        "source": "pop+cohort+user",
        "lam_js": 0.8768472906403941,
        "n_cohort": 534,
        "z_like": 1.0162334294907538
      },
      "cohort_prior": {
        "mean": 0.6056498876404495,
        "variance": 0.9560138510611396,
        "n": 534
      },
      "user_obs": {
        "slope": -2.9256512245372766,
        "se": 0.792328069440766,
        "n": 58,
        "at_nominal_step": 1.4628256122686383,
        "se_at_step": 0.396164034720383,
        "residual_sd": 2.177037501811875,
        "sigma_data_used": 12.0
      },
      "gate": {
        "score": 0.27012382366068466,
        "tier": "not_exposed"
      }
    },
    {
      "action": "bedtime",
      "outcome": "sleep_quality",
      "nominal_step": -0.5,
      "dose_multiplier": 1.012598386808996,
      "dose_multiplier_raw": 1.012598386808996,
      "direction_conflict": false,
      "scaled_effect": 0.5895970011089797,
      "posterior": {
        "mean": 0.5822614461859635,
        "variance": 0.432277072457734,
        "sd": 0.6574778113805317,
        "contraction": 0.512598386808996,
        "prior_mean": 0.4607862962962966,
        "prior_variance": 0.8869011935098631,
        "source": "pop+cohort+user",
        "lam_js": 0.8768472906403941,
        "n_cohort": 534,
        "z_like": 0.8855986256986628
      },
      "cohort_prior": {
        "mean": 0.46373086142322145,
        "variance": 0.8849888909576128,
        "n": 534
      },
      "user_obs": {
        "slope": -1.391458163478568,
        "se": 0.4816883117418639,
        "n": 58,
        "at_nominal_step": 0.695729081739284,
        "se_at_step": 0.24084415587093194,
        "residual_sd": 1.3235092372615782,
        "sigma_data_used": 7.0
      },
      "gate": {
        "score": 0.512598386808996,
        "tier": "possible"
      }
    },
    {
      "action": "running_volume",
      "outcome": "hrv_daily",
      "nominal_step": 30.0,
      "dose_multiplier": 0.5,
      "dose_multiplier_raw": 1.120246802740201,
      "direction_conflict": true,
      "scaled_effect": -0.017869872310451257,
      "posterior": {
        "mean": -0.035739744620902514,
        "variance": 0.11451139444957417,
        "sd": 0.33839532273595946,
        "contraction": 0.620246802740201,
        "prior_mean": 0.14166006734006745,
        "prior_variance": 0.3015416203888705,
        "source": "pop+cohort+user",
        "lam_js": 0.8768472906403941,
        "n_cohort": 534,
        "z_like": -0.10561536232812901
      },
      "cohort_prior": {
        "mean": 0.13417902621722846,
        "variance": 0.24427088794406634,
        "n": 534
      },
      "user_obs": {
        "slope": -0.18000021338852212,
        "se": 0.49418691166530837,
        "n": 58,
        "at_nominal_step": -0.18000021338852212,
        "se_at_step": 0.49418691166530837,
        "residual_sd": 2.116456486007621,
        "sigma_data_used": 3.5
      },
      "gate": {
        "score": 0.3101234013701005,
        "tier": "possible"
      }
    },
    {
      "action": "sleep_duration",
      "outcome": "hrv_daily",
      "nominal_step": 0.5,
      "dose_multiplier": 0.5241850425609117,
      "dose_multiplier_raw": 0.5241850425609117,
      "direction_conflict": false,
      "scaled_effect": 0.0732722651612811,
      "posterior": {
        "mean": 0.13978320480742576,
        "variance": 0.0028627834485825698,
        "sd": 0.053504985268501566,
        "contraction": 0.024185042560911696,
        "prior_mean": 0.13540993265993234,
        "prior_variance": 0.0029337359780747863,
        "source": "pop+cohort+user",
        "lam_js": 0.8768472906403941,
        "n_cohort": 534,
        "z_like": 2.6125267413112674
      },
      "cohort_prior": {
        "mean": 0.13457651150347733,
        "variance": 0.002897733991751291,
        "n": 534
      },
      "user_obs": {
        "slope": 1.022479647256428,
        "se": 0.8439414673125982,
        "n": 58,
        "at_nominal_step": 0.511239823628214,
        "se_at_step": 0.4219707336562991,
        "residual_sd": 2.116456486007623,
        "sigma_data_used": 3.5
      },
      "gate": {
        "score": 0.024185042560911696,
        "tier": "not_exposed"
      }
    },
    {
      "action": "training_load",
      "outcome": "hrv_daily",
      "nominal_step": 100.0,
      "dose_multiplier": 0.5,
      "dose_multiplier_raw": 1.4508966252752653,
      "direction_conflict": true,
      "scaled_effect": 0.6816830360976887,
      "posterior": {
        "mean": 1.3633660721953773,
        "variance": 0.20085509115264738,
        "sd": 0.44816859679438426,
        "contraction": 0.9508966252752653,
        "prior_mean": -5.056217651515151,
        "prior_variance": 4.090453910318943,
        "source": "pop+cohort+user",
        "lam_js": 0.8768472906403941,
        "n_cohort": 534,
        "z_like": 3.042083006143506
      },
      "cohort_prior": {
        "mean": -5.061554325842696,
        "variance": 4.099093150953106,
        "n": 534
      },
      "user_obs": {
        "slope": 0.016944640882265608,
        "se": 0.025114384213037393,
        "n": 58,
        "at_nominal_step": 1.694464088226561,
        "se_at_step": 2.5114384213037395,
        "residual_sd": 2.1164564860076207,
        "sigma_data_used": 3.5
      },
      "gate": {
        "score": 0.47544831263763265,
        "tier": "possible"
      }
    },
    {
      "action": "training_load",
      "outcome": "resting_hr",
      "nominal_step": 100.0,
      "dose_multiplier": 0.5,
      "dose_multiplier_raw": 1.4165122067858007,
      "direction_conflict": true,
      "scaled_effect": -0.22155681295169907,
      "posterior": {
        "mean": -0.44311362590339815,
        "variance": 0.02275784878475381,
        "sd": 0.15085704751437307,
        "contraction": 0.9165122067858007,
        "prior_mean": 1.305251261157877,
        "prior_variance": 0.2725889367606766,
        "source": "pop+cohort+user",
        "lam_js": 0.8768472906403941,
        "n_cohort": 534,
        "z_like": -2.937308088713456
      },
      "cohort_prior": {
        "mean": 1.306352479669686,
        "variance": 0.273049088182262,
        "n": 534
      },