{
  "pid": 668,
  "cohort": "cohort_b",
  "age": 22,
  "is_female": false,
  "effects_bayesian": [
    {
      "action": "active_energy",
      "outcome": "deep_sleep",
      "nominal_step": 100.0,
      "dose_multiplier": 0.5420264162478856,
      "dose_multiplier_raw": 0.5420264162478856,
      "direction_conflict": false,
      "scaled_effect": 0.36898969275614774,
      "posterior": {
        "mean": 0.6807596118846673,
        "variance": 0.07343358379742528,
        "sd": 0.2709863166239677,
        "contraction": 0.04202641624788561,
        "prior_mean": 0.6921665440115441,
        "prior_variance": 0.07665512394382158,
        "source": "pop+cohort+user",
        "lam_js": 0.8472505091649695,
        "n_cohort": 416,
        "z_like": 2.5121549322703207
      },
      "cohort_prior": {
        "mean": 0.6841722046703297,
        "variance": 0.07489465690295352,
        "n": 416
      },
      "user_obs": {
        "slope": 0.004834705072785203,
        "se": 0.007732282928300569,
        "n": 45,
        "at_nominal_step": 0.4834705072785203,
        "se_at_step": 0.7732282928300569,
        "residual_sd": 2.2661788794014366,
        "sigma_data_used": 12.0
      },
      "gate": {
        "score": 0.04202641624788561,
        "tier": "not_exposed"
      }
    },
    {
      "action": "bedtime",
      "outcome": "deep_sleep",
      "nominal_step": -0.5,
      "dose_multiplier": 0.7312439051876609,
      "dose_multiplier_raw": 0.7312439051876609,
      "direction_conflict": false,
      "scaled_effect": 0.34057517092024,
      "posterior": {
        "mean": 0.4657477053881732,
        "variance": 0.726225366295095,
        "sd": 0.8521885743748827,
        "contraction": 0.23124390518766091,
        "prior_mean": 0.6072164646464647,
        "prior_variance": 0.9446759137205589,
        "source": "pop+cohort+user",
        "lam_js": 0.8472505091649695,
        "n_cohort": 416,
        "z_like": 0.5465312718253931
      },
      "cohort_prior": {
        "mean": 0.6215986538461539,
        "variance": 0.9384823525592582,
        "n": 416
      },
      "user_obs": {
        "slope": 0.11530238549153646,
        "se": 0.9459851506806846,
        "n": 45,
        "at_nominal_step": -0.05765119274576823,
        "se_at_step": 0.4729925753403423,
        "residual_sd": 2.176299724377581,
        "sigma_data_used": 12.0
      },
      "gate": {
        "score": 0.23124390518766091,
        "tier": "not_exposed"
      }
    },
    {
      "action": "bedtime",
      "outcome": "sleep_quality",
      "nominal_step": -0.5,
      "dose_multiplier": 0.9448366293921021,
      "dose_multiplier_raw": 0.9448366293921021,
      "direction_conflict": false,
      "scaled_effect": 0.44094609388694433,
      "posterior": {
        "mean": 0.4666903040906071,
        "variance": 0.4923750559851031,
        "sd": 0.7016944178095641,
        "contraction": 0.4448366293921021,
        "prior_mean": 0.4607862962962966,
        "prior_variance": 0.8869011935098631,
        "source": "pop+cohort+user",
        "lam_js": 0.8472505091649695,
        "n_cohort": 416,
        "z_like": 0.6650905183875414
      },
      "cohort_prior": {
        "mean": 0.4770937500000001,
        "variance": 0.9009695161433738,
        "n": 416
      },
      "user_obs": {
        "slope": -0.9142085966276514,
        "se": 0.5344833841457447,
        "n": 45,
        "at_nominal_step": 0.4571042983138257,
        "se_at_step": 0.26724169207287235,
        "residual_sd": 1.2296134255001803,
        "sigma_data_used": 7.0
      },
      "gate": {
        "score": 0.4448366293921021,
        "tier": "possible"
      }
    },
    {
      "action": "running_volume",
      "outcome": "hrv_daily",
      "nominal_step": 30.0,
      "dose_multiplier": 1.088251623481625,
      "dose_multiplier_raw": 1.088251623481625,
      "direction_conflict": false,
      "scaled_effect": 0.09237338693717954,
      "posterior": {
        "mean": 0.08488237917040815,
        "variance": 0.12415927264783753,
        "sd": 0.35236241662220097,
        "contraction": 0.5882516234816251,
        "prior_mean": 0.14166006734006745,
        "prior_variance": 0.3015416203888705,
        "source": "pop+cohort+user",
        "lam_js": 0.8472505091649695,
        "n_cohort": 416,
        "z_like": 0.24089509881361182
      },
      "cohort_prior": {
        "mean": 0.11986480769230796,
        "variance": 0.2186938498312511,
        "n": 416
      },
      "user_obs": {
        "slope": 0.03919481355928515,
        "se": 0.2934345875931218,
        "n": 45,
        "at_nominal_step": 0.03919481355928515,
        "se_at_step": 0.2934345875931218,
        "residual_sd": 1.6791911775147583,
        "sigma_data_used": 3.5
      },
      "gate": {
        "score": 0.5882516234816251,
        "tier": "possible"
      }
    },
    {
      "action": "sleep_duration",
      "outcome": "hrv_daily",
      "nominal_step": 0.5,
      "dose_multiplier": 0.5030247282107687,
      "dose_multiplier_raw": 0.5030247282107687,
      "direction_conflict": false,
      "scaled_effect": 0.0677049051262577,
      "posterior": {
        "mean": 0.13459558015583115,
        "variance": 0.0029248622240989563,
        "sd": 0.05408199537830456,
        "contraction": 0.0030247282107687123,
        "prior_mean": 0.13540993265993234,
        "prior_variance": 0.0029337359780747863,
        "source": "pop+cohort+user",
        "lam_js": 0.8472505091649695,
        "n_cohort": 416,
        "z_like": 2.4887317713470547
      },
      "cohort_prior": {
        "mean": 0.13603296703296702,
        "variance": 0.002960794899166767,
        "n": 416
      },
      "user_obs": {
        "slope": 0.02203015024806922,
        "se": 0.995678973067867,
        "n": 45,
        "at_nominal_step": 0.01101507512403461,
        "se_at_step": 0.4978394865339335,
        "residual_sd": 1.6791911775147563,
        "sigma_data_used": 3.5
      },
      "gate": {
        "score": 0.0030247282107687123,
        "tier": "not_exposed"
      }
    },
    {
      "action": "training_load",
      "outcome": "hrv_daily",
      "nominal_step": 100.0,
      "dose_multiplier": 1.4376249804252894,
      "dose_multiplier_raw": 1.4376249804252894,
      "direction_conflict": false,
      "scaled_effect": -2.1522376650918003,
      "posterior": {
        "mean": -1.4970786501324627,
        "variance": 0.25514214272559566,
        "sd": 0.5051159695808436,
        "contraction": 0.9376249804252894,
        "prior_mean": -5.056217651515151,
        "prior_variance": 4.090453910318943,
        "source": "pop+cohort+user",
        "lam_js": 0.8472505091649695,
        "n_cohort": 416,
        "z_like": -2.9638315560974475
      },
      "cohort_prior": {
        "mean": -5.038698533653847,
        "variance": 4.062157266087269,
        "n": 416
      },
      "user_obs": {
        "slope": -0.01259811472613332,
        "se": 0.018760310093171414,
        "n": 45,
        "at_nominal_step": -1.259811472613332,
        "se_at_step": 1.8760310093171413,
        "residual_sd": 1.6791911775147572,
        "sigma_data_used": 3.5
      },
      "gate": {
        "score": 0.9376249804252894,
        "tier": "recommended"
      }
    },
    {
      "action": "training_load",
      "outcome": "resting_hr",
      "nominal_step": 100.0,
      "dose_multiplier": 1.3949923640955404,
      "dose_multiplier_raw": 1.3949923640955404,
      "direction_conflict": false,
      "scaled_effect": 0.670752089921227,
      "posterior": {
        "mean": 0.48082850285429124,
        "variance": 0.028623919822948877,
        "sd": 0.16918605091126418,
        "contraction": 0.8949923640955404,
        "prior_mean": 1.305251261157877,
        "prior_variance": 0.2725889367606766,
        "source": "pop+cohort+user",
        "lam_js": 0.8472505091649695,
        "n_cohort": 416,
        "z_like": 2.8420103209719065
      },
      "cohort_prior": {
        "mean": 1.3016362050919952,