{
  "pid": 192,
  "cohort": "cohort_a",
  "age": 46,
  "is_female": false,
  "effects_bayesian": [
    {
      "action": "active_energy",
      "outcome": "deep_sleep",
      "nominal_step": 100.0,
      "dose_multiplier": 0.5144462062727329,
      "dose_multiplier_raw": 0.5144462062727329,
      "direction_conflict": false,
      "scaled_effect": 0.3335582368827666,
      "posterior": {
        "mean": 0.6483831211419824,
        "variance": 0.07554774821146723,
        "sd": 0.27485950631453016,
        "contraction": 0.014446206272732853,
        "prior_mean": 0.6921665440115441,
        "prior_variance": 0.07665512394382158,
        "source": "pop+cohort+user",
        "lam_js": 0.8768472906403941,
        "n_cohort": 534,
        "z_like": 2.358961965099427
      },
      "cohort_prior": {
        "mean": 0.6984414526484751,
        "variance": 0.07805127404443395,
        "n": 534
      },
      "user_obs": {
        "slope": -0.009504398351302235,
        "se": 0.00677282241282683,
        "n": 57,
        "at_nominal_step": -0.9504398351302235,
        "se_at_step": 0.677282241282683,
        "residual_sd": 1.8349196275412318,
        "sigma_data_used": 12.0
      },
      "gate": {
        "score": 0.014446206272732853,
        "tier": "not_exposed"
      }
    },
    {
      "action": "bedtime",
      "outcome": "deep_sleep",
      "nominal_step": -0.5,
      "dose_multiplier": 0.7666122385674619,
      "dose_multiplier_raw": 0.7666122385674619,
      "direction_conflict": false,
      "scaled_effect": 0.4823114140787855,
      "posterior": {
        "mean": 0.6291465095575071,
        "variance": 0.6928137536427582,
        "sd": 0.8323543438000178,
        "contraction": 0.26661223856746186,
        "prior_mean": 0.6072164646464647,
        "prior_variance": 0.9446759137205589,
        "source": "pop+cohort+user",
        "lam_js": 0.8768472906403941,
        "n_cohort": 534,
        "z_like": 0.755863790756724
      },
      "cohort_prior": {
        "mean": 0.6056498876404495,
        "variance": 0.9560138510611396,
        "n": 534
      },
      "user_obs": {
        "slope": -1.381637481152546,
        "se": 0.6885254405285628,
        "n": 57,
        "at_nominal_step": 0.690818740576273,
        "se_at_step": 0.3442627202642814,
        "residual_sd": 1.7857227631715038,
        "sigma_data_used": 12.0
      },
      "gate": {
        "score": 0.26661223856746186,
        "tier": "not_exposed"
      }
    },
    {
      "action": "bedtime",
      "outcome": "sleep_quality",
      "nominal_step": -0.5,
      "dose_multiplier": 1.0082602682034416,
      "dose_multiplier_raw": 1.0082602682034416,
      "direction_conflict": false,
      "scaled_effect": 0.6787767055764199,
      "posterior": {
        "mean": 0.6732157628167689,
        "variance": 0.43612455502658753,
        "sd": 0.6603972706080693,
        "contraction": 0.5082602682034416,
        "prior_mean": 0.4607862962962966,
        "prior_variance": 0.8869011935098631,
        "source": "pop+cohort+user",
        "lam_js": 0.8768472906403941,
        "n_cohort": 534,
        "z_like": 1.019410274359397
      },
      "cohort_prior": {
        "mean": 0.46373086142322145,
        "variance": 0.8849888909576128,
        "n": 534
      },
      "user_obs": {
        "slope": -1.754001264625792,
        "se": 0.4491027782598173,
        "n": 57,
        "at_nominal_step": 0.877000632312896,
        "se_at_step": 0.22455138912990866,
        "residual_sd": 1.164768949606955,
        "sigma_data_used": 7.0
      },
      "gate": {
        "score": 0.5082602682034416,
        "tier": "possible"
      }
    },
    {
      "action": "running_volume",
      "outcome": "hrv_daily",
      "nominal_step": 30.0,
      "dose_multiplier": 1.116663422657341,
      "dose_multiplier_raw": 1.116663422657341,
      "direction_conflict": false,
      "scaled_effect": 0.295625583152711,
      "posterior": {
        "mean": 0.26474009728840786,
        "variance": 0.11559193268622897,
        "sd": 0.33998813609628936,
        "contraction": 0.6166634226573411,
        "prior_mean": 0.14166006734006745,
        "prior_variance": 0.3015416203888705,
        "source": "pop+cohort+user",
        "lam_js": 0.8768472906403941,
        "n_cohort": 534,
        "z_like": 0.7786745159055485
      },
      "cohort_prior": {
        "mean": 0.13417902621722846,
        "variance": 0.24427088794406634,
        "n": 534
      },
      "user_obs": {
        "slope": 0.37613079592139814,
        "se": 0.21911095103201308,
        "n": 57,
        "at_nominal_step": 0.37613079592139814,
        "se_at_step": 0.21911095103201308,
        "residual_sd": 1.5404186169675755,
        "sigma_data_used": 3.5
      },
      "gate": {
        "score": 0.6166634226573411,
        "tier": "possible"
      }
    },
    {
      "action": "sleep_duration",
      "outcome": "hrv_daily",
      "nominal_step": 0.5,
      "dose_multiplier": 0.5239569446095587,
      "dose_multiplier_raw": 0.5239569446095587,
      "direction_conflict": false,
      "scaled_effect": 0.06720577487611332,
      "posterior": {
        "mean": 0.1282658347551698,
        "variance": 0.0028634526277489794,
        "sd": 0.053511238331298026,
        "contraction": 0.02395694460955866,
        "prior_mean": 0.13540993265993234,
        "prior_variance": 0.0029337359780747863,
        "source": "pop+cohort+user",
        "lam_js": 0.8768472906403941,
        "n_cohort": 534,
        "z_like": 2.3969887215289654
      },
      "cohort_prior": {
        "mean": 0.13457651150347733,
        "variance": 0.002897733991751291,
        "n": 534
      },
      "user_obs": {
        "slope": -0.6933257710113696,
        "se": 0.7554897971551071,
        "n": 57,
        "at_nominal_step": -0.3466628855056848,
        "se_at_step": 0.37774489857755356,
        "residual_sd": 1.5404186169675755,
        "sigma_data_used": 3.5
      },
      "gate": {
        "score": 0.02395694460955866,
        "tier": "not_exposed"
      }
    },
    {
      "action": "training_load",
      "outcome": "hrv_daily",
      "nominal_step": 100.0,
      "dose_multiplier": 1.4500780889491733,
      "dose_multiplier_raw": 1.4500780889491733,
      "direction_conflict": false,
      "scaled_effect": -1.687642675123042,
      "posterior": {
        "mean": -1.1638288227263847,
        "variance": 0.2042032762684489,
        "sd": 0.4518885662068126,
        "contraction": 0.9500780889491732,
        "prior_mean": -5.056217651515151,
        "prior_variance": 4.090453910318943,
        "source": "pop+cohort+user",
        "lam_js": 0.8768472906403941,
        "n_cohort": 534,
        "z_like": -2.5754774733418313
      },
      "cohort_prior": {
        "mean": -5.061554325842696,
        "variance": 4.099093150953106,
        "n": 534
      },
      "user_obs": {
        "slope": -0.009594554051191462,
        "se": 0.01817911240996129,
        "n": 57,
        "at_nominal_step": -0.9594554051191463,
        "se_at_step": 1.817911240996129,
        "residual_sd": 1.5404186169675775,
        "sigma_data_used": 3.5
      },
      "gate": {
        "score": 0.9500780889491732,
        "tier": "recommended"
      }
    },
    {
      "action": "training_load",
      "outcome": "resting_hr",
      "nominal_step": 100.0,
      "dose_multiplier": 0.5,
      "dose_multiplier_raw": 1.4151715730968348,
      "direction_conflict": true,
      "scaled_effect": -0.35946277231027135,
      "posterior": {
        "mean": -0.7189255446205427,
        "variance": 0.023123290696614545,
        "sd": 0.15206344299868574,
        "contraction": 0.915171573096835,
        "prior_mean": 1.305251261157877,
        "prior_variance": 0.2725889367606766,
        "source": "pop+cohort+user",
        "lam_js": 0.8768472906403941,
        "n_cohort": 534,
        "z_like": -4.727799992183238
      },
      "cohort_prior": {
        "mean": 1.306352479669686,
        "variance": 0.273049088182262,