{
  "pid": 993,
  "cohort": "cohort_c",
  "age": 30,
  "is_female": false,
  "effects_bayesian": [
    {
      "action": "active_energy",
      "outcome": "deep_sleep",
      "nominal_step": 100.0,
      "dose_multiplier": 0.5138774961162583,
      "dose_multiplier_raw": 0.5138774961162583,
      "direction_conflict": false,
      "scaled_effect": 0.34913843769439473,
      "posterior": {
        "mean": 0.6794195899471857,
        "variance": 0.0755913427589999,
        "sd": 0.2749387982060733,
        "contraction": 0.013877496116258325,
        "prior_mean": 0.6921665440115441,
        "prior_variance": 0.07665512394382158,
        "source": "pop+cohort+user",
        "lam_js": 0.7603833865814696,
        "n_cohort": 238,
        "z_like": 2.4711666537435875
      },
      "cohort_prior": {
        "mean": 0.6920608463385354,
        "variance": 0.07663171440556958,
        "n": 238
      },
      "user_obs": {
        "slope": -0.00235974923748819,
        "se": 0.00807406546564491,
        "n": 26,
        "at_nominal_step": -0.235974923748819,
        "se_at_step": 0.807406546564491,
        "residual_sd": 1.5441773627496698,
        "sigma_data_used": 12.0
      },
      "gate": {
        "score": 0.013877496116258325,
        "tier": "not_exposed"
      }
    },
    {
      "action": "bedtime",
      "outcome": "deep_sleep",
      "nominal_step": -0.5,
      "dose_multiplier": 0.6506375033394907,
      "dose_multiplier_raw": 0.6506375033394907,
      "direction_conflict": false,
      "scaled_effect": 0.5103298436479853,
      "posterior": {
        "mean": 0.7843535625116043,
        "variance": 0.8023722926127418,
        "sd": 0.8957523612096938,
        "contraction": 0.15063750333949066,
        "prior_mean": 0.6072164646464647,
        "prior_variance": 0.9446759137205589,
        "source": "pop+cohort+user",
        "lam_js": 0.7603833865814696,
        "n_cohort": 238,
        "z_like": 0.875636611721963
      },
      "cohort_prior": {
        "mean": 0.5855927731092442,
        "variance": 0.9363184076048073,
        "n": 238
      },
      "user_obs": {
        "slope": -3.853953744337433,
        "se": 1.114928682969767,
        "n": 26,
        "at_nominal_step": 1.9269768721687166,
        "se_at_step": 0.5574643414848836,
        "residual_sd": 1.574060309748512,
        "sigma_data_used": 12.0
      },
      "gate": {
        "score": 0.15063750333949066,
        "tier": "not_exposed"
      }
    },
    {
      "action": "bedtime",
      "outcome": "sleep_quality",
      "nominal_step": -0.5,
      "dose_multiplier": 0.8265245754153007,
      "dose_multiplier_raw": 0.8265245754153007,
      "direction_conflict": false,
      "scaled_effect": 0.4077937762167003,
      "posterior": {
        "mean": 0.49338372789677515,
        "variance": 0.5973061578637316,
        "sd": 0.7728558454613199,
        "contraction": 0.32652457541530067,
        "prior_mean": 0.4607862962962966,
        "prior_variance": 0.8869011935098631,
        "source": "pop+cohort+user",
        "lam_js": 0.7603833865814696,
        "n_cohort": 238,
        "z_like": 0.6383903683904635
      },
      "cohort_prior": {
        "mean": 0.42567579831932817,
        "variance": 0.8706033108101122,
        "n": 238
      },
      "user_obs": {
        "slope": -1.2423510739323393,
        "se": 0.6614090658391049,
        "n": 26,
        "at_nominal_step": 0.6211755369661697,
        "se_at_step": 0.33070453291955243,
        "residual_sd": 0.9337796891834079,
        "sigma_data_used": 7.0
      },
      "gate": {
        "score": 0.32652457541530067,
        "tier": "possible"
      }
    },
    {
      "action": "running_volume",
      "outcome": "hrv_daily",
      "nominal_step": 30.0,
      "dose_multiplier": 0.7199024038514095,
      "dose_multiplier_raw": 0.7199024038514095,
      "direction_conflict": false,
      "scaled_effect": 0.14397656602027784,
      "posterior": {
        "mean": 0.1999945621101095,
        "variance": 0.2352318932041087,
        "sd": 0.48500710634392635,
        "contraction": 0.21990240385140947,
        "prior_mean": 0.14166006734006745,
        "prior_variance": 0.3015416203888705,
        "source": "pop+cohort+user",
        "lam_js": 0.7603833865814696,
        "n_cohort": 238,
        "z_like": 0.41235387996210127
      },
      "cohort_prior": {
        "mean": 0.19654117647058833,
        "variance": 0.5699868837170512,
        "n": 238
      },
      "user_obs": {
        "slope": 0.21664708103331784,
        "se": 0.6113510256172459,
        "n": 26,
        "at_nominal_step": 0.21664708103331784,
        "se_at_step": 0.6113510256172459,
        "residual_sd": 1.819828224989625,
        "sigma_data_used": 3.5
      },
      "gate": {
        "score": 0.21990240385140947,
        "tier": "not_exposed"
      }
    },
    {
      "action": "sleep_duration",
      "outcome": "hrv_daily",
      "nominal_step": 0.5,
      "dose_multiplier": 0.5,
      "dose_multiplier_raw": 0.5,
      "direction_conflict": false,
      "scaled_effect": 0.07081844849709552,
      "posterior": {
        "mean": 0.14163689699419105,
        "variance": 0.0029409962718369574,
        "sd": 0.05423095307881798,
        "contraction": 0.0,
        "prior_mean": 0.13540993265993234,
        "prior_variance": 0.0029337359780747863,
        "source": "pop+cohort+user",
        "lam_js": 0.7603833865814696,
        "n_cohort": 238,
        "z_like": 2.611735345833575
      },
      "cohort_prior": {
        "mean": 0.13619087635053972,
        "variance": 0.0029676727681804804,
        "n": 238
      },
      "user_obs": {
        "slope": 2.0768919470504774,
        "se": 1.4209248438294089,
        "n": 26,
        "at_nominal_step": 1.0384459735252387,
        "se_at_step": 0.7104624219147044,
        "residual_sd": 1.8198282249896294,
        "sigma_data_used": 3.5
      },
      "gate": {
        "score": 0.0,
        "tier": "not_exposed"
      }
    },
    {
      "action": "training_load",
      "outcome": "hrv_daily",
      "nominal_step": 100.0,
      "dose_multiplier": 1.3966536651557004,
      "dose_multiplier_raw": 1.3966536651557004,
      "direction_conflict": false,
      "scaled_effect": -2.888638112011862,
      "posterior": {
        "mean": -2.0682565650159472,
        "variance": 0.4227334194809958,
        "sd": 0.6501795286541986,
        "contraction": 0.8966536651557004,
        "prior_mean": -5.056217651515151,
        "prior_variance": 4.090453910318943,
        "source": "pop+cohort+user",
        "lam_js": 0.7603833865814696,
        "n_cohort": 238,
        "z_like": -3.181054576259906
      },
      "cohort_prior": {
        "mean": -5.074865420168067,
        "variance": 4.120681445250819,
        "n": 238
      },
      "user_obs": {
        "slope": -0.017243875469095775,
        "se": 0.03181233167930742,
        "n": 26,
        "at_nominal_step": -1.7243875469095775,
        "se_at_step": 3.1812331679307424,
        "residual_sd": 1.819828224989627,
        "sigma_data_used": 3.5
      },
      "gate": {
        "score": 0.8966536651557004,
        "tier": "recommended"
      }
    },
    {
      "action": "training_load",
      "outcome": "resting_hr",
      "nominal_step": 100.0,
      "dose_multiplier": 1.3310034664428905,
      "dose_multiplier_raw": 1.3310034664428905,
      "direction_conflict": false,
      "scaled_effect": 0.5199250204760388,
      "posterior": {
        "mean": 0.3906263458994134,
        "variance": 0.04606658539857249,
        "sd": 0.21463127777323715,
        "contraction": 0.8310034664428905,
        "prior_mean": 1.305251261157877,
        "prior_variance": 0.2725889367606766,
        "source": "pop+cohort+user",
        "lam_js": 0.7603833865814696,
        "n_cohort": 238,
        "z_like": 1.8199879810253894
      },
      "cohort_prior": {
        "mean": 1.3090992134188058,
        "variance": 0.2741985200917978,
        "n": 238
      },