{
  "pid": 127,
  "cohort": "cohort_a",
  "age": 46,
  "is_female": true,
  "effects_bayesian": [
    {
      "action": "active_energy",
      "outcome": "deep_sleep",
      "nominal_step": 100.0,
      "dose_multiplier": 0.5165101075716688,
      "dose_multiplier_raw": 0.5165101075716688,
      "direction_conflict": false,
      "scaled_effect": 0.3502927978199512,
      "posterior": {
        "mean": 0.6781915642790127,
        "variance": 0.07538953960158948,
        "sd": 0.2745715564321794,
        "contraction": 0.01651010757166882,
        "prior_mean": 0.6921665440115441,
        "prior_variance": 0.07665512394382158,
        "source": "pop+cohort+user",
        "lam_js": 0.8768472906403941,
        "n_cohort": 534,
        "z_like": 2.4699993440381345
      },
      "cohort_prior": {
        "mean": 0.6984414526484751,
        "variance": 0.07805127404443395,
        "n": 534
      },
      "user_obs": {
        "slope": 0.0008778610601855308,
        "se": 0.006762189799983534,
        "n": 61,
        "at_nominal_step": 0.08778610601855308,
        "se_at_step": 0.6762189799983535,
        "residual_sd": 1.922387738515393,
        "sigma_data_used": 12.0
      },
      "gate": {
        "score": 0.01651010757166882,
        "tier": "not_exposed"
      }
    },
    {
      "action": "bedtime",
      "outcome": "deep_sleep",
      "nominal_step": -0.5,
      "dose_multiplier": 0.7804596674205653,
      "dose_multiplier_raw": 0.7804596674205653,
      "direction_conflict": false,
      "scaled_effect": 0.47375880760326006,
      "posterior": {
        "mean": 0.607025356184058,
        "variance": 0.6797324211382724,
        "sd": 0.8244588656435641,
        "contraction": 0.2804596674205653,
        "prior_mean": 0.6072164646464647,
        "prior_variance": 0.9446759137205589,
        "source": "pop+cohort+user",
        "lam_js": 0.8768472906403941,
        "n_cohort": 534,
        "z_like": 0.7362712458798296
      },
      "cohort_prior": {
        "mean": 0.6056498876404495,
        "variance": 0.9560138510611396,
        "n": 534
      },
      "user_obs": {
        "slope": -1.219899365661617,
        "se": 0.7231012104904868,
        "n": 61,
        "at_nominal_step": 0.6099496828308085,
        "se_at_step": 0.3615506052452434,
        "residual_sd": 1.9395209662272792,
        "sigma_data_used": 12.0
      },
      "gate": {
        "score": 0.2804596674205653,
        "tier": "not_exposed"
      }
    },
    {
      "action": "bedtime",
      "outcome": "sleep_quality",
      "nominal_step": -0.5,
      "dose_multiplier": 1.0251653341113507,
      "dose_multiplier_raw": 1.0251653341113507,
      "direction_conflict": false,
      "scaled_effect": 0.8336583705826442,
      "posterior": {
        "mean": 0.8131940701109335,
        "variance": 0.4211314318965001,
        "sd": 0.6489464014050006,
        "contraction": 0.5251653341113507,
        "prior_mean": 0.4607862962962966,
        "prior_variance": 0.8869011935098631,
        "source": "pop+cohort+user",
        "lam_js": 0.8768472906403941,
        "n_cohort": 534,
        "z_like": 1.2530989745074919
      },
      "cohort_prior": {
        "mean": 0.46373086142322145,
        "variance": 0.8849888909576128,
        "n": 534
      },
      "user_obs": {
        "slope": -2.261272999793906,
        "se": 0.4841077559785895,
        "n": 61,
        "at_nominal_step": 1.130636499896953,
        "se_at_step": 0.24205387798929476,
        "residual_sd": 1.298486476045066,
        "sigma_data_used": 7.0
      },
      "gate": {
        "score": 0.5251653341113507,
        "tier": "possible"
      }
    },
    {
      "action": "running_volume",
      "outcome": "hrv_daily",
      "nominal_step": 30.0,
      "dose_multiplier": 1.1306059443914147,
      "dose_multiplier_raw": 1.1306059443914147,
      "direction_conflict": false,
      "scaled_effect": 0.008513972276883287,
      "posterior": {
        "mean": 0.0075304506571175055,
        "variance": 0.11138768209022934,
        "sd": 0.3337479319639739,
        "contraction": 0.6306059443914147,
        "prior_mean": 0.14166006734006745,
        "prior_variance": 0.3015416203888705,
        "source": "pop+cohort+user",
        "lam_js": 0.8768472906403941,
        "n_cohort": 534,
        "z_like": 0.022563287846620643
      },
      "cohort_prior": {
        "mean": 0.13417902621722846,
        "variance": 0.24427088794406634,
        "n": 534
      },
      "user_obs": {
        "slope": -0.09489405952253194,
        "se": 0.2642645122642625,
        "n": 61,
        "at_nominal_step": -0.09489405952253194,
        "se_at_step": 0.2642645122642625,
        "residual_sd": 1.6412135846450882,
        "sigma_data_used": 3.5
      },
      "gate": {
        "score": 0.6306059443914147,
        "tier": "possible"
      }
    },
    {
      "action": "sleep_duration",
      "outcome": "hrv_daily",
      "nominal_step": 0.5,
      "dose_multiplier": 0.5248686971945116,
      "dose_multiplier_raw": 0.5248686971945116,
      "direction_conflict": false,
      "scaled_effect": 0.07220689106964122,
      "posterior": {
        "mean": 0.13757134204344063,
        "variance": 0.0028607777863874,
        "sd": 0.053486239224565045,
        "contraction": 0.02486869719451157,
        "prior_mean": 0.13540993265993234,
        "prior_variance": 0.0029337359780747863,
        "source": "pop+cohort+user",
        "lam_js": 0.8768472906403941,
        "n_cohort": 534,
        "z_like": 2.5720885229159496
      },
      "cohort_prior": {
        "mean": 0.13457651150347733,
        "variance": 0.002897733991751291,
        "n": 534
      },
      "user_obs": {
        "slope": 0.6754081123396758,
        "se": 0.6177836299976123,
        "n": 61,
        "at_nominal_step": 0.3377040561698379,
        "se_at_step": 0.30889181499880614,
        "residual_sd": 1.6412135846450886,
        "sigma_data_used": 3.5
      },
      "gate": {
        "score": 0.02486869719451157,
        "tier": "not_exposed"
      }
    },
    {
      "action": "training_load",
      "outcome": "hrv_daily",
      "nominal_step": 100.0,
      "dose_multiplier": 1.453198732892631,
      "dose_multiplier_raw": 1.453198732892631,
      "direction_conflict": false,
      "scaled_effect": -5.618948159528599,
      "posterior": {
        "mean": -3.866606839343943,
        "variance": 0.19143842604721878,
        "sd": 0.4375367710801217,
        "contraction": 0.953198732892631,
        "prior_mean": -5.056217651515151,
        "prior_variance": 4.090453910318943,
        "source": "pop+cohort+user",
        "lam_js": 0.8768472906403941,
        "n_cohort": 534,
        "z_like": -8.837215738002259
      },
      "cohort_prior": {
        "mean": -5.061554325842696,
        "variance": 4.099093150953106,
        "n": 534
      },
      "user_obs": {
        "slope": -0.03808081855297478,
        "se": 0.018607112722215224,
        "n": 61,
        "at_nominal_step": -3.808081855297478,
        "se_at_step": 1.8607112722215224,
        "residual_sd": 1.6412135846450886,
        "sigma_data_used": 3.5
      },
      "gate": {
        "score": 0.953198732892631,
        "tier": "recommended"
      }
    },
    {
      "action": "training_load",
      "outcome": "resting_hr",
      "nominal_step": 100.0,
      "dose_multiplier": 1.4202913672264268,
      "dose_multiplier_raw": 1.4202913672264268,
      "direction_conflict": false,
      "scaled_effect": 0.946522586231311,
      "posterior": {
        "mean": 0.6664284583238009,
        "variance": 0.02172769145839557,
        "sd": 0.14740315959434372,
        "contraction": 0.9202913672264267,
        "prior_mean": 1.305251261157877,
        "prior_variance": 0.2725889367606766,
        "source": "pop+cohort+user",
        "lam_js": 0.8768472906403941,
        "n_cohort": 534,
        "z_like": 4.5211273636048555
      },
      "cohort_prior": {
        "mean": 1.306352479669686,
        "variance": 0.273049088182262,