{
  "pid": 1187,
  "cohort": "cohort_c",
  "age": 47,
  "is_female": true,
  "effects_bayesian": [
    {
      "action": "active_energy",
      "outcome": "deep_sleep",
      "nominal_step": 100.0,
      "dose_multiplier": 0.5236158130816639,
      "dose_multiplier_raw": 0.5236158130816639,
      "direction_conflict": false,
      "scaled_effect": 0.3474987757335909,
      "posterior": {
        "mean": 0.663652179808012,
        "variance": 0.07484485086501251,
        "sd": 0.2735778698378444,
        "contraction": 0.02361581308166394,
        "prior_mean": 0.6921665440115441,
        "prior_variance": 0.07665512394382158,
        "source": "pop+cohort+user",
        "lam_js": 0.7603833865814696,
        "n_cohort": 238,
        "z_like": 2.425825525293304
      },
      "cohort_prior": {
        "mean": 0.6920608463385354,
        "variance": 0.07663171440556958,
        "n": 238
      },
      "user_obs": {
        "slope": -0.00523612408343864,
        "se": 0.007407954662727578,
        "n": 45,
        "at_nominal_step": -0.523612408343864,
        "se_at_step": 0.7407954662727578,
        "residual_sd": 2.012003338555787,
        "sigma_data_used": 12.0
      },
      "gate": {
        "score": 0.02361581308166394,
        "tier": "not_exposed"
      }
    },
    {
      "action": "bedtime",
      "outcome": "deep_sleep",
      "nominal_step": -0.5,
      "dose_multiplier": 0.7319498695618661,
      "dose_multiplier_raw": 0.7319498695618661,
      "direction_conflict": false,
      "scaled_effect": 0.39999617814471755,
      "posterior": {
        "mean": 0.5464802915862927,
        "variance": 0.7255584587548386,
        "sd": 0.8517971934415132,
        "contraction": 0.23194986956186614,
        "prior_mean": 0.6072164646464647,
        "prior_variance": 0.9446759137205589,
        "source": "pop+cohort+user",
        "lam_js": 0.7603833865814696,
        "n_cohort": 238,
        "z_like": 0.641561507591203
      },
      "cohort_prior": {
        "mean": 0.5855927731092442,
        "variance": 0.9363184076048073,
        "n": 238
      },
      "user_obs": {
        "slope": -0.7908412746888751,
        "se": 0.9968161372006804,
        "n": 45,
        "at_nominal_step": 0.39542063734443755,
        "se_at_step": 0.4984080686003402,
        "residual_sd": 2.0380264651545796,
        "sigma_data_used": 12.0
      },
      "gate": {
        "score": 0.23194986956186614,
        "tier": "not_exposed"
      }
    },
    {
      "action": "bedtime",
      "outcome": "sleep_quality",
      "nominal_step": -0.5,
      "dose_multiplier": 0.9531741060479709,
      "dose_multiplier_raw": 0.9531741060479709,
      "direction_conflict": false,
      "scaled_effect": 0.4186046780114189,
      "posterior": {
        "mean": 0.4391691668451089,
        "variance": 0.4849805379881524,
        "sd": 0.6964054408088383,
        "contraction": 0.4531741060479709,
        "prior_mean": 0.4607862962962966,
        "prior_variance": 0.8869011935098631,
        "source": "pop+cohort+user",
        "lam_js": 0.7603833865814696,
        "n_cohort": 238,
        "z_like": 0.6306228255986011
      },
      "cohort_prior": {
        "mean": 0.42567579831932817,
        "variance": 0.8706033108101122,
        "n": 238
      },
      "user_obs": {
        "slope": -0.8909905592396457,
        "se": 0.6447903690164595,
        "n": 45,
        "at_nominal_step": 0.4454952796198228,
        "se_at_step": 0.32239518450822974,
        "residual_sd": 1.3182971136709996,
        "sigma_data_used": 7.0
      },
      "gate": {
        "score": 0.4531741060479709,
        "tier": "possible"
      }
    },
    {
      "action": "running_volume",
      "outcome": "hrv_daily",
      "nominal_step": 30.0,
      "dose_multiplier": 0.5,
      "dose_multiplier_raw": 0.9284368972518966,
      "direction_conflict": true,
      "scaled_effect": -0.02711587440896183,
      "posterior": {
        "mean": -0.05423174881792366,
        "variance": 0.1723500641571536,
        "sd": 0.41515065236267373,
        "contraction": 0.4284368972518966,
        "prior_mean": 0.14166006734006745,
        "prior_variance": 0.3015416203888705,
        "source": "pop+cohort+user",
        "lam_js": 0.7603833865814696,
        "n_cohort": 238,
        "z_like": -0.1306314912653613
      },
      "cohort_prior": {
        "mean": 0.19654117647058833,
        "variance": 0.5699868837170512,
        "n": 238
      },
      "user_obs": {
        "slope": -0.19192750178269277,
        "se": 0.2793885488372191,
        "n": 45,
        "at_nominal_step": -0.19192750178269277,
        "se_at_step": 0.2793885488372191,
        "residual_sd": 1.2902187714534854,
        "sigma_data_used": 3.5
      },
      "gate": {
        "score": 0.2142184486259483,
        "tier": "not_exposed"
      }
    },
    {
      "action": "sleep_duration",
      "outcome": "hrv_daily",
      "nominal_step": 0.5,
      "dose_multiplier": 0.5020773090511649,
      "dose_multiplier_raw": 0.5020773090511649,
      "direction_conflict": false,
      "scaled_effect": 0.07357101949860965,
      "posterior": {
        "mean": 0.14653324930705502,
        "variance": 0.0029276417017738035,
        "sd": 0.054107686161707226,
        "contraction": 0.0020773090511648773,
        "prior_mean": 0.13540993265993234,
        "prior_variance": 0.0029337359780747863,
        "source": "pop+cohort+user",
        "lam_js": 0.7603833865814696,
        "n_cohort": 238,
        "z_like": 2.708178074167191
      },
      "cohort_prior": {
        "mean": 0.13619087635053972,
        "variance": 0.0029676727681804804,
        "n": 238
      },
      "user_obs": {
        "slope": 2.230145953627677,
        "se": 0.7076602543731555,
        "n": 45,
        "at_nominal_step": 1.1150729768138385,
        "se_at_step": 0.35383012718657775,
        "residual_sd": 1.2902187714534858,
        "sigma_data_used": 3.5
      },
      "gate": {
        "score": 0.0020773090511648773,
        "tier": "not_exposed"
      }
    },
    {
      "action": "training_load",
      "outcome": "hrv_daily",
      "nominal_step": 100.0,
      "dose_multiplier": 1.4375802849330408,
      "dose_multiplier_raw": 1.4375802849330408,
      "direction_conflict": false,
      "scaled_effect": -2.8124011004707623,
      "posterior": {
        "mean": -1.9563436769041094,
        "variance": 0.2553249675766379,
        "sd": 0.505296910317724,
        "contraction": 0.9375802849330407,
        "prior_mean": -5.056217651515151,
        "prior_variance": 4.090453910318943,
        "source": "pop+cohort+user",
        "lam_js": 0.7603833865814696,
        "n_cohort": 238,
        "z_like": -3.8716715597449163
      },
      "cohort_prior": {
        "mean": -5.074865420168067,
        "variance": 4.120681445250819,
        "n": 238
      },
      "user_obs": {
        "slope": -0.01750257471336989,
        "se": 0.017799888097688784,
        "n": 45,
        "at_nominal_step": -1.7502574713369892,
        "se_at_step": 1.7799888097688783,
        "residual_sd": 1.2902187714534865,
        "sigma_data_used": 3.5
      },
      "gate": {
        "score": 0.9375802849330407,
        "tier": "recommended"
      }
    },
    {
      "action": "training_load",
      "outcome": "resting_hr",
      "nominal_step": 100.0,
      "dose_multiplier": 0.5,
      "dose_multiplier_raw": 1.394891083552537,
      "direction_conflict": true,
      "scaled_effect": -0.07233220600948981,
      "posterior": {
        "mean": -0.14466441201897962,
        "variance": 0.02865152777848073,
        "sd": 0.16926762176648177,
        "contraction": 0.894891083552537,
        "prior_mean": 1.305251261157877,
        "prior_variance": 0.2725889367606766,
        "source": "pop+cohort+user",
        "lam_js": 0.7603833865814696,
        "n_cohort": 238,
        "z_like": -0.8546490492939975
      },
      "cohort_prior": {
        "mean": 1.3090992134188058,
        "variance": 0.2741985200917978,