{
  "pid": 527,
  "cohort": "cohort_a",
  "age": 24,
  "is_female": true,
  "effects_bayesian": [
    {
      "action": "active_energy",
      "outcome": "deep_sleep",
      "nominal_step": 100.0,
      "dose_multiplier": 0.5165101075716688,
      "dose_multiplier_raw": 0.5165101075716688,
      "direction_conflict": false,
      "scaled_effect": 0.35973665107973857,
      "posterior": {
        "mean": 0.6964755303066804,
        "variance": 0.07538953960158948,
        "sd": 0.2745715564321794,
        "contraction": 0.01651010757166882,
        "prior_mean": 0.6921665440115441,
        "prior_variance": 0.07665512394382158,
        "source": "pop+cohort+user",
        "lam_js": 0.8768472906403941,
        "n_cohort": 534,
        "z_like": 2.5365902402884672
      },
      "cohort_prior": {
        "mean": 0.6984414526484751,
        "variance": 0.07805127404443395,
        "n": 534
      },
      "user_obs": {
        "slope": 0.00660307831702437,
        "se": 0.008694169429396869,
        "n": 61,
        "at_nominal_step": 0.660307831702437,
        "se_at_step": 0.8694169429396869,
        "residual_sd": 2.2178637043879887,
        "sigma_data_used": 12.0
      },
      "gate": {
        "score": 0.01651010757166882,
        "tier": "not_exposed"
      }
    },
    {
      "action": "bedtime",
      "outcome": "deep_sleep",
      "nominal_step": -0.5,
      "dose_multiplier": 0.7804596674205653,
      "dose_multiplier_raw": 0.7804596674205653,
      "direction_conflict": false,
      "scaled_effect": 0.46344548112891376,
      "posterior": {
        "mean": 0.5938109302439808,
        "variance": 0.6797324211382724,
        "sd": 0.8244588656435641,
        "contraction": 0.2804596674205653,
        "prior_mean": 0.6072164646464647,
        "prior_variance": 0.9446759137205589,
        "source": "pop+cohort+user",
        "lam_js": 0.8768472906403941,
        "n_cohort": 534,
        "z_like": 0.7202432467997759
      },
      "cohort_prior": {
        "mean": 0.6056498876404495,
        "variance": 0.9560138510611396,
        "n": 534
      },
      "user_obs": {
        "slope": -1.1281141000311166,
        "se": 0.7442124671270657,
        "n": 61,
        "at_nominal_step": 0.5640570500155583,
        "se_at_step": 0.37210623356353284,
        "residual_sd": 2.230280748209612,
        "sigma_data_used": 12.0
      },
      "gate": {
        "score": 0.2804596674205653,
        "tier": "not_exposed"
      }
    },
    {
      "action": "bedtime",
      "outcome": "sleep_quality",
      "nominal_step": -0.5,
      "dose_multiplier": 1.0251653341113507,
      "dose_multiplier_raw": 1.0251653341113507,
      "direction_conflict": false,
      "scaled_effect": 0.3457719932021433,
      "posterior": {
        "mean": 0.33728412549364106,
        "variance": 0.4211314318965001,
        "sd": 0.6489464014050006,
        "contraction": 0.5251653341113507,
        "prior_mean": 0.4607862962962966,
        "prior_variance": 0.8869011935098631,
        "source": "pop+cohort+user",
        "lam_js": 0.8768472906403941,
        "n_cohort": 534,
        "z_like": 0.5197411138476221
      },
      "cohort_prior": {
        "mean": 0.46373086142322145,
        "variance": 0.8849888909576128,
        "n": 534
      },
      "user_obs": {
        "slope": -0.4457432757530624,
        "se": 0.3731316023836212,
        "n": 61,
        "at_nominal_step": 0.2228716378765312,
        "se_at_step": 0.1865658011918106,
        "residual_sd": 1.1182132335908688,
        "sigma_data_used": 7.0
      },
      "gate": {
        "score": 0.5251653341113507,
        "tier": "possible"
      }
    },
    {
      "action": "running_volume",
      "outcome": "hrv_daily",
      "nominal_step": 30.0,
      "dose_multiplier": 1.1306059443914147,
      "dose_multiplier_raw": 1.1306059443914147,
      "direction_conflict": false,
      "scaled_effect": 0.3474747932553116,
      "posterior": {
        "mean": 0.3073350135642097,
        "variance": 0.11138768209022934,
        "sd": 0.3337479319639739,
        "contraction": 0.6306059443914147,
        "prior_mean": 0.14166006734006745,
        "prior_variance": 0.3015416203888705,
        "source": "pop+cohort+user",
        "lam_js": 0.8768472906403941,
        "n_cohort": 534,
        "z_like": 0.9208596792065957
      },
      "cohort_prior": {
        "mean": 0.13417902621722846,
        "variance": 0.24427088794406634,
        "n": 534
      },
      "user_obs": {
        "slope": 0.44562041116780876,
        "se": 0.2784962702297182,
        "n": 61,
        "at_nominal_step": 0.44562041116780876,
        "se_at_step": 0.2784962702297182,
        "residual_sd": 1.3982022165259036,
        "sigma_data_used": 3.5
      },
      "gate": {
        "score": 0.6306059443914147,
        "tier": "possible"
      }
    },
    {
      "action": "sleep_duration",
      "outcome": "hrv_daily",
      "nominal_step": 0.5,
      "dose_multiplier": 0.5248686971945116,
      "dose_multiplier_raw": 0.5248686971945116,
      "direction_conflict": false,
      "scaled_effect": 0.06695213113777788,
      "posterior": {
        "mean": 0.12755977160696635,
        "variance": 0.0028607777863874,
        "sd": 0.053486239224565045,
        "contraction": 0.02486869719451157,
        "prior_mean": 0.13540993265993234,
        "prior_variance": 0.0029337359780747863,
        "source": "pop+cohort+user",
        "lam_js": 0.8768472906403941,
        "n_cohort": 534,
        "z_like": 2.3849082204377714
      },
      "cohort_prior": {
        "mean": 0.13457651150347733,
        "variance": 0.002897733991751291,
        "n": 534
      },
      "user_obs": {
        "slope": -0.7301678832077071,
        "se": 0.5856272784248547,
        "n": 61,
        "at_nominal_step": -0.36508394160385355,
        "se_at_step": 0.29281363921242737,
        "residual_sd": 1.3982022165259038,
        "sigma_data_used": 3.5
      },
      "gate": {
        "score": 0.02486869719451157,
        "tier": "not_exposed"
      }
    },
    {
      "action": "training_load",
      "outcome": "hrv_daily",
      "nominal_step": 100.0,
      "dose_multiplier": 0.5,
      "dose_multiplier_raw": 1.453198732892631,
      "direction_conflict": true,
      "scaled_effect": 0.6518083914903738,
      "posterior": {
        "mean": 1.3036167829807477,
        "variance": 0.19143842604721878,
        "sd": 0.4375367710801217,
        "contraction": 0.953198732892631,
        "prior_mean": -5.056217651515151,
        "prior_variance": 4.090453910318943,
        "source": "pop+cohort+user",
        "lam_js": 0.8768472906403941,
        "n_cohort": 534,
        "z_like": 2.97944508700968
      },
      "cohort_prior": {
        "mean": -5.061554325842696,
        "variance": 4.099093150953106,
        "n": 534
      },
      "user_obs": {
        "slope": 0.016155033366527696,
        "se": 0.016844764086961915,
        "n": 61,
        "at_nominal_step": 1.6155033366527696,
        "se_at_step": 1.6844764086961914,
        "residual_sd": 1.398202216525905,
        "sigma_data_used": 3.5
      },
      "gate": {
        "score": 0.4765993664463155,
        "tier": "possible"
      }
    },
    {
      "action": "training_load",
      "outcome": "resting_hr",
      "nominal_step": 100.0,
      "dose_multiplier": 1.4202913672264268,
      "dose_multiplier_raw": 1.4202913672264268,
      "direction_conflict": false,
      "scaled_effect": 2.2279793003245163,
      "posterior": {
        "mean": 1.568677633150273,
        "variance": 0.02172769145839557,
        "sd": 0.14740315959434372,
        "contraction": 0.9202913672264267,
        "prior_mean": 1.305251261157877,
        "prior_variance": 0.2725889367606766,
        "source": "pop+cohort+user",
        "lam_js": 0.8768472906403941,
        "n_cohort": 534,
        "z_like": 10.642089609661715
      },
      "cohort_prior": {
        "mean": 1.306352479669686,
        "variance": 0.273049088182262,
        "n": 534
      },