{
  "pid": 265,
  "cohort": "cohort_a",
  "age": 34,
  "is_female": false,
  "effects_bayesian": [
    {
      "action": "active_energy",
      "outcome": "deep_sleep",
      "nominal_step": 100.0,
      "dose_multiplier": 0.5154792385865138,
      "dose_multiplier_raw": 0.5154792385865138,
      "direction_conflict": false,
      "scaled_effect": 0.35239102602689776,
      "posterior": {
        "mean": 0.6836182714034861,
        "variance": 0.07546856099141638,
        "sd": 0.27471541819019984,
        "contraction": 0.015479238586513788,
        "prior_mean": 0.6921665440115441,
        "prior_variance": 0.07665512394382158,
        "source": "pop+cohort+user",
        "lam_js": 0.8768472906403941,
        "n_cohort": 534,
        "z_like": 2.488459788340607
      },
      "cohort_prior": {
        "mean": 0.6984414526484751,
        "variance": 0.07805127404443395,
        "n": 534
      },
      "user_obs": {
        "slope": 0.002432738464373009,
        "se": 0.005828912772187862,
        "n": 59,
        "at_nominal_step": 0.2432738464373009,
        "se_at_step": 0.5828912772187862,
        "residual_sd": 2.0636192337232306,
        "sigma_data_used": 12.0
      },
      "gate": {
        "score": 0.015479238586513788,
        "tier": "not_exposed"
      }
    },
    {
      "action": "bedtime",
      "outcome": "deep_sleep",
      "nominal_step": -0.5,
      "dose_multiplier": 0.7736019408727779,
      "dose_multiplier_raw": 0.7736019408727779,
      "direction_conflict": false,
      "scaled_effect": 0.2088965102446668,
      "posterior": {
        "mean": 0.2700310058800909,
        "variance": 0.6862107502308491,
        "sd": 0.8283783859027523,
        "contraction": 0.2736019408727779,
        "prior_mean": 0.6072164646464647,
        "prior_variance": 0.9446759137205589,
        "source": "pop+cohort+user",
        "lam_js": 0.8768472906403941,
        "n_cohort": 534,
        "z_like": 0.32597543643755966
      },
      "cohort_prior": {
        "mean": 0.6056498876404495,
        "variance": 0.9560138510611396,
        "n": 534
      },
      "user_obs": {
        "slope": 1.1771096037653772,
        "se": 0.7040478424067966,
        "n": 59,
        "at_nominal_step": -0.5885548018826886,
        "se_at_step": 0.3520239212033983,
        "residual_sd": 2.082208577451388,
        "sigma_data_used": 12.0
      },
      "gate": {
        "score": 0.2736019408727779,
        "tier": "not_exposed"
      }
    },
    {
      "action": "bedtime",
      "outcome": "sleep_quality",
      "nominal_step": -0.5,
      "dose_multiplier": 1.016860633157724,
      "dose_multiplier_raw": 1.016860633157724,
      "direction_conflict": false,
      "scaled_effect": 0.12274592951506123,
      "posterior": {
        "mean": 0.12071067117023722,
        "variance": 0.4284968810840142,
        "sd": 0.6545967316478246,
        "contraction": 0.5168606331577239,
        "prior_mean": 0.4607862962962966,
        "prior_variance": 0.8869011935098631,
        "source": "pop+cohort+user",
        "lam_js": 0.8768472906403941,
        "n_cohort": 534,
        "z_like": 0.1844046346922184
      },
      "cohort_prior": {
        "mean": 0.46373086142322145,
        "variance": 0.8849888909576128,
        "n": 534
      },
      "user_obs": {
        "slope": 0.4015346157020569,
        "se": 0.41183319687490477,
        "n": 59,
        "at_nominal_step": -0.20076730785102845,
        "se_at_step": 0.20591659843745239,
        "residual_sd": 1.2179891242627785,
        "sigma_data_used": 7.0
      },
      "gate": {
        "score": 0.5168606331577239,
        "tier": "possible"
      }
    },
    {
      "action": "running_volume",
      "outcome": "hrv_daily",
      "nominal_step": 30.0,
      "dose_multiplier": 0.5,
      "dose_multiplier_raw": 1.1237638093389757,
      "direction_conflict": true,
      "scaled_effect": -0.057905057595305426,
      "posterior": {
        "mean": -0.11581011519061085,
        "variance": 0.1134508705808613,
        "sd": 0.3368246881997537,
        "contraction": 0.6237638093389757,
        "prior_mean": 0.14166006734006745,
        "prior_variance": 0.3015416203888705,
        "source": "pop+cohort+user",
        "lam_js": 0.8768472906403941,
        "n_cohort": 534,
        "z_like": -0.34382905780923556
      },
      "cohort_prior": {
        "mean": 0.13417902621722846,
        "variance": 0.24427088794406634,
        "n": 534
      },
      "user_obs": {
        "slope": -0.3240923860797632,
        "se": 0.20609140918614097,
        "n": 59,
        "at_nominal_step": -0.3240923860797632,
        "se_at_step": 0.20609140918614097,
        "residual_sd": 1.3522921113595605,
        "sigma_data_used": 3.5
      },
      "gate": {
        "score": 0.31188190466948784,
        "tier": "possible"
      }
    },
    {
      "action": "sleep_duration",
      "outcome": "hrv_daily",
      "nominal_step": 0.5,
      "dose_multiplier": 0.5244130339257386,
      "dose_multiplier_raw": 0.5244130339257386,
      "direction_conflict": false,
      "scaled_effect": 0.07446111921959936,
      "posterior": {
        "mean": 0.1419894518299553,
        "variance": 0.0028621145821128868,
        "sd": 0.053498734397300345,
        "contraction": 0.02441303392573857,
        "prior_mean": 0.13540993265993234,
        "prior_variance": 0.0029337359780747863,
        "source": "pop+cohort+user",
        "lam_js": 0.8768472906403941,
        "n_cohort": 534,
        "z_like": 2.6540712304611147
      },
      "cohort_prior": {
        "mean": 0.13457651150347733,
        "variance": 0.002897733991751291,
        "n": 534
      },
      "user_obs": {
        "slope": 1.3299845946195703,
        "se": 0.7132676583917446,
        "n": 59,
        "at_nominal_step": 0.6649922973097852,
        "se_at_step": 0.3566338291958723,
        "residual_sd": 1.3522921113595596,
        "sigma_data_used": 3.5
      },
      "gate": {
        "score": 0.02441303392573857,
        "tier": "not_exposed"
      }
    },
    {
      "action": "training_load",
      "outcome": "hrv_daily",
      "nominal_step": 100.0,
      "dose_multiplier": 1.4516887526218638,
      "dose_multiplier_raw": 1.4516887526218638,
      "direction_conflict": false,
      "scaled_effect": -0.7566722863458152,
      "posterior": {
        "mean": -0.5212358950768239,
        "variance": 0.1976149307502823,
        "sd": 0.4445390092559733,
        "contraction": 0.9516887526218639,
        "prior_mean": -5.056217651515151,
        "prior_variance": 4.090453910318943,
        "source": "pop+cohort+user",
        "lam_js": 0.8768472906403941,
        "n_cohort": 534,
        "z_like": -1.1725312834732289
      },
      "cohort_prior": {
        "mean": -5.061554325842696,
        "variance": 4.099093150953106,
        "n": 534
      },
      "user_obs": {
        "slope": -0.0029123333006488474,
        "se": 0.01537504514999751,
        "n": 59,
        "at_nominal_step": -0.2912333300648847,
        "se_at_step": 1.537504514999751,
        "residual_sd": 1.3522921113595596,
        "sigma_data_used": 3.5
      },
      "gate": {
        "score": 0.9516887526218639,
        "tier": "recommended"
      }
    },
    {
      "action": "training_load",
      "outcome": "resting_hr",
      "nominal_step": 100.0,
      "dose_multiplier": 0.5,
      "dose_multiplier_raw": 1.417811124836331,
      "direction_conflict": true,
      "scaled_effect": -0.1410394436901975,
      "posterior": {
        "mean": -0.282078887380395,
        "variance": 0.022403778094420478,
        "sd": 0.14967891666637784,
        "contraction": 0.9178111248363311,
        "prior_mean": 1.305251261157877,
        "prior_variance": 0.2725889367606766,
        "source": "pop+cohort+user",
        "lam_js": 0.8768472906403941,
        "n_cohort": 534,
        "z_like": -1.8845599210817776
      },
      "cohort_prior": {
        "mean": 1.306352479669686,
        "variance": 0.273049088182262,