{
  "pid": 75,
  "cohort": "cohort_a",
  "age": 23,
  "is_female": true,
  "effects_bayesian": [
    {
      "action": "active_energy",
      "outcome": "deep_sleep",
      "nominal_step": 100.0,
      "dose_multiplier": 0.5118541161188561,
      "dose_multiplier_raw": 0.5118541161188561,
      "direction_conflict": false,
      "scaled_effect": 0.34078748782293944,
      "posterior": {
        "mean": 0.6657902654118858,
        "variance": 0.07574644520348621,
        "sd": 0.2752207208832326,
        "contraction": 0.011854116118856117,
        "prior_mean": 0.6921665440115441,
        "prior_variance": 0.07665512394382158,
        "source": "pop+cohort+user",
        "lam_js": 0.8768472906403941,
        "n_cohort": 534,
        "z_like": 2.419113878036674
      },
      "cohort_prior": {
        "mean": 0.6984414526484751,
        "variance": 0.07805127404443395,
        "n": 534
      },
      "user_obs": {
        "slope": -0.004677812373159035,
        "se": 0.006238584587224561,
        "n": 52,
        "at_nominal_step": -0.4677812373159035,
        "se_at_step": 0.623858458722456,
        "residual_sd": 1.7245921451813475,
        "sigma_data_used": 12.0
      },
      "gate": {
        "score": 0.011854116118856117,
        "tier": "not_exposed"
      }
    },
    {
      "action": "bedtime",
      "outcome": "deep_sleep",
      "nominal_step": -0.5,
      "dose_multiplier": 0.748534970945571,
      "dose_multiplier_raw": 0.748534970945571,
      "direction_conflict": false,
      "scaled_effect": 0.3605042292060645,
      "posterior": {
        "mean": 0.48161307513884777,
        "variance": 0.7098909129510391,
        "sd": 0.8425502435766303,
        "contraction": 0.24853497094557098,
        "prior_mean": 0.6072164646464647,
        "prior_variance": 0.9446759137205589,
        "source": "pop+cohort+user",
        "lam_js": 0.8768472906403941,
        "n_cohort": 534,
        "z_like": 0.5716134780216758
      },
      "cohort_prior": {
        "mean": 0.6056498876404495,
        "variance": 0.9560138510611396,
        "n": 534
      },
      "user_obs": {
        "slope": -0.24246398330139493,
        "se": 0.7806518682164313,
        "n": 52,
        "at_nominal_step": 0.12123199165069747,
        "se_at_step": 0.39032593410821564,
        "residual_sd": 1.743935636918005,
        "sigma_data_used": 12.0
      },
      "gate": {
        "score": 0.24853497094557098,
        "tier": "not_exposed"
      }
    },
    {
      "action": "bedtime",
      "outcome": "sleep_quality",
      "nominal_step": -0.5,
      "dose_multiplier": 0.9853573822158039,
      "dose_multiplier_raw": 0.9853573822158039,
      "direction_conflict": false,
      "scaled_effect": 0.29953748891854776,
      "posterior": {
        "mean": 0.3039886789552116,
        "variance": 0.4564371519438438,
        "sd": 0.6756013261856757,
        "contraction": 0.48535738221580393,
        "prior_mean": 0.4607862962962966,
        "prior_variance": 0.8869011935098631,
        "source": "pop+cohort+user",
        "lam_js": 0.8768472906403941,
        "n_cohort": 534,
        "z_like": 0.44995275641549926
      },
      "cohort_prior": {
        "mean": 0.46373086142322145,
        "variance": 0.8849888909576128,
        "n": 534
      },
      "user_obs": {
        "slope": -0.26866304757990933,
        "se": 0.4623742721511007,
        "n": 52,
        "at_nominal_step": 0.13433152378995467,
        "se_at_step": 0.23118713607555036,
        "residual_sd": 1.0329200551849222,
        "sigma_data_used": 7.0
      },
      "gate": {
        "score": 0.48535738221580393,
        "tier": "possible"
      }
    },
    {
      "action": "running_volume",
      "outcome": "hrv_daily",
      "nominal_step": 30.0,
      "dose_multiplier": 1.097681901617898,
      "dose_multiplier_raw": 1.097681901617898,
      "direction_conflict": false,
      "scaled_effect": 0.01491623723961657,
      "posterior": {
        "mean": 0.013588852305600732,
        "variance": 0.12131565129790807,
        "sd": 0.3483039639422843,
        "contraction": 0.597681901617898,
        "prior_mean": 0.14166006734006745,
        "prior_variance": 0.3015416203888705,
        "source": "pop+cohort+user",
        "lam_js": 0.8768472906403941,
        "n_cohort": 534,
        "z_like": 0.03901434870793625
      },
      "cohort_prior": {
        "mean": 0.13417902621722846,
        "variance": 0.24427088794406634,
        "n": 534
      },
      "user_obs": {
        "slope": -0.1008568650784173,
        "se": 0.23139022289093986,
        "n": 52,
        "at_nominal_step": -0.1008568650784173,
        "se_at_step": 0.23139022289093986,
        "residual_sd": 1.2568923256864264,
        "sigma_data_used": 3.5
      },
      "gate": {
        "score": 0.597681901617898,
        "tier": "possible"
      }
    },
    {
      "action": "sleep_duration",
      "outcome": "hrv_daily",
      "nominal_step": 0.5,
      "dose_multiplier": 0.5228148534357926,
      "dose_multiplier_raw": 0.5228148534357926,
      "direction_conflict": false,
      "scaled_effect": 0.07038629497808767,
      "posterior": {
        "mean": 0.13462948597486984,
        "variance": 0.0028668032217156986,
        "sd": 0.05354253656407865,
        "contraction": 0.022814853435792593,
        "prior_mean": 0.13540993265993234,
        "prior_variance": 0.0029337359780747863,
        "source": "pop+cohort+user",
        "lam_js": 0.8768472906403941,
        "n_cohort": 534,
        "z_like": 2.514439819520839
      },
      "cohort_prior": {
        "mean": 0.13457651150347733,
        "variance": 0.002897733991751291,
        "n": 534
      },
      "user_obs": {
        "slope": 0.2611961773352565,
        "se": 0.6678807405716118,
        "n": 52,
        "at_nominal_step": 0.13059808866762826,
        "se_at_step": 0.3339403702858059,
        "residual_sd": 1.2568923256864253,
        "sigma_data_used": 3.5
      },
      "gate": {
        "score": 0.022814853435792593,
        "tier": "not_exposed"
      }
    },
    {
      "action": "training_load",
      "outcome": "hrv_daily",
      "nominal_step": 100.0,
      "dose_multiplier": 1.4455388456212095,
      "dose_multiplier_raw": 1.4455388456212095,
      "direction_conflict": false,
      "scaled_effect": -4.308547758667001,
      "posterior": {
        "mean": -2.980582480864037,
        "variance": 0.22277084188920668,
        "sd": 0.4719860611174939,
        "contraction": 0.9455388456212096,
        "prior_mean": -5.056217651515151,
        "prior_variance": 4.090453910318943,
        "source": "pop+cohort+user",
        "lam_js": 0.8768472906403941,
        "n_cohort": 534,
        "z_like": -6.314979882683581
      },
      "cohort_prior": {
        "mean": -5.061554325842696,
        "variance": 4.099093150953106,
        "n": 534
      },
      "user_obs": {
        "slope": -0.028609946672976037,
        "se": 0.014418434158346777,
        "n": 52,
        "at_nominal_step": -2.8609946672976037,
        "se_at_step": 1.4418434158346778,
        "residual_sd": 1.2568923256864244,
        "sigma_data_used": 3.5
      },
      "gate": {
        "score": 0.9455388456212096,
        "tier": "recommended"
      }
    },
    {
      "action": "training_load",
      "outcome": "resting_hr",
      "nominal_step": 100.0,
      "dose_multiplier": 0.5,
      "dose_multiplier_raw": 1.4077661942706743,
      "direction_conflict": true,
      "scaled_effect": -0.3094872558576323,
      "posterior": {
        "mean": -0.6189745117152646,
        "variance": 0.025141915037147702,
        "sd": 0.15856202268244343,
        "contraction": 0.9077661942706743,
        "prior_mean": 1.305251261157877,
        "prior_variance": 0.2725889367606766,
        "source": "pop+cohort+user",
        "lam_js": 0.8768472906403941,
        "n_cohort": 534,
        "z_like": -3.9036744186525802
      },
      "cohort_prior": {
        "mean": 1.306352479669686,
        "variance": 0.273049088182262,