{
  "pid": 901,
  "cohort": "cohort_b",
  "age": 30,
  "is_female": false,
  "effects_bayesian": [
    {
      "action": "active_energy",
      "outcome": "deep_sleep",
      "nominal_step": 100.0,
      "dose_multiplier": 0.547853046505958,
      "dose_multiplier_raw": 0.547853046505958,
      "direction_conflict": false,
      "scaled_effect": 0.38113921175884524,
      "posterior": {
        "mean": 0.6956960706701122,
        "variance": 0.07298694273281792,
        "sd": 0.270160957084509,
        "contraction": 0.04785304650595801,
        "prior_mean": 0.6921665440115441,
        "prior_variance": 0.07665512394382158,
        "source": "pop+cohort+user",
        "lam_js": 0.8472505091649695,
        "n_cohort": 416,
        "z_like": 2.5751169901744597
      },
      "cohort_prior": {
        "mean": 0.6841722046703297,
        "variance": 0.07489465690295352,
        "n": 416
      },
      "user_obs": {
        "slope": 0.01042004538751952,
        "se": 0.00863593454858099,
        "n": 57,
        "at_nominal_step": 1.0420045387519519,
        "se_at_step": 0.8635934548580989,
        "residual_sd": 2.1291865072859304,
        "sigma_data_used": 12.0
      },
      "gate": {
        "score": 0.04785304650595801,
        "tier": "not_exposed"
      }
    },
    {
      "action": "bedtime",
      "outcome": "deep_sleep",
      "nominal_step": -0.5,
      "dose_multiplier": 0.7751131720344738,
      "dose_multiplier_raw": 0.7751131720344738,
      "direction_conflict": false,
      "scaled_effect": 0.5877126117146425,
      "posterior": {
        "mean": 0.7582281309606018,
        "variance": 0.6847831265523311,
        "sd": 0.827516239449312,
        "contraction": 0.27511317203447383,
        "prior_mean": 0.6072164646464647,
        "prior_variance": 0.9446759137205589,
        "source": "pop+cohort+user",
        "lam_js": 0.8472505091649695,
        "n_cohort": 416,
        "z_like": 0.9162697900227077
      },
      "cohort_prior": {
        "mean": 0.6215986538461539,
        "variance": 0.9384823525592582,
        "n": 416
      },
      "user_obs": {
        "slope": -2.2631255258031793,
        "se": 0.7550874405681655,
        "n": 57,
        "at_nominal_step": 1.1315627629015896,
        "se_at_step": 0.37754372028408273,
        "residual_sd": 2.1099380620116714,
        "sigma_data_used": 12.0
      },
      "gate": {
        "score": 0.27511317203447383,
        "tier": "not_exposed"
      }
    },
    {
      "action": "bedtime",
      "outcome": "sleep_quality",
      "nominal_step": -0.5,
      "dose_multiplier": 1.004575706366948,
      "dose_multiplier_raw": 1.004575706366948,
      "direction_conflict": false,
      "scaled_effect": 0.36600416542701986,
      "posterior": {
        "mean": 0.36433706599443394,
        "variance": 0.43939239731693475,
        "sd": 0.6628668020929505,
        "contraction": 0.5045757063669479,
        "prior_mean": 0.4607862962962966,
        "prior_variance": 0.8869011935098631,
        "source": "pop+cohort+user",
        "lam_js": 0.8472505091649695,
        "n_cohort": 416,
        "z_like": 0.5496384263687183
      },
      "cohort_prior": {
        "mean": 0.4770937500000001,
        "variance": 0.9009695161433738,
        "n": 416
      },
      "user_obs": {
        "slope": -0.5177468861669832,
        "se": 0.4364997450984097,
        "n": 57,
        "at_nominal_step": 0.2588734430834916,
        "se_at_step": 0.21824987254920486,
        "residual_sd": 1.2197096346199725,
        "sigma_data_used": 7.0
      },
      "gate": {
        "score": 0.5045757063669479,
        "tier": "possible"
      }
    },
    {
      "action": "running_volume",
      "outcome": "hrv_daily",
      "nominal_step": 30.0,
      "dose_multiplier": 1.1329002776959824,
      "dose_multiplier_raw": 1.1329002776959824,
      "direction_conflict": false,
      "scaled_effect": 0.0756774288773664,
      "posterior": {
        "mean": 0.06679972665491278,
        "variance": 0.11069584510785781,
        "sd": 0.3327098512335603,
        "contraction": 0.6329002776959826,
        "prior_mean": 0.14166006734006745,
        "prior_variance": 0.3015416203888705,
        "source": "pop+cohort+user",
        "lam_js": 0.8472505091649695,
        "n_cohort": 416,
        "z_like": 0.20077471829356738
      },
      "cohort_prior": {
        "mean": 0.11986480769230796,
        "variance": 0.2186938498312511,
        "n": 416
      },
      "user_obs": {
        "slope": 0.013706383397864515,
        "se": 0.27582965781530044,
        "n": 57,
        "at_nominal_step": 0.013706383397864515,
        "se_at_step": 0.27582965781530044,
        "residual_sd": 1.7807668118944602,
        "sigma_data_used": 3.5
      },
      "gate": {
        "score": 0.6329002776959826,
        "tier": "possible"
      }
    },
    {
      "action": "sleep_duration",
      "outcome": "hrv_daily",
      "nominal_step": 0.5,
      "dose_multiplier": 0.5058730720125288,
      "dose_multiplier_raw": 0.5058730720125288,
      "direction_conflict": false,
      "scaled_effect": 0.07015253114365275,
      "posterior": {
        "mean": 0.13867615223036678,
        "variance": 0.0029165059354098063,
        "sd": 0.05400468438394772,
        "contraction": 0.005873072012528846,
        "prior_mean": 0.13540993265993234,
        "prior_variance": 0.0029337359780747863,
        "source": "pop+cohort+user",
        "lam_js": 0.8472505091649695,
        "n_cohort": 416,
        "z_like": 2.5678541373271444
      },
      "cohort_prior": {
        "mean": 0.13603296703296702,
        "variance": 0.002960794899166767,
        "n": 416
      },
      "user_obs": {
        "slope": 0.6754446515171898,
        "se": 0.5856924421998222,
        "n": 57,
        "at_nominal_step": 0.3377223257585949,
        "se_at_step": 0.2928462210999111,
        "residual_sd": 1.780766811894461,
        "sigma_data_used": 3.5
      },
      "gate": {
        "score": 0.005873072012528846,
        "tier": "not_exposed"
      }
    },
    {
      "action": "training_load",
      "outcome": "hrv_daily",
      "nominal_step": 100.0,
      "dose_multiplier": 1.450097395801169,
      "dose_multiplier_raw": 1.450097395801169,
      "direction_conflict": false,
      "scaled_effect": -0.6573774444409528,
      "posterior": {
        "mean": -0.4533333046072786,
        "variance": 0.20412430248020696,
        "sd": 0.45180117582871226,
        "contraction": 0.9500973958011689,
        "prior_mean": -5.056217651515151,
        "prior_variance": 4.090453910318943,
        "source": "pop+cohort+user",
        "lam_js": 0.8472505091649695,
        "n_cohort": 416,
        "z_like": -1.0033911571295848
      },
      "cohort_prior": {
        "mean": -5.038698533653847,
        "variance": 4.062157266087269,
        "n": 416
      },
      "user_obs": {
        "slope": -0.002108551251397599,
        "se": 0.023250505203495347,
        "n": 57,
        "at_nominal_step": -0.2108551251397599,
        "se_at_step": 2.3250505203495346,
        "residual_sd": 1.7807668118944602,
        "sigma_data_used": 3.5
      },
      "gate": {
        "score": 0.9500973958011689,
        "tier": "recommended"
      }
    },
    {
      "action": "training_load",
      "outcome": "resting_hr",
      "nominal_step": 100.0,
      "dose_multiplier": 1.4152160949358203,
      "dose_multiplier_raw": 1.4152160949358203,
      "direction_conflict": false,
      "scaled_effect": 0.11657137712276502,
      "posterior": {
        "mean": 0.08237001934891894,
        "variance": 0.023111154535862873,
        "sd": 0.1520235328357517,
        "contraction": 0.9152160949358203,
        "prior_mean": 1.305251261157877,
        "prior_variance": 0.2725889367606766,
        "source": "pop+cohort+user",
        "lam_js": 0.8472505091649695,
        "n_cohort": 416,
        "z_like": 0.5418241361218241
      },
      "cohort_prior": {
        "mean": 1.3016362050919952,