{
  "pid": 1059,
  "cohort": "cohort_c",
  "age": 36,
  "is_female": false,
  "effects_bayesian": [
    {
      "action": "active_energy",
      "outcome": "deep_sleep",
      "nominal_step": 100.0,
      "dose_multiplier": 0.521581658224058,
      "dose_multiplier_raw": 0.521581658224058,
      "direction_conflict": false,
      "scaled_effect": 0.35222639160632263,
      "posterior": {
        "mean": 0.6753044054609284,
        "variance": 0.07500077925774322,
        "sd": 0.27386270147236774,
        "contraction": 0.021581658224057998,
        "prior_mean": 0.6921665440115441,
        "prior_variance": 0.07665512394382158,
        "source": "pop+cohort+user",
        "lam_js": 0.7603833865814696,
        "n_cohort": 238,
        "z_like": 2.465850230171141
      },
      "cohort_prior": {
        "mean": 0.6920608463385354,
        "variance": 0.07663171440556958,
        "n": 238
      },
      "user_obs": {
        "slope": -0.0009378356802244928,
        "se": 0.011744673649179848,
        "n": 41,
        "at_nominal_step": -0.09378356802244928,
        "se_at_step": 1.1744673649179849,
        "residual_sd": 2.0430967346573086,
        "sigma_data_used": 12.0
      },
      "gate": {
        "score": 0.021581658224057998,
        "tier": "not_exposed"
      }
    },
    {
      "action": "bedtime",
      "outcome": "deep_sleep",
      "nominal_step": -0.5,
      "dose_multiplier": 0.716151879727341,
      "dose_multiplier_raw": 0.716151879727341,
      "direction_conflict": false,
      "scaled_effect": 0.41467536678583716,
      "posterior": {
        "mean": 0.5790327143227155,
        "variance": 0.7404824392367167,
        "sd": 0.8605128931263707,
        "contraction": 0.21615187972734096,
        "prior_mean": 0.6072164646464647,
        "prior_variance": 0.9446759137205589,
        "source": "pop+cohort+user",
        "lam_js": 0.7603833865814696,
        "n_cohort": 238,
        "z_like": 0.6728925492551355
      },
      "cohort_prior": {
        "mean": 0.5855927731092442,
        "variance": 0.9363184076048073,
        "n": 238
      },
      "user_obs": {
        "slope": -1.0701661438319339,
        "se": 1.0748937425368472,
        "n": 41,
        "at_nominal_step": 0.5350830719159669,
        "se_at_step": 0.5374468712684236,
        "residual_sd": 1.9455080289925306,
        "sigma_data_used": 12.0
      },
      "gate": {
        "score": 0.21615187972734096,
        "tier": "not_exposed"
      }
    },
    {
      "action": "bedtime",
      "outcome": "sleep_quality",
      "nominal_step": -0.5,
      "dose_multiplier": 0.9306327139923937,
      "dose_multiplier_raw": 0.9306327139923937,
      "direction_conflict": false,
      "scaled_effect": 0.42016912017441904,
      "posterior": {
        "mean": 0.45148758888122775,
        "variance": 0.5049725255056177,
        "sd": 0.7106141889278722,
        "contraction": 0.43063271399239367,
        "prior_mean": 0.4607862962962966,
        "prior_variance": 0.8869011935098631,
        "source": "pop+cohort+user",
        "lam_js": 0.7603833865814696,
        "n_cohort": 238,
        "z_like": 0.635348401306766
      },
      "cohort_prior": {
        "mean": 0.42567579831932817,
        "variance": 0.8706033108101122,
        "n": 238
      },
      "user_obs": {
        "slope": -0.9505331111187708,
        "se": 0.6433181647296391,
        "n": 41,
        "at_nominal_step": 0.4752665555593854,
        "se_at_step": 0.32165908236481955,
        "residual_sd": 1.1643761658937632,
        "sigma_data_used": 7.0
      },
      "gate": {
        "score": 0.43063271399239367,
        "tier": "possible"
      }
    },
    {
      "action": "running_volume",
      "outcome": "hrv_daily",
      "nominal_step": 30.0,
      "dose_multiplier": 0.5,
      "dose_multiplier_raw": 0.8943525280616283,
      "direction_conflict": true,
      "scaled_effect": -0.04807730270634899,
      "posterior": {
        "mean": -0.09615460541269798,
        "variance": 0.18262792007271955,
        "sd": 0.42734988015994524,
        "contraction": 0.39435252806162835,
        "prior_mean": 0.14166006734006745,
        "prior_variance": 0.3015416203888705,
        "source": "pop+cohort+user",
        "lam_js": 0.7603833865814696,
        "n_cohort": 238,
        "z_like": -0.2250020647641459
      },
      "cohort_prior": {
        "mean": 0.19654117647058833,
        "variance": 0.5699868837170512,
        "n": 238
      },
      "user_obs": {
        "slope": -0.2739473050578042,
        "se": 0.4048129373368589,
        "n": 41,
        "at_nominal_step": -0.2739473050578042,
        "se_at_step": 0.4048129373368589,
        "residual_sd": 2.295329541065374,
        "sigma_data_used": 3.5
      },
      "gate": {
        "score": 0.19717626403081417,
        "tier": "not_exposed"
      }
    },
    {
      "action": "sleep_duration",
      "outcome": "hrv_daily",
      "nominal_step": 0.5,
      "dose_multiplier": 0.5011224174051987,
      "dose_multiplier_raw": 0.5011224174051987,
      "direction_conflict": false,
      "scaled_effect": 0.06928674843753946,
      "posterior": {
        "mean": 0.13826311901252547,
        "variance": 0.0029304431017507376,
        "sd": 0.05413356723651913,
        "contraction": 0.0011224174051986946,
        "prior_mean": 0.13540993265993234,
        "prior_variance": 0.0029337359780747863,
        "source": "pop+cohort+user",
        "lam_js": 0.7603833865814696,
        "n_cohort": 238,
        "z_like": 2.5541106206511284
      },
      "cohort_prior": {
        "mean": 0.13619087635053972,
        "variance": 0.0029676727681804804,
        "n": 238
      },
      "user_obs": {
        "slope": 0.7327266259337519,
        "se": 1.43978810518636,
        "n": 41,
        "at_nominal_step": 0.36636331296687596,
        "se_at_step": 0.71989405259318,
        "residual_sd": 2.2953295410653722,
        "sigma_data_used": 3.5
      },
      "gate": {
        "score": 0.0011224174051986946,
        "tier": "not_exposed"
      }
    },
    {
      "action": "training_load",
      "outcome": "hrv_daily",
      "nominal_step": 100.0,
      "dose_multiplier": 1.4319029361601514,
      "dose_multiplier_raw": 1.4319029361601514,
      "direction_conflict": false,
      "scaled_effect": -0.7789213992359022,
      "posterior": {
        "mean": -0.5439763964201996,
        "variance": 0.2785479010649476,
        "sd": 0.5277763741064463,
        "contraction": 0.9319029361601514,
        "prior_mean": -5.056217651515151,
        "prior_variance": 4.090453910318943,
        "source": "pop+cohort+user",
        "lam_js": 0.7603833865814696,
        "n_cohort": 238,
        "z_like": -1.0306948607564725
      },
      "cohort_prior": {
        "mean": -5.074865420168067,
        "variance": 4.120681445250819,
        "n": 238
      },
      "user_obs": {
        "slope": -0.0021519560411289475,
        "se": 0.03024776638429039,
        "n": 41,
        "at_nominal_step": -0.21519560411289473,
        "se_at_step": 3.024776638429039,
        "residual_sd": 2.2953295410653753,
        "sigma_data_used": 3.5
      },
      "gate": {
        "score": 0.9319029361601514,
        "tier": "recommended"
      }
    },
    {
      "action": "training_load",
      "outcome": "resting_hr",
      "nominal_step": 100.0,
      "dose_multiplier": 1.3858023709377791,
      "dose_multiplier_raw": 1.3858023709377791,
      "direction_conflict": false,
      "scaled_effect": 0.4895958950317648,
      "posterior": {
        "mean": 0.35329416755179377,
        "variance": 0.031129010286660944,
        "sd": 0.17643415283516098,
        "contraction": 0.885802370937779,
        "prior_mean": 1.305251261157877,
        "prior_variance": 0.2725889367606766,
        "source": "pop+cohort+user",
        "lam_js": 0.7603833865814696,
        "n_cohort": 238,
        "z_like": 2.0024137156816213
      },
      "cohort_prior": {
        "mean": 1.3090992134188058,