{
  "pid": 1177,
  "cohort": "cohort_c",
  "age": 28,
  "is_female": true,
  "effects_bayesian": [
    {
      "action": "active_energy",
      "outcome": "deep_sleep",
      "nominal_step": 100.0,
      "dose_multiplier": 0.521581658224058,
      "dose_multiplier_raw": 0.521581658224058,
      "direction_conflict": false,
      "scaled_effect": 0.3363701583979745,
      "posterior": {
        "mean": 0.6449041163435211,
        "variance": 0.07500077925774322,
        "sd": 0.27386270147236774,
        "contraction": 0.021581658224057998,
        "prior_mean": 0.6921665440115441,
        "prior_variance": 0.07665512394382158,
        "source": "pop+cohort+user",
        "lam_js": 0.7603833865814696,
        "n_cohort": 238,
        "z_like": 2.3548446461541634
      },
      "cohort_prior": {
        "mean": 0.6920608463385354,
        "variance": 0.07663171440556958,
        "n": 238
      },
      "user_obs": {
        "slope": -0.015173920718373118,
        "se": 0.00961934079065692,
        "n": 41,
        "at_nominal_step": -1.5173920718373117,
        "se_at_step": 0.9619340790656921,
        "residual_sd": 2.225286056859801,
        "sigma_data_used": 12.0
      },
      "gate": {
        "score": 0.021581658224057998,
        "tier": "not_exposed"
      }
    },
    {
      "action": "bedtime",
      "outcome": "deep_sleep",
      "nominal_step": -0.5,
      "dose_multiplier": 0.716151879727341,
      "dose_multiplier_raw": 0.716151879727341,
      "direction_conflict": false,
      "scaled_effect": 0.42676082773842405,
      "posterior": {
        "mean": 0.5959082700458789,
        "variance": 0.7404824392367167,
        "sd": 0.8605128931263707,
        "contraction": 0.21615187972734096,
        "prior_mean": 0.6072164646464647,
        "prior_variance": 0.9446759137205589,
        "source": "pop+cohort+user",
        "lam_js": 0.7603833865814696,
        "n_cohort": 238,
        "z_like": 0.6925035926897689
      },
      "cohort_prior": {
        "mean": 0.5855927731092442,
        "variance": 0.9363184076048073,
        "n": 238
      },
      "user_obs": {
        "slope": -1.230251626891344,
        "se": 1.5702422535374643,
        "n": 41,
        "at_nominal_step": 0.615125813445672,
        "se_at_step": 0.7851211267687321,
        "residual_sd": 2.257515357710642,
        "sigma_data_used": 12.0
      },
      "gate": {
        "score": 0.21615187972734096,
        "tier": "not_exposed"
      }
    },
    {
      "action": "bedtime",
      "outcome": "sleep_quality",
      "nominal_step": -0.5,
      "dose_multiplier": 0.9306327139923937,
      "dose_multiplier_raw": 0.9306327139923937,
      "direction_conflict": false,
      "scaled_effect": 0.474214466120619,
      "posterior": {
        "mean": 0.5095613543244676,
        "variance": 0.5049725255056177,
        "sd": 0.7106141889278722,
        "contraction": 0.43063271399239367,
        "prior_mean": 0.4607862962962966,
        "prior_variance": 0.8869011935098631,
        "source": "pop+cohort+user",
        "lam_js": 0.7603833865814696,
        "n_cohort": 238,
        "z_like": 0.7170717419719133
      },
      "cohort_prior": {
        "mean": 0.42567579831932817,
        "variance": 0.8706033108101122,
        "n": 238
      },
      "user_obs": {
        "slope": -1.225420271768531,
        "se": 0.7291883362021822,
        "n": 41,
        "at_nominal_step": 0.6127101358842655,
        "se_at_step": 0.3645941681010911,
        "residual_sd": 1.0483438870221573,
        "sigma_data_used": 7.0
      },
      "gate": {
        "score": 0.43063271399239367,
        "tier": "possible"
      }
    },
    {
      "action": "running_volume",
      "outcome": "hrv_daily",
      "nominal_step": 30.0,
      "dose_multiplier": 0.8943525280616283,
      "dose_multiplier_raw": 0.8943525280616283,
      "direction_conflict": false,
      "scaled_effect": 0.13499462452842395,
      "posterior": {
        "mean": 0.15094117844224586,
        "variance": 0.18262792007271955,
        "sd": 0.42734988015994524,
        "contraction": 0.39435252806162835,
        "prior_mean": 0.14166006734006745,
        "prior_variance": 0.3015416203888705,
        "source": "pop+cohort+user",
        "lam_js": 0.7603833865814696,
        "n_cohort": 238,
        "z_like": 0.3532028098048202
      },
      "cohort_prior": {
        "mean": 0.19654117647058833,
        "variance": 0.5699868837170512,
        "n": 238
      },
      "user_obs": {
        "slope": 0.1303030352259373,
        "se": 0.31463561413687213,
        "n": 41,
        "at_nominal_step": 0.1303030352259373,
        "se_at_step": 0.31463561413687213,
        "residual_sd": 1.600444540018997,
        "sigma_data_used": 3.5
      },
      "gate": {
        "score": 0.39435252806162835,
        "tier": "possible"
      }
    },
    {
      "action": "sleep_duration",
      "outcome": "hrv_daily",
      "nominal_step": 0.5,
      "dose_multiplier": 0.5011224174051987,
      "dose_multiplier_raw": 0.5011224174051987,
      "direction_conflict": false,
      "scaled_effect": 0.06876816042490565,
      "posterior": {
        "mean": 0.13722826606118665,
        "variance": 0.0029304431017507376,
        "sd": 0.05413356723651913,
        "contraction": 0.0011224174051986946,
        "prior_mean": 0.13540993265993234,
        "prior_variance": 0.0029337359780747863,
        "source": "pop+cohort+user",
        "lam_js": 0.7603833865814696,
        "n_cohort": 238,
        "z_like": 2.534993961539835
      },
      "cohort_prior": {
        "mean": 0.13619087635053972,
        "variance": 0.0029676727681804804,
        "n": 238
      },
      "user_obs": {
        "slope": 0.52170470271497,
        "se": 1.0039294214255703,
        "n": 41,
        "at_nominal_step": 0.260852351357485,
        "se_at_step": 0.5019647107127851,
        "residual_sd": 1.6004445400189982,
        "sigma_data_used": 3.5
      },
      "gate": {
        "score": 0.0011224174051986946,
        "tier": "not_exposed"
      }
    },
    {
      "action": "training_load",
      "outcome": "hrv_daily",
      "nominal_step": 100.0,
      "dose_multiplier": 0.5,
      "dose_multiplier_raw": 1.4319029361601514,
      "direction_conflict": true,
      "scaled_effect": 0.19238375132729466,
      "posterior": {
        "mean": 0.3847675026545893,
        "variance": 0.2785479010649476,
        "sd": 0.5277763741064463,
        "contraction": 0.9319029361601514,
        "prior_mean": -5.056217651515151,
        "prior_variance": 4.090453910318943,
        "source": "pop+cohort+user",
        "lam_js": 0.7603833865814696,
        "n_cohort": 238,
        "z_like": 0.7290351018573374
      },
      "cohort_prior": {
        "mean": -5.074865420168067,
        "variance": 4.120681445250819,
        "n": 238
      },
      "user_obs": {
        "slope": 0.007810084747922584,
        "se": 0.022081682822165664,
        "n": 41,
        "at_nominal_step": 0.7810084747922584,
        "se_at_step": 2.2081682822165662,
        "residual_sd": 1.600444540018998,
        "sigma_data_used": 3.5
      },
      "gate": {
        "score": 0.4659514680800757,
        "tier": "possible"
      }
    },
    {
      "action": "training_load",
      "outcome": "resting_hr",
      "nominal_step": 100.0,
      "dose_multiplier": 1.3858023709377791,
      "dose_multiplier_raw": 1.3858023709377791,
      "direction_conflict": false,
      "scaled_effect": 0.275615461498416,
      "posterior": {
        "mean": 0.19888511325890262,
        "variance": 0.031129010286660944,
        "sd": 0.17643415283516098,
        "contraction": 0.885802370937779,
        "prior_mean": 1.305251261157877,
        "prior_variance": 0.2725889367606766,
        "source": "pop+cohort+user",
        "lam_js": 0.7603833865814696,
        "n_cohort": 238,
        "z_like": 1.1272483816935213
      },
      "cohort_prior": {
        "mean": 1.3090992134188058,
        "variance": 0.2741985200917978,