{
  "pid": 746,
  "cohort": "cohort_b",
  "age": 36,
  "is_female": false,
  "effects_bayesian": [
    {
      "action": "active_energy",
      "outcome": "deep_sleep",
      "nominal_step": 100.0,
      "dose_multiplier": 0.5430024684482626,
      "dose_multiplier_raw": 0.5430024684482626,
      "direction_conflict": false,
      "scaled_effect": 0.3755967772311862,
      "posterior": {
        "mean": 0.6917036276179895,
        "variance": 0.07335876439502974,
        "sd": 0.27084823129389224,
        "contraction": 0.04300246844826261,
        "prior_mean": 0.6921665440115441,
        "prior_variance": 0.07665512394382158,
        "source": "pop+cohort+user",
        "lam_js": 0.8472505091649695,
        "n_cohort": 416,
        "z_like": 2.5538421436743115
      },
      "cohort_prior": {
        "mean": 0.6841722046703297,
        "variance": 0.07489465690295352,
        "n": 416
      },
      "user_obs": {
        "slope": 0.00948942753460275,
        "se": 0.011016825947281282,
        "n": 47,
        "at_nominal_step": 0.9489427534602749,
        "se_at_step": 1.1016825947281281,
        "residual_sd": 2.3483676325462106,
        "sigma_data_used": 12.0
      },
      "gate": {
        "score": 0.04300246844826261,
        "tier": "not_exposed"
      }
    },
    {
      "action": "bedtime",
      "outcome": "deep_sleep",
      "nominal_step": -0.5,
      "dose_multiplier": 0.7389205056675398,
      "dose_multiplier_raw": 0.7389205056675398,
      "direction_conflict": false,
      "scaled_effect": 0.4020449286672576,
      "posterior": {
        "mean": 0.5440976743554448,
        "variance": 0.7189734667224978,
        "sd": 0.8479230311310678,
        "contraction": 0.23892050566753975,
        "prior_mean": 0.6072164646464647,
        "prior_variance": 0.9446759137205589,
        "source": "pop+cohort+user",
        "lam_js": 0.8472505091649695,
        "n_cohort": 416,
        "z_like": 0.641682858442538
      },
      "cohort_prior": {
        "mean": 0.6215986538461539,
        "variance": 0.9384823525592582,
        "n": 416
      },
      "user_obs": {
        "slope": -0.5970025011259893,
        "se": 0.9319409084063359,
        "n": 47,
        "at_nominal_step": 0.29850125056299465,
        "se_at_step": 0.46597045420316796,
        "residual_sd": 2.2450999016280195,
        "sigma_data_used": 12.0
      },
      "gate": {
        "score": 0.23892050566753975,
        "tier": "not_exposed"
      }
    },
    {
      "action": "bedtime",
      "outcome": "sleep_quality",
      "nominal_step": -0.5,
      "dose_multiplier": 0.955773909065267,
      "dose_multiplier_raw": 0.955773909065267,
      "direction_conflict": false,
      "scaled_effect": 0.022848532314560976,
      "posterior": {
        "mean": 0.023905792047521475,
        "variance": 0.4826747695892219,
        "sd": 0.6947479899857372,
        "contraction": 0.45577390906526705,
        "prior_mean": 0.4607862962962966,
        "prior_variance": 0.8869011935098631,
        "source": "pop+cohort+user",
        "lam_js": 0.8472505091649695,
        "n_cohort": 416,
        "z_like": 0.034409300051393095
      },
      "cohort_prior": {
        "mean": 0.4770937500000001,
        "variance": 0.9009695161433738,
        "n": 416
      },
      "user_obs": {
        "slope": 0.9977600617687097,
        "se": 0.5291397154701809,
        "n": 47,
        "at_nominal_step": -0.49888003088435484,
        "se_at_step": 0.26456985773509045,
        "residual_sd": 1.274728378627643,
        "sigma_data_used": 7.0
      },
      "gate": {
        "score": 0.45577390906526705,
        "tier": "possible"
      }
    },
    {
      "action": "running_volume",
      "outcome": "hrv_daily",
      "nominal_step": 30.0,
      "dose_multiplier": 1.09643230454799,
      "dose_multiplier_raw": 1.09643230454799,
      "direction_conflict": false,
      "scaled_effect": 0.21328578579856203,
      "posterior": {
        "mean": 0.1945270901941276,
        "variance": 0.12169245682320128,
        "sd": 0.34884445935574393,
        "contraction": 0.59643230454799,
        "prior_mean": 0.14166006734006745,
        "prior_variance": 0.3015416203888705,
        "source": "pop+cohort+user",
        "lam_js": 0.8472505091649695,
        "n_cohort": 416,
        "z_like": 0.557632735670751
      },
      "cohort_prior": {
        "mean": 0.11986480769230796,
        "variance": 0.2186938498312511,
        "n": 416
      },
      "user_obs": {
        "slope": 0.2759736592195601,
        "se": 0.2968467291717198,
        "n": 47,
        "at_nominal_step": 0.2759736592195601,
        "se_at_step": 0.2968467291717198,
        "residual_sd": 1.517857226457247,
        "sigma_data_used": 3.5
      },
      "gate": {
        "score": 0.59643230454799,
        "tier": "possible"
      }
    },
    {
      "action": "sleep_duration",
      "outcome": "hrv_daily",
      "nominal_step": 0.5,
      "dose_multiplier": 0.5035005851079042,
      "dose_multiplier_raw": 0.5035005851079042,
      "direction_conflict": false,
      "scaled_effect": 0.06746671348231882,
      "posterior": {
        "mean": 0.13399530303993623,
        "variance": 0.002923466185599415,
        "sd": 0.054069087153376424,
        "contraction": 0.003500585107904186,
        "prior_mean": 0.13540993265993234,
        "prior_variance": 0.0029337359780747863,
        "source": "pop+cohort+user",
        "lam_js": 0.8472505091649695,
        "n_cohort": 416,
        "z_like": 2.478223881602349
      },
      "cohort_prior": {
        "mean": 0.13603296703296702,
        "variance": 0.002960794899166767,
        "n": 416
      },
      "user_obs": {
        "slope": -0.07448640503441119,
        "se": 0.8862487121187509,
        "n": 47,
        "at_nominal_step": -0.037243202517205594,
        "se_at_step": 0.44312435605937545,
        "residual_sd": 1.5178572264572476,
        "sigma_data_used": 3.5
      },
      "gate": {
        "score": 0.003500585107904186,
        "tier": "not_exposed"
      }
    },
    {
      "action": "training_load",
      "outcome": "hrv_daily",
      "nominal_step": 100.0,
      "dose_multiplier": 1.4401193599846833,
      "dose_multiplier_raw": 1.4401193599846833,
      "direction_conflict": false,
      "scaled_effect": -0.21437325603571208,
      "posterior": {
        "mean": -0.14885797802064968,
        "variance": 0.24493899810305306,
        "sd": 0.49491312177295627,
        "contraction": 0.9401193599846833,
        "prior_mean": -5.056217651515151,
        "prior_variance": 4.090453910318943,
        "source": "pop+cohort+user",
        "lam_js": 0.8472505091649695,
        "n_cohort": 416,
        "z_like": -0.300775977584484
      },
      "cohort_prior": {
        "mean": -5.038698533653847,
        "variance": 4.062157266087269,
        "n": 416
      },
      "user_obs": {
        "slope": 0.0016472656832903676,
        "se": 0.019717343538742473,
        "n": 47,
        "at_nominal_step": 0.16472656832903676,
        "se_at_step": 1.9717343538742473,
        "residual_sd": 1.5178572264572463,
        "sigma_data_used": 3.5
      },
      "gate": {
        "score": 0.9401193599846833,
        "tier": "recommended"
      }
    },
    {
      "action": "training_load",
      "outcome": "resting_hr",
      "nominal_step": 100.0,
      "dose_multiplier": 1.399007370925188,
      "dose_multiplier_raw": 1.399007370925188,
      "direction_conflict": false,
      "scaled_effect": 0.4823897393389189,
      "posterior": {
        "mean": 0.3448085759690502,
        "variance": 0.027529473380168392,
        "sd": 0.16592008130473054,
        "contraction": 0.899007370925188,
        "prior_mean": 1.305251261157877,
        "prior_variance": 0.2725889367606766,
        "source": "pop+cohort+user",
        "lam_js": 0.8472505091649695,
        "n_cohort": 416,
        "z_like": 2.0781606015233995
      },
      "cohort_prior": {
        "mean": 1.3016362050919952,