{
  "pid": 799,
  "cohort": "cohort_b",
  "age": 25,
  "is_female": false,
  "effects_bayesian": [
    {
      "action": "active_energy",
      "outcome": "deep_sleep",
      "nominal_step": 100.0,
      "dose_multiplier": 0.5502599431427948,
      "dose_multiplier_raw": 0.5502599431427948,
      "direction_conflict": false,
      "scaled_effect": 0.3741373925118192,
      "posterior": {
        "mean": 0.6799284541319573,
        "variance": 0.07280244177280122,
        "sd": 0.26981927613275003,
        "contraction": 0.050259943142794805,
        "prior_mean": 0.6921665440115441,
        "prior_variance": 0.07665512394382158,
        "source": "pop+cohort+user",
        "lam_js": 0.8472505091649695,
        "n_cohort": 416,
        "z_like": 2.5199402499228234
      },
      "cohort_prior": {
        "mean": 0.6841722046703297,
        "variance": 0.07489465690295352,
        "n": 416
      },
      "user_obs": {
        "slope": 0.005110498882002032,
        "se": 0.008272327987608947,
        "n": 62,
        "at_nominal_step": 0.5110498882002033,
        "se_at_step": 0.8272327987608947,
        "residual_sd": 2.36155865468502,
        "sigma_data_used": 12.0
      },
      "gate": {
        "score": 0.050259943142794805,
        "tier": "not_exposed"
      }
    },
    {
      "action": "bedtime",
      "outcome": "deep_sleep",
      "nominal_step": -0.5,
      "dose_multiplier": 0.7919486449738631,
      "dose_multiplier_raw": 0.7919486449738631,
      "direction_conflict": false,
      "scaled_effect": 0.2665537605050571,
      "posterior": {
        "mean": 0.3365796029789965,
        "variance": 0.6688790607703957,
        "sd": 0.8178502679405294,
        "contraction": 0.2919486449738631,
        "prior_mean": 0.6072164646464647,
        "prior_variance": 0.9446759137205589,
        "source": "pop+cohort+user",
        "lam_js": 0.8472505091649695,
        "n_cohort": 416,
        "z_like": 0.4115418386137536
      },
      "cohort_prior": {
        "mean": 0.6215986538461539,
        "variance": 0.9384823525592582,
        "n": 416
      },
      "user_obs": {
        "slope": 0.725310301001633,
        "se": 0.7391603742540149,
        "n": 62,
        "at_nominal_step": -0.3626551505008165,
        "se_at_step": 0.36958018712700746,
        "residual_sd": 2.382633011686931,
        "sigma_data_used": 12.0
      },
      "gate": {
        "score": 0.2919486449738631,
        "tier": "not_exposed"
      }
    },
    {
      "action": "bedtime",
      "outcome": "sleep_quality",
      "nominal_step": -0.5,
      "dose_multiplier": 1.0258353338547583,
      "dose_multiplier_raw": 1.0258353338547583,
      "direction_conflict": false,
      "scaled_effect": 0.2430173079994281,
      "posterior": {
        "mean": 0.23689699504329553,
        "variance": 0.42053720832442054,
        "sd": 0.6484884026136633,
        "contraction": 0.5258353338547583,
        "prior_mean": 0.4607862962962966,
        "prior_variance": 0.8869011935098631,
        "source": "pop+cohort+user",
        "lam_js": 0.8472505091649695,
        "n_cohort": 416,
        "z_like": 0.3653064481778047
      },
      "cohort_prior": {
        "mean": 0.4770937500000001,
        "variance": 0.9009695161433738,
        "n": 416
      },
      "user_obs": {
        "slope": -0.055756651618731626,
        "se": 0.3605044751252467,
        "n": 62,
        "at_nominal_step": 0.027878325809365813,
        "se_at_step": 0.18025223756262335,
        "residual_sd": 1.1620615677093942,
        "sigma_data_used": 7.0
      },
      "gate": {
        "score": 0.5258353338547583,
        "tier": "possible"
      }
    },
    {
      "action": "running_volume",
      "outcome": "hrv_daily",
      "nominal_step": 30.0,
      "dose_multiplier": 1.1487695634125732,
      "dose_multiplier_raw": 1.1487695634125732,
      "direction_conflict": false,
      "scaled_effect": 0.30943101296090086,
      "posterior": {
        "mean": 0.26935864495024986,
        "variance": 0.10591059497846311,
        "sd": 0.32543908028763713,
        "contraction": 0.6487695634125732,
        "prior_mean": 0.14166006734006745,
        "prior_variance": 0.3015416203888705,
        "source": "pop+cohort+user",
        "lam_js": 0.8472505091649695,
        "n_cohort": 416,
        "z_like": 0.8276776246791844
      },
      "cohort_prior": {
        "mean": 0.11986480769230796,
        "variance": 0.2186938498312511,
        "n": 416
      },
      "user_obs": {
        "slope": 0.39587023972631535,
        "se": 0.2521522190873533,
        "n": 62,
        "at_nominal_step": 0.39587023972631535,
        "se_at_step": 0.2521522190873533,
        "residual_sd": 1.8749010672480357,
        "sigma_data_used": 3.5
      },
      "gate": {
        "score": 0.6487695634125732,
        "tier": "possible"
      }
    },
    {
      "action": "sleep_duration",
      "outcome": "hrv_daily",
      "nominal_step": 0.5,
      "dose_multiplier": 0.507055084151552,
      "dose_multiplier_raw": 0.507055084151552,
      "direction_conflict": false,
      "scaled_effect": 0.06985744323095852,
      "posterior": {
        "mean": 0.1377709156547557,
        "variance": 0.002913038223871033,
        "sd": 0.05397256917982535,
        "contraction": 0.007055084151551982,
        "prior_mean": 0.13540993265993234,
        "prior_variance": 0.0029337359780747863,
        "source": "pop+cohort+user",
        "lam_js": 0.8472505091649695,
        "n_cohort": 416,
        "z_like": 2.5526099229356993
      },
      "cohort_prior": {
        "mean": 0.13603296703296702,
        "variance": 0.002960794899166767,
        "n": 416
      },
      "user_obs": {
        "slope": 0.5205427096022617,
        "se": 0.8609037483152479,
        "n": 62,
        "at_nominal_step": 0.26027135480113084,
        "se_at_step": 0.4304518741576239,
        "residual_sd": 1.8749010672480368,
        "sigma_data_used": 3.5
      },
      "gate": {
        "score": 0.007055084151551982,
        "tier": "not_exposed"
      }
    },
    {
      "action": "training_load",
      "outcome": "hrv_daily",
      "nominal_step": 100.0,
      "dose_multiplier": 1.4539353224063825,
      "dose_multiplier_raw": 1.4539353224063825,
      "direction_conflict": false,
      "scaled_effect": -1.7627978260300805,
      "posterior": {
        "mean": -1.2124320792430472,
        "variance": 0.1884254405903947,
        "sd": 0.4340799933081398,
        "contraction": 0.9539353224063823,
        "prior_mean": -5.056217651515151,
        "prior_variance": 4.090453910318943,
        "source": "pop+cohort+user",
        "lam_js": 0.8472505091649695,
        "n_cohort": 416,
        "z_like": -2.793107486947411
      },
      "cohort_prior": {
        "mean": -5.038698533653847,
        "variance": 4.062157266087269,
        "n": 416
      },
      "user_obs": {
        "slope": -0.010263916396765084,
        "se": 0.022407879454502594,
        "n": 62,
        "at_nominal_step": -1.0263916396765085,
        "se_at_step": 2.2407879454502595,
        "residual_sd": 1.8749010672480357,
        "sigma_data_used": 3.5
      },
      "gate": {
        "score": 0.9539353224063823,
        "tier": "recommended"
      }
    },
    {
      "action": "training_load",
      "outcome": "resting_hr",
      "nominal_step": 100.0,
      "dose_multiplier": 0.5,
      "dose_multiplier_raw": 1.4215143388384393,
      "direction_conflict": true,
      "scaled_effect": -0.17596163991510905,
      "posterior": {
        "mean": -0.3519232798302181,
        "variance": 0.02139432292698861,
        "sd": 0.14626798326014007,
        "contraction": 0.9215143388384391,
        "prior_mean": 1.305251261157877,
        "prior_variance": 0.2725889367606766,
        "source": "pop+cohort+user",
        "lam_js": 0.8472505091649695,
        "n_cohort": 416,
        "z_like": -2.4060171746835164
      },
      "cohort_prior": {
        "mean": 1.3016362050919952,
        "variance": 0.2710810896650065,