{
  "pid": 44,
  "cohort": "cohort_a",
  "age": 29,
  "is_female": false,
  "effects_bayesian": [
    {
      "action": "active_energy",
      "outcome": "deep_sleep",
      "nominal_step": 100.0,
      "dose_multiplier": 0.5128925866410221,
      "dose_multiplier_raw": 0.5128925866410221,
      "direction_conflict": false,
      "scaled_effect": 0.35722224346406445,
      "posterior": {
        "mean": 0.6964854879333386,
        "variance": 0.07566684111689757,
        "sd": 0.27507606423841674,
        "contraction": 0.012892586641022108,
        "prior_mean": 0.6921665440115441,
        "prior_variance": 0.07665512394382158,
        "source": "pop+cohort+user",
        "lam_js": 0.8768472906403941,
        "n_cohort": 534,
        "z_like": 2.5319741645339002
      },
      "cohort_prior": {
        "mean": 0.6984414526484751,
        "variance": 0.07805127404443395,
        "n": 534
      },
      "user_obs": {
        "slope": 0.006559703550926076,
        "se": 0.007862054732137018,
        "n": 54,
        "at_nominal_step": 0.6559703550926076,
        "se_at_step": 0.7862054732137018,
        "residual_sd": 2.097708308047397,
        "sigma_data_used": 12.0
      },
      "gate": {
        "score": 0.012892586641022108,
        "tier": "not_exposed"
      }
    },
    {
      "action": "bedtime",
      "outcome": "deep_sleep",
      "nominal_step": -0.5,
      "dose_multiplier": 0.7558717746297476,
      "dose_multiplier_raw": 0.7558717746297476,
      "direction_conflict": false,
      "scaled_effect": 0.4390839137872886,
      "posterior": {
        "mean": 0.5808973539227169,
        "variance": 0.7029600112269011,
        "sd": 0.838427105493913,
        "contraction": 0.25587177462974764,
        "prior_mean": 0.6072164646464647,
        "prior_variance": 0.9446759137205589,
        "source": "pop+cohort+user",
        "lam_js": 0.8768472906403941,
        "n_cohort": 534,
        "z_like": 0.6928418107147352
      },
      "cohort_prior": {
        "mean": 0.6056498876404495,
        "variance": 0.9560138510611396,
        "n": 534
      },
      "user_obs": {
        "slope": -1.0224252734143107,
        "se": 0.5662396682033615,
        "n": 54,
        "at_nominal_step": 0.5112126367071553,
        "se_at_step": 0.28311983410168073,
        "residual_sd": 2.1139951273302344,
        "sigma_data_used": 12.0
      },
      "gate": {
        "score": 0.25587177462974764,
        "tier": "not_exposed"
      }
    },
    {
      "action": "bedtime",
      "outcome": "sleep_quality",
      "nominal_step": -0.5,
      "dose_multiplier": 0.994769864025614,
      "dose_multiplier_raw": 0.994769864025614,
      "direction_conflict": false,
      "scaled_effect": 0.45597743590772394,
      "posterior": {
        "mean": 0.4583747984307485,
        "variance": 0.44808921059283335,
        "sd": 0.6693946598179831,
        "contraction": 0.49476986402561396,
        "prior_mean": 0.4607862962962966,
        "prior_variance": 0.8869011935098631,
        "source": "pop+cohort+user",
        "lam_js": 0.8768472906403941,
        "n_cohort": 534,
        "z_like": 0.6847601660810776
      },
      "cohort_prior": {
        "mean": 0.46373086142322145,
        "variance": 0.8849888909576128,
        "n": 534
      },
      "user_obs": {
        "slope": -0.9065124653042341,
        "se": 0.3341019974274365,
        "n": 54,
        "at_nominal_step": 0.45325623265211706,
        "se_at_step": 0.16705099871371826,
        "residual_sd": 1.2473340075835868,
        "sigma_data_used": 7.0
      },
      "gate": {
        "score": 0.49476986402561396,
        "tier": "possible"
      }
    },
    {
      "action": "running_volume",
      "outcome": "hrv_daily",
      "nominal_step": 30.0,
      "dose_multiplier": 0.5,
      "dose_multiplier_raw": 1.105495704963558,
      "direction_conflict": true,
      "scaled_effect": -0.04128315824011053,
      "posterior": {
        "mean": -0.08256631648022106,
        "variance": 0.11895946437565777,
        "sd": 0.3449050077567123,
        "contraction": 0.605495704963558,
        "prior_mean": 0.14166006734006745,
        "prior_variance": 0.3015416203888705,
        "source": "pop+cohort+user",
        "lam_js": 0.8768472906403941,
        "n_cohort": 534,
        "z_like": -0.23938856967383135
      },
      "cohort_prior": {
        "mean": 0.13417902621722846,
        "variance": 0.24427088794406634,
        "n": 534
      },
      "user_obs": {
        "slope": -0.27998293237420335,
        "se": 0.2957575021839016,
        "n": 54,
        "at_nominal_step": -0.27998293237420335,
        "se_at_step": 0.2957575021839016,
        "residual_sd": 1.4926127669803921,
        "sigma_data_used": 3.5
      },
      "gate": {
        "score": 0.302747852481779,
        "tier": "possible"
      }
    },
    {
      "action": "sleep_duration",
      "outcome": "hrv_daily",
      "nominal_step": 0.5,
      "dose_multiplier": 0.5232720104883758,
      "dose_multiplier_raw": 0.5232720104883758,
      "direction_conflict": false,
      "scaled_effect": 0.07258803948847296,
      "posterior": {
        "mean": 0.13871951496264,
        "variance": 0.0028654620436229044,
        "sd": 0.05353001068207351,
        "contraction": 0.023272010488375794,
        "prior_mean": 0.13540993265993234,
        "prior_variance": 0.0029337359780747863,
        "source": "pop+cohort+user",
        "lam_js": 0.8768472906403941,
        "n_cohort": 534,
        "z_like": 2.5914344718988693
      },
      "cohort_prior": {
        "mean": 0.13457651150347733,
        "variance": 0.002897733991751291,
        "n": 534
      },
      "user_obs": {
        "slope": 0.9090906396646855,
        "se": 0.7221413205802812,
        "n": 54,
        "at_nominal_step": 0.45454531983234275,
        "se_at_step": 0.3610706602901406,
        "residual_sd": 1.492612766980393,
        "sigma_data_used": 3.5
      },
      "gate": {
        "score": 0.023272010488375794,
        "tier": "not_exposed"
      }
    },
    {
      "action": "training_load",
      "outcome": "hrv_daily",
      "nominal_step": 100.0,
      "dose_multiplier": 1.447450124007499,
      "dose_multiplier_raw": 1.447450124007499,
      "direction_conflict": false,
      "scaled_effect": -3.4384630098231748,
      "posterior": {
        "mean": -2.375531255131082,
        "variance": 0.214952845740301,
        "sd": 0.4636300742405533,
        "contraction": 0.9474501240074991,
        "prior_mean": -5.056217651515151,
        "prior_variance": 4.090453910318943,
        "source": "pop+cohort+user",
        "lam_js": 0.8768472906403941,
        "n_cohort": 534,
        "z_like": -5.123764369734444
      },
      "cohort_prior": {
        "mean": -5.061554325842696,
        "variance": 4.099093150953106,
        "n": 534
      },
      "user_obs": {
        "slope": -0.022268791891903516,
        "se": 0.020830130002498514,
        "n": 54,
        "at_nominal_step": -2.2268791891903517,
        "se_at_step": 2.0830130002498515,
        "residual_sd": 1.4926127669803926,
        "sigma_data_used": 3.5
      },
      "gate": {
        "score": 0.9474501240074991,
        "tier": "recommended"
      }
    },
    {
      "action": "training_load",
      "outcome": "resting_hr",
      "nominal_step": 100.0,
      "dose_multiplier": 0.5,
      "dose_multiplier_raw": 1.4108782652203857,
      "direction_conflict": true,
      "scaled_effect": -0.4049449193117966,
      "posterior": {
        "mean": -0.8098898386235932,
        "variance": 0.024293598925842062,
        "sd": 0.15586403987399422,
        "contraction": 0.9108782652203857,
        "prior_mean": 1.305251261157877,
        "prior_variance": 0.2725889367606766,
        "source": "pop+cohort+user",
        "lam_js": 0.8768472906403941,
        "n_cohort": 534,
        "z_like": -5.1961301611220625
      },
      "cohort_prior": {
        "mean": 1.306352479669686,
        "variance": 0.273049088182262,
        "n": 534
      },