{
  "pid": 11,
  "cohort": "cohort_a",
  "age": 33,
  "is_female": false,
  "effects_bayesian": [
    {
      "action": "active_energy",
      "outcome": "deep_sleep",
      "nominal_step": 100.0,
      "dose_multiplier": 0.5113340610468459,
      "dose_multiplier_raw": 0.5113340610468459,
      "direction_conflict": false,
      "scaled_effect": 0.35991494122277407,
      "posterior": {
        "mean": 0.7038743722370578,
        "variance": 0.07578631008948877,
        "sd": 0.27529313483900897,
        "contraction": 0.011334061046845867,
        "prior_mean": 0.6921665440115441,
        "prior_variance": 0.07665512394382158,
        "source": "pop+cohort+user",
        "lam_js": 0.8768472906403941,
        "n_cohort": 534,
        "z_like": 2.5568177450145373
      },
      "cohort_prior": {
        "mean": 0.6984414526484751,
        "variance": 0.07805127404443395,
        "n": 534
      },
      "user_obs": {
        "slope": 0.009288707631746634,
        "se": 0.008001635640860693,
        "n": 51,
        "at_nominal_step": 0.9288707631746634,
        "se_at_step": 0.8001635640860693,
        "residual_sd": 1.6211722148070817,
        "sigma_data_used": 12.0
      },
      "gate": {
        "score": 0.011334061046845867,
        "tier": "not_exposed"
      }
    },
    {
      "action": "bedtime",
      "outcome": "deep_sleep",
      "nominal_step": -0.5,
      "dose_multiplier": 0.7448120468796667,
      "dose_multiplier_raw": 0.7448120468796667,
      "direction_conflict": false,
      "scaled_effect": 0.557833562048019,
      "posterior": {
        "mean": 0.7489588338226002,
        "variance": 0.7134078696447095,
        "sd": 0.8446347551721451,
        "contraction": 0.24481204687966673,
        "prior_mean": 0.6072164646464647,
        "prior_variance": 0.9446759137205589,
        "source": "pop+cohort+user",
        "lam_js": 0.8768472906403941,
        "n_cohort": 534,
        "z_like": 0.8867250953578802
      },
      "cohort_prior": {
        "mean": 0.6056498876404495,
        "variance": 0.9560138510611396,
        "n": 534
      },
      "user_obs": {
        "slope": -2.3445362862798564,
        "se": 0.7215386672059304,
        "n": 51,
        "at_nominal_step": 1.1722681431399282,
        "se_at_step": 0.3607693336029652,
        "residual_sd": 1.639225630191642,
        "sigma_data_used": 12.0
      },
      "gate": {
        "score": 0.24481204687966673,
        "tier": "not_exposed"
      }
    },
    {
      "action": "bedtime",
      "outcome": "sleep_quality",
      "nominal_step": -0.5,
      "dose_multiplier": 0.9805183881875824,
      "dose_multiplier_raw": 0.9805183881875824,
      "direction_conflict": false,
      "scaled_effect": 0.5078091784190628,
      "posterior": {
        "mean": 0.5178986794502768,
        "variance": 0.4607288615228606,
        "sd": 0.6787701094795355,
        "contraction": 0.4805183881875824,
        "prior_mean": 0.4607862962962966,
        "prior_variance": 0.8869011935098631,
        "source": "pop+cohort+user",
        "lam_js": 0.8768472906403941,
        "n_cohort": 534,
        "z_like": 0.762995706819484
      },
      "cohort_prior": {
        "mean": 0.46373086142322145,
        "variance": 0.8849888909576128,
        "n": 534
      },
      "user_obs": {
        "slope": -1.1541674056284668,
        "se": 0.5214456950316029,
        "n": 51,
        "at_nominal_step": 0.5770837028142334,
        "se_at_step": 0.26072284751580144,
        "residual_sd": 1.1846449634624272,
        "sigma_data_used": 7.0
      },
      "gate": {
        "score": 0.4805183881875824,
        "tier": "possible"
      }
    },
    {
      "action": "running_volume",
      "outcome": "hrv_daily",
      "nominal_step": 30.0,
      "dose_multiplier": 1.0936577650560966,
      "dose_multiplier_raw": 1.0936577650560966,
      "direction_conflict": false,
      "scaled_effect": 0.06730658661373105,
      "posterior": {
        "mean": 0.06154264045323056,
        "variance": 0.12252909595741975,
        "sd": 0.3500415631856019,
        "contraction": 0.5936577650560966,
        "prior_mean": 0.14166006734006745,
        "prior_variance": 0.3015416203888705,
        "source": "pop+cohort+user",
        "lam_js": 0.8768472906403941,
        "n_cohort": 534,
        "z_like": 0.1758152371768461
      },
      "cohort_prior": {
        "mean": 0.13417902621722846,
        "variance": 0.24427088794406634,
        "n": 534
      },
      "user_obs": {
        "slope": -0.009096190981063205,
        "se": 0.3132265522692719,
        "n": 51,
        "at_nominal_step": -0.009096190981063205,
        "se_at_step": 0.3132265522692719,
        "residual_sd": 1.7692558300713066,
        "sigma_data_used": 3.5
      },
      "gate": {
        "score": 0.5936577650560966,
        "tier": "possible"
      }
    },
    {
      "action": "sleep_duration",
      "outcome": "hrv_daily",
      "nominal_step": 0.5,
      "dose_multiplier": 0.5225861143928368,
      "dose_multiplier_raw": 0.5225861143928368,
      "direction_conflict": false,
      "scaled_effect": 0.06819927329019024,
      "posterior": {
        "mean": 0.13050341639755797,
        "variance": 0.0028674742816756082,
        "sd": 0.05354880280338309,
        "contraction": 0.022586114392836754,
        "prior_mean": 0.13540993265993234,
        "prior_variance": 0.0029337359780747863,
        "source": "pop+cohort+user",
        "lam_js": 0.8768472906403941,
        "n_cohort": 534,
        "z_like": 2.4370930733359564
      },
      "cohort_prior": {
        "mean": 0.13457651150347733,
        "variance": 0.002897733991751291,
        "n": 534
      },
      "user_obs": {
        "slope": -0.43020838269647654,
        "se": 1.0939688403143975,
        "n": 51,
        "at_nominal_step": -0.21510419134823827,
        "se_at_step": 0.5469844201571987,
        "residual_sd": 1.7692558300713066,
        "sigma_data_used": 3.5
      },
      "gate": {
        "score": 0.022586114392836754,
        "tier": "not_exposed"
      }
    },
    {
      "action": "training_load",
      "outcome": "hrv_daily",
      "nominal_step": 100.0,
      "dose_multiplier": 1.4445301047839205,
      "dose_multiplier_raw": 1.4445301047839205,
      "direction_conflict": false,
      "scaled_effect": -2.7652730734359703,
      "posterior": {
        "mean": -1.914306295367664,
        "variance": 0.2268970497915945,
        "sd": 0.47633711779746335,
        "contraction": 0.9445301047839205,
        "prior_mean": -5.056217651515151,
        "prior_variance": 4.090453910318943,
        "source": "pop+cohort+user",
        "lam_js": 0.8768472906403941,
        "n_cohort": 534,
        "z_like": -4.01880563962605
      },
      "cohort_prior": {
        "mean": -5.061554325842696,
        "variance": 4.099093150953106,
        "n": 534
      },
      "user_obs": {
        "slope": -0.017298763908532164,
        "se": 0.023495068606688856,
        "n": 51,
        "at_nominal_step": -1.7298763908532164,
        "se_at_step": 2.349506860668886,
        "residual_sd": 1.7692558300713073,
        "sigma_data_used": 3.5
      },
      "gate": {
        "score": 0.9445301047839205,
        "tier": "recommended"
      }
    },
    {
      "action": "training_load",
      "outcome": "resting_hr",
      "nominal_step": 100.0,
      "dose_multiplier": 1.4061272069179176,
      "dose_multiplier_raw": 1.4061272069179176,
      "direction_conflict": false,
      "scaled_effect": 0.7008360217930112,
      "posterior": {
        "mean": 0.49841580359515963,
        "variance": 0.025588684856999812,
        "sd": 0.15996463627002006,
        "contraction": 0.9061272069179177,
        "prior_mean": 1.305251261157877,
        "prior_variance": 0.2725889367606766,
        "source": "pop+cohort+user",
        "lam_js": 0.8768472906403941,
        "n_cohort": 534,
        "z_like": 3.115787434129094
      },
      "cohort_prior": {
        "mean": 1.306352479669686,