{
  "pid": 556,
  "cohort": "cohort_b",
  "age": 42,
  "is_female": true,
  "effects_bayesian": [
    {
      "action": "active_energy",
      "outcome": "deep_sleep",
      "nominal_step": 100.0,
      "dose_multiplier": 0.5459187277509553,
      "dose_multiplier_raw": 0.5459187277509553,
      "direction_conflict": false,
      "scaled_effect": 0.36280588839519523,
      "posterior": {
        "mean": 0.664578571777272,
        "variance": 0.07313521817672951,
        "sd": 0.27043523841528033,
        "contraction": 0.04591872775095529,
        "prior_mean": 0.6921665440115441,
        "prior_variance": 0.07665512394382158,
        "source": "pop+cohort+user",
        "lam_js": 0.8472505091649695,
        "n_cohort": 416,
        "z_like": 2.457440737648047
      },
      "cohort_prior": {
        "mean": 0.6841722046703297,
        "variance": 0.07489465690295352,
        "n": 416
      },
      "user_obs": {
        "slope": -0.0008787736582920626,
        "se": 0.006748000917284263,
        "n": 53,
        "at_nominal_step": -0.08787736582920626,
        "se_at_step": 0.6748000917284263,
        "residual_sd": 2.0795643368417256,
        "sigma_data_used": 12.0
      },
      "gate": {
        "score": 0.04591872775095529,
        "tier": "not_exposed"
      }
    },
    {
      "action": "bedtime",
      "outcome": "deep_sleep",
      "nominal_step": -0.5,
      "dose_multiplier": 0.7610571839251652,
      "dose_multiplier_raw": 0.7610571839251652,
      "direction_conflict": false,
      "scaled_effect": 0.41791961996493426,
      "posterior": {
        "mean": 0.549130379151678,
        "variance": 0.6980614799627375,
        "sd": 0.8355007360635521,
        "contraction": 0.2610571839251652,
        "prior_mean": 0.6072164646464647,
        "prior_variance": 0.9446759137205589,
        "source": "pop+cohort+user",
        "lam_js": 0.8472505091649695,
        "n_cohort": 416,
        "z_like": 0.6572470321676754
      },
      "cohort_prior": {
        "mean": 0.6215986538461539,
        "variance": 0.9384823525592582,
        "n": 416
      },
      "user_obs": {
        "slope": -0.6917856273941884,
        "se": 0.9088922130288345,
        "n": 53,
        "at_nominal_step": 0.3458928136970942,
        "se_at_step": 0.45444610651441725,
        "residual_sd": 2.0904705654540834,
        "sigma_data_used": 12.0
      },
      "gate": {
        "score": 0.2610571839251652,
        "tier": "not_exposed"
      }
    },
    {
      "action": "bedtime",
      "outcome": "sleep_quality",
      "nominal_step": -0.5,
      "dose_multiplier": 0.9861443372628705,
      "dose_multiplier_raw": 0.9861443372628705,
      "direction_conflict": false,
      "scaled_effect": 0.22708298835996651,
      "posterior": {
        "mean": 0.23027358144169352,
        "variance": 0.4557392005733618,
        "sd": 0.6750845877172443,
        "contraction": 0.48614433726287054,
        "prior_mean": 0.4607862962962966,
        "prior_variance": 0.8869011935098631,
        "source": "pop+cohort+user",
        "lam_js": 0.8472505091649695,
        "n_cohort": 416,
        "z_like": 0.34110330117348553
      },
      "cohort_prior": {
        "mean": 0.4770937500000001,
        "variance": 0.9009695161433738,
        "n": 416
      },
      "user_obs": {
        "slope": 0.04210379269511738,
        "se": 0.5858356331568954,
        "n": 53,
        "at_nominal_step": -0.02105189634755869,
        "se_at_step": 0.2929178165784477,
        "residual_sd": 1.3474338648226416,
        "sigma_data_used": 7.0
      },
      "gate": {
        "score": 0.48614433726287054,
        "tier": "possible"
      }
    },
    {
      "action": "running_volume",
      "outcome": "hrv_daily",
      "nominal_step": 30.0,
      "dose_multiplier": 1.119133641473876,
      "dose_multiplier_raw": 1.119133641473876,
      "direction_conflict": false,
      "scaled_effect": 0.012895883219478772,
      "posterior": {
        "mean": 0.011523094956287044,
        "variance": 0.11484705890157598,
        "sd": 0.33889092478491656,
        "contraction": 0.6191336414738758,
        "prior_mean": 0.14166006734006745,
        "prior_variance": 0.3015416203888705,
        "source": "pop+cohort+user",
        "lam_js": 0.8472505091649695,
        "n_cohort": 416,
        "z_like": 0.03400237100949337
      },
      "cohort_prior": {
        "mean": 0.11986480769230796,
        "variance": 0.2186938498312511,
        "n": 416
      },
      "user_obs": {
        "slope": -0.10154602309280476,
        "se": 0.2766703054312696,
        "n": 53,
        "at_nominal_step": -0.10154602309280476,
        "se_at_step": 0.2766703054312696,
        "residual_sd": 1.709817791456926,
        "sigma_data_used": 3.5
      },
      "gate": {
        "score": 0.6191336414738758,
        "tier": "possible"
      }
    },
    {
      "action": "sleep_duration",
      "outcome": "hrv_daily",
      "nominal_step": 0.5,
      "dose_multiplier": 0.5049254341750091,
      "dose_multiplier_raw": 0.5049254341750091,
      "direction_conflict": false,
      "scaled_effect": 0.06794227015649036,
      "posterior": {
        "mean": 0.13455901714973087,
        "variance": 0.002919286054627923,
        "sd": 0.0540304178646429,
        "contraction": 0.004925434175009125,
        "prior_mean": 0.13540993265993234,
        "prior_variance": 0.0029337359780747863,
        "source": "pop+cohort+user",
        "lam_js": 0.8472505091649695,
        "n_cohort": 416,
        "z_like": 2.490430806713884
      },
      "cohort_prior": {
        "mean": 0.13603296703296702,
        "variance": 0.002960794899166767,
        "n": 416
      },
      "user_obs": {
        "slope": 0.053547780571587475,
        "se": 0.6727881079491079,
        "n": 53,
        "at_nominal_step": 0.026773890285793737,
        "se_at_step": 0.33639405397455396,
        "residual_sd": 1.709817791456926,
        "sigma_data_used": 3.5
      },
      "gate": {
        "score": 0.004925434175009125,
        "tier": "not_exposed"
      }
    },
    {
      "action": "training_load",
      "outcome": "hrv_daily",
      "nominal_step": 100.0,
      "dose_multiplier": 1.4465337165119592,
      "dose_multiplier_raw": 1.4465337165119592,
      "direction_conflict": false,
      "scaled_effect": -0.5798185689019326,
      "posterior": {
        "mean": -0.40083308275734825,
        "variance": 0.2187013683638783,
        "sd": 0.4676551810510371,
        "contraction": 0.9465337165119591,
        "prior_mean": -5.056217651515151,
        "prior_variance": 4.090453910318943,
        "source": "pop+cohort+user",
        "lam_js": 0.8472505091649695,
        "n_cohort": 416,
        "z_like": -0.8571124602030309
      },
      "cohort_prior": {
        "mean": -5.038698533653847,
        "variance": 4.062157266087269,
        "n": 416
      },
      "user_obs": {
        "slope": -0.0013707061761601743,
        "se": 0.023420331246285765,
        "n": 53,
        "at_nominal_step": -0.13707061761601744,
        "se_at_step": 2.3420331246285766,
        "residual_sd": 1.7098177914569253,
        "sigma_data_used": 3.5
      },
      "gate": {
        "score": 0.9465337165119591,
        "tier": "recommended"
      }
    },
    {
      "action": "training_load",
      "outcome": "resting_hr",
      "nominal_step": 100.0,
      "dose_multiplier": 1.4093997731475683,
      "dose_multiplier_raw": 1.4093997731475683,
      "direction_conflict": false,
      "scaled_effect": 0.33749296070075574,
      "posterior": {
        "mean": 0.23945864553890434,
        "variance": 0.024696619507980494,
        "sd": 0.1571515813091949,
        "contraction": 0.9093997731475681,
        "prior_mean": 1.305251261157877,
        "prior_variance": 0.2725889367606766,
        "source": "pop+cohort+user",
        "lam_js": 0.8472505091649695,
        "n_cohort": 416,
        "z_like": 1.5237431500467737
      },
      "cohort_prior": {
        "mean": 1.3016362050919952,