{
  "pid": 323,
  "cohort": "cohort_a",
  "age": 38,
  "is_female": true,
  "effects_bayesian": [
    {
      "action": "active_energy",
      "outcome": "deep_sleep",
      "nominal_step": 100.0,
      "dose_multiplier": 0.513411003813398,
      "dose_multiplier_raw": 0.513411003813398,
      "direction_conflict": false,
      "scaled_effect": 0.3430699767326736,
      "posterior": {
        "mean": 0.6682170311592391,
        "variance": 0.07562710178429449,
        "sd": 0.2750038213994389,
        "contraction": 0.013411003813397993,
        "prior_mean": 0.6921665440115441,
        "prior_variance": 0.07665512394382158,
        "source": "pop+cohort+user",
        "lam_js": 0.8768472906403941,
        "n_cohort": 534,
        "z_like": 2.4298463481664276
      },
      "cohort_prior": {
        "mean": 0.6984414526484751,
        "variance": 0.07805127404443395,
        "n": 534
      },
      "user_obs": {
        "slope": -0.0032193634704486274,
        "se": 0.005963609266009516,
        "n": 55,
        "at_nominal_step": -0.32193634704486274,
        "se_at_step": 0.5963609266009516,
        "residual_sd": 1.926419819079235,
        "sigma_data_used": 12.0
      },
      "gate": {
        "score": 0.013411003813397993,
        "tier": "not_exposed"
      }
    },
    {
      "action": "bedtime",
      "outcome": "deep_sleep",
      "nominal_step": -0.5,
      "dose_multiplier": 0.7594867137133707,
      "dose_multiplier_raw": 0.7594867137133707,
      "direction_conflict": false,
      "scaled_effect": 0.539142576247721,
      "posterior": {
        "mean": 0.709877561401545,
        "variance": 0.6995450653450354,
        "sd": 0.8363881068888027,
        "contraction": 0.25948671371337073,
        "prior_mean": 0.6072164646464647,
        "prior_variance": 0.9446759137205589,
        "source": "pop+cohort+user",
        "lam_js": 0.8768472906403941,
        "n_cohort": 534,
        "z_like": 0.8487418168129486
      },
      "cohort_prior": {
        "mean": 0.6056498876404495,
        "variance": 0.9560138510611396,
        "n": 534
      },
      "user_obs": {
        "slope": -1.9904256808232192,
        "se": 0.6202579546427555,
        "n": 55,
        "at_nominal_step": 0.9952128404116096,
        "se_at_step": 0.31012897732137773,
        "residual_sd": 1.9238794208986858,
        "sigma_data_used": 12.0
      },
      "gate": {
        "score": 0.25948671371337073,
        "tier": "not_exposed"
      }
    },
    {
      "action": "bedtime",
      "outcome": "sleep_quality",
      "nominal_step": -0.5,
      "dose_multiplier": 0.9993481637417531,
      "dose_multiplier_raw": 0.9993481637417531,
      "direction_conflict": false,
      "scaled_effect": 0.6920886454525419,
      "posterior": {
        "mean": 0.6925400681792699,
        "variance": 0.44402871111034375,
        "sd": 0.6663547937175388,
        "contraction": 0.49934816374175306,
        "prior_mean": 0.4607862962962966,
        "prior_variance": 0.8869011935098631,
        "source": "pop+cohort+user",
        "lam_js": 0.8768472906403941,
        "n_cohort": 534,
        "z_like": 1.039296294869653
      },
      "cohort_prior": {
        "mean": 0.46373086142322145,
        "variance": 0.8849888909576128,
        "n": 534
      },
      "user_obs": {
        "slope": -1.846367415358745,
        "se": 0.3936069070959305,
        "n": 55,
        "at_nominal_step": 0.9231837076793725,
        "se_at_step": 0.19680345354796525,
        "residual_sd": 1.220866613345716,
        "sigma_data_used": 7.0
      },
      "gate": {
        "score": 0.49934816374175306,
        "tier": "possible"
      }
    },
    {
      "action": "running_volume",
      "outcome": "hrv_daily",
      "nominal_step": 30.0,
      "dose_multiplier": 0.5,
      "dose_multiplier_raw": 1.1092898818113839,
      "direction_conflict": true,
      "scaled_effect": -0.02973932829324425,
      "posterior": {
        "mean": -0.0594786565864885,
        "variance": 0.11781536214092239,
        "sd": 0.3432424247393122,
        "contraction": 0.6092898818113839,
        "prior_mean": 0.14166006734006745,
        "prior_variance": 0.3015416203888705,
        "source": "pop+cohort+user",
        "lam_js": 0.8768472906403941,
        "n_cohort": 534,
        "z_like": -0.17328468831223792
      },
      "cohort_prior": {
        "mean": 0.13417902621722846,
        "variance": 0.24427088794406634,
        "n": 534
      },
      "user_obs": {
        "slope": -0.23274684143722224,
        "se": 0.21774929582730773,
        "n": 55,
        "at_nominal_step": -0.23274684143722224,
        "se_at_step": 0.21774929582730773,
        "residual_sd": 1.388891389867586,
        "sigma_data_used": 3.5
      },
      "gate": {
        "score": 0.30464494090569194,
        "tier": "possible"
      }
    },
    {
      "action": "sleep_duration",
      "outcome": "hrv_daily",
      "nominal_step": 0.5,
      "dose_multiplier": 0.5235004286481572,
      "dose_multiplier_raw": 0.5235004286481572,
      "direction_conflict": false,
      "scaled_effect": 0.06962966384085315,
      "posterior": {
        "mean": 0.1330078449422837,
        "variance": 0.002864791925049508,
        "sd": 0.05352375103680149,
        "contraction": 0.023500428648157157,
        "prior_mean": 0.13540993265993234,
        "prior_variance": 0.0029337359780747863,
        "source": "pop+cohort+user",
        "lam_js": 0.8768472906403941,
        "n_cohort": 534,
        "z_like": 2.4850247295043113
      },
      "cohort_prior": {
        "mean": 0.13457651150347733,
        "variance": 0.002897733991751291,
        "n": 534
      },
      "user_obs": {
        "slope": 0.009482445751134005,
        "se": 0.6874144669427267,
        "n": 55,
        "at_nominal_step": 0.004741222875567002,
        "se_at_step": 0.34370723347136334,
        "residual_sd": 1.3888913898675852,
        "sigma_data_used": 3.5
      },
      "gate": {
        "score": 0.023500428648157157,
        "tier": "not_exposed"
      }
    },
    {
      "action": "training_load",
      "outcome": "hrv_daily",
      "nominal_step": 100.0,
      "dose_multiplier": 0.5,
      "dose_multiplier_raw": 1.4483563244181767,
      "direction_conflict": true,
      "scaled_effect": 0.3076568452936077,
      "posterior": {
        "mean": 0.6153136905872154,
        "variance": 0.21124607472691176,
        "sd": 0.45961513761723705,
        "contraction": 0.9483563244181767,
        "prior_mean": -5.056217651515151,
        "prior_variance": 4.090453910318943,
        "source": "pop+cohort+user",
        "lam_js": 0.8768472906403941,
        "n_cohort": 534,
        "z_like": 1.338758539975771
      },
      "cohort_prior": {
        "mean": -5.061554325842696,
        "variance": 4.099093150953106,
        "n": 534
      },
      "user_obs": {
        "slope": 0.009238150441014998,
        "se": 0.016341210598257397,
        "n": 55,
        "at_nominal_step": 0.9238150441014997,
        "se_at_step": 1.6341210598257396,
        "residual_sd": 1.3888913898675854,
        "sigma_data_used": 3.5
      },
      "gate": {
        "score": 0.47417816220908837,
        "tier": "possible"
      }
    },
    {
      "action": "training_load",
      "outcome": "resting_hr",
      "nominal_step": 100.0,
      "dose_multiplier": 1.412356853723333,
      "dose_multiplier_raw": 1.412356853723333,
      "direction_conflict": false,
      "scaled_effect": 1.3317632053720645,
      "posterior": {
        "mean": 0.9429367669092955,
        "variance": 0.02389055205791707,
        "sd": 0.15456568848847752,
        "contraction": 0.9123568537233331,
        "prior_mean": 1.305251261157877,
        "prior_variance": 0.2725889367606766,
        "source": "pop+cohort+user",
        "lam_js": 0.8768472906403941,
        "n_cohort": 534,
        "z_like": 6.1005568320526
      },
      "cohort_prior": {
        "mean": 1.306352479669686,
        "variance": 0.273049088182262,
        "n": 534
      },