{
  "pid": 803,
  "cohort": "cohort_b",
  "age": 27,
  "is_female": true,
  "effects_bayesian": [
    {
      "action": "active_energy",
      "outcome": "deep_sleep",
      "nominal_step": 100.0,
      "dose_multiplier": 0.5454339194275749,
      "dose_multiplier_raw": 0.5454339194275749,
      "direction_conflict": false,
      "scaled_effect": 0.36414059628685674,
      "posterior": {
        "mean": 0.6676163386923517,
        "variance": 0.07317238121884723,
        "sd": 0.27050393937768674,
        "contraction": 0.04543391942757491,
        "prior_mean": 0.6921665440115441,
        "prior_variance": 0.07665512394382158,
        "source": "pop+cohort+user",
        "lam_js": 0.8472505091649695,
        "n_cohort": 416,
        "z_like": 2.4680466400165924
      },
      "cohort_prior": {
        "mean": 0.6841722046703297,
        "variance": 0.07489465690295352,
        "n": 416
      },
      "user_obs": {
        "slope": 0.00012617529997393032,
        "se": 0.005817284642727425,
        "n": 52,
        "at_nominal_step": 0.012617529997393032,
        "se_at_step": 0.5817284642727425,
        "residual_sd": 2.0100927763307666,
        "sigma_data_used": 12.0
      },
      "gate": {
        "score": 0.04543391942757491,
        "tier": "not_exposed"
      }
    },
    {
      "action": "bedtime",
      "outcome": "deep_sleep",
      "nominal_step": -0.5,
      "dose_multiplier": 0.7574575988733209,
      "dose_multiplier_raw": 0.7574575988733209,
      "direction_conflict": false,
      "scaled_effect": 0.32085786224281837,
      "posterior": {
        "mean": 0.42359844659302104,
        "variance": 0.7014619212606034,
        "sd": 0.8375332359140163,
        "contraction": 0.25745759887332087,
        "prior_mean": 0.6072164646464647,
        "prior_variance": 0.9446759137205589,
        "source": "pop+cohort+user",
        "lam_js": 0.8472505091649695,
        "n_cohort": 416,
        "z_like": 0.5057691186794991
      },
      "cohort_prior": {
        "mean": 0.6215986538461539,
        "variance": 0.9384823525592582,
        "n": 416
      },
      "user_obs": {
        "slope": 0.3071809127468799,
        "se": 1.0271621759117986,
        "n": 52,
        "at_nominal_step": -0.15359045637343996,
        "se_at_step": 0.5135810879558993,
        "residual_sd": 1.9587086152915574,
        "sigma_data_used": 12.0
      },
      "gate": {
        "score": 0.25745759887332087,
        "tier": "not_exposed"
      }
    },
    {
      "action": "bedtime",
      "outcome": "sleep_quality",
      "nominal_step": -0.5,
      "dose_multiplier": 0.981320200174585,
      "dose_multiplier_raw": 0.981320200174585,
      "direction_conflict": false,
      "scaled_effect": 0.12554222158865527,
      "posterior": {
        "mean": 0.12793196508776675,
        "variance": 0.46001773351461744,
        "sd": 0.6782460715069549,
        "contraction": 0.481320200174585,
        "prior_mean": 0.4607862962962966,
        "prior_variance": 0.8869011935098631,
        "source": "pop+cohort+user",
        "lam_js": 0.8472505091649695,
        "n_cohort": 416,
        "z_like": 0.1886217561179857
      },
      "cohort_prior": {
        "mean": 0.4770937500000001,
        "variance": 0.9009695161433738,
        "n": 416
      },
      "user_obs": {
        "slope": 0.4710465690138182,
        "se": 0.6276889437512404,
        "n": 52,
        "at_nominal_step": -0.2355232845069091,
        "se_at_step": 0.3138444718756202,
        "residual_sd": 1.196948028929742,
        "sigma_data_used": 7.0
      },
      "gate": {
        "score": 0.481320200174585,
        "tier": "possible"
      }
    },
    {
      "action": "running_volume",
      "outcome": "hrv_daily",
      "nominal_step": 30.0,
      "dose_multiplier": 1.115529123152303,
      "dose_multiplier_raw": 1.115529123152303,
      "direction_conflict": false,
      "scaled_effect": 0.20106260736179296,
      "posterior": {
        "mean": 0.1802396756739285,
        "variance": 0.11593397119698444,
        "sd": 0.34049077990010895,
        "contraction": 0.615529123152303,
        "prior_mean": 0.14166006734006745,
        "prior_variance": 0.3015416203888705,
        "source": "pop+cohort+user",
        "lam_js": 0.8472505091649695,
        "n_cohort": 416,
        "z_like": 0.5293525884219423
      },
      "cohort_prior": {
        "mean": 0.11986480769230796,
        "variance": 0.2186938498312511,
        "n": 416
      },
      "user_obs": {
        "slope": 0.23911034374859594,
        "se": 0.2892431171849675,
        "n": 52,
        "at_nominal_step": 0.23911034374859594,
        "se_at_step": 0.2892431171849675,
        "residual_sd": 1.5164792251654604,
        "sigma_data_used": 3.5
      },
      "gate": {
        "score": 0.615529123152303,
        "tier": "possible"
      }
    },
    {
      "action": "sleep_duration",
      "outcome": "hrv_daily",
      "nominal_step": 0.5,
      "dose_multiplier": 0.5046882423599818,
      "dose_multiplier_raw": 0.5046882423599818,
      "direction_conflict": false,
      "scaled_effect": 0.06869884384310258,
      "posterior": {
        "mean": 0.13612134794711817,
        "variance": 0.0029199819127893735,
        "sd": 0.0540368569847412,
        "contraction": 0.004688242359981776,
        "prior_mean": 0.13540993265993234,
        "prior_variance": 0.0029337359780747863,
        "source": "pop+cohort+user",
        "lam_js": 0.8472505091649695,
        "n_cohort": 416,
        "z_like": 2.5190463609968248
      },
      "cohort_prior": {
        "mean": 0.13603296703296702,
        "variance": 0.002960794899166767,
        "n": 416
      },
      "user_obs": {
        "slope": 0.30149217265888417,
        "se": 0.7098978861700155,
        "n": 52,
        "at_nominal_step": 0.15074608632944209,
        "se_at_step": 0.35494894308500774,
        "residual_sd": 1.5164792251654615,
        "sigma_data_used": 3.5
      },
      "gate": {
        "score": 0.004688242359981776,
        "tier": "not_exposed"
      }
    },
    {
      "action": "training_load",
      "outcome": "hrv_daily",
      "nominal_step": 100.0,
      "dose_multiplier": 1.4455618223118252,
      "dose_multiplier_raw": 1.4455618223118252,
      "direction_conflict": false,
      "scaled_effect": -2.4309893365514745,
      "posterior": {
        "mean": -1.6816917125437758,
        "variance": 0.22267685679523214,
        "sd": 0.4718864871928758,
        "contraction": 0.9455618223118252,
        "prior_mean": -5.056217651515151,
        "prior_variance": 4.090453910318943,
        "source": "pop+cohort+user",
        "lam_js": 0.8472505091649695,
        "n_cohort": 416,
        "z_like": -3.5637632315934744
      },
      "cohort_prior": {
        "mean": -5.038698533653847,
        "variance": 4.062157266087269,
        "n": 416
      },
      "user_obs": {
        "slope": -0.014870593103703731,
        "se": 0.019351248368680206,
        "n": 52,
        "at_nominal_step": -1.487059310370373,
        "se_at_step": 1.9351248368680205,
        "residual_sd": 1.5164792251654609,
        "sigma_data_used": 3.5
      },
      "gate": {
        "score": 0.9455618223118252,
        "tier": "recommended"
      }
    },
    {
      "action": "training_load",
      "outcome": "resting_hr",
      "nominal_step": 100.0,
      "dose_multiplier": 1.4078188263620575,
      "dose_multiplier_raw": 1.4078188263620575,
      "direction_conflict": false,
      "scaled_effect": 0.2928799660121203,
      "posterior": {
        "mean": 0.2080381086882827,
        "variance": 0.02512756811131805,
        "sd": 0.1585167754886468,
        "contraction": 0.9078188263620575,
        "prior_mean": 1.305251261157877,
        "prior_variance": 0.2725889367606766,
        "source": "pop+cohort+user",
        "lam_js": 0.8472505091649695,
        "n_cohort": 416,
        "z_like": 1.3124043688561071
      },
      "cohort_prior": {
        "mean": 1.3016362050919952,