{
  "pid": 14,
  "cohort": "cohort_a",
  "age": 25,
  "is_female": true,
  "effects_bayesian": [
    {
      "action": "active_energy",
      "outcome": "deep_sleep",
      "nominal_step": 100.0,
      "dose_multiplier": 0.5180523696501055,
      "dose_multiplier_raw": 0.5180523696501055,
      "direction_conflict": false,
      "scaled_effect": 0.3530342359227871,
      "posterior": {
        "mean": 0.681464378130782,
        "variance": 0.07527131731081306,
        "sd": 0.2743561869373699,
        "contraction": 0.018052369650105482,
        "prior_mean": 0.6921665440115441,
        "prior_variance": 0.07665512394382158,
        "source": "pop+cohort+user",
        "lam_js": 0.8768472906403941,
        "n_cohort": 534,
        "z_like": 2.4838673613959608
      },
      "cohort_prior": {
        "mean": 0.6984414526484751,
        "variance": 0.07805127404443395,
        "n": 534
      },
      "user_obs": {
        "slope": 0.0021329186929174987,
        "se": 0.006567994940702984,
        "n": 64,
        "at_nominal_step": 0.21329186929174987,
        "se_at_step": 0.6567994940702984,
        "residual_sd": 1.8406708242847492,
        "sigma_data_used": 12.0
      },
      "gate": {
        "score": 0.018052369650105482,
        "tier": "not_exposed"
      }
    },
    {
      "action": "bedtime",
      "outcome": "deep_sleep",
      "nominal_step": -0.5,
      "dose_multiplier": 0.7905068650538554,
      "dose_multiplier_raw": 0.7905068650538554,
      "direction_conflict": false,
      "scaled_effect": 0.5123054435768409,
      "posterior": {
        "mean": 0.6480720993383641,
        "variance": 0.670241075533713,
        "sd": 0.8186825242630461,
        "contraction": 0.29050686505385537,
        "prior_mean": 0.6072164646464647,
        "prior_variance": 0.9446759137205589,
        "source": "pop+cohort+user",
        "lam_js": 0.8768472906403941,
        "n_cohort": 534,
        "z_like": 0.7916036804642184
      },
      "cohort_prior": {
        "mean": 0.6056498876404495,
        "variance": 0.9560138510611396,
        "n": 534
      },
      "user_obs": {
        "slope": -1.4952131304703866,
        "se": 0.5826131184445194,
        "n": 64,
        "at_nominal_step": 0.7476065652351933,
        "se_at_step": 0.2913065592222597,
        "residual_sd": 1.8368835349501031,
        "sigma_data_used": 12.0
      },
      "gate": {
        "score": 0.29050686505385537,
        "tier": "not_exposed"
      }
    },
    {
      "action": "bedtime",
      "outcome": "sleep_quality",
      "nominal_step": -0.5,
      "dose_multiplier": 1.0371005290317383,
      "dose_multiplier_raw": 1.0371005290317383,
      "direction_conflict": false,
      "scaled_effect": 0.2674667901865305,
      "posterior": {
        "mean": 0.257898615128703,
        "variance": 0.41054609327683556,
        "sd": 0.6407387090513851,
        "contraction": 0.5371005290317383,
        "prior_mean": 0.4607862962962966,
        "prior_variance": 0.8869011935098631,
        "source": "pop+cohort+user",
        "lam_js": 0.8768472906403941,
        "n_cohort": 534,
        "z_like": 0.4025020050849158
      },
      "cohort_prior": {
        "mean": 0.46373086142322145,
        "variance": 0.8849888909576128,
        "n": 534
      },
      "user_obs": {
        "slope": -0.1603783016798189,
        "se": 0.3762861711910138,
        "n": 64,
        "at_nominal_step": 0.08018915083990945,
        "se_at_step": 0.1881430855955069,
        "residual_sd": 1.1863685358399796,
        "sigma_data_used": 7.0
      },
      "gate": {
        "score": 0.5371005290317383,
        "tier": "possible"
      }
    },
    {
      "action": "running_volume",
      "outcome": "hrv_daily",
      "nominal_step": 30.0,
      "dose_multiplier": 1.1404149275111168,
      "dose_multiplier_raw": 1.1404149275111168,
      "direction_conflict": false,
      "scaled_effect": 0.04489055087104874,
      "posterior": {
        "mean": 0.0393633490654314,
        "variance": 0.10842986542594728,
        "sd": 0.329286904425225,
        "contraction": 0.6404149275111168,
        "prior_mean": 0.14166006734006745,
        "prior_variance": 0.3015416203888705,
        "source": "pop+cohort+user",
        "lam_js": 0.8768472906403941,
        "n_cohort": 534,
        "z_like": 0.11954119200136637
      },
      "cohort_prior": {
        "mean": 0.13417902621722846,
        "variance": 0.24427088794406634,
        "n": 534
      },
      "user_obs": {
        "slope": -0.03389976043626367,
        "se": 0.2327852103992833,
        "n": 64,
        "at_nominal_step": -0.03389976043626367,
        "se_at_step": 0.2327852103992833,
        "residual_sd": 1.6425818887997228,
        "sigma_data_used": 3.5
      },
      "gate": {
        "score": 0.6404149275111168,
        "tier": "possible"
      }
    },
    {
      "action": "sleep_duration",
      "outcome": "hrv_daily",
      "nominal_step": 0.5,
      "dose_multiplier": 0.5255513945637544,
      "dose_multiplier_raw": 0.5255513945637544,
      "direction_conflict": false,
      "scaled_effect": 0.06711982276742835,
      "posterior": {
        "mean": 0.12771314748987136,
        "variance": 0.0028587749325531156,
        "sd": 0.0534675128704629,
        "contraction": 0.025551394563754437,
        "prior_mean": 0.13540993265993234,
        "prior_variance": 0.0029337359780747863,
        "source": "pop+cohort+user",
        "lam_js": 0.8768472906403941,
        "n_cohort": 534,
        "z_like": 2.388612086731718
      },
      "cohort_prior": {
        "mean": 0.13457651150347733,
        "variance": 0.002897733991751291,
        "n": 534
      },
      "user_obs": {
        "slope": -0.6634442952677586,
        "se": 0.5660365067398361,
        "n": 64,
        "at_nominal_step": -0.3317221476338793,
        "se_at_step": 0.28301825336991804,
        "residual_sd": 1.6425818887997248,
        "sigma_data_used": 3.5
      },
      "gate": {
        "score": 0.025551394563754437,
        "tier": "not_exposed"
      }
    },
    {
      "action": "training_load",
      "outcome": "hrv_daily",
      "nominal_step": 100.0,
      "dose_multiplier": 1.4552946485148837,
      "dose_multiplier_raw": 1.4552946485148837,
      "direction_conflict": false,
      "scaled_effect": -1.0899356941382305,
      "posterior": {
        "mean": -0.748945029963864,
        "variance": 0.18286517979447683,
        "sd": 0.42762738428973046,
        "contraction": 0.9552946485148837,
        "prior_mean": -5.056217651515151,
        "prior_variance": 4.090453910318943,
        "source": "pop+cohort+user",
        "lam_js": 0.8768472906403941,
        "n_cohort": 534,
        "z_like": -1.7513963265187693
      },
      "cohort_prior": {
        "mean": -5.061554325842696,
        "variance": 4.099093150953106,
        "n": 534
      },
      "user_obs": {
        "slope": -0.005475470087883091,
        "se": 0.016953896944664322,
        "n": 64,
        "at_nominal_step": -0.5475470087883091,
        "se_at_step": 1.6953896944664322,
        "residual_sd": 1.6425818887997239,
        "sigma_data_used": 3.5
      },
      "gate": {
        "score": 0.9552946485148837,
        "tier": "recommended"
      }
    },
    {
      "action": "training_load",
      "outcome": "resting_hr",
      "nominal_step": 100.0,
      "dose_multiplier": 1.4237432089504516,
      "dose_multiplier_raw": 1.4237432089504516,
      "direction_conflict": false,
      "scaled_effect": 0.4438794012026166,
      "posterior": {
        "mean": 0.3117692842446171,
        "variance": 0.020786757592977496,
        "sd": 0.1441761339229815,
        "contraction": 0.9237432089504516,
        "prior_mean": 1.305251261157877,
        "prior_variance": 0.2725889367606766,
        "source": "pop+cohort+user",
        "lam_js": 0.8768472906403941,
        "n_cohort": 534,
        "z_like": 2.1624195056524638
      },
      "cohort_prior": {
        "mean": 1.306352479669686,