{
  "pid": 788,
  "cohort": "cohort_b",
  "age": 23,
  "is_female": true,
  "effects_bayesian": [
    {
      "action": "active_energy",
      "outcome": "deep_sleep",
      "nominal_step": 100.0,
      "dose_multiplier": 0.5459187277509553,
      "dose_multiplier_raw": 0.5459187277509553,
      "direction_conflict": false,
      "scaled_effect": 0.3628691658407008,
      "posterior": {
        "mean": 0.6646944817878448,
        "variance": 0.07313521817672951,
        "sd": 0.27043523841528033,
        "contraction": 0.04591872775095529,
        "prior_mean": 0.6921665440115441,
        "prior_variance": 0.07665512394382158,
        "source": "pop+cohort+user",
        "lam_js": 0.8472505091649695,
        "n_cohort": 416,
        "z_like": 2.457869343074071
      },
      "cohort_prior": {
        "mean": 0.6841722046703297,
        "variance": 0.07489465690295352,
        "n": 416
      },
      "user_obs": {
        "slope": -0.0008357129661117346,
        "se": 0.0075542822091746375,
        "n": 53,
        "at_nominal_step": -0.08357129661117346,
        "se_at_step": 0.7554282209174638,
        "residual_sd": 2.1097317708469077,
        "sigma_data_used": 12.0
      },
      "gate": {
        "score": 0.04591872775095529,
        "tier": "not_exposed"
      }
    },
    {
      "action": "bedtime",
      "outcome": "deep_sleep",
      "nominal_step": -0.5,
      "dose_multiplier": 0.7610571839251652,
      "dose_multiplier_raw": 0.7610571839251652,
      "direction_conflict": false,
      "scaled_effect": 0.5544230744328453,
      "posterior": {
        "mean": 0.7284906918208156,
        "variance": 0.6980614799627375,
        "sd": 0.8355007360635521,
        "contraction": 0.2610571839251652,
        "prior_mean": 0.6072164646464647,
        "prior_variance": 0.9446759137205589,
        "source": "pop+cohort+user",
        "lam_js": 0.8472505091649695,
        "n_cohort": 416,
        "z_like": 0.8719210652681019
      },
      "cohort_prior": {
        "mean": 0.6215986538461539,
        "variance": 0.9384823525592582,
        "n": 416
      },
      "user_obs": {
        "slope": -2.087990974210394,
        "se": 1.0494535893692207,
        "n": 53,
        "at_nominal_step": 1.043995487105197,
        "se_at_step": 0.5247267946846104,
        "residual_sd": 2.1190510403351004,
        "sigma_data_used": 12.0
      },
      "gate": {
        "score": 0.2610571839251652,
        "tier": "not_exposed"
      }
    },
    {
      "action": "bedtime",
      "outcome": "sleep_quality",
      "nominal_step": -0.5,
      "dose_multiplier": 0.9861443372628705,
      "dose_multiplier_raw": 0.9861443372628705,
      "direction_conflict": false,
      "scaled_effect": 0.6452135057616004,
      "posterior": {
        "mean": 0.6542789745692266,
        "variance": 0.4557392005733618,
        "sd": 0.6750845877172443,
        "contraction": 0.48614433726287054,
        "prior_mean": 0.4607862962962966,
        "prior_variance": 0.8869011935098631,
        "source": "pop+cohort+user",
        "lam_js": 0.8472505091649695,
        "n_cohort": 416,
        "z_like": 0.9691807315311839
      },
      "cohort_prior": {
        "mean": 0.4770937500000001,
        "variance": 0.9009695161433738,
        "n": 416
      },
      "user_obs": {
        "slope": -1.6782002127793363,
        "se": 0.7866417046567558,
        "n": 53,
        "at_nominal_step": 0.8391001063896681,
        "se_at_step": 0.3933208523283779,
        "residual_sd": 1.5883826969668986,
        "sigma_data_used": 7.0
      },
      "gate": {
        "score": 0.48614433726287054,
        "tier": "possible"
      }
    },
    {
      "action": "running_volume",
      "outcome": "hrv_daily",
      "nominal_step": 30.0,
      "dose_multiplier": 1.119133641473876,
      "dose_multiplier_raw": 1.119133641473876,
      "direction_conflict": false,
      "scaled_effect": 0.035235629303665444,
      "posterior": {
        "mean": 0.031484737834581444,
        "variance": 0.11484705890157598,
        "sd": 0.33889092478491656,
        "contraction": 0.6191336414738758,
        "prior_mean": 0.14166006734006745,
        "prior_variance": 0.3015416203888705,
        "source": "pop+cohort+user",
        "lam_js": 0.8472505091649695,
        "n_cohort": 416,
        "z_like": 0.09290522564026706
      },
      "cohort_prior": {
        "mean": 0.11986480769230796,
        "variance": 0.2186938498312511,
        "n": 416
      },
      "user_obs": {
        "slope": -0.0613728049676542,
        "se": 0.5192675297561348,
        "n": 53,
        "at_nominal_step": -0.0613728049676542,
        "se_at_step": 0.5192675297561348,
        "residual_sd": 2.9102347426755415,
        "sigma_data_used": 3.5
      },
      "gate": {
        "score": 0.6191336414738758,
        "tier": "possible"
      }
    },
    {
      "action": "sleep_duration",
      "outcome": "hrv_daily",
      "nominal_step": 0.5,
      "dose_multiplier": 0.5049254341750091,
      "dose_multiplier_raw": 0.5049254341750091,
      "direction_conflict": false,
      "scaled_effect": 0.0741877852038514,
      "posterior": {
        "mean": 0.14692820005208457,
        "variance": 0.002919286054627923,
        "sd": 0.0540304178646429,
        "contraction": 0.004925434175009125,
        "prior_mean": 0.13540993265993234,
        "prior_variance": 0.0029337359780747863,
        "source": "pop+cohort+user",
        "lam_js": 0.8472505091649695,
        "n_cohort": 416,
        "z_like": 2.719360794509666
      },
      "cohort_prior": {
        "mean": 0.13603296703296702,
        "variance": 0.002960794899166767,
        "n": 416
      },
      "user_obs": {
        "slope": 2.0121875730495073,
        "se": 1.5031823268778517,
        "n": 53,
        "at_nominal_step": 1.0060937865247537,
        "se_at_step": 0.7515911634389258,
        "residual_sd": 2.910234742675542,
        "sigma_data_used": 3.5
      },
      "gate": {
        "score": 0.004925434175009125,
        "tier": "not_exposed"
      }
    },
    {
      "action": "training_load",
      "outcome": "hrv_daily",
      "nominal_step": 100.0,
      "dose_multiplier": 1.4465337165119592,
      "dose_multiplier_raw": 1.4465337165119592,
      "direction_conflict": false,
      "scaled_effect": -4.707459284079474,
      "posterior": {
        "mean": -3.2543031872292727,
        "variance": 0.2187013683638783,
        "sd": 0.4676551810510371,
        "contraction": 0.9465337165119591,
        "prior_mean": -5.056217651515151,
        "prior_variance": 4.090453910318943,
        "source": "pop+cohort+user",
        "lam_js": 0.8472505091649695,
        "n_cohort": 416,
        "z_like": -6.958766456762761
      },
      "cohort_prior": {
        "mean": -5.038698533653847,
        "variance": 4.062157266087269,
        "n": 416
      },
      "user_obs": {
        "slope": -0.03152728326925393,
        "se": 0.03498394870464923,
        "n": 53,
        "at_nominal_step": -3.1527283269253927,
        "se_at_step": 3.498394870464923,
        "residual_sd": 2.9102347426755406,
        "sigma_data_used": 3.5
      },
      "gate": {
        "score": 0.9465337165119591,
        "tier": "recommended"
      }
    },
    {
      "action": "training_load",
      "outcome": "resting_hr",
      "nominal_step": 100.0,
      "dose_multiplier": 0.5,
      "dose_multiplier_raw": 1.4093997731475683,
      "direction_conflict": true,
      "scaled_effect": -0.17138091008436368,
      "posterior": {
        "mean": -0.34276182016872736,
        "variance": 0.024696619507980494,
        "sd": 0.1571515813091949,
        "contraction": 0.9093997731475681,
        "prior_mean": 1.305251261157877,
        "prior_variance": 0.2725889367606766,
        "source": "pop+cohort+user",
        "lam_js": 0.8472505091649695,
        "n_cohort": 416,
        "z_like": -2.181090494370179
      },
      "cohort_prior": {
        "mean": 1.3016362050919952,
        "variance": 0.2710810896650065,