{
  "pid": 1147,
  "cohort": "cohort_c",
  "age": 32,
  "is_female": false,
  "effects_bayesian": [
    {
      "action": "active_energy",
      "outcome": "deep_sleep",
      "nominal_step": 100.0,
      "dose_multiplier": 0.5164589956017097,
      "dose_multiplier_raw": 0.5164589956017097,
      "direction_conflict": false,
      "scaled_effect": 0.3466344294703571,
      "posterior": {
        "mean": 0.6711751221730672,
        "variance": 0.0753934575959817,
        "sd": 0.2745786910814124,
        "contraction": 0.016458995601709714,
        "prior_mean": 0.6921665440115441,
        "prior_variance": 0.07665512394382158,
        "source": "pop+cohort+user",
        "lam_js": 0.7603833865814696,
        "n_cohort": 238,
        "z_like": 2.444381679909983
      },
      "cohort_prior": {
        "mean": 0.6920608463385354,
        "variance": 0.07663171440556958,
        "n": 238
      },
      "user_obs": {
        "slope": -0.005962909370688822,
        "se": 0.010106019725264821,
        "n": 31,
        "at_nominal_step": -0.5962909370688823,
        "se_at_step": 1.010601972526482,
        "residual_sd": 1.7107083142635773,
        "sigma_data_used": 12.0
      },
      "gate": {
        "score": 0.016458995601709714,
        "tier": "not_exposed"
      }
    },
    {
      "action": "bedtime",
      "outcome": "deep_sleep",
      "nominal_step": -0.5,
      "dose_multiplier": 0.6736594735710739,
      "dose_multiplier_raw": 0.6736594735710739,
      "direction_conflict": false,
      "scaled_effect": 0.389446854093589,
      "posterior": {
        "mean": 0.5781064014866862,
        "variance": 0.7806239918485735,
        "sd": 0.8835292818286067,
        "contraction": 0.17365947357107392,
        "prior_mean": 0.6072164646464647,
        "prior_variance": 0.9446759137205589,
        "source": "pop+cohort+user",
        "lam_js": 0.7603833865814696,
        "n_cohort": 238,
        "z_like": 0.6543149314646387
      },
      "cohort_prior": {
        "mean": 0.5855927731092442,
        "variance": 0.9363184076048073,
        "n": 238
      },
      "user_obs": {
        "slope": -1.0307873485784447,
        "se": 1.002291040052581,
        "n": 31,
        "at_nominal_step": 0.5153936742892223,
        "se_at_step": 0.5011455200262905,
        "residual_sd": 1.746961521294183,
        "sigma_data_used": 12.0
      },
      "gate": {
        "score": 0.17365947357107392,
        "tier": "not_exposed"
      }
    },
    {
      "action": "bedtime",
      "outcome": "sleep_quality",
      "nominal_step": -0.5,
      "dose_multiplier": 0.8652145026105371,
      "dose_multiplier_raw": 0.8652145026105371,
      "direction_conflict": false,
      "scaled_effect": 0.16615012787365147,
      "posterior": {
        "mean": 0.19203345225067425,
        "variance": 0.5629920152574667,
        "sd": 0.7503279384758818,
        "contraction": 0.3652145026105371,
        "prior_mean": 0.4607862962962966,
        "prior_variance": 0.8869011935098631,
        "source": "pop+cohort+user",
        "lam_js": 0.7603833865814696,
        "n_cohort": 238,
        "z_like": 0.2559326960965174
      },
      "cohort_prior": {
        "mean": 0.42567579831932817,
        "variance": 0.8706033108101122,
        "n": 238
      },
      "user_obs": {
        "slope": 0.49100214593165087,
        "se": 0.5928421916355322,
        "n": 31,
        "at_nominal_step": -0.24550107296582543,
        "se_at_step": 0.2964210958177661,
        "residual_sd": 1.0333051534937943,
        "sigma_data_used": 7.0
      },
      "gate": {
        "score": 0.3652145026105371,
        "tier": "possible"
      }
    },
    {
      "action": "running_volume",
      "outcome": "hrv_daily",
      "nominal_step": 30.0,
      "dose_multiplier": 0.7882405741563376,
      "dose_multiplier_raw": 0.7882405741563376,
      "direction_conflict": false,
      "scaled_effect": 0.05148201308230901,
      "posterior": {
        "mean": 0.06531256417168167,
        "variance": 0.21462509059595006,
        "sd": 0.46327647317336335,
        "contraction": 0.28824057415633764,
        "prior_mean": 0.14166006734006745,
        "prior_variance": 0.3015416203888705,
        "source": "pop+cohort+user",
        "lam_js": 0.7603833865814696,
        "n_cohort": 238,
        "z_like": 0.14097966970846146
      },
      "cohort_prior": {
        "mean": 0.19654117647058833,
        "variance": 0.5699868837170512,
        "n": 238
      },
      "user_obs": {
        "slope": -0.03401127095960075,
        "se": 0.3752467371983615,
        "n": 31,
        "at_nominal_step": -0.03401127095960075,
        "se_at_step": 0.3752467371983615,
        "residual_sd": 1.779466141718243,
        "sigma_data_used": 3.5
      },
      "gate": {
        "score": 0.28824057415633764,
        "tier": "not_exposed"
      }
    },
    {
      "action": "sleep_duration",
      "outcome": "hrv_daily",
      "nominal_step": 0.5,
      "dose_multiplier": 0.5,
      "dose_multiplier_raw": 0.5,
      "direction_conflict": false,
      "scaled_effect": 0.06997360319785555,
      "posterior": {
        "mean": 0.1399472063957111,
        "variance": 0.0029374701132036654,
        "sd": 0.05419843275597243,
        "contraction": 0.0,
        "prior_mean": 0.13540993265993234,
        "prior_variance": 0.0029337359780747863,
        "source": "pop+cohort+user",
        "lam_js": 0.7603833865814696,
        "n_cohort": 238,
        "z_like": 2.582126443135748
      },
      "cohort_prior": {
        "mean": 0.13619087635053972,
        "variance": 0.0029676727681804804,
        "n": 238
      },
      "user_obs": {
        "slope": 1.3329896000146266,
        "se": 1.3548055977672486,
        "n": 31,
        "at_nominal_step": 0.6664948000073133,
        "se_at_step": 0.6774027988836243,
        "residual_sd": 1.7794661417182425,
        "sigma_data_used": 3.5
      },
      "gate": {
        "score": 0.0,
        "tier": "not_exposed"
      }
    },
    {
      "action": "training_load",
      "outcome": "hrv_daily",
      "nominal_step": 100.0,
      "dose_multiplier": 1.4118614631446458,
      "dose_multiplier_raw": 1.4118614631446458,
      "direction_conflict": false,
      "scaled_effect": -0.015893798940771444,
      "posterior": {
        "mean": -0.011257336045826415,
        "variance": 0.3605266227297744,
        "sd": 0.6004386918993265,
        "contraction": 0.9118614631446457,
        "prior_mean": -5.056217651515151,
        "prior_variance": 4.090453910318943,
        "source": "pop+cohort+user",
        "lam_js": 0.7603833865814696,
        "n_cohort": 238,
        "z_like": -0.01874851870424415
      },
      "cohort_prior": {
        "mean": -5.074865420168067,
        "variance": 4.120681445250819,
        "n": 238
      },
      "user_obs": {
        "slope": 0.004747584340973324,
        "se": 0.030369390634659307,
        "n": 31,
        "at_nominal_step": 0.4747584340973324,
        "se_at_step": 3.0369390634659306,
        "residual_sd": 1.779466141718243,
        "sigma_data_used": 3.5
      },
      "gate": {
        "score": 0.9118614631446457,
        "tier": "recommended"
      }
    },
    {
      "action": "training_load",
      "outcome": "resting_hr",
      "nominal_step": 100.0,
      "dose_multiplier": 1.354307483023546,
      "dose_multiplier_raw": 1.354307483023546,
      "direction_conflict": false,
      "scaled_effect": 0.37820096434072664,
      "posterior": {
        "mean": 0.27925782666162174,
        "variance": 0.03971416829659842,
        "sd": 0.19928413960121968,
        "contraction": 0.854307483023546,
        "prior_mean": 1.305251261157877,
        "prior_variance": 0.2725889367606766,
        "source": "pop+cohort+user",
        "lam_js": 0.7603833865814696,
        "n_cohort": 238,
        "z_like": 1.4013048264675478
      },
      "cohort_prior": {
        "mean": 1.3090992134188058,
        "variance": 0.2741985200917978,
        "n": 238
      },