{
  "pid": 322,
  "cohort": "cohort_a",
  "age": 33,
  "is_female": true,
  "effects_bayesian": [
    {
      "action": "active_energy",
      "outcome": "deep_sleep",
      "nominal_step": 100.0,
      "dose_multiplier": 0.5128925866410221,
      "dose_multiplier_raw": 0.5128925866410221,
      "direction_conflict": false,
      "scaled_effect": 0.3426637118687572,
      "posterior": {
        "mean": 0.6681003406832052,
        "variance": 0.07566684111689757,
        "sd": 0.27507606423841674,
        "contraction": 0.012892586641022108,
        "prior_mean": 0.6921665440115441,
        "prior_variance": 0.07665512394382158,
        "source": "pop+cohort+user",
        "lam_js": 0.8768472906403941,
        "n_cohort": 534,
        "z_like": 2.4287839893773615
      },
      "cohort_prior": {
        "mean": 0.6984414526484751,
        "variance": 0.07805127404443395,
        "n": 534
      },
      "user_obs": {
        "slope": -0.0034438495091807797,
        "se": 0.010266549226371161,
        "n": 54,
        "at_nominal_step": -0.34438495091807797,
        "se_at_step": 1.0266549226371162,
        "residual_sd": 2.4468096185841883,
        "sigma_data_used": 12.0
      },
      "gate": {
        "score": 0.012892586641022108,
        "tier": "not_exposed"
      }
    },
    {
      "action": "bedtime",
      "outcome": "deep_sleep",
      "nominal_step": -0.5,
      "dose_multiplier": 0.7558717746297476,
      "dose_multiplier_raw": 0.7558717746297476,
      "direction_conflict": false,
      "scaled_effect": 0.416360785183284,
      "posterior": {
        "mean": 0.5508352066555627,
        "variance": 0.7029600112269011,
        "sd": 0.838427105493913,
        "contraction": 0.25587177462974764,
        "prior_mean": 0.6072164646464647,
        "prior_variance": 0.9446759137205589,
        "source": "pop+cohort+user",
        "lam_js": 0.8768472906403941,
        "n_cohort": 534,
        "z_like": 0.6569864011386758
      },
      "cohort_prior": {
        "mean": 0.6056498876404495,
        "variance": 0.9560138510611396,
        "n": 534
      },
      "user_obs": {
        "slope": -0.7943448000860239,
        "se": 0.7779780079947062,
        "n": 54,
        "at_nominal_step": 0.39717240004301196,
        "se_at_step": 0.3889890039973531,
        "residual_sd": 2.468837112891689,
        "sigma_data_used": 12.0
      },
      "gate": {
        "score": 0.25587177462974764,
        "tier": "not_exposed"
      }
    },
    {
      "action": "bedtime",
      "outcome": "sleep_quality",
      "nominal_step": -0.5,
      "dose_multiplier": 0.994769864025614,
      "dose_multiplier_raw": 0.994769864025614,
      "direction_conflict": false,
      "scaled_effect": 0.5053998691934107,
      "posterior": {
        "mean": 0.5080570767877598,
        "variance": 0.44808921059283335,
        "sd": 0.6693946598179831,
        "contraction": 0.49476986402561396,
        "prior_mean": 0.4607862962962966,
        "prior_variance": 0.8869011935098631,
        "source": "pop+cohort+user",
        "lam_js": 0.8768472906403941,
        "n_cohort": 534,
        "z_like": 0.7589798773206631
      },
      "cohort_prior": {
        "mean": 0.46373086142322145,
        "variance": 0.8849888909576128,
        "n": 534
      },
      "user_obs": {
        "slope": -1.1077316258298093,
        "se": 0.4512913336625388,
        "n": 54,
        "at_nominal_step": 0.5538658129149047,
        "se_at_step": 0.2256456668312694,
        "residual_sd": 1.4321289057312836,
        "sigma_data_used": 7.0
      },
      "gate": {
        "score": 0.49476986402561396,
        "tier": "possible"
      }
    },
    {
      "action": "running_volume",
      "outcome": "hrv_daily",
      "nominal_step": 30.0,
      "dose_multiplier": 1.105495704963558,
      "dose_multiplier_raw": 1.105495704963558,
      "direction_conflict": false,
      "scaled_effect": 0.08461582133062329,
      "posterior": {
        "mean": 0.07654106746024182,
        "variance": 0.11895946437565777,
        "sd": 0.3449050077567123,
        "contraction": 0.605495704963558,
        "prior_mean": 0.14166006734006745,
        "prior_variance": 0.3015416203888705,
        "source": "pop+cohort+user",
        "lam_js": 0.8768472906403941,
        "n_cohort": 534,
        "z_like": 0.22191926976668327
      },
      "cohort_prior": {
        "mean": 0.13417902621722846,
        "variance": 0.24427088794406634,
        "n": 534
      },
      "user_obs": {
        "slope": 0.023429703851345605,
        "se": 0.3191701885434106,
        "n": 54,
        "at_nominal_step": 0.023429703851345605,
        "se_at_step": 0.3191701885434106,
        "residual_sd": 1.6406888117692058,
        "sigma_data_used": 3.5
      },
      "gate": {
        "score": 0.605495704963558,
        "tier": "possible"
      }
    },
    {
      "action": "sleep_duration",
      "outcome": "hrv_daily",
      "nominal_step": 0.5,
      "dose_multiplier": 0.5232720104883758,
      "dose_multiplier_raw": 0.5232720104883758,
      "direction_conflict": false,
      "scaled_effect": 0.07084274512039303,
      "posterior": {
        "mean": 0.13538416674393625,
        "variance": 0.0028654620436229044,
        "sd": 0.05353001068207351,
        "contraction": 0.023272010488375794,
        "prior_mean": 0.13540993265993234,
        "prior_variance": 0.0029337359780747863,
        "source": "pop+cohort+user",
        "lam_js": 0.8768472906403941,
        "n_cohort": 534,
        "z_like": 2.5291264660493447
      },
      "cohort_prior": {
        "mean": 0.13457651150347733,
        "variance": 0.002897733991751291,
        "n": 534
      },
      "user_obs": {
        "slope": 0.38098738199452636,
        "se": 0.6266740865387912,
        "n": 54,
        "at_nominal_step": 0.19049369099726318,
        "se_at_step": 0.3133370432693956,
        "residual_sd": 1.6406888117692058,
        "sigma_data_used": 3.5
      },
      "gate": {
        "score": 0.023272010488375794,
        "tier": "not_exposed"
      }
    },
    {
      "action": "training_load",
      "outcome": "hrv_daily",
      "nominal_step": 100.0,
      "dose_multiplier": 1.447450124007499,
      "dose_multiplier_raw": 1.447450124007499,
      "direction_conflict": false,
      "scaled_effect": -4.921530418697366,
      "posterior": {
        "mean": -3.4001381719953954,
        "variance": 0.214952845740301,
        "sd": 0.4636300742405533,
        "contraction": 0.9474501240074991,
        "prior_mean": -5.056217651515151,
        "prior_variance": 4.090453910318943,
        "source": "pop+cohort+user",
        "lam_js": 0.8768472906403941,
        "n_cohort": 534,
        "z_like": -7.3337308360873115
      },
      "cohort_prior": {
        "mean": -5.061554325842696,
        "variance": 4.099093150953106,
        "n": 534
      },
      "user_obs": {
        "slope": -0.03308204610635133,
        "se": 0.02419933255691781,
        "n": 54,
        "at_nominal_step": -3.3082046106351326,
        "se_at_step": 2.419933255691781,
        "residual_sd": 1.6406888117692058,
        "sigma_data_used": 3.5
      },
      "gate": {
        "score": 0.9474501240074991,
        "tier": "recommended"
      }
    },
    {
      "action": "training_load",
      "outcome": "resting_hr",
      "nominal_step": 100.0,
      "dose_multiplier": 0.5,
      "dose_multiplier_raw": 1.4108782652203857,
      "direction_conflict": true,
      "scaled_effect": -0.383099305061061,
      "posterior": {
        "mean": -0.766198610122122,
        "variance": 0.024293598925842062,
        "sd": 0.15586403987399422,
        "contraction": 0.9108782652203857,
        "prior_mean": 1.305251261157877,
        "prior_variance": 0.2725889367606766,
        "source": "pop+cohort+user",
        "lam_js": 0.8768472906403941,
        "n_cohort": 534,
        "z_like": -4.915813876899014
      },
      "cohort_prior": {
        "mean": 1.306352479669686,
        "variance": 0.273049088182262,