{
  "pid": 1002,
  "cohort": "cohort_c",
  "age": 36,
  "is_female": false,
  "effects_bayesian": [
    {
      "action": "active_energy",
      "outcome": "deep_sleep",
      "nominal_step": 100.0,
      "dose_multiplier": 0.5174878149178698,
      "dose_multiplier_raw": 0.5174878149178698,
      "direction_conflict": false,
      "scaled_effect": 0.3540076110628664,
      "posterior": {
        "mean": 0.6840887859727688,
        "variance": 0.07531459332378566,
        "sd": 0.2744350439061777,
        "contraction": 0.01748781491786977,
        "prior_mean": 0.6921665440115441,
        "prior_variance": 0.07665512394382158,
        "source": "pop+cohort+user",
        "lam_js": 0.7603833865814696,
        "n_cohort": 238,
        "z_like": 2.492716586904409
      },
      "cohort_prior": {
        "mean": 0.6920608463385354,
        "variance": 0.07663171440556958,
        "n": 238
      },
      "user_obs": {
        "slope": 0.0022872723540182938,
        "se": 0.008588572724168379,
        "n": 33,
        "at_nominal_step": 0.22872723540182938,
        "se_at_step": 0.8588572724168378,
        "residual_sd": 1.8036282224144602,
        "sigma_data_used": 12.0
      },
      "gate": {
        "score": 0.01748781491786977,
        "tier": "not_exposed"
      }
    },
    {
      "action": "bedtime",
      "outcome": "deep_sleep",
      "nominal_step": -0.5,
      "dose_multiplier": 0.682522563841356,
      "dose_multiplier_raw": 0.682522563841356,
      "direction_conflict": false,
      "scaled_effect": 0.4933529193631061,
      "posterior": {
        "mean": 0.7228375228892505,
        "variance": 0.7722512439491069,
        "sd": 0.8787782677951856,
        "contraction": 0.182522563841356,
        "prior_mean": 0.6072164646464647,
        "prior_variance": 0.9446759137205589,
        "source": "pop+cohort+user",
        "lam_js": 0.7603833865814696,
        "n_cohort": 238,
        "z_like": 0.8225482461040107
      },
      "cohort_prior": {
        "mean": 0.5855927731092442,
        "variance": 0.9363184076048073,
        "n": 238
      },
      "user_obs": {
        "slope": -2.674006805129525,
        "se": 0.6353070311710967,
        "n": 33,
        "at_nominal_step": 1.3370034025647626,
        "se_at_step": 0.31765351558554833,
        "residual_sd": 1.7353663433175917,
        "sigma_data_used": 12.0
      },
      "gate": {
        "score": 0.182522563841356,
        "tier": "not_exposed"
      }
    },
    {
      "action": "bedtime",
      "outcome": "sleep_quality",
      "nominal_step": -0.5,
      "dose_multiplier": 0.8794737405424626,
      "dose_multiplier_raw": 0.8794737405424626,
      "direction_conflict": false,
      "scaled_effect": 0.699296869546859,
      "posterior": {
        "mean": 0.7951310395186217,
        "variance": 0.5503454801171008,
        "sd": 0.7418527347911449,
        "contraction": 0.37947374054246263,
        "prior_mean": 0.4607862962962966,
        "prior_variance": 0.8869011935098631,
        "source": "pop+cohort+user",
        "lam_js": 0.7603833865814696,
        "n_cohort": 238,
        "z_like": 1.0718178989290594
      },
      "cohort_prior": {
        "mean": 0.42567579831932817,
        "variance": 0.8706033108101122,
        "n": 238
      },
      "user_obs": {
        "slope": -2.816382821893902,
        "se": 0.4856475260340956,
        "n": 33,
        "at_nominal_step": 1.408191410946951,
        "se_at_step": 0.2428237630170478,
        "residual_sd": 1.3265654715665385,
        "sigma_data_used": 7.0
      },
      "gate": {
        "score": 0.37947374054246263,
        "tier": "possible"
      }
    },
    {
      "action": "running_volume",
      "outcome": "hrv_daily",
      "nominal_step": 30.0,
      "dose_multiplier": 0.8123368620394839,
      "dose_multiplier_raw": 0.8123368620394839,
      "direction_conflict": false,
      "scaled_effect": 0.19662751730319733,
      "posterior": {
        "mean": 0.24205169861372142,
        "variance": 0.20735905690230944,
        "sd": 0.4553669475294726,
        "contraction": 0.31233686203948385,
        "prior_mean": 0.14166006734006745,
        "prior_variance": 0.3015416203888705,
        "source": "pop+cohort+user",
        "lam_js": 0.7603833865814696,
        "n_cohort": 238,
        "z_like": 0.5315530692926613
      },
      "cohort_prior": {
        "mean": 0.19654117647058833,
        "variance": 0.5699868837170512,
        "n": 238
      },
      "user_obs": {
        "slope": 0.2884049959905265,
        "se": 0.33679046866787066,
        "n": 33,
        "at_nominal_step": 0.2884049959905265,
        "se_at_step": 0.33679046866787066,
        "residual_sd": 1.7148015720435632,
        "sigma_data_used": 3.5
      },
      "gate": {
        "score": 0.31233686203948385,
        "tier": "possible"
      }
    },
    {
      "action": "sleep_duration",
      "outcome": "hrv_daily",
      "nominal_step": 0.5,
      "dose_multiplier": 0.5,
      "dose_multiplier_raw": 0.5,
      "direction_conflict": false,
      "scaled_effect": 0.06788370209872545,
      "posterior": {
        "mean": 0.1357674041974509,
        "variance": 0.0029360620161550176,
        "sd": 0.05418544099806716,
        "contraction": 0.0,
        "prior_mean": 0.13540993265993234,
        "prior_variance": 0.0029337359780747863,
        "source": "pop+cohort+user",
        "lam_js": 0.7603833865814696,
        "n_cohort": 238,
        "z_like": 2.50560670351089
      },
      "cohort_prior": {
        "mean": 0.13619087635053972,
        "variance": 0.0029676727681804804,
        "n": 238
      },
      "user_obs": {
        "slope": 0.21224435011464376,
        "se": 0.9368735179347586,
        "n": 33,
        "at_nominal_step": 0.10612217505732188,
        "se_at_step": 0.4684367589673793,
        "residual_sd": 1.7148015720435623,
        "sigma_data_used": 3.5
      },
      "gate": {
        "score": 0.0,
        "tier": "not_exposed"
      }
    },
    {
      "action": "training_load",
      "outcome": "hrv_daily",
      "nominal_step": 100.0,
      "dose_multiplier": 1.4167610327360245,
      "dose_multiplier_raw": 1.4167610327360245,
      "direction_conflict": false,
      "scaled_effect": -4.467546239457848,
      "posterior": {
        "mean": -3.1533520023699406,
        "variance": 0.3404851591358391,
        "sd": 0.5835110617082071,
        "contraction": 0.9167610327360245,
        "prior_mean": -5.056217651515151,
        "prior_variance": 4.090453910318943,
        "source": "pop+cohort+user",
        "lam_js": 0.7603833865814696,
        "n_cohort": 238,
        "z_like": -5.404099783710388
      },
      "cohort_prior": {
        "mean": -5.074865420168067,
        "variance": 4.120681445250819,
        "n": 238
      },
      "user_obs": {
        "slope": -0.029803489489728267,
        "se": 0.027019345100916716,
        "n": 33,
        "at_nominal_step": -2.9803489489728268,
        "se_at_step": 2.7019345100916716,
        "residual_sd": 1.7148015720435632,
        "sigma_data_used": 3.5
      },
      "gate": {
        "score": 0.9167610327360245,
        "tier": "recommended"
      }
    },
    {
      "action": "training_load",
      "outcome": "resting_hr",
      "nominal_step": 100.0,
      "dose_multiplier": 1.3619235804720524,
      "dose_multiplier_raw": 1.3619235804720524,
      "direction_conflict": false,
      "scaled_effect": 0.9258206905834508,
      "posterior": {
        "mean": 0.6797890159612001,
        "variance": 0.03763810439084435,
        "sd": 0.19400542361192985,
        "contraction": 0.8619235804720524,
        "prior_mean": 1.305251261157877,
        "prior_variance": 0.2725889367606766,
        "source": "pop+cohort+user",
        "lam_js": 0.7603833865814696,
        "n_cohort": 238,
        "z_like": 3.503969132950561
      },
      "cohort_prior": {
        "mean": 1.3090992134188058,
        "variance": 0.2741985200917978,
        "n": 238
      },