{
  "pid": 541,
  "cohort": "cohort_b",
  "age": 31,
  "is_female": true,
  "effects_bayesian": [
    {
      "action": "active_energy",
      "outcome": "deep_sleep",
      "nominal_step": 100.0,
      "dose_multiplier": 0.5434897490742284,
      "dose_multiplier_raw": 0.5434897490742284,
      "direction_conflict": false,
      "scaled_effect": 0.35878184306706234,
      "posterior": {
        "mean": 0.6601446369102738,
        "variance": 0.0733214118382509,
        "sd": 0.270779267740813,
        "contraction": 0.04348974907422842,
        "prior_mean": 0.6921665440115441,
        "prior_variance": 0.07665512394382158,
        "source": "pop+cohort+user",
        "lam_js": 0.8472505091649695,
        "n_cohort": 416,
        "z_like": 2.437943799826496
      },
      "cohort_prior": {
        "mean": 0.6841722046703297,
        "variance": 0.07489465690295352,
        "n": 416
      },
      "user_obs": {
        "slope": -0.003476759295493865,
        "se": 0.01018591704107629,
        "n": 48,
        "at_nominal_step": -0.3476759295493865,
        "se_at_step": 1.018591704107629,
        "residual_sd": 2.554908732706052,
        "sigma_data_used": 12.0
      },
      "gate": {
        "score": 0.04348974907422842,
        "tier": "not_exposed"
      }
    },
    {
      "action": "bedtime",
      "outcome": "deep_sleep",
      "nominal_step": -0.5,
      "dose_multiplier": 0.7427015991163366,
      "dose_multiplier_raw": 0.7427015991163366,
      "direction_conflict": false,
      "scaled_effect": 0.20700083072491346,
      "posterior": {
        "mean": 0.27871332305087565,
        "variance": 0.7154015588138929,
        "sd": 0.845814139639373,
        "contraction": 0.2427015991163366,
        "prior_mean": 0.6072164646464647,
        "prior_variance": 0.9446759137205589,
        "source": "pop+cohort+user",
        "lam_js": 0.8472505091649695,
        "n_cohort": 416,
        "z_like": 0.32952076583835516
      },
      "cohort_prior": {
        "mean": 0.6215986538461539,
        "variance": 0.9384823525592582,
        "n": 416
      },
      "user_obs": {
        "slope": 1.6185158357892209,
        "se": 1.4686099340303813,
        "n": 48,
        "at_nominal_step": -0.8092579178946104,
        "se_at_step": 0.7343049670151907,
        "residual_sd": 2.5866391510493223,
        "sigma_data_used": 12.0
      },
      "gate": {
        "score": 0.2427015991163366,
        "tier": "not_exposed"
      }
    },
    {
      "action": "bedtime",
      "outcome": "sleep_quality",
      "nominal_step": -0.5,
      "dose_multiplier": 0.5,
      "dose_multiplier_raw": 0.9610825186800368,
      "direction_conflict": true,
      "scaled_effect": -0.0425646692353763,
      "posterior": {
        "mean": -0.0851293384707526,
        "variance": 0.47796655738600474,
        "sd": 0.6913512547077677,
        "contraction": 0.4610825186800368,
        "prior_mean": 0.4607862962962966,
        "prior_variance": 0.8869011935098631,
        "source": "pop+cohort+user",
        "lam_js": 0.8472505091649695,
        "n_cohort": 416,
        "z_like": -0.12313471320267805
      },
      "cohort_prior": {
        "mean": 0.4770937500000001,
        "variance": 0.9009695161433738,
        "n": 416
      },
      "user_obs": {
        "slope": 1.4417282969812326,
        "se": 0.7732598676360121,
        "n": 48,
        "at_nominal_step": -0.7208641484906163,
        "se_at_step": 0.38662993381800603,
        "residual_sd": 1.3619302179670183,
        "sigma_data_used": 7.0
      },
      "gate": {
        "score": 0.2305412593400184,
        "tier": "not_exposed"
      }
    },
    {
      "action": "running_volume",
      "outcome": "hrv_daily",
      "nominal_step": 30.0,
      "dose_multiplier": 1.100401942859436,
      "dose_multiplier_raw": 1.100401942859436,
      "direction_conflict": false,
      "scaled_effect": 0.17387227765978203,
      "posterior": {
        "mean": 0.1580079704402996,
        "variance": 0.12049544565441013,
        "sd": 0.34712453911299634,
        "contraction": 0.600401942859436,
        "prior_mean": 0.14166006734006745,
        "prior_variance": 0.3015416203888705,
        "source": "pop+cohort+user",
        "lam_js": 0.8472505091649695,
        "n_cohort": 416,
        "z_like": 0.4551910125514482
      },
      "cohort_prior": {
        "mean": 0.11986480769230796,
        "variance": 0.2186938498312511,
        "n": 416
      },
      "user_obs": {
        "slope": 0.19692966936631454,
        "se": 0.28916431152827615,
        "n": 48,
        "at_nominal_step": 0.19692966936631454,
        "se_at_step": 0.28916431152827615,
        "residual_sd": 1.6263722304963932,
        "sigma_data_used": 3.5
      },
      "gate": {
        "score": 0.600401942859436,
        "tier": "possible"
      }
    },
    {
      "action": "sleep_duration",
      "outcome": "hrv_daily",
      "nominal_step": 0.5,
      "dose_multiplier": 0.5037383432520277,
      "dose_multiplier_raw": 0.5037383432520277,
      "direction_conflict": false,
      "scaled_effect": 0.05934749724249574,
      "posterior": {
        "mean": 0.11781413513087152,
        "variance": 0.0029227686659779196,
        "sd": 0.05406263650598183,
        "contraction": 0.0037383432520277093,
        "prior_mean": 0.13540993265993234,
        "prior_variance": 0.0029337359780747863,
        "source": "pop+cohort+user",
        "lam_js": 0.8472505091649695,
        "n_cohort": 416,
        "z_like": 2.179215494195068
      },
      "cohort_prior": {
        "mean": 0.13603296703296702,
        "variance": 0.002960794899166767,
        "n": 416
      },
      "user_obs": {
        "slope": -2.8931439711906264,
        "se": 0.9818754936768709,
        "n": 48,
        "at_nominal_step": -1.4465719855953132,
        "se_at_step": 0.49093774683843544,
        "residual_sd": 1.6263722304963935,
        "sigma_data_used": 3.5
      },
      "gate": {
        "score": 0.0037383432520277093,
        "tier": "not_exposed"
      }
    },
    {
      "action": "training_load",
      "outcome": "hrv_daily",
      "nominal_step": 100.0,
      "dose_multiplier": 1.4412932035683412,
      "dose_multiplier_raw": 1.4412932035683412,
      "direction_conflict": false,
      "scaled_effect": -5.083492354183444,
      "posterior": {
        "mean": -3.527035541136098,
        "variance": 0.24013744502617643,
        "sd": 0.49003820772076173,
        "contraction": 0.9412932035683413,
        "prior_mean": -5.056217651515151,
        "prior_variance": 4.090453910318943,
        "source": "pop+cohort+user",
        "lam_js": 0.8472505091649695,
        "n_cohort": 416,
        "z_like": -7.197470494271963
      },
      "cohort_prior": {
        "mean": -5.038698533653847,
        "variance": 4.062157266087269,
        "n": 416
      },
      "user_obs": {
        "slope": -0.03431996492309319,
        "se": 0.019200154938709312,
        "n": 48,
        "at_nominal_step": -3.4319964923093185,
        "se_at_step": 1.9200154938709313,
        "residual_sd": 1.6263722304963921,
        "sigma_data_used": 3.5
      },
      "gate": {
        "score": 0.9412932035683413,
        "tier": "recommended"
      }
    },
    {
      "action": "training_load",
      "outcome": "resting_hr",
      "nominal_step": 100.0,
      "dose_multiplier": 1.4009018977092427,
      "dose_multiplier_raw": 1.4009018977092427,
      "direction_conflict": false,
      "scaled_effect": 0.08354034944281118,
      "posterior": {
        "mean": 0.05963326167193899,
        "variance": 0.02701304633843833,
        "sd": 0.16435646120076428,
        "contraction": 0.9009018977092426,
        "prior_mean": 1.305251261157877,
        "prior_variance": 0.2725889367606766,
        "source": "pop+cohort+user",
        "lam_js": 0.8472505091649695,
        "n_cohort": 416,
        "z_like": 0.36282882483759443
      },
      "cohort_prior": {
        "mean": 1.3016362050919952,
        "variance": 0.2710810896650065,