{
  "pid": 582,
  "cohort": "cohort_b",
  "age": 34,
  "is_female": true,
  "effects_bayesian": [
    {
      "action": "active_energy",
      "outcome": "deep_sleep",
      "nominal_step": 100.0,
      "dose_multiplier": 0.5468868685400723,
      "dose_multiplier_raw": 0.5468868685400723,
      "direction_conflict": false,
      "scaled_effect": 0.34570287381376064,
      "posterior": {
        "mean": 0.6321286790751126,
        "variance": 0.07306100522454467,
        "sd": 0.27029799337868693,
        "contraction": 0.04688686854007229,
        "prior_mean": 0.6921665440115441,
        "prior_variance": 0.07665512394382158,
        "source": "pop+cohort+user",
        "lam_js": 0.8472505091649695,
        "n_cohort": 416,
        "z_like": 2.3386362257950677
      },
      "cohort_prior": {
        "mean": 0.6841722046703297,
        "variance": 0.07489465690295352,
        "n": 416
      },
      "user_obs": {
        "slope": -0.012233753117419657,
        "se": 0.006236768279340868,
        "n": 55,
        "at_nominal_step": -1.2233753117419657,
        "se_at_step": 0.6236768279340869,
        "residual_sd": 2.0957997856713764,
        "sigma_data_used": 12.0
      },
      "gate": {
        "score": 0.04688686854007229,
        "tier": "not_exposed"
      }
    },
    {
      "action": "bedtime",
      "outcome": "deep_sleep",
      "nominal_step": -0.5,
      "dose_multiplier": 0.7681526621992207,
      "dose_multiplier_raw": 0.7681526621992207,
      "direction_conflict": false,
      "scaled_effect": 0.1282096131549292,
      "posterior": {
        "mean": 0.1669064229861095,
        "variance": 0.6913585525409097,
        "sd": 0.8314797366989226,
        "contraction": 0.26815266219922074,
        "prior_mean": 0.6072164646464647,
        "prior_variance": 0.9446759137205589,
        "source": "pop+cohort+user",
        "lam_js": 0.8472505091649695,
        "n_cohort": 416,
        "z_like": 0.2007342038769924
      },
      "cohort_prior": {
        "mean": 0.6215986538461539,
        "variance": 0.9384823525592582,
        "n": 416
      },
      "user_obs": {
        "slope": 2.1884054203460894,
        "se": 0.7985023511912998,
        "n": 55,
        "at_nominal_step": -1.0942027101730447,
        "se_at_step": 0.3992511755956499,
        "residual_sd": 2.1170964223499484,
        "sigma_data_used": 12.0
      },
      "gate": {
        "score": 0.26815266219922074,
        "tier": "not_exposed"
      }
    },
    {
      "action": "bedtime",
      "outcome": "sleep_quality",
      "nominal_step": -0.5,
      "dose_multiplier": 0.9955283177197801,
      "dose_multiplier_raw": 0.9955283177197801,
      "direction_conflict": false,
      "scaled_effect": 0.30359192540107754,
      "posterior": {
        "mean": 0.3049555899087264,
        "variance": 0.44741653710625545,
        "sd": 0.6688920220082277,
        "contraction": 0.4955283177197801,
        "prior_mean": 0.4607862962962966,
        "prior_variance": 0.8869011935098631,
        "source": "pop+cohort+user",
        "lam_js": 0.8472505091649695,
        "n_cohort": 416,
        "z_like": 0.45591153710153726
      },
      "cohort_prior": {
        "mean": 0.4770937500000001,
        "variance": 0.9009695161433738,
        "n": 416
      },
      "user_obs": {
        "slope": -0.27359248848273215,
        "se": 0.4220807924749442,
        "n": 55,
        "at_nominal_step": 0.13679624424136608,
        "se_at_step": 0.2110403962374721,
        "residual_sd": 1.1190771503154362,
        "sigma_data_used": 7.0
      },
      "gate": {
        "score": 0.4955283177197801,
        "tier": "possible"
      }
    },
    {
      "action": "running_volume",
      "outcome": "hrv_daily",
      "nominal_step": 30.0,
      "dose_multiplier": 0.5,
      "dose_multiplier_raw": 1.1261436500042739,
      "direction_conflict": true,
      "scaled_effect": -0.01828671416126929,
      "posterior": {
        "mean": -0.03657342832253858,
        "variance": 0.11273324957037997,
        "sd": 0.33575772451334607,
        "contraction": 0.6261436500042739,
        "prior_mean": 0.14166006734006745,
        "prior_variance": 0.3015416203888705,
        "source": "pop+cohort+user",
        "lam_js": 0.8472505091649695,
        "n_cohort": 416,
        "z_like": -0.10892803248398479
      },
      "cohort_prior": {
        "mean": 0.11986480769230796,
        "variance": 0.2186938498312511,
        "n": 416
      },
      "user_obs": {
        "slope": -0.19245880156545256,
        "se": 0.2287049978453235,
        "n": 55,
        "at_nominal_step": -0.19245880156545256,
        "se_at_step": 0.2287049978453235,
        "residual_sd": 1.8009565858745995,
        "sigma_data_used": 3.5
      },
      "gate": {
        "score": 0.3130718250021369,
        "tier": "possible"
      }
    },
    {
      "action": "sleep_duration",
      "outcome": "hrv_daily",
      "nominal_step": 0.5,
      "dose_multiplier": 0.505399478816873,
      "dose_multiplier_raw": 0.505399478816873,
      "direction_conflict": false,
      "scaled_effect": 0.07254346853974857,
      "posterior": {
        "mean": 0.1435368883038244,
        "variance": 0.0029178953328068734,
        "sd": 0.054017546527095006,
        "contraction": 0.005399478816872971,
        "prior_mean": 0.13540993265993234,
        "prior_variance": 0.0029337359780747863,
        "source": "pop+cohort+user",
        "lam_js": 0.8472505091649695,
        "n_cohort": 416,
        "z_like": 2.6572270962330142
      },
      "cohort_prior": {
        "mean": 0.13603296703296702,
        "variance": 0.002960794899166767,
        "n": 416
      },
      "user_obs": {
        "slope": 1.4319751052418235,
        "se": 1.0527867833192412,
        "n": 55,
        "at_nominal_step": 0.7159875526209117,
        "se_at_step": 0.5263933916596206,
        "residual_sd": 1.800956585874598,
        "sigma_data_used": 3.5
      },
      "gate": {
        "score": 0.005399478816872971,
        "tier": "not_exposed"
      }
    },
    {
      "action": "training_load",
      "outcome": "hrv_daily",
      "nominal_step": 100.0,
      "dose_multiplier": 0.5,
      "dose_multiplier_raw": 1.4483769857141442,
      "direction_conflict": true,
      "scaled_effect": 1.062142743222735,
      "posterior": {
        "mean": 2.12428548644547,
        "variance": 0.21116156064802916,
        "sd": 0.4595231883681488,
        "contraction": 0.9483769857141443,
        "prior_mean": -5.056217651515151,
        "prior_variance": 4.090453910318943,
        "source": "pop+cohort+user",
        "lam_js": 0.8472505091649695,
        "n_cohort": 416,
        "z_like": 4.62280368046104
      },
      "cohort_prior": {
        "mean": -5.038698533653847,
        "variance": 4.062157266087269,
        "n": 416
      },
      "user_obs": {
        "slope": 0.025167620376515622,
        "se": 0.01949161939112389,
        "n": 55,
        "at_nominal_step": 2.5167620376515623,
        "se_at_step": 1.9491619391123889,
        "residual_sd": 1.8009565858745984,
        "sigma_data_used": 3.5
      },
      "gate": {
        "score": 0.47418849285707215,
        "tier": "possible"
      }
    },
    {
      "action": "training_load",
      "outcome": "resting_hr",
      "nominal_step": 100.0,
      "dose_multiplier": 1.412404378340203,
      "dose_multiplier_raw": 1.412404378340203,
      "direction_conflict": false,
      "scaled_effect": 0.15666473647371348,
      "posterior": {
        "mean": 0.11092059673294072,
        "variance": 0.02387759737313458,
        "sd": 0.15452377607712858,
        "contraction": 0.9124043783402029,
        "prior_mean": 1.305251261157877,
        "prior_variance": 0.2725889367606766,
        "source": "pop+cohort+user",
        "lam_js": 0.8472505091649695,
        "n_cohort": 416,
        "z_like": 0.7178221989448155
      },
      "cohort_prior": {
        "mean": 1.3016362050919952,
        "variance": 0.2710810896650065,
        "n": 416
      },