{
  "pid": 1053,
  "cohort": "cohort_c",
  "age": 31,
  "is_female": false,
  "effects_bayesian": [
    {
      "action": "active_energy",
      "outcome": "deep_sleep",
      "nominal_step": 100.0,
      "dose_multiplier": 0.5231080677276212,
      "dose_multiplier_raw": 0.5231080677276212,
      "direction_conflict": false,
      "scaled_effect": 0.35585239265997476,
      "posterior": {
        "mean": 0.6802655409345831,
        "variance": 0.07488377214805855,
        "sd": 0.2736489944217931,
        "contraction": 0.023108067727621195,
        "prior_mean": 0.6921665440115441,
        "prior_variance": 0.07665512394382158,
        "source": "pop+cohort+user",
        "lam_js": 0.7603833865814696,
        "n_cohort": 238,
        "z_like": 2.485905502309449
      },
      "cohort_prior": {
        "mean": 0.6920608463385354,
        "variance": 0.07663171440556958,
        "n": 238
      },
      "user_obs": {
        "slope": 0.001754761698783143,
        "se": 0.009360732991892677,
        "n": 44,
        "at_nominal_step": 0.1754761698783143,
        "se_at_step": 0.9360732991892677,
        "residual_sd": 2.1564857818885317,
        "sigma_data_used": 12.0
      },
      "gate": {
        "score": 0.023108067727621195,
        "tier": "not_exposed"
      }
    },
    {
      "action": "bedtime",
      "outcome": "deep_sleep",
      "nominal_step": -0.5,
      "dose_multiplier": 0.7280603742485884,
      "dose_multiplier_raw": 0.7280603742485884,
      "direction_conflict": false,
      "scaled_effect": 0.3527230652188096,
      "posterior": {
        "mean": 0.4844695271087176,
        "variance": 0.729232771293821,
        "sd": 0.8539512698590132,
        "contraction": 0.22806037424858838,
        "prior_mean": 0.6072164646464647,
        "prior_variance": 0.9446759137205589,
        "source": "pop+cohort+user",
        "lam_js": 0.7603833865814696,
        "n_cohort": 238,
        "z_like": 0.5673269005018322
      },
      "cohort_prior": {
        "mean": 0.5855927731092442,
        "variance": 0.9363184076048073,
        "n": 238
      },
      "user_obs": {
        "slope": -0.2273781085858685,
        "se": 1.119618108854085,
        "n": 44,
        "at_nominal_step": 0.11368905429293424,
        "se_at_step": 0.5598090544270425,
        "residual_sd": 2.1824648412484655,
        "sigma_data_used": 12.0
      },
      "gate": {
        "score": 0.22806037424858838,
        "tier": "not_exposed"
      }
    },
    {
      "action": "bedtime",
      "outcome": "sleep_quality",
      "nominal_step": -0.5,
      "dose_multiplier": 0.9477077593541938,
      "dose_multiplier_raw": 0.9477077593541938,
      "direction_conflict": false,
      "scaled_effect": 0.46467064660753843,
      "posterior": {
        "mean": 0.49031005815989487,
        "variance": 0.48982864739500204,
        "sd": 0.6998775945799394,
        "contraction": 0.4477077593541938,
        "prior_mean": 0.4607862962962966,
        "prior_variance": 0.8869011935098631,
        "source": "pop+cohort+user",
        "lam_js": 0.7603833865814696,
        "n_cohort": 238,
        "z_like": 0.7005654445248741
      },
      "cohort_prior": {
        "mean": 0.42567579831932817,
        "variance": 0.8706033108101122,
        "n": 238
      },
      "user_obs": {
        "slope": -1.123818025726841,
        "se": 0.6213390288010845,
        "n": 44,
        "at_nominal_step": 0.5619090128634205,
        "se_at_step": 0.31066951440054225,
        "residual_sd": 1.2111724293578416,
        "sigma_data_used": 7.0
      },
      "gate": {
        "score": 0.4477077593541938,
        "tier": "possible"
      }
    },
    {
      "action": "running_volume",
      "outcome": "hrv_daily",
      "nominal_step": 30.0,
      "dose_multiplier": 0.5,
      "dose_multiplier_raw": 0.9202805971478379,
      "direction_conflict": true,
      "scaled_effect": -0.009485169470110622,
      "posterior": {
        "mean": -0.018970338940221244,
        "variance": 0.17480952810690933,
        "sd": 0.4181022938311979,
        "contraction": 0.42028059714783794,
        "prior_mean": 0.14166006734006745,
        "prior_variance": 0.3015416203888705,
        "source": "pop+cohort+user",
        "lam_js": 0.7603833865814696,
        "n_cohort": 238,
        "z_like": -0.04537248233294844
      },
      "cohort_prior": {
        "mean": 0.19654117647058833,
        "variance": 0.5699868837170512,
        "n": 238
      },
      "user_obs": {
        "slope": -0.13889812931228143,
        "se": 0.44489672220316506,
        "n": 44,
        "at_nominal_step": -0.13889812931228143,
        "se_at_step": 0.44489672220316506,
        "residual_sd": 1.6500850561195666,
        "sigma_data_used": 3.5
      },
      "gate": {
        "score": 0.21014029857391897,
        "tier": "not_exposed"
      }
    },
    {
      "action": "sleep_duration",
      "outcome": "hrv_daily",
      "nominal_step": 0.5,
      "dose_multiplier": 0.5018387573385845,
      "dose_multiplier_raw": 0.5018387573385845,
      "direction_conflict": false,
      "scaled_effect": 0.06985783663546472,
      "posterior": {
        "mean": 0.13920374943924962,
        "variance": 0.002928341549515632,
        "sd": 0.05411415295018145,
        "contraction": 0.001838757338584518,
        "prior_mean": 0.13540993265993234,
        "prior_variance": 0.0029337359780747863,
        "source": "pop+cohort+user",
        "lam_js": 0.7603833865814696,
        "n_cohort": 238,
        "z_like": 2.572409283896642
      },
      "cohort_prior": {
        "mean": 0.13619087635053972,
        "variance": 0.0029676727681804804,
        "n": 238
      },
      "user_obs": {
        "slope": 0.8804810139968239,
        "se": 1.2519407466093333,
        "n": 44,
        "at_nominal_step": 0.44024050699841194,
        "se_at_step": 0.6259703733046666,
        "residual_sd": 1.6500850561195666,
        "sigma_data_used": 3.5
      },
      "gate": {
        "score": 0.001838757338584518,
        "tier": "not_exposed"
      }
    },
    {
      "action": "training_load",
      "outcome": "hrv_daily",
      "nominal_step": 100.0,
      "dose_multiplier": 1.4362515860160183,
      "dose_multiplier_raw": 1.4362515860160183,
      "direction_conflict": false,
      "scaled_effect": -2.3495668447822573,
      "posterior": {
        "mean": -1.635902001890672,
        "variance": 0.26075994925740803,
        "sd": 0.5106465991832395,
        "contraction": 0.9362515860160184,
        "prior_mean": -5.056217651515151,
        "prior_variance": 4.090453910318943,
        "source": "pop+cohort+user",
        "lam_js": 0.7603833865814696,
        "n_cohort": 238,
        "z_like": -3.203589340469979
      },
      "cohort_prior": {
        "mean": -5.074865420168067,
        "variance": 4.120681445250819,
        "n": 238
      },
      "user_obs": {
        "slope": -0.014034434101884846,
        "se": 0.023159513406373476,
        "n": 44,
        "at_nominal_step": -1.4034434101884847,
        "se_at_step": 2.3159513406373478,
        "residual_sd": 1.6500850561195677,
        "sigma_data_used": 3.5
      },
      "gate": {
        "score": 0.9362515860160184,
        "tier": "recommended"
      }
    },
    {
      "action": "training_load",
      "outcome": "resting_hr",
      "nominal_step": 100.0,
      "dose_multiplier": 0.5,
      "dose_multiplier_raw": 1.3927572866209967,
      "direction_conflict": true,
      "scaled_effect": -0.1027895230839944,
      "posterior": {
        "mean": -0.2055790461679888,
        "variance": 0.029233177215312517,
        "sd": 0.1709771248305238,
        "contraction": 0.8927572866209966,
        "prior_mean": 1.305251261157877,
        "prior_variance": 0.2725889367606766,
        "source": "pop+cohort+user",
        "lam_js": 0.7603833865814696,
        "n_cohort": 238,
        "z_like": -1.2023774898060964
      },
      "cohort_prior": {
        "mean": 1.3090992134188058,
        "variance": 0.2741985200917978,