{
  "pid": 961,
  "cohort": "cohort_c",
  "age": 32,
  "is_female": false,
  "effects_bayesian": [
    {
      "action": "active_energy",
      "outcome": "deep_sleep",
      "nominal_step": 100.0,
      "dose_multiplier": 0.5159437775386527,
      "dose_multiplier_raw": 0.5159437775386527,
      "direction_conflict": false,
      "scaled_effect": 0.3405994099443719,
      "posterior": {
        "mean": 0.6601483044707431,
        "variance": 0.07543295170046344,
        "sd": 0.27465059930840025,
        "contraction": 0.015943777538652726,
        "prior_mean": 0.6921665440115441,
        "prior_variance": 0.07665512394382158,
        "source": "pop+cohort+user",
        "lam_js": 0.7603833865814696,
        "n_cohort": 238,
        "z_like": 2.403593169405301
      },
      "cohort_prior": {
        "mean": 0.6920608463385354,
        "variance": 0.07663171440556958,
        "n": 238
      },
      "user_obs": {
        "slope": -0.013402056397787937,
        "se": 0.010940685477425965,
        "n": 30,
        "at_nominal_step": -1.3402056397787936,
        "se_at_step": 1.0940685477425967,
        "residual_sd": 2.2669620985792927,
        "sigma_data_used": 12.0
      },
      "gate": {
        "score": 0.015943777538652726,
        "tier": "not_exposed"
      }
    },
    {
      "action": "bedtime",
      "outcome": "deep_sleep",
      "nominal_step": -0.5,
      "dose_multiplier": 0.6691554653960174,
      "dose_multiplier_raw": 0.6691554653960174,
      "direction_conflict": false,
      "scaled_effect": 0.27605537926118107,
      "posterior": {
        "mean": 0.41254296428380344,
        "variance": 0.7848788198867498,
        "sd": 0.8859338687998951,
        "contraction": 0.16915546539601745,
        "prior_mean": 0.6072164646464647,
        "prior_variance": 0.9446759137205589,
        "source": "pop+cohort+user",
        "lam_js": 0.7603833865814696,
        "n_cohort": 238,
        "z_like": 0.4656588700493446
      },
      "cohort_prior": {
        "mean": 0.5855927731092442,
        "variance": 0.9363184076048073,
        "n": 238
      },
      "user_obs": {
        "slope": 0.9984309411932928,
        "se": 1.1828370205086618,
        "n": 30,
        "at_nominal_step": -0.4992154705966464,
        "se_at_step": 0.5914185102543309,
        "residual_sd": 2.2884689228928576,
        "sigma_data_used": 12.0
      },
      "gate": {
        "score": 0.16915546539601745,
        "tier": "not_exposed"
      }
    },
    {
      "action": "bedtime",
      "outcome": "sleep_quality",
      "nominal_step": -0.5,
      "dose_multiplier": 0.8578362771317033,
      "dose_multiplier_raw": 0.8578362771317033,
      "direction_conflict": false,
      "scaled_effect": 0.3639452961938905,
      "posterior": {
        "mean": 0.42425962377202436,
        "variance": 0.5695357722406293,
        "sd": 0.7546759385594782,
        "contraction": 0.3578362771317033,
        "prior_mean": 0.4607862962962966,
        "prior_variance": 0.8869011935098631,
        "source": "pop+cohort+user",
        "lam_js": 0.7603833865814696,
        "n_cohort": 238,
        "z_like": 0.5621745733431611
      },
      "cohort_prior": {
        "mean": 0.42567579831932817,
        "variance": 0.8706033108101122,
        "n": 238
      },
      "user_obs": {
        "slope": -0.8118005205345918,
        "se": 0.709900315247082,
        "n": 30,
        "at_nominal_step": 0.4059002602672959,
        "se_at_step": 0.354950157623541,
        "residual_sd": 1.373464629215072,
        "sigma_data_used": 7.0
      },
      "gate": {
        "score": 0.3578362771317033,
        "tier": "possible"
      }
    },
    {
      "action": "running_volume",
      "outcome": "hrv_daily",
      "nominal_step": 30.0,
      "dose_multiplier": 0.7755478718180951,
      "dose_multiplier_raw": 0.7755478718180951,
      "direction_conflict": false,
      "scaled_effect": 0.5006260236671807,
      "posterior": {
        "mean": 0.6455127295927937,
        "variance": 0.2184524686261373,
        "sd": 0.467388990698473,
        "contraction": 0.27554787181809515,
        "prior_mean": 0.14166006734006745,
        "prior_variance": 0.3015416203888705,
        "source": "pop+cohort+user",
        "lam_js": 0.7603833865814696,
        "n_cohort": 238,
        "z_like": 1.3811038394980806
      },
      "cohort_prior": {
        "mean": 0.19654117647058833,
        "variance": 0.5699868837170512,
        "n": 238
      },
      "user_obs": {
        "slope": 1.0471933398181394,
        "se": 0.4427157412215021,
        "n": 30,
        "at_nominal_step": 1.0471933398181394,
        "se_at_step": 0.4427157412215021,
        "residual_sd": 1.2759009663423184,
        "sigma_data_used": 3.5
      },
      "gate": {
        "score": 0.27554787181809515,
        "tier": "not_exposed"
      }
    },
    {
      "action": "sleep_duration",
      "outcome": "hrv_daily",
      "nominal_step": 0.5,
      "dose_multiplier": 0.5,
      "dose_multiplier_raw": 0.5,
      "direction_conflict": false,
      "scaled_effect": 0.06768261300774445,
      "posterior": {
        "mean": 0.1353652260154889,
        "variance": 0.002938174668328203,
        "sd": 0.054204932140241656,
        "contraction": 0.0,
        "prior_mean": 0.13540993265993234,
        "prior_variance": 0.0029337359780747863,
        "source": "pop+cohort+user",
        "lam_js": 0.7603833865814696,
        "n_cohort": 238,
        "z_like": 2.4972861448339305
      },
      "cohort_prior": {
        "mean": 0.13619087635053972,
        "variance": 0.0029676727681804804,
        "n": 238
      },
      "user_obs": {
        "slope": 0.09452973932023884,
        "se": 0.802319157497772,
        "n": 30,
        "at_nominal_step": 0.04726486966011942,
        "se_at_step": 0.401159578748886,
        "residual_sd": 1.2759009663423189,
        "sigma_data_used": 3.5
      },
      "gate": {
        "score": 0.0,
        "tier": "not_exposed"
      }
    },
    {
      "action": "training_load",
      "outcome": "hrv_daily",
      "nominal_step": 100.0,
      "dose_multiplier": 1.4091888225644873,
      "dose_multiplier_raw": 1.4091888225644873,
      "direction_conflict": false,
      "scaled_effect": -5.237526092959781,
      "posterior": {
        "mean": -3.7166957394881703,
        "variance": 0.3714589358417602,
        "sd": 0.6094743110597527,
        "contraction": 0.9091888225644873,
        "prior_mean": -5.056217651515151,
        "prior_variance": 4.090453910318943,
        "source": "pop+cohort+user",
        "lam_js": 0.7603833865814696,
        "n_cohort": 238,
        "z_like": -6.098199172702763
      },
      "cohort_prior": {
        "mean": -5.074865420168067,
        "variance": 4.120681445250819,
        "n": 238
      },
      "user_obs": {
        "slope": -0.03582315011444863,
        "se": 0.02625093740480187,
        "n": 30,
        "at_nominal_step": -3.5823150114448628,
        "se_at_step": 2.625093740480187,
        "residual_sd": 1.2759009663423186,
        "sigma_data_used": 3.5
      },
      "gate": {
        "score": 0.9091888225644873,
        "tier": "recommended"
      }
    },
    {
      "action": "training_load",
      "outcome": "resting_hr",
      "nominal_step": 100.0,
      "dose_multiplier": 1.3501754286902394,
      "dose_multiplier_raw": 1.3501754286902394,
      "direction_conflict": false,
      "scaled_effect": 0.41366626389145345,
      "posterior": {
        "mean": 0.30637964156460573,
        "variance": 0.040840520593951816,
        "sd": 0.2020903772918241,
        "contraction": 0.8501754286902394,
        "prior_mean": 1.305251261157877,
        "prior_variance": 0.2725889367606766,
        "source": "pop+cohort+user",
        "lam_js": 0.7603833865814696,
        "n_cohort": 238,
        "z_like": 1.5160525982005815
      },
      "cohort_prior": {
        "mean": 1.3090992134188058,
        "variance": 0.2741985200917978,
        "n": 238
      },