{
  "pid": 392,
  "cohort": "cohort_a",
  "age": 30,
  "is_female": false,
  "effects_bayesian": [
    {
      "action": "active_energy",
      "outcome": "deep_sleep",
      "nominal_step": 100.0,
      "dose_multiplier": 0.508725552969539,
      "dose_multiplier_raw": 0.508725552969539,
      "direction_conflict": false,
      "scaled_effect": 0.34300573070164875,
      "posterior": {
        "mean": 0.6742451380699308,
        "variance": 0.07598626559946318,
        "sd": 0.2756560639627998,
        "contraction": 0.00872555296953903,
        "prior_mean": 0.6921665440115441,
        "prior_variance": 0.07665512394382158,
        "source": "pop+cohort+user",
        "lam_js": 0.8768472906403941,
        "n_cohort": 534,
        "z_like": 2.4459651943696086
      },
      "cohort_prior": {
        "mean": 0.6984414526484751,
        "variance": 0.07805127404443395,
        "n": 534
      },
      "user_obs": {
        "slope": -0.002673198188187703,
        "se": 0.007340899841924893,
        "n": 46,
        "at_nominal_step": -0.2673198188187703,
        "se_at_step": 0.7340899841924893,
        "residual_sd": 2.2178085931365534,
        "sigma_data_used": 12.0
      },
      "gate": {
        "score": 0.00872555296953903,
        "tier": "not_exposed"
      }
    },
    {
      "action": "bedtime",
      "outcome": "deep_sleep",
      "nominal_step": -0.5,
      "dose_multiplier": 0.7256300462184098,
      "dose_multiplier_raw": 0.7256300462184098,
      "direction_conflict": false,
      "scaled_effect": 0.48253069255517256,
      "posterior": {
        "mean": 0.6649816873899597,
        "variance": 0.7315286436463707,
        "sd": 0.8552944777363939,
        "contraction": 0.22563004621840976,
        "prior_mean": 0.6072164646464647,
        "prior_variance": 0.9446759137205589,
        "source": "pop+cohort+user",
        "lam_js": 0.8768472906403941,
        "n_cohort": 534,
        "z_like": 0.7774885781443224
      },
      "cohort_prior": {
        "mean": 0.6056498876404495,
        "variance": 0.9560138510611396,
        "n": 534
      },
      "user_obs": {
        "slope": -1.7178322661407928,
        "se": 1.2791532756882682,
        "n": 46,
        "at_nominal_step": 0.8589161330703964,
        "se_at_step": 0.6395766378441341,
        "residual_sd": 2.1515534540957773,
        "sigma_data_used": 12.0
      },
      "gate": {
        "score": 0.22563004621840976,
        "tier": "not_exposed"
      }
    },
    {
      "action": "bedtime",
      "outcome": "sleep_quality",
      "nominal_step": -0.5,
      "dose_multiplier": 0.9548911022844746,
      "dose_multiplier_raw": 0.9548911022844746,
      "direction_conflict": false,
      "scaled_effect": 0.4185881011346758,
      "posterior": {
        "mean": 0.43836213379017636,
        "variance": 0.48345773197674535,
        "sd": 0.6953112482742857,
        "contraction": 0.4548911022844746,
        "prior_mean": 0.4607862962962966,
        "prior_variance": 0.8869011935098631,
        "source": "pop+cohort+user",
        "lam_js": 0.8768472906403941,
        "n_cohort": 534,
        "z_like": 0.6304545408666418
      },
      "cohort_prior": {
        "mean": 0.46373086142322145,
        "variance": 0.8849888909576128,
        "n": 534
      },
      "user_obs": {
        "slope": -0.8165430471949738,
        "se": 0.7737687613872268,
        "n": 46,
        "at_nominal_step": 0.4082715235974869,
        "se_at_step": 0.3868843806936134,
        "residual_sd": 1.3014897298670678,
        "sigma_data_used": 7.0
      },
      "gate": {
        "score": 0.4548911022844746,
        "tier": "possible"
      }
    },
    {
      "action": "running_volume",
      "outcome": "hrv_daily",
      "nominal_step": 30.0,
      "dose_multiplier": 1.072265984557137,
      "dose_multiplier_raw": 1.072265984557137,
      "direction_conflict": false,
      "scaled_effect": 0.30310062248785563,
      "posterior": {
        "mean": 0.2826729811941587,
        "variance": 0.1289796081120791,
        "sd": 0.3591373109439885,
        "contraction": 0.572265984557137,
        "prior_mean": 0.14166006734006745,
        "prior_variance": 0.3015416203888705,
        "source": "pop+cohort+user",
        "lam_js": 0.8768472906403941,
        "n_cohort": 534,
        "z_like": 0.7870888726408176
      },
      "cohort_prior": {
        "mean": 0.13417902621722846,
        "variance": 0.24427088794406634,
        "n": 534
      },
      "user_obs": {
        "slope": 0.4397937485050033,
        "se": 0.3374894851745344,
        "n": 46,
        "at_nominal_step": 0.4397937485050033,
        "se_at_step": 0.3374894851745344,
        "residual_sd": 1.7274964023268955,
        "sigma_data_used": 3.5
      },
      "gate": {
        "score": 0.572265984557137,
        "tier": "possible"
      }
    },
    {
      "action": "sleep_duration",
      "outcome": "hrv_daily",
      "nominal_step": 0.5,
      "dose_multiplier": 0.5214408110020005,
      "dose_multiplier_raw": 0.5214408110020005,
      "direction_conflict": false,
      "scaled_effect": 0.07089208250817039,
      "posterior": {
        "mean": 0.13595422723423622,
        "variance": 0.002870834299439116,
        "sd": 0.05358016703444583,
        "contraction": 0.02144081100200046,
        "prior_mean": 0.13540993265993234,
        "prior_variance": 0.0029337359780747863,
        "source": "pop+cohort+user",
        "lam_js": 0.8768472906403941,
        "n_cohort": 534,
        "z_like": 2.5373983464223513
      },
      "cohort_prior": {
        "mean": 0.13457651150347733,
        "variance": 0.002897733991751291,
        "n": 534
      },
      "user_obs": {
        "slope": 0.5059158211412943,
        "se": 0.769496086960107,
        "n": 46,
        "at_nominal_step": 0.25295791057064715,
        "se_at_step": 0.3847480434800535,
        "residual_sd": 1.7274964023268935,
        "sigma_data_used": 3.5
      },
      "gate": {
        "score": 0.02144081100200046,
        "tier": "not_exposed"
      }
    },
    {
      "action": "training_load",
      "outcome": "hrv_daily",
      "nominal_step": 100.0,
      "dose_multiplier": 0.5,
      "dose_multiplier_raw": 1.4388686685577676,
      "direction_conflict": true,
      "scaled_effect": 0.8987944973625778,
      "posterior": {
        "mean": 1.7975889947251555,
        "variance": 0.2500548937408831,
        "sd": 0.5000548907278911,
        "contraction": 0.9388686685577675,
        "prior_mean": -5.056217651515151,
        "prior_variance": 4.090453910318943,
        "source": "pop+cohort+user",
        "lam_js": 0.8768472906403941,
        "n_cohort": 534,
        "z_like": 3.5947833489010472
      },
      "cohort_prior": {
        "mean": -5.061554325842696,
        "variance": 4.099093150953106,
        "n": 534
      },
      "user_obs": {
        "slope": 0.022432777521895902,
        "se": 0.02370747019451635,
        "n": 46,
        "at_nominal_step": 2.24327775218959,
        "se_at_step": 2.3707470194516347,
        "residual_sd": 1.727496402326896,
        "sigma_data_used": 3.5
      },
      "gate": {
        "score": 0.46943433427888376,
        "tier": "possible"
      }
    },
    {
      "action": "training_load",
      "outcome": "resting_hr",
      "nominal_step": 100.0,
      "dose_multiplier": 0.5,
      "dose_multiplier_raw": 1.396973328330347,
      "direction_conflict": true,
      "scaled_effect": -0.6435012134730047,
      "posterior": {
        "mean": -1.2870024269460094,
        "variance": 0.028083930888422017,
        "sd": 0.1675826091467191,
        "contraction": 0.896973328330347,
        "prior_mean": 1.305251261157877,
        "prior_variance": 0.2725889367606766,
        "source": "pop+cohort+user",
        "lam_js": 0.8768472906403941,
        "n_cohort": 534,
        "z_like": -7.67980898196444
      },
      "cohort_prior": {
        "mean": 1.306352479669686,
        "variance": 0.273049088182262,
        "n": 534
      },