{
  "pid": 82,
  "cohort": "cohort_a",
  "age": 35,
  "is_female": true,
  "effects_bayesian": [
    {
      "action": "active_energy",
      "outcome": "deep_sleep",
      "nominal_step": 100.0,
      "dose_multiplier": 0.5175388200166048,
      "dose_multiplier_raw": 0.5175388200166048,
      "direction_conflict": false,
      "scaled_effect": 0.3483813248075449,
      "posterior": {
        "mean": 0.6731501316101609,
        "variance": 0.07531068352162036,
        "sd": 0.27442792044837633,
        "contraction": 0.017538820016604784,
        "prior_mean": 0.6921665440115441,
        "prior_variance": 0.07665512394382158,
        "source": "pop+cohort+user",
        "lam_js": 0.8768472906403941,
        "n_cohort": 534,
        "z_like": 2.4529214465872458
      },
      "cohort_prior": {
        "mean": 0.6984414526484751,
        "variance": 0.07805127404443395,
        "n": 534
      },
      "user_obs": {
        "slope": -0.00046480690756549314,
        "se": 0.00626148464411193,
        "n": 63,
        "at_nominal_step": -0.046480690756549314,
        "se_at_step": 0.626148464411193,
        "residual_sd": 2.357659135837807,
        "sigma_data_used": 12.0
      },
      "gate": {
        "score": 0.017538820016604784,
        "tier": "not_exposed"
      }
    },
    {
      "action": "bedtime",
      "outcome": "deep_sleep",
      "nominal_step": -0.5,
      "dose_multiplier": 0.7871891210946215,
      "dose_multiplier_raw": 0.7871891210946215,
      "direction_conflict": false,
      "scaled_effect": 0.6224509401171392,
      "posterior": {
        "mean": 0.7907260446531496,
        "variance": 0.6733752683398931,
        "sd": 0.8205944603395109,
        "contraction": 0.28718912109462147,
        "prior_mean": 0.6072164646464647,
        "prior_variance": 0.9446759137205589,
        "source": "pop+cohort+user",
        "lam_js": 0.8768472906403941,
        "n_cohort": 534,
        "z_like": 0.9636014899808077
      },
      "cohort_prior": {
        "mean": 0.6056498876404495,
        "variance": 0.9560138510611396,
        "n": 534
      },
      "user_obs": {
        "slope": -2.466825988479669,
        "se": 0.9326160211152528,
        "n": 63,
        "at_nominal_step": 1.2334129942398344,
        "se_at_step": 0.4663080105576264,
        "residual_sd": 2.3785583525566407,
        "sigma_data_used": 12.0
      },
      "gate": {
        "score": 0.28718912109462147,
        "tier": "not_exposed"
      }
    },
    {
      "action": "bedtime",
      "outcome": "sleep_quality",
      "nominal_step": -0.5,
      "dose_multiplier": 1.0331893599589028,
      "dose_multiplier_raw": 1.0331893599589028,
      "direction_conflict": false,
      "scaled_effect": 0.5772183628339724,
      "posterior": {
        "mean": 0.5586762554900221,
        "variance": 0.41401491379555205,
        "sd": 0.6434399069031638,
        "contraction": 0.5331893599589029,
        "prior_mean": 0.4607862962962966,
        "prior_variance": 0.8869011935098631,
        "source": "pop+cohort+user",
        "lam_js": 0.8768472906403941,
        "n_cohort": 534,
        "z_like": 0.8682648519251722
      },
      "cohort_prior": {
        "mean": 0.46373086142322145,
        "variance": 0.8849888909576128,
        "n": 534
      },
      "user_obs": {
        "slope": -1.2848320826890844,
        "se": 0.4575463514257641,
        "n": 63,
        "at_nominal_step": 0.6424160413445422,
        "se_at_step": 0.22877317571288205,
        "residual_sd": 1.166933305053179,
        "sigma_data_used": 7.0
      },
      "gate": {
        "score": 0.5331893599589029,
        "tier": "possible"
      }
    },
    {
      "action": "running_volume",
      "outcome": "hrv_daily",
      "nominal_step": 30.0,
      "dose_multiplier": 1.1372036656572548,
      "dose_multiplier_raw": 1.1372036656572548,
      "direction_conflict": false,
      "scaled_effect": 0.08881146696156157,
      "posterior": {
        "mean": 0.0780963600836024,
        "variance": 0.10939819452885381,
        "sd": 0.3307539788556652,
        "contraction": 0.6372036656572548,
        "prior_mean": 0.14166006734006745,
        "prior_variance": 0.3015416203888705,
        "source": "pop+cohort+user",
        "lam_js": 0.8768472906403941,
        "n_cohort": 534,
        "z_like": 0.236116162090622
      },
      "cohort_prior": {
        "mean": 0.13417902621722846,
        "variance": 0.24427088794406634,
        "n": 534
      },
      "user_obs": {
        "slope": 0.03378141994763322,
        "se": 0.24263331298630375,
        "n": 63,
        "at_nominal_step": 0.03378141994763322,
        "se_at_step": 0.24263331298630375,
        "residual_sd": 1.6119550241612939,
        "sigma_data_used": 3.5
      },
      "gate": {
        "score": 0.6372036656572548,
        "tier": "possible"
      }
    },
    {
      "action": "sleep_duration",
      "outcome": "hrv_daily",
      "nominal_step": 0.5,
      "dose_multiplier": 0.5253239350125751,
      "dose_multiplier_raw": 0.5253239350125751,
      "direction_conflict": false,
      "scaled_effect": 0.06654475874533865,
      "posterior": {
        "mean": 0.1266737612931071,
        "variance": 0.0028594422388219668,
        "sd": 0.05347375280286551,
        "contraction": 0.025323935012575127,
        "prior_mean": 0.13540993265993234,
        "prior_variance": 0.0029337359780747863,
        "source": "pop+cohort+user",
        "lam_js": 0.8768472906403941,
        "n_cohort": 534,
        "z_like": 2.36889604064443
      },
      "cohort_prior": {
        "mean": 0.13457651150347733,
        "variance": 0.002897733991751291,
        "n": 534
      },
      "user_obs": {
        "slope": -0.8193877900497131,
        "se": 0.8096958390479908,
        "n": 63,
        "at_nominal_step": -0.40969389502485654,
        "se_at_step": 0.4048479195239954,
        "residual_sd": 1.6119550241612948,
        "sigma_data_used": 3.5
      },
      "gate": {
        "score": 0.025323935012575127,
        "tier": "not_exposed"
      }
    },
    {
      "action": "training_load",
      "outcome": "hrv_daily",
      "nominal_step": 100.0,
      "dose_multiplier": 1.4546171842900362,
      "dose_multiplier_raw": 1.4546171842900362,
      "direction_conflict": false,
      "scaled_effect": -0.6590936780021324,
      "posterior": {
        "mean": -0.4531045591378877,
        "variance": 0.18563631598210553,
        "sd": 0.43085533068781395,
        "contraction": 0.9546171842900362,
        "prior_mean": -5.056217651515151,
        "prior_variance": 4.090453910318943,
        "source": "pop+cohort+user",
        "lam_js": 0.8768472906403941,
        "n_cohort": 534,
        "z_like": -1.0516396731463327
      },
      "cohort_prior": {
        "mean": -5.061554325842696,
        "variance": 4.099093150953106,
        "n": 534
      },
      "user_obs": {
        "slope": -0.0023447261520776366,
        "se": 0.020056420536879838,
        "n": 63,
        "at_nominal_step": -0.23447261520776366,
        "se_at_step": 2.0056420536879838,
        "residual_sd": 1.6119550241612948,
        "sigma_data_used": 3.5
      },
      "gate": {
        "score": 0.9546171842900362,
        "tier": "recommended"
      }
    },
    {
      "action": "training_load",
      "outcome": "resting_hr",
      "nominal_step": 100.0,
      "dose_multiplier": 1.4226263003823798,
      "dose_multiplier_raw": 1.4226263003823798,
      "direction_conflict": false,
      "scaled_effect": 0.7144205910739817,
      "posterior": {
        "mean": 0.5021842987733016,
        "variance": 0.021091214512007066,
        "sd": 0.1452281464179966,
        "contraction": 0.9226263003823798,
        "prior_mean": 1.305251261157877,
        "prior_variance": 0.2725889367606766,
        "source": "pop+cohort+user",
        "lam_js": 0.8768472906403941,
        "n_cohort": 534,
        "z_like": 3.4578992513469906
      },
      "cohort_prior": {
        "mean": 1.306352479669686,