{
  "pid": 937,
  "cohort": "cohort_b",
  "age": 31,
  "is_female": false,
  "effects_bayesian": [
    {
      "action": "active_energy",
      "outcome": "deep_sleep",
      "nominal_step": 100.0,
      "dose_multiplier": 0.5454339194275749,
      "dose_multiplier_raw": 0.5454339194275749,
      "direction_conflict": false,
      "scaled_effect": 0.36830618357891326,
      "posterior": {
        "mean": 0.6752535375237486,
        "variance": 0.07317238121884723,
        "sd": 0.27050393937768674,
        "contraction": 0.04543391942757491,
        "prior_mean": 0.6921665440115441,
        "prior_variance": 0.07665512394382158,
        "source": "pop+cohort+user",
        "lam_js": 0.8472505091649695,
        "n_cohort": 416,
        "z_like": 2.496279865931774
      },
      "cohort_prior": {
        "mean": 0.6841722046703297,
        "variance": 0.07489465690295352,
        "n": 416
      },
      "user_obs": {
        "slope": 0.0030164961618006393,
        "se": 0.008476688163198182,
        "n": 52,
        "at_nominal_step": 0.3016496161800639,
        "se_at_step": 0.8476688163198182,
        "residual_sd": 1.969846471759848,
        "sigma_data_used": 12.0
      },
      "gate": {
        "score": 0.04543391942757491,
        "tier": "not_exposed"
      }
    },
    {
      "action": "bedtime",
      "outcome": "deep_sleep",
      "nominal_step": -0.5,
      "dose_multiplier": 0.7574575988733209,
      "dose_multiplier_raw": 0.7574575988733209,
      "direction_conflict": false,
      "scaled_effect": 0.4816352393473782,
      "posterior": {
        "mean": 0.6358576903364436,
        "variance": 0.7014619212606034,
        "sd": 0.8375332359140163,
        "contraction": 0.25745759887332087,
        "prior_mean": 0.6072164646464647,
        "prior_variance": 0.9446759137205589,
        "source": "pop+cohort+user",
        "lam_js": 0.8472505091649695,
        "n_cohort": 416,
        "z_like": 0.7592029343677564
      },
      "cohort_prior": {
        "mean": 0.6215986538461539,
        "variance": 0.9384823525592582,
        "n": 416
      },
      "user_obs": {
        "slope": -1.3687328069076614,
        "se": 0.6062479140897095,
        "n": 52,
        "at_nominal_step": 0.6843664034538307,
        "se_at_step": 0.30312395704485473,
        "residual_sd": 1.8621024069280807,
        "sigma_data_used": 12.0
      },
      "gate": {
        "score": 0.25745759887332087,
        "tier": "not_exposed"
      }
    },
    {
      "action": "bedtime",
      "outcome": "sleep_quality",
      "nominal_step": -0.5,
      "dose_multiplier": 0.981320200174585,
      "dose_multiplier_raw": 0.981320200174585,
      "direction_conflict": false,
      "scaled_effect": 0.15129133667372321,
      "posterior": {
        "mean": 0.154171224282153,
        "variance": 0.46001773351461744,
        "sd": 0.6782460715069549,
        "contraction": 0.481320200174585,
        "prior_mean": 0.4607862962962966,
        "prior_variance": 0.8869011935098631,
        "source": "pop+cohort+user",
        "lam_js": 0.8472505091649695,
        "n_cohort": 416,
        "z_like": 0.22730868744968777
      },
      "cohort_prior": {
        "mean": 0.4770937500000001,
        "variance": 0.9009695161433738,
        "n": 416
      },
      "user_obs": {
        "slope": 0.36354873152647355,
        "se": 0.3289539502731228,
        "n": 52,
        "at_nominal_step": -0.18177436576323677,
        "se_at_step": 0.1644769751365614,
        "residual_sd": 1.0103885363330762,
        "sigma_data_used": 7.0
      },
      "gate": {
        "score": 0.481320200174585,
        "tier": "possible"
      }
    },
    {
      "action": "running_volume",
      "outcome": "hrv_daily",
      "nominal_step": 30.0,
      "dose_multiplier": 1.115529123152303,
      "dose_multiplier_raw": 1.115529123152303,
      "direction_conflict": false,
      "scaled_effect": 0.01616653800482919,
      "posterior": {
        "mean": 0.014492259923385233,
        "variance": 0.11593397119698444,
        "sd": 0.34049077990010895,
        "contraction": 0.615529123152303,
        "prior_mean": 0.14166006734006745,
        "prior_variance": 0.3015416203888705,
        "source": "pop+cohort+user",
        "lam_js": 0.8472505091649695,
        "n_cohort": 416,
        "z_like": 0.04256285567449692
      },
      "cohort_prior": {
        "mean": 0.11986480769230796,
        "variance": 0.2186938498312511,
        "n": 416
      },
      "user_obs": {
        "slope": -0.0976871092095251,
        "se": 0.2810570113916613,
        "n": 52,
        "at_nominal_step": -0.0976871092095251,
        "se_at_step": 0.2810570113916613,
        "residual_sd": 1.6789021801394368,
        "sigma_data_used": 3.5
      },
      "gate": {
        "score": 0.615529123152303,
        "tier": "possible"
      }
    },
    {
      "action": "sleep_duration",
      "outcome": "hrv_daily",
      "nominal_step": 0.5,
      "dose_multiplier": 0.5046882423599818,
      "dose_multiplier_raw": 0.5046882423599818,
      "direction_conflict": false,
      "scaled_effect": 0.059936862340797994,
      "posterior": {
        "mean": 0.1187601717458805,
        "variance": 0.0029199819127893735,
        "sd": 0.0540368569847412,
        "contraction": 0.004688242359981776,
        "prior_mean": 0.13540993265993234,
        "prior_variance": 0.0029337359780747863,
        "source": "pop+cohort+user",
        "lam_js": 0.8472505091649695,
        "n_cohort": 416,
        "z_like": 2.197762386132408
      },
      "cohort_prior": {
        "mean": 0.13603296703296702,
        "variance": 0.002960794899166767,
        "n": 416
      },
      "user_obs": {
        "slope": -2.499821392038449,
        "se": 0.9711206140116773,
        "n": 52,
        "at_nominal_step": -1.2499106960192246,
        "se_at_step": 0.48556030700583863,
        "residual_sd": 1.678902180139437,
        "sigma_data_used": 3.5
      },
      "gate": {
        "score": 0.004688242359981776,
        "tier": "not_exposed"
      }
    },
    {
      "action": "training_load",
      "outcome": "hrv_daily",
      "nominal_step": 100.0,
      "dose_multiplier": 1.4455618223118252,
      "dose_multiplier_raw": 1.4455618223118252,
      "direction_conflict": false,
      "scaled_effect": -3.452177443624246,
      "posterior": {
        "mean": -2.388121621878009,
        "variance": 0.22267685679523214,
        "sd": 0.4718864871928758,
        "contraction": 0.9455618223118252,
        "prior_mean": -5.056217651515151,
        "prior_variance": 4.090453910318943,
        "source": "pop+cohort+user",
        "lam_js": 0.8472505091649695,
        "n_cohort": 416,
        "z_like": -5.060796794763703
      },
      "cohort_prior": {
        "mean": -5.038698533653847,
        "variance": 4.062157266087269,
        "n": 416
      },
      "user_obs": {
        "slope": -0.022344139605372855,
        "se": 0.023126521729678395,
        "n": 52,
        "at_nominal_step": -2.2344139605372857,
        "se_at_step": 2.3126521729678395,
        "residual_sd": 1.6789021801394366,
        "sigma_data_used": 3.5
      },
      "gate": {
        "score": 0.9455618223118252,
        "tier": "recommended"
      }
    },
    {
      "action": "training_load",
      "outcome": "resting_hr",
      "nominal_step": 100.0,
      "dose_multiplier": 1.4078188263620575,
      "dose_multiplier_raw": 1.4078188263620575,
      "direction_conflict": false,
      "scaled_effect": 3.5719992324180714,
      "posterior": {
        "mean": 2.5372577532923533,
        "variance": 0.02512756811131805,
        "sd": 0.1585167754886468,
        "contraction": 0.9078188263620575,
        "prior_mean": 1.305251261157877,
        "prior_variance": 0.2725889367606766,
        "source": "pop+cohort+user",
        "lam_js": 0.8472505091649695,
        "n_cohort": 416,
        "z_like": 16.00624126671108
      },
      "cohort_prior": {
        "mean": 1.3016362050919952,
        "variance": 0.2710810896650065,