{
  "pid": 195,
  "cohort": "cohort_a",
  "age": 32,
  "is_female": true,
  "effects_bayesian": [
    {
      "action": "active_energy",
      "outcome": "deep_sleep",
      "nominal_step": 100.0,
      "dose_multiplier": 0.5180523696501055,
      "dose_multiplier_raw": 0.5180523696501055,
      "direction_conflict": false,
      "scaled_effect": 0.3286579336881243,
      "posterior": {
        "mean": 0.6344106367279067,
        "variance": 0.07527131731081306,
        "sd": 0.2743561869373699,
        "contraction": 0.018052369650105482,
        "prior_mean": 0.6921665440115441,
        "prior_variance": 0.07665512394382158,
        "source": "pop+cohort+user",
        "lam_js": 0.8768472906403941,
        "n_cohort": 534,
        "z_like": 2.3123613278410597
      },
      "cohort_prior": {
        "mean": 0.6984414526484751,
        "variance": 0.07805127404443395,
        "n": 534
      },
      "user_obs": {
        "slope": -0.011932321818192898,
        "se": 0.005452214893930485,
        "n": 64,
        "at_nominal_step": -1.19323218181929,
        "se_at_step": 0.5452214893930485,
        "residual_sd": 1.836817950507928,
        "sigma_data_used": 12.0
      },
      "gate": {
        "score": 0.018052369650105482,
        "tier": "not_exposed"
      }
    },
    {
      "action": "bedtime",
      "outcome": "deep_sleep",
      "nominal_step": -0.5,
      "dose_multiplier": 0.7905068650538554,
      "dose_multiplier_raw": 0.7905068650538554,
      "direction_conflict": false,
      "scaled_effect": 0.5526480665087172,
      "posterior": {
        "mean": 0.6991059672468076,
        "variance": 0.670241075533713,
        "sd": 0.8186825242630461,
        "contraction": 0.29050686505385537,
        "prior_mean": 0.6072164646464647,
        "prior_variance": 0.9446759137205589,
        "source": "pop+cohort+user",
        "lam_js": 0.8768472906403941,
        "n_cohort": 534,
        "z_like": 0.853940259536042
      },
      "cohort_prior": {
        "mean": 0.6056498876404495,
        "variance": 0.9560138510611396,
        "n": 534
      },
      "user_obs": {
        "slope": -1.837854627643809,
        "se": 0.8188229575869006,
        "n": 64,
        "at_nominal_step": 0.9189273138219045,
        "se_at_step": 0.4094114787934503,
        "residual_sd": 1.7600772965422231,
        "sigma_data_used": 12.0
      },
      "gate": {
        "score": 0.29050686505385537,
        "tier": "not_exposed"
      }
    },
    {
      "action": "bedtime",
      "outcome": "sleep_quality",
      "nominal_step": -0.5,
      "dose_multiplier": 1.0371005290317383,
      "dose_multiplier_raw": 1.0371005290317383,
      "direction_conflict": false,
      "scaled_effect": 0.35835155876099456,
      "posterior": {
        "mean": 0.3455321337995653,
        "variance": 0.41054609327683556,
        "sd": 0.6407387090513851,
        "contraction": 0.5371005290317383,
        "prior_mean": 0.4607862962962966,
        "prior_variance": 0.8869011935098631,
        "source": "pop+cohort+user",
        "lam_js": 0.8768472906403941,
        "n_cohort": 534,
        "z_like": 0.5392715141420539
      },
      "cohort_prior": {
        "mean": 0.46373086142322145,
        "variance": 0.8849888909576128,
        "n": 534
      },
      "user_obs": {
        "slope": -0.4872327710372292,
        "se": 0.5442367337157941,
        "n": 64,
        "at_nominal_step": 0.2436163855186146,
        "se_at_step": 0.27211836685789703,
        "residual_sd": 1.1698483904022734,
        "sigma_data_used": 7.0
      },
      "gate": {
        "score": 0.5371005290317383,
        "tier": "possible"
      }
    },
    {
      "action": "running_volume",
      "outcome": "hrv_daily",
      "nominal_step": 30.0,
      "dose_multiplier": 1.1404149275111168,
      "dose_multiplier_raw": 1.1404149275111168,
      "direction_conflict": false,
      "scaled_effect": 0.12396436216975143,
      "posterior": {
        "mean": 0.10870110446580683,
        "variance": 0.10842986542594728,
        "sd": 0.329286904425225,
        "contraction": 0.6404149275111168,
        "prior_mean": 0.14166006734006745,
        "prior_variance": 0.3015416203888705,
        "source": "pop+cohort+user",
        "lam_js": 0.8768472906403941,
        "n_cohort": 534,
        "z_like": 0.3301106208749666
      },
      "cohort_prior": {
        "mean": 0.13417902621722846,
        "variance": 0.24427088794406634,
        "n": 534
      },
      "user_obs": {
        "slope": 0.08849898729313448,
        "se": 0.25973760887700276,
        "n": 64,
        "at_nominal_step": 0.08849898729313448,
        "se_at_step": 0.25973760887700276,
        "residual_sd": 1.4214731909413125,
        "sigma_data_used": 3.5
      },
      "gate": {
        "score": 0.6404149275111168,
        "tier": "possible"
      }
    },
    {
      "action": "sleep_duration",
      "outcome": "hrv_daily",
      "nominal_step": 0.5,
      "dose_multiplier": 0.5255513945637544,
      "dose_multiplier_raw": 0.5255513945637544,
      "direction_conflict": false,
      "scaled_effect": 0.0706506528406106,
      "posterior": {
        "mean": 0.13443148200425906,
        "variance": 0.0028587749325531156,
        "sd": 0.0534675128704629,
        "contraction": 0.025551394563754437,
        "prior_mean": 0.13540993265993234,
        "prior_variance": 0.0029337359780747863,
        "source": "pop+cohort+user",
        "lam_js": 0.8768472906403941,
        "n_cohort": 534,
        "z_like": 2.514264733614029
      },
      "cohort_prior": {
        "mean": 0.13457651150347733,
        "variance": 0.002897733991751291,
        "n": 534
      },
      "user_obs": {
        "slope": 0.2361936587393998,
        "se": 0.6755946285456657,
        "n": 64,
        "at_nominal_step": 0.1180968293696999,
        "se_at_step": 0.3377973142728328,
        "residual_sd": 1.4214731909413134,
        "sigma_data_used": 3.5
      },
      "gate": {
        "score": 0.025551394563754437,
        "tier": "not_exposed"
      }
    },
    {
      "action": "training_load",
      "outcome": "hrv_daily",
      "nominal_step": 100.0,
      "dose_multiplier": 1.4552946485148837,
      "dose_multiplier_raw": 1.4552946485148837,
      "direction_conflict": false,
      "scaled_effect": -0.45200419219566457,
      "posterior": {
        "mean": -0.3105929047818125,
        "variance": 0.18286517979447683,
        "sd": 0.42762738428973046,
        "contraction": 0.9552946485148837,
        "prior_mean": -5.056217651515151,
        "prior_variance": 4.090453910318943,
        "source": "pop+cohort+user",
        "lam_js": 0.8768472906403941,
        "n_cohort": 534,
        "z_like": -0.7263166864247788
      },
      "cohort_prior": {
        "mean": -5.061554325842696,
        "variance": 4.099093150953106,
        "n": 534
      },
      "user_obs": {
        "slope": -0.0008872080384909393,
        "se": 0.01687490284336016,
        "n": 64,
        "at_nominal_step": -0.08872080384909393,
        "se_at_step": 1.687490284336016,
        "residual_sd": 1.4214731909413132,
        "sigma_data_used": 3.5
      },
      "gate": {
        "score": 0.9552946485148837,
        "tier": "recommended"
      }
    },
    {
      "action": "training_load",
      "outcome": "resting_hr",
      "nominal_step": 100.0,
      "dose_multiplier": 0.5,
      "dose_multiplier_raw": 1.4237432089504516,
      "direction_conflict": true,
      "scaled_effect": -0.1992804916560762,
      "posterior": {
        "mean": -0.3985609833121524,
        "variance": 0.020786757592977496,
        "sd": 0.1441761339229815,
        "contraction": 0.9237432089504516,
        "prior_mean": 1.305251261157877,
        "prior_variance": 0.2725889367606766,
        "source": "pop+cohort+user",
        "lam_js": 0.8768472906403941,
        "n_cohort": 534,
        "z_like": -2.764403320212918
      },
      "cohort_prior": {
        "mean": 1.306352479669686,
        "variance": 0.273049088182262,