{
  "pid": 320,
  "cohort": "cohort_a",
  "age": 25,
  "is_female": false,
  "effects_bayesian": [
    {
      "action": "active_energy",
      "outcome": "deep_sleep",
      "nominal_step": 100.0,
      "dose_multiplier": 0.5050504313356629,
      "dose_multiplier_raw": 0.5050504313356629,
      "direction_conflict": false,
      "scaled_effect": 0.3489786351126079,
      "posterior": {
        "mean": 0.690977798374896,
        "variance": 0.07626798250381658,
        "sd": 0.2761665846981068,
        "contraction": 0.005050431335662853,
        "prior_mean": 0.6921665440115441,
        "prior_variance": 0.07665512394382158,
        "source": "pop+cohort+user",
        "lam_js": 0.8768472906403941,
        "n_cohort": 534,
        "z_like": 2.5020326015554804
      },
      "cohort_prior": {
        "mean": 0.6984414526484751,
        "variance": 0.07805127404443395,
        "n": 534
      },
      "user_obs": {
        "slope": 0.003737477471533246,
        "se": 0.008935866182327964,
        "n": 39,
        "at_nominal_step": 0.3737477471533246,
        "se_at_step": 0.8935866182327964,
        "residual_sd": 1.9917201483082028,
        "sigma_data_used": 12.0
      },
      "gate": {
        "score": 0.005050431335662853,
        "tier": "not_exposed"
      }
    },
    {
      "action": "bedtime",
      "outcome": "deep_sleep",
      "nominal_step": -0.5,
      "dose_multiplier": 0.6970777952477732,
      "dose_multiplier_raw": 0.6970777952477732,
      "direction_conflict": false,
      "scaled_effect": 0.22870153318990002,
      "posterior": {
        "mean": 0.32808609705981107,
        "variance": 0.7585012674208355,
        "sd": 0.8709197824259336,
        "contraction": 0.19707779524777325,
        "prior_mean": 0.6072164646464647,
        "prior_variance": 0.9446759137205589,
        "source": "pop+cohort+user",
        "lam_js": 0.8768472906403941,
        "n_cohort": 534,
        "z_like": 0.3767121882866552
      },
      "cohort_prior": {
        "mean": 0.6056498876404495,
        "variance": 0.9560138510611396,
        "n": 534
      },
      "user_obs": {
        "slope": 1.492497771569347,
        "se": 1.1355508292254208,
        "n": 39,
        "at_nominal_step": -0.7462488857846735,
        "se_at_step": 0.5677754146127104,
        "residual_sd": 2.023230437777588,
        "sigma_data_used": 12.0
      },
      "gate": {
        "score": 0.19707779524777325,
        "tier": "not_exposed"
      }
    },
    {
      "action": "bedtime",
      "outcome": "sleep_quality",
      "nominal_step": -0.5,
      "dose_multiplier": 0.914449852841028,
      "dose_multiplier_raw": 0.914449852841028,
      "direction_conflict": false,
      "scaled_effect": 0.44033592563547314,
      "posterior": {
        "mean": 0.48153097107231213,
        "variance": 0.5193251243751682,
        "sd": 0.7206421611140776,
        "contraction": 0.414449852841028,
        "prior_mean": 0.4607862962962966,
        "prior_variance": 0.8869011935098631,
        "source": "pop+cohort+user",
        "lam_js": 0.8768472906403941,
        "n_cohort": 534,
        "z_like": 0.6681970568137294
      },
      "cohort_prior": {
        "mean": 0.46373086142322145,
        "variance": 0.8849888909576128,
        "n": 534
      },
      "user_obs": {
        "slope": -1.0146191866868506,
        "se": 0.7991594365355692,
        "n": 39,
        "at_nominal_step": 0.5073095933434253,
        "se_at_step": 0.3995797182677846,
        "residual_sd": 1.4238761093053447,
        "sigma_data_used": 7.0
      },
      "gate": {
        "score": 0.414449852841028,
        "tier": "possible"
      }
    },
    {
      "action": "running_volume",
      "outcome": "hrv_daily",
      "nominal_step": 30.0,
      "dose_multiplier": 1.0382325041863107,
      "dose_multiplier_raw": 1.0382325041863107,
      "direction_conflict": false,
      "scaled_effect": 0.1100406485488344,
      "posterior": {
        "mean": 0.10598844488602874,
        "variance": 0.1392421189305708,
        "sd": 0.37315160314618884,
        "contraction": 0.5382325041863107,
        "prior_mean": 0.14166006734006745,
        "prior_variance": 0.3015416203888705,
        "source": "pop+cohort+user",
        "lam_js": 0.8768472906403941,
        "n_cohort": 534,
        "z_like": 0.2840358824467005
      },
      "cohort_prior": {
        "mean": 0.13417902621722846,
        "variance": 0.24427088794406634,
        "n": 534
      },
      "user_obs": {
        "slope": 0.06942969095764989,
        "se": 0.2854676308701211,
        "n": 39,
        "at_nominal_step": 0.06942969095764989,
        "se_at_step": 0.2854676308701211,
        "residual_sd": 1.521555901193598,
        "sigma_data_used": 3.5
      },
      "gate": {
        "score": 0.5382325041863107,
        "tier": "possible"
      }
    },
    {
      "action": "sleep_duration",
      "outcome": "hrv_daily",
      "nominal_step": 0.5,
      "dose_multiplier": 0.5198328696208147,
      "dose_multiplier_raw": 0.5198328696208147,
      "direction_conflict": false,
      "scaled_effect": 0.06989430108950447,
      "posterior": {
        "mean": 0.1344553320387146,
        "variance": 0.002875551574919736,
        "sd": 0.0536241696897932,
        "contraction": 0.019832869620814653,
        "prior_mean": 0.13540993265993234,
        "prior_variance": 0.0029337359780747863,
        "source": "pop+cohort+user",
        "lam_js": 0.8768472906403941,
        "n_cohort": 534,
        "z_like": 2.5073643623111757
      },
      "cohort_prior": {
        "mean": 0.13457651150347733,
        "variance": 0.002897733991751291,
        "n": 534
      },
      "user_obs": {
        "slope": 0.22046217553119052,
        "se": 1.033977370939777,
        "n": 39,
        "at_nominal_step": 0.11023108776559526,
        "se_at_step": 0.5169886854698885,
        "residual_sd": 1.5215559011935993,
        "sigma_data_used": 3.5
      },
      "gate": {
        "score": 0.019832869620814653,
        "tier": "not_exposed"
      }
    },
    {
      "action": "training_load",
      "outcome": "hrv_daily",
      "nominal_step": 100.0,
      "dose_multiplier": 0.5,
      "dose_multiplier_raw": 1.4286775032116235,
      "direction_conflict": true,
      "scaled_effect": 0.07516857241496736,
      "posterior": {
        "mean": 0.1503371448299347,
        "variance": 0.29174138588172455,
        "sd": 0.5401308969886138,
        "contraction": 0.9286775032116236,
        "prior_mean": -5.056217651515151,
        "prior_variance": 4.090453910318943,
        "source": "pop+cohort+user",
        "lam_js": 0.8768472906403941,
        "n_cohort": 534,
        "z_like": 0.27833465122641166
      },
      "cohort_prior": {
        "mean": -5.061554325842696,
        "variance": 4.099093150953106,
        "n": 534
      },
      "user_obs": {
        "slope": 0.0054976397741888896,
        "se": 0.023674739792341134,
        "n": 39,
        "at_nominal_step": 0.5497639774188889,
        "se_at_step": 2.3674739792341133,
        "residual_sd": 1.5215559011935995,
        "sigma_data_used": 3.5
      },
      "gate": {
        "score": 0.4643387516058118,
        "tier": "possible"
      }
    },
    {
      "action": "training_load",
      "outcome": "resting_hr",
      "nominal_step": 100.0,
      "dose_multiplier": 1.3806844798974813,
      "dose_multiplier_raw": 1.3806844798974813,
      "direction_conflict": false,
      "scaled_effect": 2.6717637427598566,
      "posterior": {
        "mean": 1.935100873269931,
        "variance": 0.032524090763792736,
        "sd": 0.1803443671529353,
        "contraction": 0.8806844798974812,
        "prior_mean": 1.305251261157877,
        "prior_variance": 0.2725889367606766,
        "source": "pop+cohort+user",
        "lam_js": 0.8768472906403941,
        "n_cohort": 534,
        "z_like": 10.730032236764735
      },
      "cohort_prior": {
        "mean": 1.306352479669686,
        "variance": 0.273049088182262,