{
  "pid": 650,
  "cohort": "cohort_b",
  "age": 24,
  "is_female": false,
  "effects_bayesian": [
    {
      "action": "active_energy",
      "outcome": "deep_sleep",
      "nominal_step": 100.0,
      "dose_multiplier": 0.5434897490742284,
      "dose_multiplier_raw": 0.5434897490742284,
      "direction_conflict": false,
      "scaled_effect": 0.36737540398117985,
      "posterior": {
        "mean": 0.6759564547573549,
        "variance": 0.0733214118382509,
        "sd": 0.270779267740813,
        "contraction": 0.04348974907422842,
        "prior_mean": 0.6921665440115441,
        "prior_variance": 0.07665512394382158,
        "source": "pop+cohort+user",
        "lam_js": 0.8472505091649695,
        "n_cohort": 416,
        "z_like": 2.4963375534510015
      },
      "cohort_prior": {
        "mean": 0.6841722046703297,
        "variance": 0.07489465690295352,
        "n": 416
      },
      "user_obs": {
        "slope": 0.0029927633653472896,
        "se": 0.008687454178612155,
        "n": 48,
        "at_nominal_step": 0.29927633653472896,
        "se_at_step": 0.8687454178612155,
        "residual_sd": 2.0686657565514546,
        "sigma_data_used": 12.0
      },
      "gate": {
        "score": 0.04348974907422842,
        "tier": "not_exposed"
      }
    },
    {
      "action": "bedtime",
      "outcome": "deep_sleep",
      "nominal_step": -0.5,
      "dose_multiplier": 0.7427015991163366,
      "dose_multiplier_raw": 0.7427015991163366,
      "direction_conflict": false,
      "scaled_effect": 0.5061248329249847,
      "posterior": {
        "mean": 0.6814645794854487,
        "variance": 0.7154015588138929,
        "sd": 0.845814139639373,
        "contraction": 0.2427015991163366,
        "prior_mean": 0.6072164646464647,
        "prior_variance": 0.9446759137205589,
        "source": "pop+cohort+user",
        "lam_js": 0.8472505091649695,
        "n_cohort": 416,
        "z_like": 0.8056906920189375
      },
      "cohort_prior": {
        "mean": 0.6215986538461539,
        "variance": 0.9384823525592582,
        "n": 416
      },
      "user_obs": {
        "slope": -1.7593179260129077,
        "se": 1.074268361932582,
        "n": 48,
        "at_nominal_step": 0.8796589630064539,
        "se_at_step": 0.537134180966291,
        "residual_sd": 2.0256406165604655,
        "sigma_data_used": 12.0
      },
      "gate": {
        "score": 0.2427015991163366,
        "tier": "not_exposed"
      }
    },
    {
      "action": "bedtime",
      "outcome": "sleep_quality",
      "nominal_step": -0.5,
      "dose_multiplier": 0.9610825186800368,
      "dose_multiplier_raw": 0.9610825186800368,
      "direction_conflict": false,
      "scaled_effect": 0.7677331728561132,
      "posterior": {
        "mean": 0.7988212853049579,
        "variance": 0.47796655738600474,
        "sd": 0.6913512547077677,
        "contraction": 0.4610825186800368,
        "prior_mean": 0.4607862962962966,
        "prior_variance": 0.8869011935098631,
        "source": "pop+cohort+user",
        "lam_js": 0.8472505091649695,
        "n_cohort": 416,
        "z_like": 1.1554492450333622
      },
      "cohort_prior": {
        "mean": 0.4770937500000001,
        "variance": 0.9009695161433738,
        "n": 416
      },
      "user_obs": {
        "slope": -2.3341269289829927,
        "se": 0.9207162328130485,
        "n": 48,
        "at_nominal_step": 1.1670634644914963,
        "se_at_step": 0.46035811640652424,
        "residual_sd": 1.7361026942629978,
        "sigma_data_used": 7.0
      },
      "gate": {
        "score": 0.4610825186800368,
        "tier": "possible"
      }
    },
    {
      "action": "running_volume",
      "outcome": "hrv_daily",
      "nominal_step": 30.0,
      "dose_multiplier": 0.5,
      "dose_multiplier_raw": 1.100401942859436,
      "direction_conflict": true,
      "scaled_effect": -0.09531821721449969,
      "posterior": {
        "mean": -0.19063643442899939,
        "variance": 0.12049544565441013,
        "sd": 0.34712453911299634,
        "contraction": 0.600401942859436,
        "prior_mean": 0.14166006734006745,
        "prior_variance": 0.3015416203888705,
        "source": "pop+cohort+user",
        "lam_js": 0.8472505091649695,
        "n_cohort": 416,
        "z_like": -0.5491874326030959
      },
      "cohort_prior": {
        "mean": 0.11986480769230796,
        "variance": 0.2186938498312511,
        "n": 416
      },
      "user_obs": {
        "slope": -0.5414962272263102,
        "se": 0.46572882178053726,
        "n": 48,
        "at_nominal_step": -0.5414962272263102,
        "se_at_step": 0.46572882178053726,
        "residual_sd": 2.0416364247767635,
        "sigma_data_used": 3.5
      },
      "gate": {
        "score": 0.300200971429718,
        "tier": "possible"
      }
    },
    {
      "action": "sleep_duration",
      "outcome": "hrv_daily",
      "nominal_step": 0.5,
      "dose_multiplier": 0.5037383432520277,
      "dose_multiplier_raw": 0.5037383432520277,
      "direction_conflict": false,
      "scaled_effect": 0.07165866369854895,
      "posterior": {
        "mean": 0.1422537407733067,
        "variance": 0.0029227686659779196,
        "sd": 0.05406263650598183,
        "contraction": 0.0037383432520277093,
        "prior_mean": 0.13540993265993234,
        "prior_variance": 0.0029337359780747863,
        "source": "pop+cohort+user",
        "lam_js": 0.8472505091649695,
        "n_cohort": 416,
        "z_like": 2.6312764224431944
      },
      "cohort_prior": {
        "mean": 0.13603296703296702,
        "variance": 0.002960794899166767,
        "n": 416
      },
      "user_obs": {
        "slope": 1.3748578696207647,
        "se": 0.9627309021946381,
        "n": 48,
        "at_nominal_step": 0.6874289348103824,
        "se_at_step": 0.48136545109731904,
        "residual_sd": 2.041636424776764,
        "sigma_data_used": 3.5
      },
      "gate": {
        "score": 0.0037383432520277093,
        "tier": "not_exposed"
      }
    },
    {
      "action": "training_load",
      "outcome": "hrv_daily",
      "nominal_step": 100.0,
      "dose_multiplier": 0.5,
      "dose_multiplier_raw": 1.4412932035683412,
      "direction_conflict": true,
      "scaled_effect": 0.31595333698759087,
      "posterior": {
        "mean": 0.6319066739751817,
        "variance": 0.24013744502617643,
        "sd": 0.49003820772076173,
        "contraction": 0.9412932035683413,
        "prior_mean": -5.056217651515151,
        "prior_variance": 4.090453910318943,
        "source": "pop+cohort+user",
        "lam_js": 0.8472505091649695,
        "n_cohort": 416,
        "z_like": 1.2895049080239491
      },
      "cohort_prior": {
        "mean": -5.038698533653847,
        "variance": 4.062157266087269,
        "n": 416
      },
      "user_obs": {
        "slope": 0.00987958550655733,
        "se": 0.035124082526388,
        "n": 48,
        "at_nominal_step": 0.987958550655733,
        "se_at_step": 3.5124082526388,
        "residual_sd": 2.041636424776765,
        "sigma_data_used": 3.5
      },
      "gate": {
        "score": 0.47064660178417067,
        "tier": "possible"
      }
    },
    {
      "action": "training_load",
      "outcome": "resting_hr",
      "nominal_step": 100.0,
      "dose_multiplier": 1.4009018977092427,
      "dose_multiplier_raw": 1.4009018977092427,
      "direction_conflict": false,
      "scaled_effect": 1.0258193111767335,
      "posterior": {
        "mean": 0.7322563506082439,
        "variance": 0.02701304633843833,
        "sd": 0.16435646120076428,
        "contraction": 0.9009018977092426,
        "prior_mean": 1.305251261157877,
        "prior_variance": 0.2725889367606766,
        "source": "pop+cohort+user",
        "lam_js": 0.8472505091649695,
        "n_cohort": 416,
        "z_like": 4.455293970547224
      },
      "cohort_prior": {
        "mean": 1.3016362050919952,
        "variance": 0.2710810896650065,
        "n": 416
      },