{
  "pid": 1162,
  "cohort": "cohort_c",
  "age": 31,
  "is_female": false,
  "effects_bayesian": [
    {
      "action": "active_energy",
      "outcome": "deep_sleep",
      "nominal_step": 100.0,
      "dose_multiplier": 0.5200504711762448,
      "dose_multiplier_raw": 0.5200504711762448,
      "direction_conflict": false,
      "scaled_effect": 0.3592235133489558,
      "posterior": {
        "mean": 0.6907474048364339,
        "variance": 0.07511815259067452,
        "sd": 0.2740769099918388,
        "contraction": 0.02005047117624481,
        "prior_mean": 0.6921665440115441,
        "prior_variance": 0.07665512394382158,
        "source": "pop+cohort+user",
        "lam_js": 0.7603833865814696,
        "n_cohort": 238,
        "z_like": 2.520268507321548
      },
      "cohort_prior": {
        "mean": 0.6920608463385354,
        "variance": 0.07663171440556958,
        "n": 238
      },
      "user_obs": {
        "slope": 0.006245495323256536,
        "se": 0.008660072038260067,
        "n": 38,
        "at_nominal_step": 0.6245495323256536,
        "se_at_step": 0.8660072038260067,
        "residual_sd": 2.3153484836022353,
        "sigma_data_used": 12.0
      },
      "gate": {
        "score": 0.02005047117624481,
        "tier": "not_exposed"
      }
    },
    {
      "action": "bedtime",
      "outcome": "deep_sleep",
      "nominal_step": -0.5,
      "dose_multiplier": 0.703870210382233,
      "dose_multiplier_raw": 0.703870210382233,
      "direction_conflict": false,
      "scaled_effect": 0.5134866385124346,
      "posterior": {
        "mean": 0.7295189239982018,
        "variance": 0.7520846364473204,
        "sd": 0.8672281340266357,
        "contraction": 0.20387021038223296,
        "prior_mean": 0.6072164646464647,
        "prior_variance": 0.9446759137205589,
        "source": "pop+cohort+user",
        "lam_js": 0.7603833865814696,
        "n_cohort": 238,
        "z_like": 0.8412076308121661
      },
      "cohort_prior": {
        "mean": 0.5855927731092442,
        "variance": 0.9363184076048073,
        "n": 238
      },
      "user_obs": {
        "slope": -2.5797143764457173,
        "se": 1.147309193123147,
        "n": 38,
        "at_nominal_step": 1.2898571882228587,
        "se_at_step": 0.5736545965615735,
        "residual_sd": 2.352353975437294,
        "sigma_data_used": 12.0
      },
      "gate": {
        "score": 0.20387021038223296,
        "tier": "not_exposed"
      }
    },
    {
      "action": "bedtime",
      "outcome": "sleep_quality",
      "nominal_step": -0.5,
      "dose_multiplier": 0.9124681775728452,
      "dose_multiplier_raw": 0.9124681775728452,
      "direction_conflict": false,
      "scaled_effect": 0.4645812796519566,
      "posterior": {
        "mean": 0.5091479254517538,
        "variance": 0.5210826745356686,
        "sd": 0.7218605644691145,
        "contraction": 0.41246817757284515,
        "prior_mean": 0.4607862962962966,
        "prior_variance": 0.8869011935098631,
        "source": "pop+cohort+user",
        "lam_js": 0.7603833865814696,
        "n_cohort": 238,
        "z_like": 0.7053272481039351
      },
      "cohort_prior": {
        "mean": 0.42567579831932817,
        "variance": 0.8706033108101122,
        "n": 238
      },
      "user_obs": {
        "slope": -1.23966077534813,
        "se": 0.7251235411259102,
        "n": 38,
        "at_nominal_step": 0.619830387674065,
        "se_at_step": 0.3625617705629551,
        "residual_sd": 1.48673718895898,
        "sigma_data_used": 7.0
      },
      "gate": {
        "score": 0.41246817757284515,
        "tier": "possible"
      }
    },
    {
      "action": "running_volume",
      "outcome": "hrv_daily",
      "nominal_step": 30.0,
      "dose_multiplier": 0.5,
      "dose_multiplier_raw": 0.8659965958957723,
      "direction_conflict": true,
      "scaled_effect": -0.09303526876746965,
      "posterior": {
        "mean": -0.1860705375349393,
        "variance": 0.1911784138056487,
        "sd": 0.43723953824608397,
        "contraction": 0.36599659589577227,
        "prior_mean": 0.14166006734006745,
        "prior_variance": 0.3015416203888705,
        "source": "pop+cohort+user",
        "lam_js": 0.7603833865814696,
        "n_cohort": 238,
        "z_like": -0.42555743764923754
      },
      "cohort_prior": {
        "mean": 0.19654117647058833,
        "variance": 0.5699868837170512,
        "n": 238
      },
      "user_obs": {
        "slope": -0.43960140511717216,
        "se": 0.2995495190825936,
        "n": 38,
        "at_nominal_step": -0.43960140511717216,
        "se_at_step": 0.2995495190825936,
        "residual_sd": 1.560164932998262,
        "sigma_data_used": 3.5
      },
      "gate": {
        "score": 0.18299829794788613,
        "tier": "not_exposed"
      }
    },
    {
      "action": "sleep_duration",
      "outcome": "hrv_daily",
      "nominal_step": 0.5,
      "dose_multiplier": 0.5004050485570352,
      "dose_multiplier_raw": 0.5004050485570352,
      "direction_conflict": false,
      "scaled_effect": 0.06732535349477682,
      "posterior": {
        "mean": 0.1345417151344012,
        "variance": 0.002932547672550145,
        "sd": 0.05415300243338448,
        "contraction": 0.0004050485570351592,
        "prior_mean": 0.13540993265993234,
        "prior_variance": 0.0029337359780747863,
        "source": "pop+cohort+user",
        "lam_js": 0.7603833865814696,
        "n_cohort": 238,
        "z_like": 2.484473788870815
      },
      "cohort_prior": {
        "mean": 0.13619087635053972,
        "variance": 0.0029676727681804804,
        "n": 238
      },
      "user_obs": {
        "slope": -0.049428800437194394,
        "se": 0.859922228872225,
        "n": 38,
        "at_nominal_step": -0.024714400218597197,
        "se_at_step": 0.4299611144361125,
        "residual_sd": 1.5601649329982625,
        "sigma_data_used": 3.5
      },
      "gate": {
        "score": 0.0004050485570351592,
        "tier": "not_exposed"
      }
    },
    {
      "action": "training_load",
      "outcome": "hrv_daily",
      "nominal_step": 100.0,
      "dose_multiplier": 0.5,
      "dose_multiplier_raw": 1.4269175579991635,
      "direction_conflict": true,
      "scaled_effect": 0.6866335623674055,
      "posterior": {
        "mean": 1.373267124734811,
        "variance": 0.2989403606579791,
        "sd": 0.5467543878726343,
        "contraction": 0.9269175579991635,
        "prior_mean": -5.056217651515151,
        "prior_variance": 4.090453910318943,
        "source": "pop+cohort+user",
        "lam_js": 0.7603833865814696,
        "n_cohort": 238,
        "z_like": 2.511670971819821
      },
      "cohort_prior": {
        "mean": -5.074865420168067,
        "variance": 4.120681445250819,
        "n": 238
      },
      "user_obs": {
        "slope": 0.018782593392511544,
        "se": 0.0287070791809295,
        "n": 38,
        "at_nominal_step": 1.8782593392511544,
        "se_at_step": 2.87070791809295,
        "residual_sd": 1.5601649329982599,
        "sigma_data_used": 3.5
      },
      "gate": {
        "score": 0.46345877899958177,
        "tier": "possible"
      }
    },
    {
      "action": "training_load",
      "outcome": "resting_hr",
      "nominal_step": 100.0,
      "dose_multiplier": 0.5,
      "dose_multiplier_raw": 1.3778828144254271,
      "direction_conflict": true,
      "scaled_effect": -0.4309549734231409,
      "posterior": {
        "mean": -0.8619099468462817,
        "variance": 0.033287793775979076,
        "sd": 0.18244942799575742,
        "contraction": 0.877882814425427,
        "prior_mean": 1.305251261157877,
        "prior_variance": 0.2725889367606766,
        "source": "pop+cohort+user",
        "lam_js": 0.7603833865814696,
        "n_cohort": 238,
        "z_like": -4.7241033107888075
      },
      "cohort_prior": {
        "mean": 1.3090992134188058,
        "variance": 0.2741985200917978,
        "n": 238
      },