{
  "pid": 6,
  "cohort": "cohort_a",
  "age": 46,
  "is_female": true,
  "effects_bayesian": [
    {
      "action": "active_energy",
      "outcome": "deep_sleep",
      "nominal_step": 100.0,
      "dose_multiplier": 0.5061032438413474,
      "dose_multiplier_raw": 0.5061032438413474,
      "direction_conflict": false,
      "scaled_effect": 0.3531255209378116,
      "posterior": {
        "mean": 0.6977341584645305,
        "variance": 0.07618727903070373,
        "sd": 0.27602043227033707,
        "contraction": 0.006103243841347417,
        "prior_mean": 0.6921665440115441,
        "prior_variance": 0.07665512394382158,
        "source": "pop+cohort+user",
        "lam_js": 0.8768472906403941,
        "n_cohort": 534,
        "z_like": 2.527835177727578
      },
      "cohort_prior": {
        "mean": 0.6984414526484751,
        "variance": 0.07805127404443395,
        "n": 534
      },
      "user_obs": {
        "slope": 0.007006871749138201,
        "se": 0.008719530256627223,
        "n": 41,
        "at_nominal_step": 0.70068717491382,
        "se_at_step": 0.8719530256627223,
        "residual_sd": 1.884327294350703,
        "sigma_data_used": 12.0
      },
      "gate": {
        "score": 0.006103243841347417,
        "tier": "not_exposed"
      }
    },
    {
      "action": "bedtime",
      "outcome": "deep_sleep",
      "nominal_step": -0.5,
      "dose_multiplier": 0.7054481918246144,
      "dose_multiplier_raw": 0.7054481918246144,
      "direction_conflict": false,
      "scaled_effect": 0.26194027795838587,
      "posterior": {
        "mean": 0.37131043922713514,
        "variance": 0.7505939553864047,
        "sd": 0.8663682562204162,
        "contraction": 0.20544819182461438,
        "prior_mean": 0.6072164646464647,
        "prior_variance": 0.9446759137205589,
        "source": "pop+cohort+user",
        "lam_js": 0.8768472906403941,
        "n_cohort": 534,
        "z_like": 0.42858269166855134
      },
      "cohort_prior": {
        "mean": 0.6056498876404495,
        "variance": 0.9560138510611396,
        "n": 534
      },
      "user_obs": {
        "slope": 0.9831720891339298,
        "se": 0.8279956705370198,
        "n": 41,
        "at_nominal_step": -0.4915860445669649,
        "se_at_step": 0.4139978352685099,
        "residual_sd": 1.8670815677890313,
        "sigma_data_used": 12.0
      },
      "gate": {
        "score": 0.20544819182461438,
        "tier": "not_exposed"
      }
    },
    {
      "action": "bedtime",
      "outcome": "sleep_quality",
      "nominal_step": -0.5,
      "dose_multiplier": 0.9266040936724472,
      "dose_multiplier_raw": 0.9266040936724472,
      "direction_conflict": false,
      "scaled_effect": 0.3572837036591697,
      "posterior": {
        "mean": 0.3855839900762071,
        "variance": 0.5085455136755762,
        "sd": 0.7131237716382594,
        "contraction": 0.4266040936724472,
        "prior_mean": 0.4607862962962966,
        "prior_variance": 0.8869011935098631,
        "source": "pop+cohort+user",
        "lam_js": 0.8768472906403941,
        "n_cohort": 534,
        "z_like": 0.5406971488138798
      },
      "cohort_prior": {
        "mean": 0.46373086142322145,
        "variance": 0.8849888909576128,
        "n": 534
      },
      "user_obs": {
        "slope": -0.561138297146999,
        "se": 0.584522149122184,
        "n": 41,
        "at_nominal_step": 0.2805691485734995,
        "se_at_step": 0.292261074561092,
        "residual_sd": 1.3180630882799609,
        "sigma_data_used": 7.0
      },
      "gate": {
        "score": 0.4266040936724472,
        "tier": "possible"
      }
    },
    {
      "action": "running_volume",
      "outcome": "hrv_daily",
      "nominal_step": 30.0,
      "dose_multiplier": 1.0484967122660167,
      "dose_multiplier_raw": 1.0484967122660167,
      "direction_conflict": false,
      "scaled_effect": 0.009626604872166376,
      "posterior": {
        "mean": 0.009181340064826056,
        "variance": 0.13614703299420775,
        "sd": 0.3689810740325413,
        "contraction": 0.5484967122660167,
        "prior_mean": 0.14166006734006745,
        "prior_variance": 0.3015416203888705,
        "source": "pop+cohort+user",
        "lam_js": 0.8768472906403941,
        "n_cohort": 534,
        "z_like": 0.02488295663645971
      },
      "cohort_prior": {
        "mean": 0.13417902621722846,
        "variance": 0.24427088794406634,
        "n": 534
      },
      "user_obs": {
        "slope": -0.14123428779536767,
        "se": 0.4509956525263366,
        "n": 41,
        "at_nominal_step": -0.14123428779536767,
        "se_at_step": 0.4509956525263366,
        "residual_sd": 1.9202964555297575,
        "sigma_data_used": 3.5
      },
      "gate": {
        "score": 0.5484967122660167,
        "tier": "possible"
      }
    },
    {
      "action": "sleep_duration",
      "outcome": "hrv_daily",
      "nominal_step": 0.5,
      "dose_multiplier": 0.520292820400122,
      "dose_multiplier_raw": 0.520292820400122,
      "direction_conflict": false,
      "scaled_effect": 0.06907844558999555,
      "posterior": {
        "mean": 0.13276840056503564,
        "variance": 0.0028742022007703385,
        "sd": 0.05361158644146187,
        "contraction": 0.020292820400122036,
        "prior_mean": 0.13540993265993234,
        "prior_variance": 0.0029337359780747863,
        "source": "pop+cohort+user",
        "lam_js": 0.8768472906403941,
        "n_cohort": 534,
        "z_like": 2.4764870688914336
      },
      "cohort_prior": {
        "mean": 0.13457651150347733,
        "variance": 0.002897733991751291,
        "n": 534
      },
      "user_obs": {
        "slope": -0.12789595226531777,
        "se": 1.113007260824477,
        "n": 41,
        "at_nominal_step": -0.06394797613265889,
        "se_at_step": 0.5565036304122385,
        "residual_sd": 1.9202964555297566,
        "sigma_data_used": 3.5
      },
      "gate": {
        "score": 0.020292820400122036,
        "tier": "not_exposed"
      }
    },
    {
      "action": "training_load",
      "outcome": "hrv_daily",
      "nominal_step": 100.0,
      "dose_multiplier": 1.4319202276423397,
      "dose_multiplier_raw": 1.4319202276423397,
      "direction_conflict": false,
      "scaled_effect": -1.4809248416328813,
      "posterior": {
        "mean": -1.0342230056147945,
        "variance": 0.2784771710540151,
        "sd": 0.527709362295208,
        "contraction": 0.9319202276423397,
        "prior_mean": -5.056217651515151,
        "prior_variance": 4.090453910318943,
        "source": "pop+cohort+user",
        "lam_js": 0.8768472906403941,
        "n_cohort": 534,
        "z_like": -1.9598344837328008
      },
      "cohort_prior": {
        "mean": -5.061554325842696,
        "variance": 4.099093150953106,
        "n": 534
      },
      "user_obs": {
        "slope": -0.00740644759038428,
        "se": 0.027549458394346568,
        "n": 41,
        "at_nominal_step": -0.740644759038428,
        "se_at_step": 2.7549458394346567,
        "residual_sd": 1.9202964555297566,
        "sigma_data_used": 3.5
      },
      "gate": {
        "score": 0.9319202276423397,
        "tier": "recommended"
      }
    },
    {
      "action": "training_load",
      "outcome": "resting_hr",
      "nominal_step": 100.0,
      "dose_multiplier": 1.385841296606704,
      "dose_multiplier_raw": 1.385841296606704,
      "direction_conflict": false,
      "scaled_effect": 0.8876207643694809,
      "posterior": {
        "mean": 0.640492361241407,
        "variance": 0.03111839957995599,
        "sd": 0.17640408039485933,
        "contraction": 0.885841296606704,
        "prior_mean": 1.305251261157877,
        "prior_variance": 0.2725889367606766,
        "source": "pop+cohort+user",
        "lam_js": 0.8768472906403941,
        "n_cohort": 534,
        "z_like": 3.630825090937476
      },
      "cohort_prior": {
        "mean": 1.306352479669686,
        "variance": 0.273049088182262,