{
  "pid": 1178,
  "cohort": "cohort_c",
  "age": 51,
  "is_female": true,
  "effects_bayesian": [
    {
      "action": "active_energy",
      "outcome": "deep_sleep",
      "nominal_step": 100.0,
      "dose_multiplier": 0.5180014178613304,
      "dose_multiplier_raw": 0.5180014178613304,
      "direction_conflict": false,
      "scaled_effect": 0.3384083998474559,
      "posterior": {
        "mean": 0.653296281011432,
        "variance": 0.07527522302649678,
        "sd": 0.2743633048104224,
        "contraction": 0.01800141786133036,
        "prior_mean": 0.6921665440115441,
        "prior_variance": 0.07665512394382158,
        "source": "pop+cohort+user",
        "lam_js": 0.7603833865814696,
        "n_cohort": 238,
        "z_like": 2.38113577711437
      },
      "cohort_prior": {
        "mean": 0.6920608463385354,
        "variance": 0.07663171440556958,
        "n": 238
      },
      "user_obs": {
        "slope": -0.014903929459870444,
        "se": 0.008272590967390591,
        "n": 34,
        "at_nominal_step": -1.4903929459870444,
        "se_at_step": 0.8272590967390591,
        "residual_sd": 1.7721923363304075,
        "sigma_data_used": 12.0
      },
      "gate": {
        "score": 0.01800141786133036,
        "tier": "not_exposed"
      }
    },
    {
      "action": "bedtime",
      "outcome": "deep_sleep",
      "nominal_step": -0.5,
      "dose_multiplier": 0.6868831920801892,
      "dose_multiplier_raw": 0.6868831920801892,
      "direction_conflict": false,
      "scaled_effect": 0.4179959754765442,
      "posterior": {
        "mean": 0.6085401132187638,
        "variance": 0.7681318634831914,
        "sd": 0.8764313227419428,
        "contraction": 0.18688319208018922,
        "prior_mean": 0.6072164646464647,
        "prior_variance": 0.9446759137205589,
        "source": "pop+cohort+user",
        "lam_js": 0.7603833865814696,
        "n_cohort": 238,
        "z_like": 0.6943386177880168
      },
      "cohort_prior": {
        "mean": 0.5855927731092442,
        "variance": 0.9363184076048073,
        "n": 238
      },
      "user_obs": {
        "slope": -1.3774626156355703,
        "se": 0.8566167531427964,
        "n": 34,
        "at_nominal_step": 0.6887313078177851,
        "se_at_step": 0.4283083765713982,
        "residual_sd": 1.774549162222601,
        "sigma_data_used": 12.0
      },
      "gate": {
        "score": 0.18688319208018922,
        "tier": "not_exposed"
      }
    },
    {
      "action": "bedtime",
      "outcome": "sleep_quality",
      "nominal_step": -0.5,
      "dose_multiplier": 0.8863657978808612,
      "dose_multiplier_raw": 0.8863657978808612,
      "direction_conflict": false,
      "scaled_effect": 0.57752282320803,
      "posterior": {
        "mean": 0.6515626218755073,
        "variance": 0.5442329062379367,
        "sd": 0.7377214286151221,
        "contraction": 0.38636579788086123,
        "prior_mean": 0.4607862962962966,
        "prior_variance": 0.8869011935098631,
        "source": "pop+cohort+user",
        "lam_js": 0.7603833865814696,
        "n_cohort": 238,
        "z_like": 0.8832095647521648
      },
      "cohort_prior": {
        "mean": 0.42567579831932817,
        "variance": 0.8706033108101122,
        "n": 238
      },
      "user_obs": {
        "slope": -2.0199569223876823,
        "se": 0.6111845874937016,
        "n": 34,
        "at_nominal_step": 1.0099784611938412,
        "se_at_step": 0.3055922937468508,
        "residual_sd": 1.2661170747842208,
        "sigma_data_used": 7.0
      },
      "gate": {
        "score": 0.38636579788086123,
        "tier": "possible"
      }
    },
    {
      "action": "running_volume",
      "outcome": "hrv_daily",
      "nominal_step": 30.0,
      "dose_multiplier": 0.5,
      "dose_multiplier_raw": 0.823783363589503,
      "direction_conflict": true,
      "scaled_effect": -0.30234427417572923,
      "posterior": {
        "mean": -0.6046885483514585,
        "variance": 0.20390746027713294,
        "sd": 0.4515611368099927,
        "contraction": 0.323783363589503,
        "prior_mean": 0.14166006734006745,
        "prior_variance": 0.3015416203888705,
        "source": "pop+cohort+user",
        "lam_js": 0.7603833865814696,
        "n_cohort": 238,
        "z_like": -1.339106710163808
      },
      "cohort_prior": {
        "mean": 0.19654117647058833,
        "variance": 0.5699868837170512,
        "n": 238
      },
      "user_obs": {
        "slope": -1.2091053126731808,
        "se": 0.6077853614380578,
        "n": 34,
        "at_nominal_step": -1.2091053126731808,
        "se_at_step": 0.6077853614380578,
        "residual_sd": 1.4768891127307837,
        "sigma_data_used": 3.5
      },
      "gate": {
        "score": 0.1618916817947515,
        "tier": "not_exposed"
      }
    },
    {
      "action": "sleep_duration",
      "outcome": "hrv_daily",
      "nominal_step": 0.5,
      "dose_multiplier": 0.5,
      "dose_multiplier_raw": 0.5,
      "direction_conflict": false,
      "scaled_effect": 0.0644150961623586,
      "posterior": {
        "mean": 0.1288301923247172,
        "variance": 0.0029353584737453393,
        "sd": 0.05417894862163107,
        "contraction": 0.0,
        "prior_mean": 0.13540993265993234,
        "prior_variance": 0.0029337359780747863,
        "source": "pop+cohort+user",
        "lam_js": 0.7603833865814696,
        "n_cohort": 238,
        "z_like": 2.3778643846418506
      },
      "cohort_prior": {
        "mean": 0.13619087635053972,
        "variance": 0.0029676727681804804,
        "n": 238
      },
      "user_obs": {
        "slope": -1.4889974297773587,
        "se": 0.8814238725446276,
        "n": 34,
        "at_nominal_step": -0.7444987148886794,
        "se_at_step": 0.4407119362723138,
        "residual_sd": 1.4768891127307864,
        "sigma_data_used": 3.5
      },
      "gate": {
        "score": 0.0,
        "tier": "not_exposed"
      }
    },
    {
      "action": "training_load",
      "outcome": "hrv_daily",
      "nominal_step": 100.0,
      "dose_multiplier": 0.5,
      "dose_multiplier_raw": 1.419012068550527,
      "direction_conflict": true,
      "scaled_effect": 0.054666886734425005,
      "posterior": {
        "mean": 0.10933377346885001,
        "variance": 0.33127740088613916,
        "sd": 0.5755670255375469,
        "contraction": 0.9190120685505271,
        "prior_mean": -5.056217651515151,
        "prior_variance": 4.090453910318943,
        "source": "pop+cohort+user",
        "lam_js": 0.7603833865814696,
        "n_cohort": 238,
        "z_like": 0.18995836908262503
      },
      "cohort_prior": {
        "mean": -5.074865420168067,
        "variance": 4.120681445250819,
        "n": 238
      },
      "user_obs": {
        "slope": 0.005630284215074944,
        "se": 0.026576165184317175,
        "n": 34,
        "at_nominal_step": 0.5630284215074944,
        "se_at_step": 2.6576165184317175,
        "residual_sd": 1.4768891127307848,
        "sigma_data_used": 3.5
      },
      "gate": {
        "score": 0.45950603427526354,
        "tier": "possible"
      }
    },
    {
      "action": "training_load",
      "outcome": "resting_hr",
      "nominal_step": 100.0,
      "dose_multiplier": 1.3654406356134055,
      "dose_multiplier_raw": 1.3654406356134055,
      "direction_conflict": false,
      "scaled_effect": 1.0573145795488137,
      "posterior": {
        "mean": 0.774339471063002,
        "variance": 0.036679394069334265,
        "sd": 0.19151865201419485,
        "contraction": 0.8654406356134055,
        "prior_mean": 1.305251261157877,
        "prior_variance": 0.2725889367606766,
        "source": "pop+cohort+user",
        "lam_js": 0.7603833865814696,
        "n_cohort": 238,
        "z_like": 4.0431543503429115
      },
      "cohort_prior": {
        "mean": 1.3090992134188058,
        "variance": 0.2741985200917978,
        "n": 238
      },
      "user_obs": {
        "slope": 0.006917657681215353,