{
  "pid": 1039,
  "cohort": "cohort_c",
  "age": 29,
  "is_female": false,
  "effects_bayesian": [
    {
      "action": "active_energy",
      "outcome": "deep_sleep",
      "nominal_step": 100.0,
      "dose_multiplier": 0.5210717944862044,
      "dose_multiplier_raw": 0.5210717944862044,
      "direction_conflict": false,
      "scaled_effect": 0.3625338538661897,
      "posterior": {
        "mean": 0.6957464550996493,
        "variance": 0.07503986292576284,
        "sd": 0.27393404849664604,
        "contraction": 0.021071794486204443,
        "prior_mean": 0.6921665440115441,
        "prior_variance": 0.07665512394382158,
        "source": "pop+cohort+user",
        "lam_js": 0.7603833865814696,
        "n_cohort": 238,
        "z_like": 2.5398319738561734
      },
      "cohort_prior": {
        "mean": 0.6920608463385354,
        "variance": 0.07663171440556958,
        "n": 238
      },
      "user_obs": {
        "slope": 0.008676863692037282,
        "se": 0.006933416727692033,
        "n": 40,
        "at_nominal_step": 0.8676863692037282,
        "se_at_step": 0.6933416727692033,
        "residual_sd": 1.558631504489196,
        "sigma_data_used": 12.0
      },
      "gate": {
        "score": 0.021071794486204443,
        "tier": "not_exposed"
      }
    },
    {
      "action": "bedtime",
      "outcome": "deep_sleep",
      "nominal_step": -0.5,
      "dose_multiplier": 0.7121003110918089,
      "dose_multiplier_raw": 0.7121003110918089,
      "direction_conflict": false,
      "scaled_effect": 0.5199485426018826,
      "posterior": {
        "mean": 0.7301619371640006,
        "variance": 0.7443098585394895,
        "sd": 0.8627339442374395,
        "contraction": 0.21210031109180894,
        "prior_mean": 0.6072164646464647,
        "prior_variance": 0.9446759137205589,
        "source": "pop+cohort+user",
        "lam_js": 0.7603833865814696,
        "n_cohort": 238,
        "z_like": 0.8463350051786617
      },
      "cohort_prior": {
        "mean": 0.5855927731092442,
        "variance": 0.9363184076048073,
        "n": 238
      },
      "user_obs": {
        "slope": -2.5299006675463955,
        "se": 0.807111339728865,
        "n": 40,
        "at_nominal_step": 1.2649503337731978,
        "se_at_step": 0.4035556698644325,
        "residual_sd": 1.5790812088697783,
        "sigma_data_used": 12.0
      },
      "gate": {
        "score": 0.21210031109180894,
        "tier": "not_exposed"
      }
    },
    {
      "action": "bedtime",
      "outcome": "sleep_quality",
      "nominal_step": -0.5,
      "dose_multiplier": 0.9247039651839357,
      "dose_multiplier_raw": 0.9247039651839357,
      "direction_conflict": false,
      "scaled_effect": 0.42167188114796,
      "posterior": {
        "mean": 0.45600743267504423,
        "variance": 0.5102307398998591,
        "sd": 0.7143043748290074,
        "contraction": 0.4247039651839357,
        "prior_mean": 0.4607862962962966,
        "prior_variance": 0.8869011935098631,
        "source": "pop+cohort+user",
        "lam_js": 0.7603833865814696,
        "n_cohort": 238,
        "z_like": 0.6383937278617463
      },
      "cohort_prior": {
        "mean": 0.42567579831932817,
        "variance": 0.8706033108101122,
        "n": 238
      },
      "user_obs": {
        "slope": -0.9734252153562677,
        "se": 0.6526614118896629,
        "n": 40,
        "at_nominal_step": 0.48671260767813385,
        "se_at_step": 0.32633070594483143,
        "residual_sd": 1.2769060729782327,
        "sigma_data_used": 7.0
      },
      "gate": {
        "score": 0.4247039651839357,
        "tier": "possible"
      }
    },
    {
      "action": "running_volume",
      "outcome": "hrv_daily",
      "nominal_step": 30.0,
      "dose_multiplier": 0.8851866436118243,
      "dose_multiplier_raw": 0.8851866436118243,
      "direction_conflict": false,
      "scaled_effect": 0.3403930166195886,
      "posterior": {
        "mean": 0.38454377850832006,
        "variance": 0.18539181572201063,
        "sd": 0.43057149896621194,
        "contraction": 0.3851866436118243,
        "prior_mean": 0.14166006734006745,
        "prior_variance": 0.3015416203888705,
        "source": "pop+cohort+user",
        "lam_js": 0.7603833865814696,
        "n_cohort": 238,
        "z_like": 0.8931008657832603
      },
      "cohort_prior": {
        "mean": 0.19654117647058833,
        "variance": 0.5699868837170512,
        "n": 238
      },
      "user_obs": {
        "slope": 0.5156768038623316,
        "se": 0.36588410219813094,
        "n": 40,
        "at_nominal_step": 0.5156768038623316,
        "se_at_step": 0.36588410219813094,
        "residual_sd": 1.6423406136129253,
        "sigma_data_used": 3.5
      },
      "gate": {
        "score": 0.3851866436118243,
        "tier": "possible"
      }
    },
    {
      "action": "sleep_duration",
      "outcome": "hrv_daily",
      "nominal_step": 0.5,
      "dose_multiplier": 0.5008834088890954,
      "dose_multiplier_raw": 0.5008834088890954,
      "direction_conflict": false,
      "scaled_effect": 0.07236048893927235,
      "posterior": {
        "mean": 0.14446573325269446,
        "variance": 0.002931144289633496,
        "sd": 0.05414004331022922,
        "contraction": 0.0008834088890954384,
        "prior_mean": 0.13540993265993234,
        "prior_variance": 0.0029337359780747863,
        "source": "pop+cohort+user",
        "lam_js": 0.7603833865814696,
        "n_cohort": 238,
        "z_like": 2.6683712169361913
      },
      "cohort_prior": {
        "mean": 0.13619087635053972,
        "variance": 0.0029676727681804804,
        "n": 238
      },
      "user_obs": {
        "slope": 2.040247024948772,
        "se": 1.425934181513689,
        "n": 40,
        "at_nominal_step": 1.020123512474386,
        "se_at_step": 0.7129670907568445,
        "residual_sd": 1.6423406136129248,
        "sigma_data_used": 3.5
      },
      "gate": {
        "score": 0.0008834088890954384,
        "tier": "not_exposed"
      }
    },
    {
      "action": "training_load",
      "outcome": "hrv_daily",
      "nominal_step": 100.0,
      "dose_multiplier": 0.5,
      "dose_multiplier_raw": 1.4303184755580025,
      "direction_conflict": true,
      "scaled_effect": 0.7328702833038477,
      "posterior": {
        "mean": 1.4657405666076955,
        "variance": 0.2850290641307539,
        "sd": 0.5338811329600943,
        "contraction": 0.9303184755580024,
        "prior_mean": -5.056217651515151,
        "prior_variance": 4.090453910318943,
        "source": "pop+cohort+user",
        "lam_js": 0.7603833865814696,
        "n_cohort": 238,
        "z_like": 2.745443650501233
      },
      "cohort_prior": {
        "mean": -5.074865420168067,
        "variance": 4.120681445250819,
        "n": 238
      },
      "user_obs": {
        "slope": 0.019523679875153025,
        "se": 0.028636298180768235,
        "n": 40,
        "at_nominal_step": 1.9523679875153026,
        "se_at_step": 2.8636298180768236,
        "residual_sd": 1.6423406136129242,
        "sigma_data_used": 3.5
      },
      "gate": {
        "score": 0.4651592377790012,
        "tier": "possible"
      }
    },
    {
      "action": "training_load",
      "outcome": "resting_hr",
      "nominal_step": 100.0,
      "dose_multiplier": 1.383279173856041,
      "dose_multiplier_raw": 1.383279173856041,
      "direction_conflict": false,
      "scaled_effect": 0.5688047025528734,
      "posterior": {
        "mean": 0.41120022140380275,
        "variance": 0.031816805896409575,
        "sd": 0.17837266017080525,
        "contraction": 0.8832791738560409,
        "prior_mean": 1.305251261157877,
        "prior_variance": 0.2725889367606766,
        "source": "pop+cohort+user",
        "lam_js": 0.7603833865814696,
        "n_cohort": 238,
        "z_like": 2.3052872621288913
      },
      "cohort_prior": {
        "mean": 1.3090992134188058,
        "variance": 0.2741985200917978,