{
  "pid": 5,
  "cohort": "cohort_a",
  "age": 28,
  "is_female": false,
  "effects_bayesian": [
    {
      "action": "active_energy",
      "outcome": "deep_sleep",
      "nominal_step": 100.0,
      "dose_multiplier": 0.5118541161188561,
      "dose_multiplier_raw": 0.5118541161188561,
      "direction_conflict": false,
      "scaled_effect": 0.34856535107823217,
      "posterior": {
        "mean": 0.6809857342190305,
        "variance": 0.07574644520348621,
        "sd": 0.2752207208832326,
        "contraction": 0.011854116118856117,
        "prior_mean": 0.6921665440115441,
        "prior_variance": 0.07665512394382158,
        "source": "pop+cohort+user",
        "lam_js": 0.8768472906403941,
        "n_cohort": 534,
        "z_like": 2.474325813963518
      },
      "cohort_prior": {
        "mean": 0.6984414526484751,
        "variance": 0.07805127404443395,
        "n": 534
      },
      "user_obs": {
        "slope": 0.0008775321265845487,
        "se": 0.008728849428723614,
        "n": 52,
        "at_nominal_step": 0.08775321265845487,
        "se_at_step": 0.8728849428723614,
        "residual_sd": 2.1282188302028597,
        "sigma_data_used": 12.0
      },
      "gate": {
        "score": 0.011854116118856117,
        "tier": "not_exposed"
      }
    },
    {
      "action": "bedtime",
      "outcome": "deep_sleep",
      "nominal_step": -0.5,
      "dose_multiplier": 0.748534970945571,
      "dose_multiplier_raw": 0.748534970945571,
      "direction_conflict": false,
      "scaled_effect": 0.421395372781333,
      "posterior": {
        "mean": 0.5629601677113552,
        "variance": 0.7098909129510391,
        "sd": 0.8425502435766303,
        "contraction": 0.24853497094557098,
        "prior_mean": 0.6072164646464647,
        "prior_variance": 0.9446759137205589,
        "source": "pop+cohort+user",
        "lam_js": 0.8768472906403941,
        "n_cohort": 534,
        "z_like": 0.6681621327668084
      },
      "cohort_prior": {
        "mean": 0.6056498876404495,
        "variance": 0.9560138510611396,
        "n": 534
      },
      "user_obs": {
        "slope": -0.877121696562722,
        "se": 0.7508137828956846,
        "n": 52,
        "at_nominal_step": 0.438560848281361,
        "se_at_step": 0.3754068914478423,
        "residual_sd": 2.119172476875169,
        "sigma_data_used": 12.0
      },
      "gate": {
        "score": 0.24853497094557098,
        "tier": "not_exposed"
      }
    },
    {
      "action": "bedtime",
      "outcome": "sleep_quality",
      "nominal_step": -0.5,
      "dose_multiplier": 0.9853573822158039,
      "dose_multiplier_raw": 0.9853573822158039,
      "direction_conflict": false,
      "scaled_effect": 0.5010096830135621,
      "posterior": {
        "mean": 0.5084547921962344,
        "variance": 0.4564371519438438,
        "sd": 0.6756013261856757,
        "contraction": 0.48535738221580393,
        "prior_mean": 0.4607862962962966,
        "prior_variance": 0.8869011935098631,
        "source": "pop+cohort+user",
        "lam_js": 0.8768472906403941,
        "n_cohort": 534,
        "z_like": 0.7525959060306753
      },
      "cohort_prior": {
        "mean": 0.46373086142322145,
        "variance": 0.8849888909576128,
        "n": 534
      },
      "user_obs": {
        "slope": -1.112897529820198,
        "se": 0.37676253204979226,
        "n": 52,
        "at_nominal_step": 0.556448764910099,
        "se_at_step": 0.18838126602489613,
        "residual_sd": 1.0634125350741581,
        "sigma_data_used": 7.0
      },
      "gate": {
        "score": 0.48535738221580393,
        "tier": "possible"
      }
    },
    {
      "action": "running_volume",
      "outcome": "hrv_daily",
      "nominal_step": 30.0,
      "dose_multiplier": 1.097681901617898,
      "dose_multiplier_raw": 1.097681901617898,
      "direction_conflict": false,
      "scaled_effect": 0.10419458046396256,
      "posterior": {
        "mean": 0.09492238171221355,
        "variance": 0.12131565129790807,
        "sd": 0.3483039639422843,
        "contraction": 0.597681901617898,
        "prior_mean": 0.14166006734006745,
        "prior_variance": 0.3015416203888705,
        "source": "pop+cohort+user",
        "lam_js": 0.8768472906403941,
        "n_cohort": 534,
        "z_like": 0.272527422995228
      },
      "cohort_prior": {
        "mean": 0.13417902621722846,
        "variance": 0.24427088794406634,
        "n": 534
      },
      "user_obs": {
        "slope": 0.057080733208430316,
        "se": 0.31443455084215416,
        "n": 52,
        "at_nominal_step": 0.057080733208430316,
        "se_at_step": 0.31443455084215416,
        "residual_sd": 1.4819585812190401,
        "sigma_data_used": 3.5
      },
      "gate": {
        "score": 0.597681901617898,
        "tier": "possible"
      }
    },
    {
      "action": "sleep_duration",
      "outcome": "hrv_daily",
      "nominal_step": 0.5,
      "dose_multiplier": 0.5228148534357926,
      "dose_multiplier_raw": 0.5228148534357926,
      "direction_conflict": false,
      "scaled_effect": 0.07150088527146804,
      "posterior": {
        "mean": 0.1367613884754503,
        "variance": 0.0028668032217156986,
        "sd": 0.05354253656407865,
        "contraction": 0.022814853435792593,
        "prior_mean": 0.13540993265993234,
        "prior_variance": 0.0029337359780747863,
        "source": "pop+cohort+user",
        "lam_js": 0.8768472906403941,
        "n_cohort": 534,
        "z_like": 2.5542568068619045
      },
      "cohort_prior": {
        "mean": 0.13457651150347733,
        "variance": 0.002897733991751291,
        "n": 534
      },
      "user_obs": {
        "slope": 0.6115704392186191,
        "se": 0.6119119036686722,
        "n": 52,
        "at_nominal_step": 0.30578521960930954,
        "se_at_step": 0.3059559518343361,
        "residual_sd": 1.4819585812190403,
        "sigma_data_used": 3.5
      },
      "gate": {
        "score": 0.022814853435792593,
        "tier": "not_exposed"
      }
    },
    {
      "action": "training_load",
      "outcome": "hrv_daily",
      "nominal_step": 100.0,
      "dose_multiplier": 0.5,
      "dose_multiplier_raw": 1.4455388456212095,
      "direction_conflict": true,
      "scaled_effect": 0.6180009749779918,
      "posterior": {
        "mean": 1.2360019499559836,
        "variance": 0.22277084188920668,
        "sd": 0.4719860611174939,
        "contraction": 0.9455388456212096,
        "prior_mean": -5.056217651515151,
        "prior_variance": 4.090453910318943,
        "source": "pop+cohort+user",
        "lam_js": 0.8768472906403941,
        "n_cohort": 534,
        "z_like": 2.6187255340328774
      },
      "cohort_prior": {
        "mean": -5.061554325842696,
        "variance": 4.099093150953106,
        "n": 534
      },
      "user_obs": {
        "slope": 0.015979819998582542,
        "se": 0.018621788094229177,
        "n": 52,
        "at_nominal_step": 1.5979819998582543,
        "se_at_step": 1.8621788094229177,
        "residual_sd": 1.4819585812190401,
        "sigma_data_used": 3.5
      },
      "gate": {
        "score": 0.4727694228106048,
        "tier": "possible"
      }
    },
    {
      "action": "training_load",
      "outcome": "resting_hr",
      "nominal_step": 100.0,
      "dose_multiplier": 1.4077661942706743,
      "dose_multiplier_raw": 1.4077661942706743,
      "direction_conflict": false,
      "scaled_effect": 1.2268749617405685,
      "posterior": {
        "mean": 0.8715047759590359,
        "variance": 0.025141915037147702,
        "sd": 0.15856202268244343,
        "contraction": 0.9077661942706743,
        "prior_mean": 1.305251261157877,
        "prior_variance": 0.2725889367606766,
        "source": "pop+cohort+user",
        "lam_js": 0.8768472906403941,
        "n_cohort": 534,
        "z_like": 5.4963020855531255
      },
      "cohort_prior": {
        "mean": 1.306352479669686,
        "variance": 0.273049088182262,