{
  "pid": 42,
  "cohort": "cohort_a",
  "age": 30,
  "is_female": false,
  "effects_bayesian": [
    {
      "action": "active_energy",
      "outcome": "deep_sleep",
      "nominal_step": 100.0,
      "dose_multiplier": 0.5144462062727329,
      "dose_multiplier_raw": 0.5144462062727329,
      "direction_conflict": false,
      "scaled_effect": 0.350055552646952,
      "posterior": {
        "mean": 0.6804512277059549,
        "variance": 0.07554774821146723,
        "sd": 0.27485950631453016,
        "contraction": 0.014446206272732853,
        "prior_mean": 0.6921665440115441,
        "prior_variance": 0.07665512394382158,
        "source": "pop+cohort+user",
        "lam_js": 0.8768472906403941,
        "n_cohort": 534,
        "z_like": 2.4756328672412504
      },
      "cohort_prior": {
        "mean": 0.6984414526484751,
        "variance": 0.07805127404443395,
        "n": 534
      },
      "user_obs": {
        "slope": 0.0012191726179238,
        "se": 0.006365923319836636,
        "n": 57,
        "at_nominal_step": 0.12191726179238,
        "se_at_step": 0.6365923319836636,
        "residual_sd": 2.106533144927215,
        "sigma_data_used": 12.0
      },
      "gate": {
        "score": 0.014446206272732853,
        "tier": "not_exposed"
      }
    },
    {
      "action": "bedtime",
      "outcome": "deep_sleep",
      "nominal_step": -0.5,
      "dose_multiplier": 0.7666122385674619,
      "dose_multiplier_raw": 0.7666122385674619,
      "direction_conflict": false,
      "scaled_effect": 0.4726891387374219,
      "posterior": {
        "mean": 0.6165948245500457,
        "variance": 0.6928137536427582,
        "sd": 0.8323543438000178,
        "contraction": 0.26661223856746186,
        "prior_mean": 0.6072164646464647,
        "prior_variance": 0.9446759137205589,
        "source": "pop+cohort+user",
        "lam_js": 0.8768472906403941,
        "n_cohort": 534,
        "z_like": 0.7407840532615629
      },
      "cohort_prior": {
        "mean": 0.6056498876404495,
        "variance": 0.9560138510611396,
        "n": 534
      },
      "user_obs": {
        "slope": -1.2900991135837032,
        "se": 1.1181076507199783,
        "n": 57,
        "at_nominal_step": 0.6450495567918516,
        "se_at_step": 0.5590538253599892,
        "residual_sd": 2.04044519651239,
        "sigma_data_used": 12.0
      },
      "gate": {
        "score": 0.26661223856746186,
        "tier": "not_exposed"
      }
    },
    {
      "action": "bedtime",
      "outcome": "sleep_quality",
      "nominal_step": -0.5,
      "dose_multiplier": 1.0082602682034416,
      "dose_multiplier_raw": 1.0082602682034416,
      "direction_conflict": false,
      "scaled_effect": 0.2629612112374756,
      "posterior": {
        "mean": 0.26080687648837975,
        "variance": 0.43612455502658753,
        "sd": 0.6603972706080693,
        "contraction": 0.5082602682034416,
        "prior_mean": 0.4607862962962966,
        "prior_variance": 0.8869011935098631,
        "source": "pop+cohort+user",
        "lam_js": 0.8768472906403941,
        "n_cohort": 534,
        "z_like": 0.3949242192479664
      },
      "cohort_prior": {
        "mean": 0.46373086142322145,
        "variance": 0.8849888909576128,
        "n": 534
      },
      "user_obs": {
        "slope": -0.1281953645273411,
        "se": 0.6454010260482375,
        "n": 57,
        "at_nominal_step": 0.06409768226367055,
        "se_at_step": 0.32270051302411873,
        "residual_sd": 1.177798419120292,
        "sigma_data_used": 7.0
      },
      "gate": {
        "score": 0.5082602682034416,
        "tier": "possible"
      }
    },
    {
      "action": "running_volume",
      "outcome": "hrv_daily",
      "nominal_step": 30.0,
      "dose_multiplier": 1.116663422657341,
      "dose_multiplier_raw": 1.116663422657341,
      "direction_conflict": false,
      "scaled_effect": 0.05052520789058318,
      "posterior": {
        "mean": 0.04524658627247552,
        "variance": 0.11559193268622897,
        "sd": 0.33998813609628936,
        "contraction": 0.6166634226573411,
        "prior_mean": 0.14166006734006745,
        "prior_variance": 0.3015416203888705,
        "source": "pop+cohort+user",
        "lam_js": 0.8768472906403941,
        "n_cohort": 534,
        "z_like": 0.1330828386895861
      },
      "cohort_prior": {
        "mean": 0.13417902621722846,
        "variance": 0.24427088794406634,
        "n": 534
      },
      "user_obs": {
        "slope": -0.031958678451492015,
        "se": 0.2739785393370888,
        "n": 57,
        "at_nominal_step": -0.031958678451492015,
        "se_at_step": 0.2739785393370888,
        "residual_sd": 1.6006451003816162,
        "sigma_data_used": 3.5
      },
      "gate": {
        "score": 0.6166634226573411,
        "tier": "possible"
      }
    },
    {
      "action": "sleep_duration",
      "outcome": "hrv_daily",
      "nominal_step": 0.5,
      "dose_multiplier": 0.5239569446095587,
      "dose_multiplier_raw": 0.5239569446095587,
      "direction_conflict": false,
      "scaled_effect": 0.06785037061236592,
      "posterior": {
        "mean": 0.1294960803753189,
        "variance": 0.0028634526277489794,
        "sd": 0.053511238331298026,
        "contraction": 0.02395694460955866,
        "prior_mean": 0.13540993265993234,
        "prior_variance": 0.0029337359780747863,
        "source": "pop+cohort+user",
        "lam_js": 0.8768472906403941,
        "n_cohort": 534,
        "z_like": 2.419979137346525
      },
      "cohort_prior": {
        "mean": 0.13457651150347733,
        "variance": 0.002897733991751291,
        "n": 534
      },
      "user_obs": {
        "slope": -0.508657172350156,
        "se": 0.7591026046325854,
        "n": 57,
        "at_nominal_step": -0.254328586175078,
        "se_at_step": 0.3795513023162927,
        "residual_sd": 1.6006451003816171,
        "sigma_data_used": 3.5
      },
      "gate": {
        "score": 0.02395694460955866,
        "tier": "not_exposed"
      }
    },
    {
      "action": "training_load",
      "outcome": "hrv_daily",
      "nominal_step": 100.0,
      "dose_multiplier": 1.4500780889491733,
      "dose_multiplier_raw": 1.4500780889491733,
      "direction_conflict": false,
      "scaled_effect": -0.17677930548211107,
      "posterior": {
        "mean": -0.12191019699512703,
        "variance": 0.2042032762684489,
        "sd": 0.4518885662068126,
        "contraction": 0.9500780889491732,
        "prior_mean": -5.056217651515151,
        "prior_variance": 4.090453910318943,
        "source": "pop+cohort+user",
        "lam_js": 0.8768472906403941,
        "n_cohort": 534,
        "z_like": -0.26977933524286885
      },
      "cohort_prior": {
        "mean": -5.061554325842696,
        "variance": 4.099093150953106,
        "n": 534
      },
      "user_obs": {
        "slope": 0.0013710441631668581,
        "se": 0.015264330785814245,
        "n": 57,
        "at_nominal_step": 0.13710441631668582,
        "se_at_step": 1.5264330785814244,
        "residual_sd": 1.6006451003816173,
        "sigma_data_used": 3.5
      },
      "gate": {
        "score": 0.9500780889491732,
        "tier": "recommended"
      }
    },
    {
      "action": "training_load",
      "outcome": "resting_hr",
      "nominal_step": 100.0,
      "dose_multiplier": 0.5,
      "dose_multiplier_raw": 1.4151715730968348,
      "direction_conflict": true,
      "scaled_effect": -0.3682306048273769,
      "posterior": {
        "mean": -0.7364612096547538,
        "variance": 0.023123290696614545,
        "sd": 0.15206344299868574,
        "contraction": 0.915171573096835,
        "prior_mean": 1.305251261157877,
        "prior_variance": 0.2725889367606766,
        "source": "pop+cohort+user",
        "lam_js": 0.8768472906403941,
        "n_cohort": 534,
        "z_like": -4.843118077111531
      },
      "cohort_prior": {
        "mean": 1.306352479669686,
        "variance": 0.273049088182262,