{
  "pid": 727,
  "cohort": "cohort_b",
  "age": 22,
  "is_female": false,
  "effects_bayesian": [
    {
      "action": "active_energy",
      "outcome": "deep_sleep",
      "nominal_step": 100.0,
      "dose_multiplier": 0.5454339194275749,
      "dose_multiplier_raw": 0.5454339194275749,
      "direction_conflict": false,
      "scaled_effect": 0.3754472702171541,
      "posterior": {
        "mean": 0.6883460247781815,
        "variance": 0.07317238121884723,
        "sd": 0.27050393937768674,
        "contraction": 0.04543391942757491,
        "prior_mean": 0.6921665440115441,
        "prior_variance": 0.07665512394382158,
        "source": "pop+cohort+user",
        "lam_js": 0.8472505091649695,
        "n_cohort": 416,
        "z_like": 2.5446802230007064
      },
      "cohort_prior": {
        "mean": 0.6841722046703297,
        "variance": 0.07489465690295352,
        "n": 416
      },
      "user_obs": {
        "slope": 0.00797138733068322,
        "se": 0.006951831624125538,
        "n": 52,
        "at_nominal_step": 0.7971387330683221,
        "se_at_step": 0.6951831624125538,
        "residual_sd": 1.9448043926981589,
        "sigma_data_used": 12.0
      },
      "gate": {
        "score": 0.04543391942757491,
        "tier": "not_exposed"
      }
    },
    {
      "action": "bedtime",
      "outcome": "deep_sleep",
      "nominal_step": -0.5,
      "dose_multiplier": 0.7574575988733209,
      "dose_multiplier_raw": 0.7574575988733209,
      "direction_conflict": false,
      "scaled_effect": 0.3947809796528312,
      "posterior": {
        "mean": 0.5211921832192952,
        "variance": 0.7014619212606034,
        "sd": 0.8375332359140163,
        "contraction": 0.25745759887332087,
        "prior_mean": 0.6072164646464647,
        "prior_variance": 0.9446759137205589,
        "source": "pop+cohort+user",
        "lam_js": 0.8472505091649695,
        "n_cohort": 416,
        "z_like": 0.6222943291922117
      },
      "cohort_prior": {
        "mean": 0.6215986538461539,
        "variance": 0.9384823525592582,
        "n": 416
      },
      "user_obs": {
        "slope": -0.46338002622467894,
        "se": 0.7646841963464232,
        "n": 52,
        "at_nominal_step": 0.23169001311233947,
        "se_at_step": 0.3823420981732116,
        "residual_sd": 1.9285046486174144,
        "sigma_data_used": 12.0
      },
      "gate": {
        "score": 0.25745759887332087,
        "tier": "not_exposed"
      }
    },
    {
      "action": "bedtime",
      "outcome": "sleep_quality",
      "nominal_step": -0.5,
      "dose_multiplier": 0.981320200174585,
      "dose_multiplier_raw": 0.981320200174585,
      "direction_conflict": false,
      "scaled_effect": 0.5759706141922644,
      "posterior": {
        "mean": 0.5869344318906249,
        "variance": 0.46001773351461744,
        "sd": 0.6782460715069549,
        "contraction": 0.481320200174585,
        "prior_mean": 0.4607862962962966,
        "prior_variance": 0.8869011935098631,
        "source": "pop+cohort+user",
        "lam_js": 0.8472505091649695,
        "n_cohort": 416,
        "z_like": 0.8653709273782447
      },
      "cohort_prior": {
        "mean": 0.4770937500000001,
        "variance": 0.9009695161433738,
        "n": 416
      },
      "user_obs": {
        "slope": -1.4094094384187548,
        "se": 0.4913081504934758,
        "n": 52,
        "at_nominal_step": 0.7047047192093774,
        "se_at_step": 0.2456540752467379,
        "residual_sd": 1.239060590839062,
        "sigma_data_used": 7.0
      },
      "gate": {
        "score": 0.481320200174585,
        "tier": "possible"
      }
    },
    {
      "action": "running_volume",
      "outcome": "hrv_daily",
      "nominal_step": 30.0,
      "dose_multiplier": 0.5,
      "dose_multiplier_raw": 1.115529123152303,
      "direction_conflict": true,
      "scaled_effect": -0.006949600712680635,
      "posterior": {
        "mean": -0.01389920142536127,
        "variance": 0.11593397119698444,
        "sd": 0.34049077990010895,
        "contraction": 0.615529123152303,
        "prior_mean": 0.14166006734006745,
        "prior_variance": 0.3015416203888705,
        "source": "pop+cohort+user",
        "lam_js": 0.8472505091649695,
        "n_cohort": 416,
        "z_like": -0.04082108017561865
      },
      "cohort_prior": {
        "mean": 0.11986480769230796,
        "variance": 0.2186938498312511,
        "n": 416
      },
      "user_obs": {
        "slope": -0.15537833669996287,
        "se": 0.2925124463165124,
        "n": 52,
        "at_nominal_step": -0.15537833669996287,
        "se_at_step": 0.2925124463165124,
        "residual_sd": 1.732927624894972,
        "sigma_data_used": 3.5
      },
      "gate": {
        "score": 0.3077645615761515,
        "tier": "possible"
      }
    },
    {
      "action": "sleep_duration",
      "outcome": "hrv_daily",
      "nominal_step": 0.5,
      "dose_multiplier": 0.5046882423599818,
      "dose_multiplier_raw": 0.5046882423599818,
      "direction_conflict": false,
      "scaled_effect": 0.07213777590939055,
      "posterior": {
        "mean": 0.14293532096580217,
        "variance": 0.0029199819127893735,
        "sd": 0.0540368569847412,
        "contraction": 0.004688242359981776,
        "prior_mean": 0.13540993265993234,
        "prior_variance": 0.0029337359780747863,
        "source": "pop+cohort+user",
        "lam_js": 0.8472505091649695,
        "n_cohort": 416,
        "z_like": 2.645144979586135
      },
      "cohort_prior": {
        "mean": 0.13603296703296702,
        "variance": 0.002960794899166767,
        "n": 416
      },
      "user_obs": {
        "slope": 1.4009611732304266,
        "se": 1.371964789767433,
        "n": 52,
        "at_nominal_step": 0.7004805866152133,
        "se_at_step": 0.6859823948837165,
        "residual_sd": 1.7329276248949712,
        "sigma_data_used": 3.5
      },
      "gate": {
        "score": 0.004688242359981776,
        "tier": "not_exposed"
      }
    },
    {
      "action": "training_load",
      "outcome": "hrv_daily",
      "nominal_step": 100.0,
      "dose_multiplier": 0.5,
      "dose_multiplier_raw": 1.4455618223118252,
      "direction_conflict": true,
      "scaled_effect": 1.0173624574310418,
      "posterior": {
        "mean": 2.0347249148620836,
        "variance": 0.22267685679523214,
        "sd": 0.4718864871928758,
        "contraction": 0.9455618223118252,
        "prior_mean": -5.056217651515151,
        "prior_variance": 4.090453910318943,
        "source": "pop+cohort+user",
        "lam_js": 0.8472505091649695,
        "n_cohort": 416,
        "z_like": 4.311894852014323
      },
      "cohort_prior": {
        "mean": -5.038698533653847,
        "variance": 4.062157266087269,
        "n": 416
      },
      "user_obs": {
        "slope": 0.024446559408525095,
        "se": 0.02406782723933337,
        "n": 52,
        "at_nominal_step": 2.4446559408525097,
        "se_at_step": 2.406782723933337,
        "residual_sd": 1.7329276248949705,
        "sigma_data_used": 3.5
      },
      "gate": {
        "score": 0.4727809111559126,
        "tier": "possible"
      }
    },
    {
      "action": "training_load",
      "outcome": "resting_hr",
      "nominal_step": 100.0,
      "dose_multiplier": 0.5,
      "dose_multiplier_raw": 1.4078188263620575,
      "direction_conflict": true,
      "scaled_effect": -0.36360125918521047,
      "posterior": {
        "mean": -0.7272025183704209,
        "variance": 0.02512756811131805,
        "sd": 0.1585167754886468,
        "contraction": 0.9078188263620575,
        "prior_mean": 1.305251261157877,
        "prior_variance": 0.2725889367606766,
        "source": "pop+cohort+user",
        "lam_js": 0.8472505091649695,
        "n_cohort": 416,
        "z_like": -4.587542965902081
      },
      "cohort_prior": {
        "mean": 1.3016362050919952,
        "variance": 0.2710810896650065,
        "n": 416
      },