{
  "pid": 1015,
  "cohort": "cohort_c",
  "age": 41,
  "is_female": false,
  "effects_bayesian": [
    {
      "action": "active_energy",
      "outcome": "deep_sleep",
      "nominal_step": 100.0,
      "dose_multiplier": 0.5225997940170496,
      "dose_multiplier_raw": 0.5225997940170496,
      "direction_conflict": false,
      "scaled_effect": 0.3349880619568378,
      "posterior": {
        "mean": 0.6410030501196656,
        "variance": 0.07492273393233981,
        "sd": 0.27372017450736036,
        "contraction": 0.02259979401704959,
        "prior_mean": 0.6921665440115441,
        "prior_variance": 0.07665512394382158,
        "source": "pop+cohort+user",
        "lam_js": 0.7603833865814696,
        "n_cohort": 238,
        "z_like": 2.3418187982429077
      },
      "cohort_prior": {
        "mean": 0.6920608463385354,
        "variance": 0.07663171440556958,
        "n": 238
      },
      "user_obs": {
        "slope": -0.01591186934263685,
        "se": 0.0056985220784083876,
        "n": 43,
        "at_nominal_step": -1.591186934263685,
        "se_at_step": 0.5698522078408388,
        "residual_sd": 1.7110478724390725,
        "sigma_data_used": 12.0
      },
      "gate": {
        "score": 0.02259979401704959,
        "tier": "not_exposed"
      }
    },
    {
      "action": "bedtime",
      "outcome": "deep_sleep",
      "nominal_step": -0.5,
      "dose_multiplier": 0.7241312847110166,
      "dose_multiplier_raw": 0.7241312847110166,
      "direction_conflict": false,
      "scaled_effect": 0.4183359412428959,
      "posterior": {
        "mean": 0.5777073164431001,
        "variance": 0.7329444875428166,
        "sd": 0.856121771445404,
        "contraction": 0.22413128471101662,
        "prior_mean": 0.6072164646464647,
        "prior_variance": 0.9446759137205589,
        "source": "pop+cohort+user",
        "lam_js": 0.7603833865814696,
        "n_cohort": 238,
        "z_like": 0.6747957308313135
      },
      "cohort_prior": {
        "mean": 0.5855927731092442,
        "variance": 0.9363184076048073,
        "n": 238
      },
      "user_obs": {
        "slope": -1.0621429467615715,
        "se": 0.5812605487278351,
        "n": 43,
        "at_nominal_step": 0.5310714733807858,
        "se_at_step": 0.29063027436391753,
        "residual_sd": 1.6971969805513216,
        "sigma_data_used": 12.0
      },
      "gate": {
        "score": 0.22413128471101662,
        "tier": "not_exposed"
      }
    },
    {
      "action": "bedtime",
      "outcome": "sleep_quality",
      "nominal_step": -0.5,
      "dose_multiplier": 0.9421310204217355,
      "dose_multiplier_raw": 0.9421310204217355,
      "direction_conflict": false,
      "scaled_effect": 0.2866200488904587,
      "posterior": {
        "mean": 0.3042252538953193,
        "variance": 0.4947746638100922,
        "sd": 0.7034022062874783,
        "contraction": 0.44213102042173547,
        "prior_mean": 0.4607862962962966,
        "prior_variance": 0.8869011935098631,
        "source": "pop+cohort+user",
        "lam_js": 0.7603833865814696,
        "n_cohort": 238,
        "z_like": 0.4325054018539478
      },
      "cohort_prior": {
        "mean": 0.42567579831932817,
        "variance": 0.8706033108101122,
        "n": 238
      },
      "user_obs": {
        "slope": -0.26998982505185914,
        "se": 0.3570447166016174,
        "n": 43,
        "at_nominal_step": 0.13499491252592957,
        "se_at_step": 0.1785223583008087,
        "residual_sd": 1.0425190841943834,
        "sigma_data_used": 7.0
      },
      "gate": {
        "score": 0.44213102042173547,
        "tier": "possible"
      }
    },
    {
      "action": "running_volume",
      "outcome": "hrv_daily",
      "nominal_step": 30.0,
      "dose_multiplier": 0.9118881435892054,
      "dose_multiplier_raw": 0.9118881435892054,
      "direction_conflict": false,
      "scaled_effect": 0.4072351581665921,
      "posterior": {
        "mean": 0.44658455209616876,
        "variance": 0.17734020215201773,
        "sd": 0.42111780080164946,
        "contraction": 0.41188814358920545,
        "prior_mean": 0.14166006734006745,
        "prior_variance": 0.3015416203888705,
        "source": "pop+cohort+user",
        "lam_js": 0.7603833865814696,
        "n_cohort": 238,
        "z_like": 1.0604741743190154
      },
      "cohort_prior": {
        "mean": 0.19654117647058833,
        "variance": 0.5699868837170512,
        "n": 238
      },
      "user_obs": {
        "slope": 0.6061918331938048,
        "se": 0.5439138973835966,
        "n": 43,
        "at_nominal_step": 0.6061918331938048,
        "se_at_step": 0.5439138973835966,
        "residual_sd": 1.7327302078255058,
        "sigma_data_used": 3.5
      },
      "gate": {
        "score": 0.41188814358920545,
        "tier": "possible"
      }
    },
    {
      "action": "sleep_duration",
      "outcome": "hrv_daily",
      "nominal_step": 0.5,
      "dose_multiplier": 0.5016000915479761,
      "dose_multiplier_raw": 0.5016000915479761,
      "direction_conflict": false,
      "scaled_effect": 0.06981177058298957,
      "posterior": {
        "mean": 0.13917814561704947,
        "variance": 0.0029290417319322755,
        "sd": 0.05412062205788359,
        "contraction": 0.0016000915479761346,
        "prior_mean": 0.13540993265993234,
        "prior_variance": 0.0029337359780747863,
        "source": "pop+cohort+user",
        "lam_js": 0.7603833865814696,
        "n_cohort": 238,
        "z_like": 2.5716287124008734
      },
      "cohort_prior": {
        "mean": 0.13619087635053972,
        "variance": 0.0029676727681804804,
        "n": 238
      },
      "user_obs": {
        "slope": 0.8895021786083807,
        "se": 1.003345643473504,
        "n": 43,
        "at_nominal_step": 0.44475108930419033,
        "se_at_step": 0.501672821736752,
        "residual_sd": 1.7327302078255031,
        "sigma_data_used": 3.5
      },
      "gate": {
        "score": 0.0016000915479761346,
        "tier": "not_exposed"
      }
    },
    {
      "action": "training_load",
      "outcome": "hrv_daily",
      "nominal_step": 100.0,
      "dose_multiplier": 1.4348650900308395,
      "dose_multiplier_raw": 1.4348650900308395,
      "direction_conflict": false,
      "scaled_effect": -4.412513936615662,
      "posterior": {
        "mean": -3.075211716608719,
        "variance": 0.2664313471816254,
        "sd": 0.5161698820946699,
        "contraction": 0.9348650900308394,
        "prior_mean": -5.056217651515151,
        "prior_variance": 4.090453910318943,
        "source": "pop+cohort+user",
        "lam_js": 0.7603833865814696,
        "n_cohort": 238,
        "z_like": -5.95775116542871
      },
      "cohort_prior": {
        "mean": -5.074865420168067,
        "variance": 4.120681445250819,
        "n": 238
      },
      "user_obs": {
        "slope": -0.029370301292177346,
        "se": 0.021864952779718713,
        "n": 43,
        "at_nominal_step": -2.9370301292177348,
        "se_at_step": 2.186495277971871,
        "residual_sd": 1.7327302078255045,
        "sigma_data_used": 3.5
      },
      "gate": {
        "score": 0.9348650900308394,
        "tier": "recommended"
      }
    },
    {
      "action": "training_load",
      "outcome": "resting_hr",
      "nominal_step": 100.0,
      "dose_multiplier": 0.5,
      "dose_multiplier_raw": 1.3905350588264196,
      "direction_conflict": true,
      "scaled_effect": -0.4093312627740337,
      "posterior": {
        "mean": -0.8186625255480674,
        "variance": 0.029838931927076314,
        "sd": 0.17273949150983486,
        "contraction": 0.8905350588264195,
        "prior_mean": 1.305251261157877,
        "prior_variance": 0.2725889367606766,
        "source": "pop+cohort+user",
        "lam_js": 0.7603833865814696,
        "n_cohort": 238,
        "z_like": -4.739289889026083
      },
      "cohort_prior": {
        "mean": 1.3090992134188058,
        "variance": 0.2741985200917978,