{
  "pid": 943,
  "cohort": "cohort_b",
  "age": 27,
  "is_female": false,
  "effects_bayesian": [
    {
      "action": "active_energy",
      "outcome": "deep_sleep",
      "nominal_step": 100.0,
      "dose_multiplier": 0.5454339194275749,
      "dose_multiplier_raw": 0.5454339194275749,
      "direction_conflict": false,
      "scaled_effect": 0.3673698395786963,
      "posterior": {
        "mean": 0.6735368419409004,
        "variance": 0.07317238121884723,
        "sd": 0.27050393937768674,
        "contraction": 0.04543391942757491,
        "prior_mean": 0.6921665440115441,
        "prior_variance": 0.07665512394382158,
        "source": "pop+cohort+user",
        "lam_js": 0.8472505091649695,
        "n_cohort": 416,
        "z_like": 2.4899335791205814
      },
      "cohort_prior": {
        "mean": 0.6841722046703297,
        "variance": 0.07489465690295352,
        "n": 416
      },
      "user_obs": {
        "slope": 0.0023668075565866915,
        "se": 0.005183340860355748,
        "n": 52,
        "at_nominal_step": 0.23668075565866914,
        "se_at_step": 0.5183340860355748,
        "residual_sd": 1.8611099480647337,
        "sigma_data_used": 12.0
      },
      "gate": {
        "score": 0.04543391942757491,
        "tier": "not_exposed"
      }
    },
    {
      "action": "bedtime",
      "outcome": "deep_sleep",
      "nominal_step": -0.5,
      "dose_multiplier": 0.7574575988733209,
      "dose_multiplier_raw": 0.7574575988733209,
      "direction_conflict": false,
      "scaled_effect": 0.2637703681509325,
      "posterior": {
        "mean": 0.34823119940083425,
        "variance": 0.7014619212606034,
        "sd": 0.8375332359140163,
        "contraction": 0.25745759887332087,
        "prior_mean": 0.6072164646464647,
        "prior_variance": 0.9446759137205589,
        "source": "pop+cohort+user",
        "lam_js": 0.8472505091649695,
        "n_cohort": 416,
        "z_like": 0.41578194687498315
      },
      "cohort_prior": {
        "mean": 0.6215986538461539,
        "variance": 0.9384823525592582,
        "n": 416
      },
      "user_obs": {
        "slope": 0.9022504199889884,
        "se": 0.9026279993998686,
        "n": 52,
        "at_nominal_step": -0.4511252099944942,
        "se_at_step": 0.4513139996999343,
        "residual_sd": 1.8109926888276688,
        "sigma_data_used": 12.0
      },
      "gate": {
        "score": 0.25745759887332087,
        "tier": "not_exposed"
      }
    },
    {
      "action": "bedtime",
      "outcome": "sleep_quality",
      "nominal_step": -0.5,
      "dose_multiplier": 0.981320200174585,
      "dose_multiplier_raw": 0.981320200174585,
      "direction_conflict": false,
      "scaled_effect": 0.4942293380923681,
      "posterior": {
        "mean": 0.5036371797955862,
        "variance": 0.46001773351461744,
        "sd": 0.6782460715069549,
        "contraction": 0.481320200174585,
        "prior_mean": 0.4607862962962966,
        "prior_variance": 0.8869011935098631,
        "source": "pop+cohort+user",
        "lam_js": 0.8472505091649695,
        "n_cohort": 416,
        "z_like": 0.7425581967273094
      },
      "cohort_prior": {
        "mean": 0.4770937500000001,
        "variance": 0.9009695161433738,
        "n": 416
      },
      "user_obs": {
        "slope": -1.0681545881000163,
        "se": 0.6118041592520508,
        "n": 52,
        "at_nominal_step": 0.5340772940500081,
        "se_at_step": 0.3059020796260254,
        "residual_sd": 1.2274966654441055,
        "sigma_data_used": 7.0
      },
      "gate": {
        "score": 0.481320200174585,
        "tier": "possible"
      }
    },
    {
      "action": "running_volume",
      "outcome": "hrv_daily",
      "nominal_step": 30.0,
      "dose_multiplier": 1.115529123152303,
      "dose_multiplier_raw": 1.115529123152303,
      "direction_conflict": false,
      "scaled_effect": 0.021182816126969213,
      "posterior": {
        "mean": 0.018989030126896227,
        "variance": 0.11593397119698444,
        "sd": 0.34049077990010895,
        "contraction": 0.615529123152303,
        "prior_mean": 0.14166006734006745,
        "prior_variance": 0.3015416203888705,
        "source": "pop+cohort+user",
        "lam_js": 0.8472505091649695,
        "n_cohort": 416,
        "z_like": 0.055769586866543375
      },
      "cohort_prior": {
        "mean": 0.11986480769230796,
        "variance": 0.2186938498312511,
        "n": 416
      },
      "user_obs": {
        "slope": -0.08854970731265413,
        "se": 0.20521531857865646,
        "n": 52,
        "at_nominal_step": -0.08854970731265413,
        "se_at_step": 0.20521531857865646,
        "residual_sd": 1.3404407298381542,
        "sigma_data_used": 3.5
      },
      "gate": {
        "score": 0.615529123152303,
        "tier": "possible"
      }
    },
    {
      "action": "sleep_duration",
      "outcome": "hrv_daily",
      "nominal_step": 0.5,
      "dose_multiplier": 0.5046882423599818,
      "dose_multiplier_raw": 0.5046882423599818,
      "direction_conflict": false,
      "scaled_effect": 0.07025210592171778,
      "posterior": {
        "mean": 0.13919901441176963,
        "variance": 0.0029199819127893735,
        "sd": 0.0540368569847412,
        "contraction": 0.004688242359981776,
        "prior_mean": 0.13540993265993234,
        "prior_variance": 0.0029337359780747863,
        "source": "pop+cohort+user",
        "lam_js": 0.8472505091649695,
        "n_cohort": 416,
        "z_like": 2.576001310569864
      },
      "cohort_prior": {
        "mean": 0.13603296703296702,
        "variance": 0.002960794899166767,
        "n": 416
      },
      "user_obs": {
        "slope": 0.7980892185680029,
        "se": 0.7074056930863272,
        "n": 52,
        "at_nominal_step": 0.39904460928400143,
        "se_at_step": 0.3537028465431636,
        "residual_sd": 1.3404407298381558,
        "sigma_data_used": 3.5
      },
      "gate": {
        "score": 0.004688242359981776,
        "tier": "not_exposed"
      }
    },
    {
      "action": "training_load",
      "outcome": "hrv_daily",
      "nominal_step": 100.0,
      "dose_multiplier": 1.4455618223118252,
      "dose_multiplier_raw": 1.4455618223118252,
      "direction_conflict": false,
      "scaled_effect": -3.239917206676563,
      "posterior": {
        "mean": -2.2412858147395607,
        "variance": 0.22267685679523214,
        "sd": 0.4718864871928758,
        "contraction": 0.9455618223118252,
        "prior_mean": -5.056217651515151,
        "prior_variance": 4.090453910318943,
        "source": "pop+cohort+user",
        "lam_js": 0.8472505091649695,
        "n_cohort": 416,
        "z_like": -4.749629149315886
      },
      "cohort_prior": {
        "mean": -5.038698533653847,
        "variance": 4.062157266087269,
        "n": 416
      },
      "user_obs": {
        "slope": -0.020790716939855295,
        "se": 0.014444203783487286,
        "n": 52,
        "at_nominal_step": -2.0790716939855294,
        "se_at_step": 1.4444203783487286,
        "residual_sd": 1.3404407298381553,
        "sigma_data_used": 3.5
      },
      "gate": {
        "score": 0.9455618223118252,
        "tier": "recommended"
      }
    },
    {
      "action": "training_load",
      "outcome": "resting_hr",
      "nominal_step": 100.0,
      "dose_multiplier": 1.4078188263620575,
      "dose_multiplier_raw": 1.4078188263620575,
      "direction_conflict": false,
      "scaled_effect": 0.11259000041029443,
      "posterior": {
        "mean": 0.07997477963925094,
        "variance": 0.02512756811131805,
        "sd": 0.1585167754886468,
        "contraction": 0.9078188263620575,
        "prior_mean": 1.305251261157877,
        "prior_variance": 0.2725889367606766,
        "source": "pop+cohort+user",
        "lam_js": 0.8472505091649695,
        "n_cohort": 416,
        "z_like": 0.5045193443578396
      },
      "cohort_prior": {
        "mean": 1.3016362050919952,