{
  "pid": 126,
  "cohort": "cohort_a",
  "age": 43,
  "is_female": true,
  "effects_bayesian": [
    {
      "action": "active_energy",
      "outcome": "deep_sleep",
      "nominal_step": 100.0,
      "dose_multiplier": 0.5123736243629097,
      "dose_multiplier_raw": 0.5123736243629097,
      "direction_conflict": false,
      "scaled_effect": 0.3494399647506098,
      "posterior": {
        "mean": 0.6820022501843392,
        "variance": 0.07570662223464845,
        "sd": 0.2751483640413812,
        "contraction": 0.012373624362909674,
        "prior_mean": 0.6921665440115441,
        "prior_variance": 0.07665512394382158,
        "source": "pop+cohort+user",
        "lam_js": 0.8768472906403941,
        "n_cohort": 534,
        "z_like": 2.4786709256311217
      },
      "cohort_prior": {
        "mean": 0.6984414526484751,
        "variance": 0.07805127404443395,
        "n": 534
      },
      "user_obs": {
        "slope": 0.0013542729775994772,
        "se": 0.007976966366450605,
        "n": 53,
        "at_nominal_step": 0.13542729775994772,
        "se_at_step": 0.7976966366450604,
        "residual_sd": 2.244893045050647,
        "sigma_data_used": 12.0
      },
      "gate": {
        "score": 0.012373624362909674,
        "tier": "not_exposed"
      }
    },
    {
      "action": "bedtime",
      "outcome": "deep_sleep",
      "nominal_step": -0.5,
      "dose_multiplier": 0.7522213685522634,
      "dose_multiplier_raw": 0.7522213685522634,
      "direction_conflict": false,
      "scaled_effect": 0.5329055333930094,
      "posterior": {
        "mean": 0.7084424288805401,
        "variance": 0.7064084619235996,
        "sd": 0.8404810895693011,
        "contraction": 0.2522213685522634,
        "prior_mean": 0.6072164646464647,
        "prior_variance": 0.9446759137205589,
        "source": "pop+cohort+user",
        "lam_js": 0.8768472906403941,
        "n_cohort": 534,
        "z_like": 0.8429010928057604
      },
      "cohort_prior": {
        "mean": 0.6056498876404495,
        "variance": 0.9560138510611396,
        "n": 534
      },
      "user_obs": {
        "slope": -2.0009208342820495,
        "se": 1.0439455926525192,
        "n": 53,
        "at_nominal_step": 1.0004604171410247,
        "se_at_step": 0.5219727963262596,
        "residual_sd": 2.215929727135315,
        "sigma_data_used": 12.0
      },
      "gate": {
        "score": 0.2522213685522634,
        "tier": "not_exposed"
      }
    },
    {
      "action": "bedtime",
      "outcome": "sleep_quality",
      "nominal_step": -0.5,
      "dose_multiplier": 0.9901070573694882,
      "dose_multiplier_raw": 0.9901070573694882,
      "direction_conflict": false,
      "scaled_effect": 0.734461956670358,
      "posterior": {
        "mean": 0.7418005469243629,
        "variance": 0.452224659381257,
        "sd": 0.6724765121409498,
        "contraction": 0.49010705736948823,
        "prior_mean": 0.4607862962962966,
        "prior_variance": 0.8869011935098631,
        "source": "pop+cohort+user",
        "lam_js": 0.8768472906403941,
        "n_cohort": 534,
        "z_like": 1.103087667051311
      },
      "cohort_prior": {
        "mean": 0.46373086142322145,
        "variance": 0.8849888909576128,
        "n": 534
      },
      "user_obs": {
        "slope": -2.065190773352293,
        "se": 0.6329984838589835,
        "n": 53,
        "at_nominal_step": 1.0325953866761466,
        "se_at_step": 0.31649924192949175,
        "residual_sd": 1.3436333918999475,
        "sigma_data_used": 7.0
      },
      "gate": {
        "score": 0.49010705736948823,
        "tier": "possible"
      }
    },
    {
      "action": "running_volume",
      "outcome": "hrv_daily",
      "nominal_step": 30.0,
      "dose_multiplier": 0.5,
      "dose_multiplier_raw": 1.1016271151675208,
      "direction_conflict": true,
      "scaled_effect": -0.20789430751066448,
      "posterior": {
        "mean": -0.41578861502132897,
        "variance": 0.1201260052113747,
        "sd": 0.34659198665199215,
        "contraction": 0.6016271151675208,
        "prior_mean": 0.14166006734006745,
        "prior_variance": 0.3015416203888705,
        "source": "pop+cohort+user",
        "lam_js": 0.8768472906403941,
        "n_cohort": 534,
        "z_like": -1.1996486676964524
      },
      "cohort_prior": {
        "mean": 0.13417902621722846,
        "variance": 0.24427088794406634,
        "n": 534
      },
      "user_obs": {
        "slope": -0.9248542213639982,
        "se": 0.16856189761588333,
        "n": 53,
        "at_nominal_step": -0.9248542213639982,
        "se_at_step": 0.16856189761588333,
        "residual_sd": 1.2703570900437864,
        "sigma_data_used": 3.5
      },
      "gate": {
        "score": 0.3008135575837604,
        "tier": "possible"
      }
    },
    {
      "action": "sleep_duration",
      "outcome": "hrv_daily",
      "nominal_step": 0.5,
      "dose_multiplier": 0.5230434854426014,
      "dose_multiplier_raw": 0.5230434854426014,
      "direction_conflict": false,
      "scaled_effect": 0.06738342560771612,
      "posterior": {
        "mean": 0.12882949024916354,
        "variance": 0.002866132475771584,
        "sd": 0.05353627252407085,
        "contraction": 0.023043485442601375,
        "prior_mean": 0.13540993265993234,
        "prior_variance": 0.0029337359780747863,
        "source": "pop+cohort+user",
        "lam_js": 0.8768472906403941,
        "n_cohort": 534,
        "z_like": 2.4063963398131527
      },
      "cohort_prior": {
        "mean": 0.13457651150347733,
        "variance": 0.002897733991751291,
        "n": 534
      },
      "user_obs": {
        "slope": -0.6741039536616557,
        "se": 0.6335271685440894,
        "n": 53,
        "at_nominal_step": -0.3370519768308278,
        "se_at_step": 0.3167635842720447,
        "residual_sd": 1.2703570900437864,
        "sigma_data_used": 3.5
      },
      "gate": {
        "score": 0.023043485442601375,
        "tier": "not_exposed"
      }
    },
    {
      "action": "training_load",
      "outcome": "hrv_daily",
      "nominal_step": 100.0,
      "dose_multiplier": 0.5,
      "dose_multiplier_raw": 1.4465115530785195,
      "direction_conflict": true,
      "scaled_effect": 0.5062155527074819,
      "posterior": {
        "mean": 1.0124311054149637,
        "variance": 0.21879202686685764,
        "sd": 0.4677520997995174,
        "contraction": 0.9465115530785194,
        "prior_mean": -5.056217651515151,
        "prior_variance": 4.090453910318943,
        "source": "pop+cohort+user",
        "lam_js": 0.8768472906403941,
        "n_cohort": 534,
        "z_like": 2.164460845496793
      },
      "cohort_prior": {
        "mean": -5.061554325842696,
        "variance": 4.099093150953106,
        "n": 534
      },
      "user_obs": {
        "slope": 0.013549717652390946,
        "se": 0.015508982212191288,
        "n": 53,
        "at_nominal_step": 1.3549717652390947,
        "se_at_step": 1.550898221219129,
        "residual_sd": 1.2703570900437882,
        "sigma_data_used": 3.5
      },
      "gate": {
        "score": 0.4732557765392597,
        "tier": "possible"
      }
    },
    {
      "action": "training_load",
      "outcome": "resting_hr",
      "nominal_step": 100.0,
      "dose_multiplier": 1.4093489313990026,
      "dose_multiplier_raw": 1.4093489313990026,
      "direction_conflict": false,
      "scaled_effect": 1.4624952097030204,
      "posterior": {
        "mean": 1.037709808493814,
        "variance": 0.024710478406165012,
        "sd": 0.157195669171148,
        "contraction": 0.9093489313990026,
        "prior_mean": 1.305251261157877,
        "prior_variance": 0.2725889367606766,
        "source": "pop+cohort+user",
        "lam_js": 0.8768472906403941,
        "n_cohort": 534,
        "z_like": 6.601389300133958
      },
      "cohort_prior": {
        "mean": 1.306352479669686,
        "variance": 0.273049088182262,
        "n": 534
      },