{
  "pid": 837,
  "cohort": "cohort_b",
  "age": 29,
  "is_female": false,
  "effects_bayesian": [
    {
      "action": "active_energy",
      "outcome": "deep_sleep",
      "nominal_step": 100.0,
      "dose_multiplier": 0.5425146910927915,
      "dose_multiplier_raw": 0.5425146910927915,
      "direction_conflict": false,
      "scaled_effect": 0.3818181766472215,
      "posterior": {
        "mean": 0.7037932482125456,
        "variance": 0.07339615502867036,
        "sd": 0.2709172475658764,
        "contraction": 0.04251469109279149,
        "prior_mean": 0.6921665440115441,
        "prior_variance": 0.07665512394382158,
        "source": "pop+cohort+user",
        "lam_js": 0.8472505091649695,
        "n_cohort": 416,
        "z_like": 2.5978163241209327
      },
      "cohort_prior": {
        "mean": 0.6841722046703297,
        "variance": 0.07489465690295352,
        "n": 416
      },
      "user_obs": {
        "slope": 0.01470171848792138,
        "se": 0.007626530834310828,
        "n": 46,
        "at_nominal_step": 1.470171848792138,
        "se_at_step": 0.7626530834310828,
        "residual_sd": 1.9307152764072577,
        "sigma_data_used": 12.0
      },
      "gate": {
        "score": 0.04251469109279149,
        "tier": "not_exposed"
      }
    },
    {
      "action": "bedtime",
      "outcome": "deep_sleep",
      "nominal_step": -0.5,
      "dose_multiplier": 0.7351014657309121,
      "dose_multiplier_raw": 0.7351014657309121,
      "direction_conflict": false,
      "scaled_effect": 0.4557484941695557,
      "posterior": {
        "mean": 0.6199803910286107,
        "variance": 0.722581221764167,
        "sd": 0.85004777616565,
        "contraction": 0.23510146573091206,
        "prior_mean": 0.6072164646464647,
        "prior_variance": 0.9446759137205589,
        "source": "pop+cohort+user",
        "lam_js": 0.8472505091649695,
        "n_cohort": 416,
        "z_like": 0.7293477006965244
      },
      "cohort_prior": {
        "mean": 0.6215986538461539,
        "variance": 0.9384823525592582,
        "n": 416
      },
      "user_obs": {
        "slope": -1.2438169751732049,
        "se": 1.0594192608013666,
        "n": 46,
        "at_nominal_step": 0.6219084875866024,
        "se_at_step": 0.5297096304006833,
        "residual_sd": 1.9545843125447853,
        "sigma_data_used": 12.0
      },
      "gate": {
        "score": 0.23510146573091206,
        "tier": "not_exposed"
      }
    },
    {
      "action": "bedtime",
      "outcome": "sleep_quality",
      "nominal_step": -0.5,
      "dose_multiplier": 0.9503596740100808,
      "dose_multiplier_raw": 0.9503596740100808,
      "direction_conflict": false,
      "scaled_effect": 0.4701104048804182,
      "posterior": {
        "mean": 0.4946657752183113,
        "variance": 0.48747666112160953,
        "sd": 0.6981952886704476,
        "contraction": 0.4503596740100808,
        "prior_mean": 0.4607862962962966,
        "prior_variance": 0.8869011935098631,
        "source": "pop+cohort+user",
        "lam_js": 0.8472505091649695,
        "n_cohort": 416,
        "z_like": 0.7084919982205674
      },
      "cohort_prior": {
        "mean": 0.4770937500000001,
        "variance": 0.9009695161433738,
        "n": 416
      },
      "user_obs": {
        "slope": -1.036887472226877,
        "se": 0.780068504374284,
        "n": 46,
        "at_nominal_step": 0.5184437361134385,
        "se_at_step": 0.390034252187142,
        "residual_sd": 1.4391938279533703,
        "sigma_data_used": 7.0
      },
      "gate": {
        "score": 0.4503596740100808,
        "tier": "possible"
      }
    },
    {
      "action": "running_volume",
      "outcome": "hrv_daily",
      "nominal_step": 30.0,
      "dose_multiplier": 1.0923830054863364,
      "dose_multiplier_raw": 1.0923830054863364,
      "direction_conflict": false,
      "scaled_effect": 0.09039457571639697,
      "posterior": {
        "mean": 0.08274989199063262,
        "variance": 0.12291348902369147,
        "sd": 0.3505902009807055,
        "contraction": 0.5923830054863364,
        "prior_mean": 0.14166006734006745,
        "prior_variance": 0.3015416203888705,
        "source": "pop+cohort+user",
        "lam_js": 0.8472505091649695,
        "n_cohort": 416,
        "z_like": 0.2360302477341251
      },
      "cohort_prior": {
        "mean": 0.11986480769230796,
        "variance": 0.2186938498312511,
        "n": 416
      },
      "user_obs": {
        "slope": 0.035567775087139895,
        "se": 0.22830078470734608,
        "n": 46,
        "at_nominal_step": 0.035567775087139895,
        "se_at_step": 0.22830078470734608,
        "residual_sd": 1.4343423186564095,
        "sigma_data_used": 3.5
      },
      "gate": {
        "score": 0.5923830054863364,
        "tier": "possible"
      }
    },
    {
      "action": "sleep_duration",
      "outcome": "hrv_daily",
      "nominal_step": 0.5,
      "dose_multiplier": 0.5032627134545865,
      "dose_multiplier_raw": 0.5032627134545865,
      "direction_conflict": false,
      "scaled_effect": 0.06943891085929278,
      "posterior": {
        "mean": 0.13797745988896676,
        "variance": 0.0029241640382269172,
        "sd": 0.05407554011035782,
        "contraction": 0.0032627134545865077,
        "prior_mean": 0.13540993265993234,
        "prior_variance": 0.0029337359780747863,
        "source": "pop+cohort+user",
        "lam_js": 0.8472505091649695,
        "n_cohort": 416,
        "z_like": 2.551568779662324
      },
      "cohort_prior": {
        "mean": 0.13603296703296702,
        "variance": 0.002960794899166767,
        "n": 416
      },
      "user_obs": {
        "slope": 0.6433804761836341,
        "se": 0.6876357810600662,
        "n": 46,
        "at_nominal_step": 0.32169023809181707,
        "se_at_step": 0.3438178905300331,
        "residual_sd": 1.4343423186564086,
        "sigma_data_used": 3.5
      },
      "gate": {
        "score": 0.0032627134545865077,
        "tier": "not_exposed"
      }
    },
    {
      "action": "training_load",
      "outcome": "hrv_daily",
      "nominal_step": 100.0,
      "dose_multiplier": 1.4388976165908927,
      "dose_multiplier_raw": 1.4388976165908927,
      "direction_conflict": false,
      "scaled_effect": -2.222838852860053,
      "posterior": {
        "mean": -1.5448207205503008,
        "variance": 0.24993648314559033,
        "sd": 0.49993647911068695,
        "contraction": 0.9388976165908927,
        "prior_mean": -5.056217651515151,
        "prior_variance": 4.090453910318943,
        "source": "pop+cohort+user",
        "lam_js": 0.8472505091649695,
        "n_cohort": 416,
        "z_like": -3.0900340045165504
      },
      "cohort_prior": {
        "mean": -5.038698533653847,
        "variance": 4.062157266087269,
        "n": 416
      },
      "user_obs": {
        "slope": -0.013158380624950838,
        "se": 0.01782216177013626,
        "n": 46,
        "at_nominal_step": -1.3158380624950838,
        "se_at_step": 1.782216177013626,
        "residual_sd": 1.4343423186564088,
        "sigma_data_used": 3.5
      },
      "gate": {
        "score": 0.9388976165908927,
        "tier": "recommended"
      }
    },
    {
      "action": "training_load",
      "outcome": "resting_hr",
      "nominal_step": 100.0,
      "dose_multiplier": 1.3970389943528558,
      "dose_multiplier_raw": 1.3970389943528558,
      "direction_conflict": false,
      "scaled_effect": 1.6284565393708712,
      "posterior": {
        "mean": 1.1656485938856802,
        "variance": 0.028066031057165063,
        "sd": 0.16752919464130742,
        "contraction": 0.8970389943528557,
        "prior_mean": 1.305251261157877,
        "prior_variance": 0.2725889367606766,
        "source": "pop+cohort+user",
        "lam_js": 0.8472505091649695,
        "n_cohort": 416,
        "z_like": 6.95788334911668
      },
      "cohort_prior": {
        "mean": 1.3016362050919952,
        "variance": 0.2710810896650065,