{
  "pid": 500,
  "cohort": "cohort_a",
  "age": 27,
  "is_female": true,
  "effects_bayesian": [
    {
      "action": "active_energy",
      "outcome": "deep_sleep",
      "nominal_step": 100.0,
      "dose_multiplier": 0.5165101075716688,
      "dose_multiplier_raw": 0.5165101075716688,
      "direction_conflict": false,
      "scaled_effect": 0.3536469366974364,
      "posterior": {
        "mean": 0.6846854137280669,
        "variance": 0.07538953960158948,
        "sd": 0.2745715564321794,
        "contraction": 0.01651010757166882,
        "prior_mean": 0.6921665440115441,
        "prior_variance": 0.07665512394382158,
        "source": "pop+cohort+user",
        "lam_js": 0.8768472906403941,
        "n_cohort": 534,
        "z_like": 2.4936501894987355
      },
      "cohort_prior": {
        "mean": 0.6984414526484751,
        "variance": 0.07805127404443395,
        "n": 534
      },
      "user_obs": {
        "slope": 0.002911265567324711,
        "se": 0.005467557786448277,
        "n": 61,
        "at_nominal_step": 0.2911265567324711,
        "se_at_step": 0.5467557786448277,
        "residual_sd": 1.7601840414757004,
        "sigma_data_used": 12.0
      },
      "gate": {
        "score": 0.01651010757166882,
        "tier": "not_exposed"
      }
    },
    {
      "action": "bedtime",
      "outcome": "deep_sleep",
      "nominal_step": -0.5,
      "dose_multiplier": 0.7804596674205653,
      "dose_multiplier_raw": 0.7804596674205653,
      "direction_conflict": false,
      "scaled_effect": 0.5201685094769449,
      "posterior": {
        "mean": 0.6664899304740657,
        "variance": 0.6797324211382724,
        "sd": 0.8244588656435641,
        "contraction": 0.2804596674205653,
        "prior_mean": 0.6072164646464647,
        "prior_variance": 0.9446759137205589,
        "source": "pop+cohort+user",
        "lam_js": 0.8768472906403941,
        "n_cohort": 534,
        "z_like": 0.8083968263884342
      },
      "cohort_prior": {
        "mean": 0.6056498876404495,
        "variance": 0.9560138510611396,
        "n": 534
      },
      "user_obs": {
        "slope": -1.6329306824636496,
        "se": 0.604971375550107,
        "n": 61,
        "at_nominal_step": 0.8164653412318248,
        "se_at_step": 0.3024856877750535,
        "residual_sd": 1.7667231334487523,
        "sigma_data_used": 12.0
      },
      "gate": {
        "score": 0.2804596674205653,
        "tier": "not_exposed"
      }
    },
    {
      "action": "bedtime",
      "outcome": "sleep_quality",
      "nominal_step": -0.5,
      "dose_multiplier": 1.0251653341113507,
      "dose_multiplier_raw": 1.0251653341113507,
      "direction_conflict": false,
      "scaled_effect": 0.7937767457047106,
      "posterior": {
        "mean": 0.7742914428459329,
        "variance": 0.4211314318965001,
        "sd": 0.6489464014050006,
        "contraction": 0.5251653341113507,
        "prior_mean": 0.4607862962962966,
        "prior_variance": 0.8869011935098631,
        "source": "pop+cohort+user",
        "lam_js": 0.8768472906403941,
        "n_cohort": 534,
        "z_like": 1.1931516087762475
      },
      "cohort_prior": {
        "mean": 0.46373086142322145,
        "variance": 0.8849888909576128,
        "n": 534
      },
      "user_obs": {
        "slope": -2.112864930280487,
        "se": 0.3782579582810014,
        "n": 61,
        "at_nominal_step": 1.0564324651402435,
        "se_at_step": 0.1891289791405007,
        "residual_sd": 1.1046424877515346,
        "sigma_data_used": 7.0
      },
      "gate": {
        "score": 0.5251653341113507,
        "tier": "possible"
      }
    },
    {
      "action": "running_volume",
      "outcome": "hrv_daily",
      "nominal_step": 30.0,
      "dose_multiplier": 1.1306059443914147,
      "dose_multiplier_raw": 1.1306059443914147,
      "direction_conflict": false,
      "scaled_effect": 0.17159975348849998,
      "posterior": {
        "mean": 0.151776801050581,
        "variance": 0.11138768209022934,
        "sd": 0.3337479319639739,
        "contraction": 0.6306059443914147,
        "prior_mean": 0.14166006734006745,
        "prior_variance": 0.3015416203888705,
        "source": "pop+cohort+user",
        "lam_js": 0.8768472906403941,
        "n_cohort": 534,
        "z_like": 0.45476476860076664
      },
      "cohort_prior": {
        "mean": 0.13417902621722846,
        "variance": 0.24427088794406634,
        "n": 534
      },
      "user_obs": {
        "slope": 0.16516615762665784,
        "se": 0.253864211874794,
        "n": 61,
        "at_nominal_step": 0.16516615762665784,
        "se_at_step": 0.253864211874794,
        "residual_sd": 1.5482276258805856,
        "sigma_data_used": 3.5
      },
      "gate": {
        "score": 0.6306059443914147,
        "tier": "possible"
      }
    },
    {
      "action": "sleep_duration",
      "outcome": "hrv_daily",
      "nominal_step": 0.5,
      "dose_multiplier": 0.5248686971945116,
      "dose_multiplier_raw": 0.5248686971945116,
      "direction_conflict": false,
      "scaled_effect": 0.06706895827308526,
      "posterior": {
        "mean": 0.12778235515201647,
        "variance": 0.0028607777863874,
        "sd": 0.053486239224565045,
        "contraction": 0.02486869719451157,
        "prior_mean": 0.13540993265993234,
        "prior_variance": 0.0029337359780747863,
        "source": "pop+cohort+user",
        "lam_js": 0.8768472906403941,
        "n_cohort": 534,
        "z_like": 2.389069730917422
      },
      "cohort_prior": {
        "mean": 0.13457651150347733,
        "variance": 0.002897733991751291,
        "n": 534
      },
      "user_obs": {
        "slope": -0.6989182316259243,
        "se": 0.5608694495876818,
        "n": 61,
        "at_nominal_step": -0.34945911581296213,
        "se_at_step": 0.2804347247938409,
        "residual_sd": 1.5482276258805834,
        "sigma_data_used": 3.5
      },
      "gate": {
        "score": 0.02486869719451157,
        "tier": "not_exposed"
      }
    },
    {
      "action": "training_load",
      "outcome": "hrv_daily",
      "nominal_step": 100.0,
      "dose_multiplier": 0.5,
      "dose_multiplier_raw": 1.453198732892631,
      "direction_conflict": true,
      "scaled_effect": 0.24963018398332065,
      "posterior": {
        "mean": 0.4992603679666413,
        "variance": 0.19143842604721878,
        "sd": 0.4375367710801217,
        "contraction": 0.953198732892631,
        "prior_mean": -5.056217651515151,
        "prior_variance": 4.090453910318943,
        "source": "pop+cohort+user",
        "lam_js": 0.8768472906403941,
        "n_cohort": 534,
        "z_like": 1.1410706504373247
      },
      "cohort_prior": {
        "mean": -5.061554325842696,
        "variance": 4.099093150953106,
        "n": 534
      },
      "user_obs": {
        "slope": 0.007717302505750761,
        "se": 0.017613311310977254,
        "n": 61,
        "at_nominal_step": 0.7717302505750762,
        "se_at_step": 1.7613311310977253,
        "residual_sd": 1.5482276258805858,
        "sigma_data_used": 3.5
      },
      "gate": {
        "score": 0.4765993664463155,
        "tier": "possible"
      }
    },
    {
      "action": "training_load",
      "outcome": "resting_hr",
      "nominal_step": 100.0,
      "dose_multiplier": 1.4202913672264268,
      "dose_multiplier_raw": 1.4202913672264268,
      "direction_conflict": false,
      "scaled_effect": 1.1750496836568582,
      "posterior": {
        "mean": 0.8273300188759991,
        "variance": 0.02172769145839557,
        "sd": 0.14740315959434372,
        "contraction": 0.9202913672264267,
        "prior_mean": 1.305251261157877,
        "prior_variance": 0.2725889367606766,
        "source": "pop+cohort+user",
        "lam_js": 0.8768472906403941,
        "n_cohort": 534,
        "z_like": 5.6127020692963905
      },
      "cohort_prior": {
        "mean": 1.306352479669686,
        "variance": 0.273049088182262,
        "n": 534
      },