{
  "pid": 305,
  "cohort": "cohort_a",
  "age": 37,
  "is_female": false,
  "effects_bayesian": [
    {
      "action": "active_energy",
      "outcome": "deep_sleep",
      "nominal_step": 100.0,
      "dose_multiplier": 0.5118541161188561,
      "dose_multiplier_raw": 0.5118541161188561,
      "direction_conflict": false,
      "scaled_effect": 0.3309831399431376,
      "posterior": {
        "mean": 0.6466356907566237,
        "variance": 0.07574644520348621,
        "sd": 0.2752207208832326,
        "contraction": 0.011854116118856117,
        "prior_mean": 0.6921665440115441,
        "prior_variance": 0.07665512394382158,
        "source": "pop+cohort+user",
        "lam_js": 0.8768472906403941,
        "n_cohort": 534,
        "z_like": 2.3495167394426337
      },
      "cohort_prior": {
        "mean": 0.6984414526484751,
        "variance": 0.07805127404443395,
        "n": 534
      },
      "user_obs": {
        "slope": -0.011680574993158298,
        "se": 0.006830369743226465,
        "n": 52,
        "at_nominal_step": -1.1680574993158297,
        "se_at_step": 0.6830369743226465,
        "residual_sd": 1.9130839423044148,
        "sigma_data_used": 12.0
      },
      "gate": {
        "score": 0.011854116118856117,
        "tier": "not_exposed"
      }
    },
    {
      "action": "bedtime",
      "outcome": "deep_sleep",
      "nominal_step": -0.5,
      "dose_multiplier": 0.748534970945571,
      "dose_multiplier_raw": 0.748534970945571,
      "direction_conflict": false,
      "scaled_effect": 0.3909874222201592,
      "posterior": {
        "mean": 0.522336881236494,
        "variance": 0.7098909129510391,
        "sd": 0.8425502435766303,
        "contraction": 0.24853497094557098,
        "prior_mean": 0.6072164646464647,
        "prior_variance": 0.9446759137205589,
        "source": "pop+cohort+user",
        "lam_js": 0.8768472906403941,
        "n_cohort": 534,
        "z_like": 0.6199474573993013
      },
      "cohort_prior": {
        "mean": 0.6056498876404495,
        "variance": 0.9560138510611396,
        "n": 534
      },
      "user_obs": {
        "slope": -0.5601849593792151,
        "se": 0.9156143765240832,
        "n": 52,
        "at_nominal_step": 0.28009247968960754,
        "se_at_step": 0.4578071882620416,
        "residual_sd": 1.8766076345776563,
        "sigma_data_used": 12.0
      },
      "gate": {
        "score": 0.24853497094557098,
        "tier": "not_exposed"
      }
    },
    {
      "action": "bedtime",
      "outcome": "sleep_quality",
      "nominal_step": -0.5,
      "dose_multiplier": 0.9853573822158039,
      "dose_multiplier_raw": 0.9853573822158039,
      "direction_conflict": false,
      "scaled_effect": 0.489613523332308,
      "posterior": {
        "mean": 0.4968892831870796,
        "variance": 0.4564371519438438,
        "sd": 0.6756013261856757,
        "contraction": 0.48535738221580393,
        "prior_mean": 0.4607862962962966,
        "prior_variance": 0.8869011935098631,
        "source": "pop+cohort+user",
        "lam_js": 0.8768472906403941,
        "n_cohort": 534,
        "z_like": 0.7354770689874569
      },
      "cohort_prior": {
        "mean": 0.46373086142322145,
        "variance": 0.8849888909576128,
        "n": 534
      },
      "user_obs": {
        "slope": -1.0651438881266257,
        "se": 0.5839749877544035,
        "n": 52,
        "at_nominal_step": 0.5325719440633129,
        "se_at_step": 0.29198749387720174,
        "residual_sd": 1.1968924347634269,
        "sigma_data_used": 7.0
      },
      "gate": {
        "score": 0.48535738221580393,
        "tier": "possible"
      }
    },
    {
      "action": "running_volume",
      "outcome": "hrv_daily",
      "nominal_step": 30.0,
      "dose_multiplier": 1.097681901617898,
      "dose_multiplier_raw": 1.097681901617898,
      "direction_conflict": false,
      "scaled_effect": 0.040544810068983354,
      "posterior": {
        "mean": 0.036936757369528866,
        "variance": 0.12131565129790807,
        "sd": 0.3483039639422843,
        "contraction": 0.597681901617898,
        "prior_mean": 0.14166006734006745,
        "prior_variance": 0.3015416203888705,
        "source": "pop+cohort+user",
        "lam_js": 0.8768472906403941,
        "n_cohort": 534,
        "z_like": 0.10604747919449309
      },
      "cohort_prior": {
        "mean": 0.13417902621722846,
        "variance": 0.24427088794406634,
        "n": 534
      },
      "user_obs": {
        "slope": -0.05551871145679022,
        "se": 0.4736951014222799,
        "n": 52,
        "at_nominal_step": -0.05551871145679022,
        "se_at_step": 0.4736951014222799,
        "residual_sd": 1.9122490949491977,
        "sigma_data_used": 3.5
      },
      "gate": {
        "score": 0.597681901617898,
        "tier": "possible"
      }
    },
    {
      "action": "sleep_duration",
      "outcome": "hrv_daily",
      "nominal_step": 0.5,
      "dose_multiplier": 0.5228148534357926,
      "dose_multiplier_raw": 0.5228148534357926,
      "direction_conflict": false,
      "scaled_effect": 0.07095594722671822,
      "posterior": {
        "mean": 0.1357190729383751,
        "variance": 0.0028668032217156986,
        "sd": 0.05354253656407865,
        "contraction": 0.022814853435792593,
        "prior_mean": 0.13540993265993234,
        "prior_variance": 0.0029337359780747863,
        "source": "pop+cohort+user",
        "lam_js": 0.8768472906403941,
        "n_cohort": 534,
        "z_like": 2.534789751246641
      },
      "cohort_prior": {
        "mean": 0.13457651150347733,
        "variance": 0.002897733991751291,
        "n": 534
      },
      "user_obs": {
        "slope": 0.44026779434961266,
        "se": 0.865009346703482,
        "n": 52,
        "at_nominal_step": 0.22013389717480633,
        "se_at_step": 0.432504673351741,
        "residual_sd": 1.912249094949197,
        "sigma_data_used": 3.5
      },
      "gate": {
        "score": 0.022814853435792593,
        "tier": "not_exposed"
      }
    },
    {
      "action": "training_load",
      "outcome": "hrv_daily",
      "nominal_step": 100.0,
      "dose_multiplier": 1.4455388456212095,
      "dose_multiplier_raw": 1.4455388456212095,
      "direction_conflict": false,
      "scaled_effect": -0.10952604804688623,
      "posterior": {
        "mean": -0.07576831876822945,
        "variance": 0.22277084188920668,
        "sd": 0.4719860611174939,
        "contraction": 0.9455388456212096,
        "prior_mean": -5.056217651515151,
        "prior_variance": 4.090453910318943,
        "source": "pop+cohort+user",
        "lam_js": 0.8768472906403941,
        "n_cohort": 534,
        "z_like": -0.16053083980666127
      },
      "cohort_prior": {
        "mean": -5.061554325842696,
        "variance": 4.099093150953106,
        "n": 534
      },
      "user_obs": {
        "slope": 0.002108040322697999,
        "se": 0.024476305605881685,
        "n": 52,
        "at_nominal_step": 0.21080403226979988,
        "se_at_step": 2.4476305605881685,
        "residual_sd": 1.9122490949491984,
        "sigma_data_used": 3.5
      },
      "gate": {
        "score": 0.9455388456212096,
        "tier": "recommended"
      }
    },
    {
      "action": "training_load",
      "outcome": "resting_hr",
      "nominal_step": 100.0,
      "dose_multiplier": 1.4077661942706743,
      "dose_multiplier_raw": 1.4077661942706743,
      "direction_conflict": false,
      "scaled_effect": 1.601424031613651,
      "posterior": {
        "mean": 1.1375639208635107,
        "variance": 0.025141915037147702,
        "sd": 0.15856202268244343,
        "contraction": 0.9077661942706743,
        "prior_mean": 1.305251261157877,
        "prior_variance": 0.2725889367606766,
        "source": "pop+cohort+user",
        "lam_js": 0.8768472906403941,
        "n_cohort": 534,
        "z_like": 7.174252078896228
      },
      "cohort_prior": {
        "mean": 1.306352479669686,