{
  "pid": 710,
  "cohort": "cohort_b",
  "age": 49,
  "is_female": false,
  "effects_bayesian": [
    {
      "action": "active_energy",
      "outcome": "deep_sleep",
      "nominal_step": 100.0,
      "dose_multiplier": 0.541048371042292,
      "dose_multiplier_raw": 0.541048371042292,
      "direction_conflict": false,
      "scaled_effect": 0.3667979770656894,
      "posterior": {
        "mean": 0.6779393427598325,
        "variance": 0.07350855597388271,
        "sd": 0.2711246133678806,
        "contraction": 0.041048371042291976,
        "prior_mean": 0.6921665440115441,
        "prior_variance": 0.07665512394382158,
        "source": "pop+cohort+user",
        "lam_js": 0.8472505091649695,
        "n_cohort": 416,
        "z_like": 2.5004714044163805
      },
      "cohort_prior": {
        "mean": 0.6841722046703297,
        "variance": 0.07489465690295352,
        "n": 416
      },
      "user_obs": {
        "slope": 0.003458109652876948,
        "se": 0.007701355159232177,
        "n": 43,
        "at_nominal_step": 0.3458109652876948,
        "se_at_step": 0.7701355159232177,
        "residual_sd": 1.9364639785746196,
        "sigma_data_used": 12.0
      },
      "gate": {
        "score": 0.041048371042291976,
        "tier": "not_exposed"
      }
    },
    {
      "action": "bedtime",
      "outcome": "deep_sleep",
      "nominal_step": -0.5,
      "dose_multiplier": 0.7234108673077974,
      "dose_multiplier_raw": 0.7234108673077974,
      "direction_conflict": false,
      "scaled_effect": 0.46268623897463296,
      "posterior": {
        "mean": 0.6395898373721401,
        "variance": 0.7336250485114629,
        "sd": 0.8565191466111326,
        "contraction": 0.22341086730779736,
        "prior_mean": 0.6072164646464647,
        "prior_variance": 0.9446759137205589,
        "source": "pop+cohort+user",
        "lam_js": 0.8472505091649695,
        "n_cohort": 416,
        "z_like": 0.7467315119606074
      },
      "cohort_prior": {
        "mean": 0.6215986538461539,
        "variance": 0.9384823525592582,
        "n": 416
      },
      "user_obs": {
        "slope": -1.4231116427807582,
        "se": 1.2888643556607073,
        "n": 43,
        "at_nominal_step": 0.7115558213903791,
        "se_at_step": 0.6444321778303537,
        "residual_sd": 1.955227792483256,
        "sigma_data_used": 12.0
      },
      "gate": {
        "score": 0.22341086730779736,
        "tier": "not_exposed"
      }
    },
    {
      "action": "bedtime",
      "outcome": "sleep_quality",
      "nominal_step": -0.5,
      "dose_multiplier": 0.9334507219430569,
      "dose_multiplier_raw": 0.9334507219430569,
      "direction_conflict": false,
      "scaled_effect": 0.39421739307306275,
      "posterior": {
        "mean": 0.4223226612889278,
        "variance": 0.5024732308908542,
        "sd": 0.7088534622126453,
        "contraction": 0.4334507219430569,
        "prior_mean": 0.4607862962962966,
        "prior_variance": 0.8869011935098631,
        "source": "pop+cohort+user",
        "lam_js": 0.8472505091649695,
        "n_cohort": 416,
        "z_like": 0.5957827446742968
      },
      "cohort_prior": {
        "mean": 0.4770937500000001,
        "variance": 0.9009695161433738,
        "n": 416
      },
      "user_obs": {
        "slope": -0.7120783869271631,
        "se": 1.1379487978458287,
        "n": 43,
        "at_nominal_step": 0.35603919346358154,
        "se_at_step": 0.5689743989229143,
        "residual_sd": 1.7262864832897828,
        "sigma_data_used": 7.0
      },
      "gate": {
        "score": 0.4334507219430569,
        "tier": "possible"
      }
    },
    {
      "action": "running_volume",
      "outcome": "hrv_daily",
      "nominal_step": 30.0,
      "dose_multiplier": 1.079732420712348,
      "dose_multiplier_raw": 1.079732420712348,
      "direction_conflict": false,
      "scaled_effect": 0.07952545561176749,
      "posterior": {
        "mean": 0.0736529292686247,
        "variance": 0.12672816685530672,
        "sd": 0.35598899822228597,
        "contraction": 0.579732420712348,
        "prior_mean": 0.14166006734006745,
        "prior_variance": 0.3015416203888705,
        "source": "pop+cohort+user",
        "lam_js": 0.8472505091649695,
        "n_cohort": 416,
        "z_like": 0.20689664466157034
      },
      "cohort_prior": {
        "mean": 0.11986480769230796,
        "variance": 0.2186938498312511,
        "n": 416
      },
      "user_obs": {
        "slope": 0.011826113298031193,
        "se": 0.32135233816198083,
        "n": 43,
        "at_nominal_step": 0.011826113298031193,
        "se_at_step": 0.32135233816198083,
        "residual_sd": 1.7736936592119665,
        "sigma_data_used": 3.5
      },
      "gate": {
        "score": 0.579732420712348,
        "tier": "possible"
      }
    },
    {
      "action": "sleep_duration",
      "outcome": "hrv_daily",
      "nominal_step": 0.5,
      "dose_multiplier": 0.5025484166260212,
      "dose_multiplier_raw": 0.5025484166260212,
      "direction_conflict": false,
      "scaled_effect": 0.06991583929380674,
      "posterior": {
        "mean": 0.1391225939247872,
        "variance": 0.002926259596531904,
        "sd": 0.054094912852614,
        "contraction": 0.0025484166260212326,
        "prior_mean": 0.13540993265993234,
        "prior_variance": 0.0029337359780747863,
        "source": "pop+cohort+user",
        "lam_js": 0.8472505091649695,
        "n_cohort": 416,
        "z_like": 2.571823977308884
      },
      "cohort_prior": {
        "mean": 0.13603296703296702,
        "variance": 0.002960794899166767,
        "n": 416
      },
      "user_obs": {
        "slope": 0.8919820793408002,
        "se": 0.879032974731664,
        "n": 43,
        "at_nominal_step": 0.4459910396704001,
        "se_at_step": 0.439516487365832,
        "residual_sd": 1.7736936592119679,
        "sigma_data_used": 3.5
      },
      "gate": {
        "score": 0.0025484166260212326,
        "tier": "not_exposed"
      }
    },
    {
      "action": "training_load",
      "outcome": "hrv_daily",
      "nominal_step": 100.0,
      "dose_multiplier": 0.5,
      "dose_multiplier_raw": 1.4349137569964086,
      "direction_conflict": true,
      "scaled_effect": 1.5834038094103904,
      "posterior": {
        "mean": 3.1668076188207808,
        "variance": 0.26623227720200965,
        "sd": 0.5159770122805953,
        "contraction": 0.9349137569964086,
        "prior_mean": -5.056217651515151,
        "prior_variance": 4.090453910318943,
        "source": "pop+cohort+user",
        "lam_js": 0.8472505091649695,
        "n_cohort": 416,
        "z_like": 6.137497492036772
      },
      "cohort_prior": {
        "mean": -5.038698533653847,
        "variance": 4.062157266087269,
        "n": 416
      },
      "user_obs": {
        "slope": 0.03741848518498722,
        "se": 0.026335047845660688,
        "n": 43,
        "at_nominal_step": 3.7418485184987222,
        "se_at_step": 2.633504784566069,
        "residual_sd": 1.7736936592119665,
        "sigma_data_used": 3.5
      },
      "gate": {
        "score": 0.4674568784982043,
        "tier": "possible"
      }
    },
    {
      "action": "training_load",
      "outcome": "resting_hr",
      "nominal_step": 100.0,
      "dose_multiplier": 0.5,
      "dose_multiplier_raw": 1.3906449036653836,
      "direction_conflict": true,
      "scaled_effect": -0.005647634580072611,
      "posterior": {
        "mean": -0.011295269160145222,
        "variance": 0.029808989439214433,
        "sd": 0.17265280026461904,
        "contraction": 0.8906449036653836,
        "prior_mean": 1.305251261157877,
        "prior_variance": 0.2725889367606766,
        "source": "pop+cohort+user",
        "lam_js": 0.8472505091649695,
        "n_cohort": 416,
        "z_like": -0.06542187061451277
      },
      "cohort_prior": {
        "mean": 1.3016362050919952,
        "variance": 0.2710810896650065,
        "n": 416
      },