{
  "pid": 128,
  "cohort": "cohort_a",
  "age": 40,
  "is_female": true,
  "effects_bayesian": [
    {
      "action": "active_energy",
      "outcome": "deep_sleep",
      "nominal_step": 100.0,
      "dose_multiplier": 0.5108134582830478,
      "dose_multiplier_raw": 0.5108134582830478,
      "direction_conflict": false,
      "scaled_effect": 0.3280092165019264,
      "posterior": {
        "mean": 0.6421311169138628,
        "variance": 0.0758262169588732,
        "sd": 0.2753656059838868,
        "contraction": 0.010813458283047805,
        "prior_mean": 0.6921665440115441,
        "prior_variance": 0.07665512394382158,
        "source": "pop+cohort+user",
        "lam_js": 0.8768472906403941,
        "n_cohort": 534,
        "z_like": 2.331922008267937
      },
      "cohort_prior": {
        "mean": 0.6984414526484751,
        "variance": 0.07805127404443395,
        "n": 534
      },
      "user_obs": {
        "slope": -0.0141173608688063,
        "se": 0.007641839028138746,
        "n": 50,
        "at_nominal_step": -1.4117360868806301,
        "se_at_step": 0.7641839028138746,
        "residual_sd": 2.027475551174048,
        "sigma_data_used": 12.0
      },
      "gate": {
        "score": 0.010813458283047805,
        "tier": "not_exposed"
      }
    },
    {
      "action": "bedtime",
      "outcome": "deep_sleep",
      "nominal_step": -0.5,
      "dose_multiplier": 0.7410520507711209,
      "dose_multiplier_raw": 0.7410520507711209,
      "direction_conflict": false,
      "scaled_effect": 0.4817538290083658,
      "posterior": {
        "mean": 0.6500944549132066,
        "variance": 0.7169598474041358,
        "sd": 0.8467348152781576,
        "contraction": 0.2410520507711209,
        "prior_mean": 0.6072164646464647,
        "prior_variance": 0.9446759137205589,
        "source": "pop+cohort+user",
        "lam_js": 0.8768472906403941,
        "n_cohort": 534,
        "z_like": 0.7677662984716727
      },
      "cohort_prior": {
        "mean": 0.6056498876404495,
        "variance": 0.9560138510611396,
        "n": 534
      },
      "user_obs": {
        "slope": -1.5671998797524183,
        "se": 0.8619483207086616,
        "n": 50,
        "at_nominal_step": 0.7835999398762091,
        "se_at_step": 0.4309741603543308,
        "residual_sd": 2.0309072738187663,
        "sigma_data_used": 12.0
      },
      "gate": {
        "score": 0.2410520507711209,
        "tier": "not_exposed"
      }
    },
    {
      "action": "bedtime",
      "outcome": "sleep_quality",
      "nominal_step": -0.5,
      "dose_multiplier": 0.9755875318731233,
      "dose_multiplier_raw": 0.9755875318731233,
      "direction_conflict": false,
      "scaled_effect": 0.6745068007708384,
      "posterior": {
        "mean": 0.6913852204279288,
        "variance": 0.46510204387317994,
        "sd": 0.6819839029428627,
        "contraction": 0.4755875318731233,
        "prior_mean": 0.4607862962962966,
        "prior_variance": 0.8869011935098631,
        "source": "pop+cohort+user",
        "lam_js": 0.8768472906403941,
        "n_cohort": 534,
        "z_like": 1.0137852483680305
      },
      "cohort_prior": {
        "mean": 0.46373086142322145,
        "variance": 0.8849888909576128,
        "n": 534
      },
      "user_obs": {
        "slope": -1.887629465886679,
        "se": 0.5773577576368516,
        "n": 50,
        "at_nominal_step": 0.9438147329433395,
        "se_at_step": 0.2886788788184258,
        "residual_sd": 1.3603600603529682,
        "sigma_data_used": 7.0
      },
      "gate": {
        "score": 0.4755875318731233,
        "tier": "possible"
      }
    },
    {
      "action": "running_volume",
      "outcome": "hrv_daily",
      "nominal_step": 30.0,
      "dose_multiplier": 1.089552313301898,
      "dose_multiplier_raw": 1.089552313301898,
      "direction_conflict": false,
      "scaled_effect": 0.6940179195514304,
      "posterior": {
        "mean": 0.6369753072692792,
        "variance": 0.12376706053180914,
        "sd": 0.3518054299350838,
        "contraction": 0.589552313301898,
        "prior_mean": 0.14166006734006745,
        "prior_variance": 0.3015416203888705,
        "source": "pop+cohort+user",
        "lam_js": 0.8768472906403941,
        "n_cohort": 534,
        "z_like": 1.8105897552144543
      },
      "cohort_prior": {
        "mean": 0.13417902621722846,
        "variance": 0.24427088794406634,
        "n": 534
      },
      "user_obs": {
        "slope": 1.1285744263414117,
        "se": 0.48893955600036715,
        "n": 50,
        "at_nominal_step": 1.1285744263414117,
        "se_at_step": 0.48893955600036715,
        "residual_sd": 2.7671197330097104,
        "sigma_data_used": 3.5
      },
      "gate": {
        "score": 0.589552313301898,
        "tier": "possible"
      }
    },
    {
      "action": "sleep_duration",
      "outcome": "hrv_daily",
      "nominal_step": 0.5,
      "dose_multiplier": 0.5223572682385516,
      "dose_multiplier_raw": 0.5223572682385516,
      "direction_conflict": false,
      "scaled_effect": 0.06047096962893722,
      "posterior": {
        "mean": 0.11576553693385419,
        "variance": 0.002868145655871879,
        "sd": 0.053555071243271433,
        "contraction": 0.022357268238551553,
        "prior_mean": 0.13540993265993234,
        "prior_variance": 0.0029337359780747863,
        "source": "pop+cohort+user",
        "lam_js": 0.8768472906403941,
        "n_cohort": 534,
        "z_like": 2.161616710544452
      },
      "cohort_prior": {
        "mean": 0.13457651150347733,
        "variance": 0.002897733991751291,
        "n": 534
      },
      "user_obs": {
        "slope": -2.9618828256247416,
        "se": 1.4607073600800922,
        "n": 50,
        "at_nominal_step": -1.4809414128123708,
        "se_at_step": 0.7303536800400461,
        "residual_sd": 2.767119733009709,
        "sigma_data_used": 3.5
      },
      "gate": {
        "score": 0.022357268238551553,
        "tier": "not_exposed"
      }
    },
    {
      "action": "training_load",
      "outcome": "hrv_daily",
      "nominal_step": 100.0,
      "dose_multiplier": 0.5,
      "dose_multiplier_raw": 1.4434832905273263,
      "direction_conflict": true,
      "scaled_effect": 4.114817074554943,
      "posterior": {
        "mean": 8.229634149109886,
        "variance": 0.23117899526085767,
        "sd": 0.480810768661495,
        "contraction": 0.9434832905273264,
        "prior_mean": -5.056217651515151,
        "prior_variance": 4.090453910318943,
        "source": "pop+cohort+user",
        "lam_js": 0.8768472906403941,
        "n_cohort": 534,
        "z_like": 17.11616021417314
      },
      "cohort_prior": {
        "mean": -5.061554325842696,
        "variance": 4.099093150953106,
        "n": 534
      },
      "user_obs": {
        "slope": 0.09024206749321993,
        "se": 0.040641130730225086,
        "n": 50,
        "at_nominal_step": 9.024206749321992,
        "se_at_step": 4.064113073022509,
        "residual_sd": 2.767119733009709,
        "sigma_data_used": 3.5
      },
      "gate": {
        "score": 0.4717416452636632,
        "tier": "possible"
      }
    },
    {
      "action": "training_load",
      "outcome": "resting_hr",
      "nominal_step": 100.0,
      "dose_multiplier": 1.4044289164043262,
      "dose_multiplier_raw": 1.4044289164043262,
      "direction_conflict": false,
      "scaled_effect": 1.8180298122441572,
      "posterior": {
        "mean": 1.2944975648171273,
        "variance": 0.026051620062410456,
        "sd": 0.16140514261451044,
        "contraction": 0.9044289164043262,
        "prior_mean": 1.305251261157877,
        "prior_variance": 0.2725889367606766,
        "source": "pop+cohort+user",
        "lam_js": 0.8768472906403941,
        "n_cohort": 534,
        "z_like": 8.020175465591088
      },
      "cohort_prior": {
        "mean": 1.306352479669686,
        "variance": 0.273049088182262,
        "n": 534
      },