{
  "pid": 316,
  "cohort": "cohort_a",
  "age": 33,
  "is_female": false,
  "effects_bayesian": [
    {
      "action": "active_energy",
      "outcome": "deep_sleep",
      "nominal_step": 100.0,
      "dose_multiplier": 0.5108134582830478,
      "dose_multiplier_raw": 0.5108134582830478,
      "direction_conflict": false,
      "scaled_effect": 0.35161669815296615,
      "posterior": {
        "mean": 0.6883465822040483,
        "variance": 0.0758262169588732,
        "sd": 0.2753656059838868,
        "contraction": 0.010813458283047805,
        "prior_mean": 0.6921665440115441,
        "prior_variance": 0.07665512394382158,
        "source": "pop+cohort+user",
        "lam_js": 0.8768472906403941,
        "n_cohort": 534,
        "z_like": 2.4997551155474635
      },
      "cohort_prior": {
        "mean": 0.6984414526484751,
        "variance": 0.07805127404443395,
        "n": 534
      },
      "user_obs": {
        "slope": 0.0034360059446700425,
        "se": 0.006378347944582911,
        "n": 50,
        "at_nominal_step": 0.34360059446700425,
        "se_at_step": 0.6378347944582912,
        "residual_sd": 1.6323862007418923,
        "sigma_data_used": 12.0
      },
      "gate": {
        "score": 0.010813458283047805,
        "tier": "not_exposed"
      }
    },
    {
      "action": "bedtime",
      "outcome": "deep_sleep",
      "nominal_step": -0.5,
      "dose_multiplier": 0.7410520507711209,
      "dose_multiplier_raw": 0.7410520507711209,
      "direction_conflict": false,
      "scaled_effect": 0.40386797910496586,
      "posterior": {
        "mean": 0.5449927284928374,
        "variance": 0.7169598474041358,
        "sd": 0.8467348152781576,
        "contraction": 0.2410520507711209,
        "prior_mean": 0.6072164646464647,
        "prior_variance": 0.9446759137205589,
        "source": "pop+cohort+user",
        "lam_js": 0.8768472906403941,
        "n_cohort": 534,
        "z_like": 0.6436403920793122
      },
      "cohort_prior": {
        "mean": 0.6056498876404495,
        "variance": 0.9560138510611396,
        "n": 534
      },
      "user_obs": {
        "slope": -0.7228207330355972,
        "se": 0.6200127226287622,
        "n": 50,
        "at_nominal_step": 0.3614103665177986,
        "se_at_step": 0.3100063613143811,
        "residual_sd": 1.5930885408451387,
        "sigma_data_used": 12.0
      },
      "gate": {
        "score": 0.2410520507711209,
        "tier": "not_exposed"
      }
    },
    {
      "action": "bedtime",
      "outcome": "sleep_quality",
      "nominal_step": -0.5,
      "dose_multiplier": 0.9755875318731233,
      "dose_multiplier_raw": 0.9755875318731233,
      "direction_conflict": false,
      "scaled_effect": 0.4088318602823735,
      "posterior": {
        "mean": 0.419062202955196,
        "variance": 0.46510204387317994,
        "sd": 0.6819839029428627,
        "contraction": 0.4755875318731233,
        "prior_mean": 0.4607862962962966,
        "prior_variance": 0.8869011935098631,
        "source": "pop+cohort+user",
        "lam_js": 0.8768472906403941,
        "n_cohort": 534,
        "z_like": 0.6144752114337007
      },
      "cohort_prior": {
        "mean": 0.46373086142322145,
        "variance": 0.8849888909576128,
        "n": 534
      },
      "user_obs": {
        "slope": -0.7400251470544539,
        "se": 0.46003680599055713,
        "n": 50,
        "at_nominal_step": 0.37001257352722694,
        "se_at_step": 0.23001840299527856,
        "residual_sd": 1.1820392344261175,
        "sigma_data_used": 7.0
      },
      "gate": {
        "score": 0.4755875318731233,
        "tier": "possible"
      }
    },
    {
      "action": "running_volume",
      "outcome": "hrv_daily",
      "nominal_step": 30.0,
      "dose_multiplier": 1.089552313301898,
      "dose_multiplier_raw": 1.089552313301898,
      "direction_conflict": false,
      "scaled_effect": 0.1266183152819432,
      "posterior": {
        "mean": 0.11621132251853539,
        "variance": 0.12376706053180914,
        "sd": 0.3518054299350838,
        "contraction": 0.589552313301898,
        "prior_mean": 0.14166006734006745,
        "prior_variance": 0.3015416203888705,
        "source": "pop+cohort+user",
        "lam_js": 0.8768472906403941,
        "n_cohort": 534,
        "z_like": 0.330328393566805
      },
      "cohort_prior": {
        "mean": 0.13417902621722846,
        "variance": 0.24427088794406634,
        "n": 534
      },
      "user_obs": {
        "slope": 0.097709059452123,
        "se": 0.32763079709231957,
        "n": 50,
        "at_nominal_step": 0.097709059452123,
        "se_at_step": 0.32763079709231957,
        "residual_sd": 1.885538463049313,
        "sigma_data_used": 3.5
      },
      "gate": {
        "score": 0.589552313301898,
        "tier": "possible"
      }
    },
    {
      "action": "sleep_duration",
      "outcome": "hrv_daily",
      "nominal_step": 0.5,
      "dose_multiplier": 0.5223572682385516,
      "dose_multiplier_raw": 0.5223572682385516,
      "direction_conflict": false,
      "scaled_effect": 0.06820133359180114,
      "posterior": {
        "mean": 0.13056453454124192,
        "variance": 0.002868145655871879,
        "sd": 0.053555071243271433,
        "contraction": 0.022357268238551553,
        "prior_mean": 0.13540993265993234,
        "prior_variance": 0.0029337359780747863,
        "source": "pop+cohort+user",
        "lam_js": 0.8768472906403941,
        "n_cohort": 534,
        "z_like": 2.4379490403095265
      },
      "cohort_prior": {
        "mean": 0.13457651150347733,
        "variance": 0.002897733991751291,
        "n": 534
      },
      "user_obs": {
        "slope": -0.43359113556563655,
        "se": 0.8660508023131471,
        "n": 50,
        "at_nominal_step": -0.21679556778281828,
        "se_at_step": 0.43302540115657356,
        "residual_sd": 1.8855384630493115,
        "sigma_data_used": 3.5
      },
      "gate": {
        "score": 0.022357268238551553,
        "tier": "not_exposed"
      }
    },
    {
      "action": "training_load",
      "outcome": "hrv_daily",
      "nominal_step": 100.0,
      "dose_multiplier": 1.4434832905273263,
      "dose_multiplier_raw": 1.4434832905273263,
      "direction_conflict": false,
      "scaled_effect": -3.7916242195580376,
      "posterior": {
        "mean": -2.6267184694413053,
        "variance": 0.23117899526085767,
        "sd": 0.480810768661495,
        "contraction": 0.9434832905273264,
        "prior_mean": -5.056217651515151,
        "prior_variance": 4.090453910318943,
        "source": "pop+cohort+user",
        "lam_js": 0.8768472906403941,
        "n_cohort": 534,
        "z_like": -5.463102410858424
      },
      "cohort_prior": {
        "mean": -5.061554325842696,
        "variance": 4.099093150953106,
        "n": 534
      },
      "user_obs": {
        "slope": -0.024811914316146908,
        "se": 0.023508304886666977,
        "n": 50,
        "at_nominal_step": -2.481191431614691,
        "se_at_step": 2.3508304886666975,
        "residual_sd": 1.8855384630493124,
        "sigma_data_used": 3.5
      },
      "gate": {
        "score": 0.9434832905273264,
        "tier": "recommended"
      }
    },
    {
      "action": "training_load",
      "outcome": "resting_hr",
      "nominal_step": 100.0,
      "dose_multiplier": 1.4044289164043262,
      "dose_multiplier_raw": 1.4044289164043262,
      "direction_conflict": false,
      "scaled_effect": 0.40509794111812925,
      "posterior": {
        "mean": 0.28844317885114246,
        "variance": 0.026051620062410456,
        "sd": 0.16140514261451044,
        "contraction": 0.9044289164043262,
        "prior_mean": 1.305251261157877,
        "prior_variance": 0.2725889367606766,
        "source": "pop+cohort+user",
        "lam_js": 0.8768472906403941,
        "n_cohort": 534,
        "z_like": 1.7870755180337805
      },
      "cohort_prior": {
        "mean": 1.306352479669686,