{
  "pid": 260,
  "cohort": "cohort_a",
  "age": 41,
  "is_female": false,
  "effects_bayesian": [
    {
      "action": "active_energy",
      "outcome": "deep_sleep",
      "nominal_step": 100.0,
      "dose_multiplier": 0.5113340610468459,
      "dose_multiplier_raw": 0.5113340610468459,
      "direction_conflict": false,
      "scaled_effect": 0.35443033565681087,
      "posterior": {
        "mean": 0.6931483009975737,
        "variance": 0.07578631008948877,
        "sd": 0.27529313483900897,
        "contraction": 0.011334061046845867,
        "prior_mean": 0.6921665440115441,
        "prior_variance": 0.07665512394382158,
        "source": "pop+cohort+user",
        "lam_js": 0.8768472906403941,
        "n_cohort": 534,
        "z_like": 2.51785538132989
      },
      "cohort_prior": {
        "mean": 0.6984414526484751,
        "variance": 0.07805127404443395,
        "n": 534
      },
      "user_obs": {
        "slope": 0.005292553500267524,
        "se": 0.008041400328328991,
        "n": 51,
        "at_nominal_step": 0.5292553500267524,
        "se_at_step": 0.8041400328328991,
        "residual_sd": 2.0657816229539243,
        "sigma_data_used": 12.0
      },
      "gate": {
        "score": 0.011334061046845867,
        "tier": "not_exposed"
      }
    },
    {
      "action": "bedtime",
      "outcome": "deep_sleep",
      "nominal_step": -0.5,
      "dose_multiplier": 0.7448120468796667,
      "dose_multiplier_raw": 0.7448120468796667,
      "direction_conflict": false,
      "scaled_effect": 0.36200043152722355,
      "posterior": {
        "mean": 0.4860292379047798,
        "variance": 0.7134078696447095,
        "sd": 0.8446347551721451,
        "contraction": 0.24481204687966673,
        "prior_mean": 0.6072164646464647,
        "prior_variance": 0.9446759137205589,
        "source": "pop+cohort+user",
        "lam_js": 0.8768472906403941,
        "n_cohort": 534,
        "z_like": 0.5754312558517938
      },
      "cohort_prior": {
        "mean": 0.6056498876404495,
        "variance": 0.9560138510611396,
        "n": 534
      },
      "user_obs": {
        "slope": -0.2632880161504585,
        "se": 0.9023746066005415,
        "n": 51,
        "at_nominal_step": 0.13164400807522925,
        "se_at_step": 0.45118730330027074,
        "residual_sd": 2.0368131277303703,
        "sigma_data_used": 12.0
      },
      "gate": {
        "score": 0.24481204687966673,
        "tier": "not_exposed"
      }
    },
    {
      "action": "bedtime",
      "outcome": "sleep_quality",
      "nominal_step": -0.5,
      "dose_multiplier": 0.9805183881875824,
      "dose_multiplier_raw": 0.9805183881875824,
      "direction_conflict": false,
      "scaled_effect": 0.3704040610867511,
      "posterior": {
        "mean": 0.3777635030092769,
        "variance": 0.4607288615228606,
        "sd": 0.6787701094795355,
        "contraction": 0.4805183881875824,
        "prior_mean": 0.4607862962962966,
        "prior_variance": 0.8869011935098631,
        "source": "pop+cohort+user",
        "lam_js": 0.8768472906403941,
        "n_cohort": 534,
        "z_like": 0.5565411583885695
      },
      "cohort_prior": {
        "mean": 0.46373086142322145,
        "variance": 0.8849888909576128,
        "n": 534
      },
      "user_obs": {
        "slope": -0.5697035676972454,
        "se": 0.576712944732176,
        "n": 51,
        "at_nominal_step": 0.2848517838486227,
        "se_at_step": 0.288356472366088,
        "residual_sd": 1.3017393088971603,
        "sigma_data_used": 7.0
      },
      "gate": {
        "score": 0.4805183881875824,
        "tier": "possible"
      }
    },
    {
      "action": "running_volume",
      "outcome": "hrv_daily",
      "nominal_step": 30.0,
      "dose_multiplier": 1.0936577650560966,
      "dose_multiplier_raw": 1.0936577650560966,
      "direction_conflict": false,
      "scaled_effect": 0.1989095097388593,
      "posterior": {
        "mean": 0.18187546058218376,
        "variance": 0.12252909595741975,
        "sd": 0.3500415631856019,
        "contraction": 0.5936577650560966,
        "prior_mean": 0.14166006734006745,
        "prior_variance": 0.3015416203888705,
        "source": "pop+cohort+user",
        "lam_js": 0.8768472906403941,
        "n_cohort": 534,
        "z_like": 0.5195824716556539
      },
      "cohort_prior": {
        "mean": 0.13417902621722846,
        "variance": 0.24427088794406634,
        "n": 534
      },
      "user_obs": {
        "slope": 0.22679448686745834,
        "se": 0.32290035441961934,
        "n": 51,
        "at_nominal_step": 0.22679448686745834,
        "se_at_step": 0.32290035441961934,
        "residual_sd": 1.7738525536129817,
        "sigma_data_used": 3.5
      },
      "gate": {
        "score": 0.5936577650560966,
        "tier": "possible"
      }
    },
    {
      "action": "sleep_duration",
      "outcome": "hrv_daily",
      "nominal_step": 0.5,
      "dose_multiplier": 0.5225861143928368,
      "dose_multiplier_raw": 0.5225861143928368,
      "direction_conflict": false,
      "scaled_effect": 0.07402883720871736,
      "posterior": {
        "mean": 0.14165863801170317,
        "variance": 0.0028674742816756082,
        "sd": 0.05354880280338309,
        "contraction": 0.022586114392836754,
        "prior_mean": 0.13540993265993234,
        "prior_variance": 0.0029337359780747863,
        "source": "pop+cohort+user",
        "lam_js": 0.8768472906403941,
        "n_cohort": 534,
        "z_like": 2.645411859754099
      },
      "cohort_prior": {
        "mean": 0.13457651150347733,
        "variance": 0.002897733991751291,
        "n": 534
      },
      "user_obs": {
        "slope": 1.43864219627704,
        "se": 0.9225323724508693,
        "n": 51,
        "at_nominal_step": 0.71932109813852,
        "se_at_step": 0.46126618622543464,
        "residual_sd": 1.7738525536129828,
        "sigma_data_used": 3.5
      },
      "gate": {
        "score": 0.022586114392836754,
        "tier": "not_exposed"
      }
    },
    {
      "action": "training_load",
      "outcome": "hrv_daily",
      "nominal_step": 100.0,
      "dose_multiplier": 1.4445301047839205,
      "dose_multiplier_raw": 1.4445301047839205,
      "direction_conflict": false,
      "scaled_effect": -6.691561182174319,
      "posterior": {
        "mean": -4.632344566591967,
        "variance": 0.2268970497915945,
        "sd": 0.47633711779746335,
        "contraction": 0.9445301047839205,
        "prior_mean": -5.056217651515151,
        "prior_variance": 4.090453910318943,
        "source": "pop+cohort+user",
        "lam_js": 0.8768472906403941,
        "n_cohort": 534,
        "z_like": -9.724928823543038
      },
      "cohort_prior": {
        "mean": -5.061554325842696,
        "variance": 4.099093150953106,
        "n": 534
      },
      "user_obs": {
        "slope": -0.04607225983428881,
        "se": 0.026189044996345685,
        "n": 51,
        "at_nominal_step": -4.607225983428881,
        "se_at_step": 2.6189044996345685,
        "residual_sd": 1.773852553612982,
        "sigma_data_used": 3.5
      },
      "gate": {
        "score": 0.9445301047839205,
        "tier": "recommended"
      }
    },
    {
      "action": "training_load",
      "outcome": "resting_hr",
      "nominal_step": 100.0,
      "dose_multiplier": 1.4061272069179176,
      "dose_multiplier_raw": 1.4061272069179176,
      "direction_conflict": false,
      "scaled_effect": 1.0122083822902785,
      "posterior": {
        "mean": 0.7198554848454518,
        "variance": 0.025588684856999812,
        "sd": 0.15996463627002006,
        "contraction": 0.9061272069179177,
        "prior_mean": 1.305251261157877,
        "prior_variance": 0.2725889367606766,
        "source": "pop+cohort+user",
        "lam_js": 0.8768472906403941,
        "n_cohort": 534,
        "z_like": 4.5000914053924825
      },
      "cohort_prior": {
        "mean": 1.306352479669686,
        "variance": 0.273049088182262,