{
  "pid": 716,
  "cohort": "cohort_b",
  "age": 25,
  "is_female": true,
  "effects_bayesian": [
    {
      "action": "active_energy",
      "outcome": "deep_sleep",
      "nominal_step": 100.0,
      "dose_multiplier": 0.541048371042292,
      "dose_multiplier_raw": 0.541048371042292,
      "direction_conflict": false,
      "scaled_effect": 0.3425782843505404,
      "posterior": {
        "mean": 0.6331749667605268,
        "variance": 0.07350855597388271,
        "sd": 0.2711246133678806,
        "contraction": 0.041048371042291976,
        "prior_mean": 0.6921665440115441,
        "prior_variance": 0.07665512394382158,
        "source": "pop+cohort+user",
        "lam_js": 0.8472505091649695,
        "n_cohort": 416,
        "z_like": 2.3353651256346515
      },
      "cohort_prior": {
        "mean": 0.6841722046703297,
        "variance": 0.07489465690295352,
        "n": 416
      },
      "user_obs": {
        "slope": -0.016935245380642783,
        "se": 0.010337861653165565,
        "n": 43,
        "at_nominal_step": -1.6935245380642783,
        "se_at_step": 1.0337861653165565,
        "residual_sd": 2.262498398438023,
        "sigma_data_used": 12.0
      },
      "gate": {
        "score": 0.041048371042291976,
        "tier": "not_exposed"
      }
    },
    {
      "action": "bedtime",
      "outcome": "deep_sleep",
      "nominal_step": -0.5,
      "dose_multiplier": 0.7234108673077974,
      "dose_multiplier_raw": 0.7234108673077974,
      "direction_conflict": false,
      "scaled_effect": 0.42730730054863386,
      "posterior": {
        "mean": 0.590684104786641,
        "variance": 0.7336250485114629,
        "sd": 0.8565191466111326,
        "contraction": 0.22341086730779736,
        "prior_mean": 0.6072164646464647,
        "prior_variance": 0.9446759137205589,
        "source": "pop+cohort+user",
        "lam_js": 0.8472505091649695,
        "n_cohort": 416,
        "z_like": 0.689633275711018
      },
      "cohort_prior": {
        "mean": 0.6215986538461539,
        "variance": 0.9384823525592582,
        "n": 416
      },
      "user_obs": {
        "slope": -0.976623788084915,
        "se": 0.7913771820301113,
        "n": 43,
        "at_nominal_step": 0.4883118940424575,
        "se_at_step": 0.39568859101505566,
        "residual_sd": 2.2841550938958695,
        "sigma_data_used": 12.0
      },
      "gate": {
        "score": 0.22341086730779736,
        "tier": "not_exposed"
      }
    },
    {
      "action": "bedtime",
      "outcome": "sleep_quality",
      "nominal_step": -0.5,
      "dose_multiplier": 0.9334507219430569,
      "dose_multiplier_raw": 0.9334507219430569,
      "direction_conflict": false,
      "scaled_effect": 0.4182384349068222,
      "posterior": {
        "mean": 0.4480562552206542,
        "variance": 0.5024732308908542,
        "sd": 0.7088534622126453,
        "contraction": 0.4334507219430569,
        "prior_mean": 0.4607862962962966,
        "prior_variance": 0.8869011935098631,
        "source": "pop+cohort+user",
        "lam_js": 0.8472505091649695,
        "n_cohort": 416,
        "z_like": 0.6320858669746386
      },
      "cohort_prior": {
        "mean": 0.4770937500000001,
        "variance": 0.9009695161433738,
        "n": 416
      },
      "user_obs": {
        "slope": -0.8287983479755207,
        "se": 0.4897647349852501,
        "n": 43,
        "at_nominal_step": 0.4143991739877603,
        "se_at_step": 0.24488236749262504,
        "residual_sd": 1.4136098937769905,
        "sigma_data_used": 7.0
      },
      "gate": {
        "score": 0.4334507219430569,
        "tier": "possible"
      }
    },
    {
      "action": "running_volume",
      "outcome": "hrv_daily",
      "nominal_step": 30.0,
      "dose_multiplier": 1.079732420712348,
      "dose_multiplier_raw": 1.079732420712348,
      "direction_conflict": false,
      "scaled_effect": 0.22262704042404188,
      "posterior": {
        "mean": 0.20618723320094884,
        "variance": 0.12672816685530672,
        "sd": 0.35598899822228597,
        "contraction": 0.579732420712348,
        "prior_mean": 0.14166006734006745,
        "prior_variance": 0.3015416203888705,
        "source": "pop+cohort+user",
        "lam_js": 0.8472505091649695,
        "n_cohort": 416,
        "z_like": 0.5791955207340476
      },
      "cohort_prior": {
        "mean": 0.11986480769230796,
        "variance": 0.2186938498312511,
        "n": 416
      },
      "user_obs": {
        "slope": 0.3097619754828616,
        "se": 0.3244514732651978,
        "n": 43,
        "at_nominal_step": 0.3097619754828616,
        "se_at_step": 0.3244514732651978,
        "residual_sd": 1.5816875545240439,
        "sigma_data_used": 3.5
      },
      "gate": {
        "score": 0.579732420712348,
        "tier": "possible"
      }
    },
    {
      "action": "sleep_duration",
      "outcome": "hrv_daily",
      "nominal_step": 0.5,
      "dose_multiplier": 0.5025484166260212,
      "dose_multiplier_raw": 0.5025484166260212,
      "direction_conflict": false,
      "scaled_effect": 0.06340070911932437,
      "posterior": {
        "mean": 0.12615840986024823,
        "variance": 0.002926259596531904,
        "sd": 0.054094912852614,
        "contraction": 0.0025484166260212326,
        "prior_mean": 0.13540993265993234,
        "prior_variance": 0.0029337359780747863,
        "source": "pop+cohort+user",
        "lam_js": 0.8472505091649695,
        "n_cohort": 416,
        "z_like": 2.332167725345581
      },
      "cohort_prior": {
        "mean": 0.13603296703296702,
        "variance": 0.002960794899166767,
        "n": 416
      },
      "user_obs": {
        "slope": -1.6322539792149329,
        "se": 0.8580875045784863,
        "n": 43,
        "at_nominal_step": -0.8161269896074664,
        "se_at_step": 0.42904375228924313,
        "residual_sd": 1.5816875545240432,
        "sigma_data_used": 3.5
      },
      "gate": {
        "score": 0.0025484166260212326,
        "tier": "not_exposed"
      }
    },
    {
      "action": "training_load",
      "outcome": "hrv_daily",
      "nominal_step": 100.0,
      "dose_multiplier": 0.5,
      "dose_multiplier_raw": 1.4349137569964086,
      "direction_conflict": true,
      "scaled_effect": 0.007721045674906517,
      "posterior": {
        "mean": 0.015442091349813034,
        "variance": 0.26623227720200965,
        "sd": 0.5159770122805953,
        "contraction": 0.9349137569964086,
        "prior_mean": -5.056217651515151,
        "prior_variance": 4.090453910318943,
        "source": "pop+cohort+user",
        "lam_js": 0.8472505091649695,
        "n_cohort": 416,
        "z_like": 0.0299278669054648
      },
      "cohort_prior": {
        "mean": -5.038698533653847,
        "variance": 4.062157266087269,
        "n": 416
      },
      "user_obs": {
        "slope": 0.0036970766873996312,
        "se": 0.023107709914107866,
        "n": 43,
        "at_nominal_step": 0.36970766873996314,
        "se_at_step": 2.3107709914107866,
        "residual_sd": 1.5816875545240432,
        "sigma_data_used": 3.5
      },
      "gate": {
        "score": 0.4674568784982043,
        "tier": "possible"
      }
    },
    {
      "action": "training_load",
      "outcome": "resting_hr",
      "nominal_step": 100.0,
      "dose_multiplier": 1.3906449036653836,
      "dose_multiplier_raw": 1.3906449036653836,
      "direction_conflict": false,
      "scaled_effect": 0.32299980906444353,
      "posterior": {
        "mean": 0.23226620125173494,
        "variance": 0.029808989439214433,
        "sd": 0.17265280026461904,
        "contraction": 0.8906449036653836,
        "prior_mean": 1.305251261157877,
        "prior_variance": 0.2725889367606766,
        "source": "pop+cohort+user",
        "lam_js": 0.8472505091649695,
        "n_cohort": 416,
        "z_like": 1.3452790855158356
      },
      "cohort_prior": {
        "mean": 1.3016362050919952,
        "variance": 0.2710810896650065,