{
  "pid": 150,
  "cohort": "cohort_a",
  "age": 23,
  "is_female": false,
  "effects_bayesian": [
    {
      "action": "active_energy",
      "outcome": "deep_sleep",
      "nominal_step": 100.0,
      "dose_multiplier": 0.5206120855694623,
      "dose_multiplier_raw": 0.5206120855694623,
      "direction_conflict": false,
      "scaled_effect": 0.3624709868189544,
      "posterior": {
        "mean": 0.6962400544783204,
        "variance": 0.0750751019697538,
        "sd": 0.2739983612537743,
        "contraction": 0.020612085569462257,
        "prior_mean": 0.6921665440115441,
        "prior_variance": 0.07665512394382158,
        "source": "pop+cohort+user",
        "lam_js": 0.8768472906403941,
        "n_cohort": 534,
        "z_like": 2.54103729413721
      },
      "cohort_prior": {
        "mean": 0.6984414526484751,
        "variance": 0.07805127404443395,
        "n": 534
      },
      "user_obs": {
        "slope": 0.006579553719020768,
        "se": 0.008217438248713956,
        "n": 69,
        "at_nominal_step": 0.6579553719020769,
        "se_at_step": 0.8217438248713956,
        "residual_sd": 2.4365696375748294,
        "sigma_data_used": 12.0
      },
      "gate": {
        "score": 0.020612085569462257,
        "tier": "not_exposed"
      }
    },
    {
      "action": "bedtime",
      "outcome": "deep_sleep",
      "nominal_step": -0.5,
      "dose_multiplier": 0.8066428525617715,
      "dose_multiplier_raw": 0.8066428525617715,
      "direction_conflict": false,
      "scaled_effect": 0.44942471732862926,
      "posterior": {
        "mean": 0.5571545274359361,
        "variance": 0.6549977967908888,
        "sd": 0.809319341663653,
        "contraction": 0.3066428525617715,
        "prior_mean": 0.6072164646464647,
        "prior_variance": 0.9446759137205589,
        "source": "pop+cohort+user",
        "lam_js": 0.8768472906403941,
        "n_cohort": 534,
        "z_like": 0.688423590977868
      },
      "cohort_prior": {
        "mean": 0.6056498876404495,
        "variance": 0.9560138510611396,
        "n": 534
      },
      "user_obs": {
        "slope": -0.9014240047874064,
        "se": 0.7988748362250369,
        "n": 69,
        "at_nominal_step": 0.4507120023937032,
        "se_at_step": 0.3994374181125184,
        "residual_sd": 2.42212013665043,
        "sigma_data_used": 12.0
      },
      "gate": {
        "score": 0.3066428525617715,
        "tier": "possible"
      }
    },
    {
      "action": "bedtime",
      "outcome": "sleep_quality",
      "nominal_step": -0.5,
      "dose_multiplier": 1.0557128116314973,
      "dose_multiplier_raw": 1.0557128116314973,
      "direction_conflict": false,
      "scaled_effect": 0.4496344113874023,
      "posterior": {
        "mean": 0.4259059911308056,
        "variance": 0.3940388376251664,
        "sd": 0.6277251290375162,
        "contraction": 0.5557128116314973,
        "prior_mean": 0.4607862962962966,
        "prior_variance": 0.8869011935098631,
        "source": "pop+cohort+user",
        "lam_js": 0.8768472906403941,
        "n_cohort": 534,
        "z_like": 0.6784912239913709
      },
      "cohort_prior": {
        "mean": 0.46373086142322145,
        "variance": 0.8849888909576128,
        "n": 534
      },
      "user_obs": {
        "slope": -0.7917060191101691,
        "se": 0.4386014460237034,
        "n": 69,
        "at_nominal_step": 0.39585300955508457,
        "se_at_step": 0.2193007230118517,
        "residual_sd": 1.329802049339747,
        "sigma_data_used": 7.0
      },
      "gate": {
        "score": 0.5557128116314973,
        "tier": "possible"
      }
    },
    {
      "action": "running_volume",
      "outcome": "hrv_daily",
      "nominal_step": 30.0,
      "dose_multiplier": 1.1556546499463685,
      "dose_multiplier_raw": 1.1556546499463685,
      "direction_conflict": false,
      "scaled_effect": 0.19397580022422228,
      "posterior": {
        "mean": 0.16784927939607588,
        "variance": 0.10383445482854492,
        "sd": 0.32223354081868155,
        "contraction": 0.6556546499463684,
        "prior_mean": 0.14166006734006745,
        "prior_variance": 0.3015416203888705,
        "source": "pop+cohort+user",
        "lam_js": 0.8768472906403941,
        "n_cohort": 534,
        "z_like": 0.5208932594962963
      },
      "cohort_prior": {
        "mean": 0.13417902621722846,
        "variance": 0.24427088794406634,
        "n": 534
      },
      "user_obs": {
        "slope": 0.19109450447430884,
        "se": 0.23830420936454483,
        "n": 69,
        "at_nominal_step": 0.19109450447430884,
        "se_at_step": 0.23830420936454483,
        "residual_sd": 1.4101646950436324,
        "sigma_data_used": 3.5
      },
      "gate": {
        "score": 0.6556546499463684,
        "tier": "possible"
      }
    },
    {
      "action": "sleep_duration",
      "outcome": "hrv_daily",
      "nominal_step": 0.5,
      "dose_multiplier": 0.526687101712797,
      "dose_multiplier_raw": 0.526687101712797,
      "direction_conflict": false,
      "scaled_effect": 0.06553185709320226,
      "posterior": {
        "mean": 0.12442274906693435,
        "variance": 0.0028554430676294125,
        "sd": 0.053436345941965495,
        "contraction": 0.02668710171279698,
        "prior_mean": 0.13540993265993234,
        "prior_variance": 0.0029337359780747863,
        "source": "pop+cohort+user",
        "lam_js": 0.8768472906403941,
        "n_cohort": 534,
        "z_like": 2.328429215614099
      },
      "cohort_prior": {
        "mean": 0.13457651150347733,
        "variance": 0.002897733991751291,
        "n": 534
      },
      "user_obs": {
        "slope": -1.006018345459454,
        "se": 0.5711751313902607,
        "n": 69,
        "at_nominal_step": -0.503009172729727,
        "se_at_step": 0.28558756569513033,
        "residual_sd": 1.410164695043632,
        "sigma_data_used": 3.5
      },
      "gate": {
        "score": 0.02668710171279698,
        "tier": "not_exposed"
      }
    },
    {
      "action": "training_load",
      "outcome": "hrv_daily",
      "nominal_step": 100.0,
      "dose_multiplier": 0.5,
      "dose_multiplier_raw": 1.4583996507002746,
      "direction_conflict": true,
      "scaled_effect": 0.3645121749893615,
      "posterior": {
        "mean": 0.729024349978723,
        "variance": 0.17016431146369634,
        "sd": 0.4125097713554145,
        "contraction": 0.9583996507002744,
        "prior_mean": -5.056217651515151,
        "prior_variance": 4.090453910318943,
        "source": "pop+cohort+user",
        "lam_js": 0.8768472906403941,
        "n_cohort": 534,
        "z_like": 1.76728989372376
      },
      "cohort_prior": {
        "mean": -5.061554325842696,
        "variance": 4.099093150953106,
        "n": 534
      },
      "user_obs": {
        "slope": 0.00979857440665039,
        "se": 0.014929951836466978,
        "n": 69,
        "at_nominal_step": 0.979857440665039,
        "se_at_step": 1.4929951836466977,
        "residual_sd": 1.4101646950436326,
        "sigma_data_used": 3.5
      },
      "gate": {
        "score": 0.4791998253501372,
        "tier": "possible"
      }
    },
    {
      "action": "training_load",
      "outcome": "resting_hr",
      "nominal_step": 100.0,
      "dose_multiplier": 1.4288766267262705,
      "dose_multiplier_raw": 1.4288766267262705,
      "direction_conflict": false,
      "scaled_effect": 1.2945734081568605,
      "posterior": {
        "mean": 0.9060078273677729,
        "variance": 0.019387444699518638,
        "sd": 0.13923880457515656,
        "contraction": 0.9288766267262705,
        "prior_mean": 1.305251261157877,
        "prior_variance": 0.2725889367606766,
        "source": "pop+cohort+user",
        "lam_js": 0.8768472906403941,
        "n_cohort": 534,
        "z_like": 6.506863012305879
      },
      "cohort_prior": {
        "mean": 1.306352479669686,
        "variance": 0.273049088182262,
        "n": 534
      },