{
  "pid": 795,
  "cohort": "cohort_b",
  "age": 22,
  "is_female": false,
  "effects_bayesian": [
    {
      "action": "active_energy",
      "outcome": "deep_sleep",
      "nominal_step": 100.0,
      "dose_multiplier": 0.5390862771483388,
      "dose_multiplier_raw": 0.5390862771483388,
      "direction_conflict": false,
      "scaled_effect": 0.36635164058195996,
      "posterior": {
        "mean": 0.6795788654088705,
        "variance": 0.07365896052451311,
        "sd": 0.27140184325924005,
        "contraction": 0.03908627714833879,
        "prior_mean": 0.6921665440115441,
        "prior_variance": 0.07665512394382158,
        "source": "pop+cohort+user",
        "lam_js": 0.8472505091649695,
        "n_cohort": 416,
        "z_like": 2.503958179678773
      },
      "cohort_prior": {
        "mean": 0.6841722046703297,
        "variance": 0.07489465690295352,
        "n": 416
      },
      "user_obs": {
        "slope": 0.003939309789484237,
        "se": 0.009353966189786449,
        "n": 39,
        "at_nominal_step": 0.39393097894842366,
        "se_at_step": 0.9353966189786449,
        "residual_sd": 2.2719541976230566,
        "sigma_data_used": 12.0
      },
      "gate": {
        "score": 0.03908627714833879,
        "tier": "not_exposed"
      }
    },
    {
      "action": "bedtime",
      "outcome": "deep_sleep",
      "nominal_step": -0.5,
      "dose_multiplier": 0.7072559537129497,
      "dose_multiplier_raw": 0.7072559537129497,
      "direction_conflict": false,
      "scaled_effect": 0.5110690401269986,
      "posterior": {
        "mean": 0.7226083250964382,
        "variance": 0.7488862062727523,
        "sd": 0.865382115757399,
        "contraction": 0.2072559537129497,
        "prior_mean": 0.6072164646464647,
        "prior_variance": 0.9446759137205589,
        "source": "pop+cohort+user",
        "lam_js": 0.8472505091649695,
        "n_cohort": 416,
        "z_like": 0.8350164764660032
      },
      "cohort_prior": {
        "mean": 0.6215986538461539,
        "variance": 0.9384823525592582,
        "n": 416
      },
      "user_obs": {
        "slope": -2.256502409191893,
        "se": 1.3802092033298168,
        "n": 39,
        "at_nominal_step": 1.1282512045959465,
        "se_at_step": 0.6901046016649084,
        "residual_sd": 2.305927398202239,
        "sigma_data_used": 12.0
      },
      "gate": {
        "score": 0.2072559537129497,
        "tier": "not_exposed"
      }
    },
    {
      "action": "bedtime",
      "outcome": "sleep_quality",
      "nominal_step": -0.5,
      "dose_multiplier": 0.9092178896372198,
      "dose_multiplier_raw": 0.9092178896372198,
      "direction_conflict": false,
      "scaled_effect": 0.40335140875324654,
      "posterior": {
        "mean": 0.4436245847672275,
        "variance": 0.5239653587850254,
        "sd": 0.7238545149303314,
        "contraction": 0.40921788963721983,
        "prior_mean": 0.4607862962962966,
        "prior_variance": 0.8869011935098631,
        "source": "pop+cohort+user",
        "lam_js": 0.8472505091649695,
        "n_cohort": 416,
        "z_like": 0.6128642919495016
      },
      "cohort_prior": {
        "mean": 0.4770937500000001,
        "variance": 0.9009695161433738,
        "n": 416
      },
      "user_obs": {
        "slope": -0.800641032339978,
        "se": 0.5202645245823783,
        "n": 39,
        "at_nominal_step": 0.400320516169989,
        "se_at_step": 0.26013226229118913,
        "residual_sd": 0.8692104201688098,
        "sigma_data_used": 7.0
      },
      "gate": {
        "score": 0.40921788963721983,
        "tier": "possible"
      }
    },
    {
      "action": "running_volume",
      "outcome": "hrv_daily",
      "nominal_step": 30.0,
      "dose_multiplier": 1.0615907724716562,
      "dose_multiplier_raw": 1.0615907724716562,
      "direction_conflict": false,
      "scaled_effect": 0.19546327506187364,
      "posterior": {
        "mean": 0.18412299742092228,
        "variance": 0.13219862886232978,
        "sd": 0.36359129371085025,
        "contraction": 0.5615907724716562,
        "prior_mean": 0.14166006734006745,
        "prior_variance": 0.3015416203888705,
        "source": "pop+cohort+user",
        "lam_js": 0.8472505091649695,
        "n_cohort": 416,
        "z_like": 0.506401007410667
      },
      "cohort_prior": {
        "mean": 0.11986480769230796,
        "variance": 0.2186938498312511,
        "n": 416
      },
      "user_obs": {
        "slope": 0.26796063176354395,
        "se": 0.34668047742466057,
        "n": 39,
        "at_nominal_step": 0.26796063176354395,
        "se_at_step": 0.34668047742466057,
        "residual_sd": 1.745248583491855,
        "sigma_data_used": 3.5
      },
      "gate": {
        "score": 0.5615907724716562,
        "tier": "possible"
      }
    },
    {
      "action": "sleep_duration",
      "outcome": "hrv_daily",
      "nominal_step": 0.5,
      "dose_multiplier": 0.5015944267844367,
      "dose_multiplier_raw": 0.5015944267844367,
      "direction_conflict": false,
      "scaled_effect": 0.0661696240573,
      "posterior": {
        "mean": 0.1319185790828908,
        "variance": 0.0029290583508528784,
        "sd": 0.05412077559360064,
        "contraction": 0.0015944267844366644,
        "prior_mean": 0.13540993265993234,
        "prior_variance": 0.0029337359780747863,
        "source": "pop+cohort+user",
        "lam_js": 0.8472505091649695,
        "n_cohort": 416,
        "z_like": 2.437485007115995
      },
      "cohort_prior": {
        "mean": 0.13603296703296702,
        "variance": 0.002960794899166767,
        "n": 416
      },
      "user_obs": {
        "slope": -0.5901401652047433,
        "se": 1.0518236535153158,
        "n": 39,
        "at_nominal_step": -0.29507008260237166,
        "se_at_step": 0.5259118267576579,
        "residual_sd": 1.7452485834918552,
        "sigma_data_used": 3.5
      },
      "gate": {
        "score": 0.0015944267844366644,
        "tier": "not_exposed"
      }
    },
    {
      "action": "training_load",
      "outcome": "hrv_daily",
      "nominal_step": 100.0,
      "dose_multiplier": 0.5,
      "dose_multiplier_raw": 1.4287169044747083,
      "direction_conflict": true,
      "scaled_effect": 2.1218449659909737,
      "posterior": {
        "mean": 4.243689931981947,
        "variance": 0.2915802168310679,
        "sd": 0.5399816819402932,
        "contraction": 0.9287169044747083,
        "prior_mean": -5.056217651515151,
        "prior_variance": 4.090453910318943,
        "source": "pop+cohort+user",
        "lam_js": 0.8472505091649695,
        "n_cohort": 416,
        "z_like": 7.858951653199193
      },
      "cohort_prior": {
        "mean": -5.038698533653847,
        "variance": 4.062157266087269,
        "n": 416
      },
      "user_obs": {
        "slope": 0.04960890328580684,
        "se": 0.02255669359379635,
        "n": 39,
        "at_nominal_step": 4.960890328580684,
        "se_at_step": 2.255669359379635,
        "residual_sd": 1.745248583491855,
        "sigma_data_used": 3.5
      },
      "gate": {
        "score": 0.46435845223735417,
        "tier": "possible"
      }
    },
    {
      "action": "training_load",
      "outcome": "resting_hr",
      "nominal_step": 100.0,
      "dose_multiplier": 1.380772542494113,
      "dose_multiplier_raw": 1.380772542494113,
      "direction_conflict": false,
      "scaled_effect": 0.6712861640575473,
      "posterior": {
        "mean": 0.48616708646667584,
        "variance": 0.03250008587420843,
        "sd": 0.18027780194524348,
        "contraction": 0.8807725424941132,
        "prior_mean": 1.305251261157877,
        "prior_variance": 0.2725889367606766,
        "source": "pop+cohort+user",
        "lam_js": 0.8472505091649695,
        "n_cohort": 416,
        "z_like": 2.6967662198052613
      },
      "cohort_prior": {
        "mean": 1.3016362050919952,
        "variance": 0.2710810896650065,
        "n": 416
      },