{
  "pid": 468,
  "cohort": "cohort_a",
  "age": 34,
  "is_female": true,
  "effects_bayesian": [
    {
      "action": "active_energy",
      "outcome": "deep_sleep",
      "nominal_step": 100.0,
      "dose_multiplier": 0.5113340610468459,
      "dose_multiplier_raw": 0.5113340610468459,
      "direction_conflict": false,
      "scaled_effect": 0.3472066038501768,
      "posterior": {
        "mean": 0.6790210750665552,
        "variance": 0.07578631008948877,
        "sd": 0.27529313483900897,
        "contraction": 0.011334061046845867,
        "prior_mean": 0.6921665440115441,
        "prior_variance": 0.07665512394382158,
        "source": "pop+cohort+user",
        "lam_js": 0.8768472906403941,
        "n_cohort": 534,
        "z_like": 2.466538351795971
      },
      "cohort_prior": {
        "mean": 0.6984414526484751,
        "variance": 0.07805127404443395,
        "n": 534
      },
      "user_obs": {
        "slope": 2.9249629716829317e-05,
        "se": 0.006593686945748497,
        "n": 51,
        "at_nominal_step": 0.0029249629716829317,
        "se_at_step": 0.6593686945748497,
        "residual_sd": 1.8760471065657782,
        "sigma_data_used": 12.0
      },
      "gate": {
        "score": 0.011334061046845867,
        "tier": "not_exposed"
      }
    },
    {
      "action": "bedtime",
      "outcome": "deep_sleep",
      "nominal_step": -0.5,
      "dose_multiplier": 0.7448120468796667,
      "dose_multiplier_raw": 0.7448120468796667,
      "direction_conflict": false,
      "scaled_effect": 0.5506175628812703,
      "posterior": {
        "mean": 0.7392704846652797,
        "variance": 0.7134078696447095,
        "sd": 0.8446347551721451,
        "contraction": 0.24481204687966673,
        "prior_mean": 0.6072164646464647,
        "prior_variance": 0.9446759137205589,
        "source": "pop+cohort+user",
        "lam_js": 0.8768472906403941,
        "n_cohort": 534,
        "z_like": 0.875254635377405
      },
      "cohort_prior": {
        "mean": 0.6056498876404495,
        "variance": 0.9560138510611396,
        "n": 534
      },
      "user_obs": {
        "slope": -2.267847087965395,
        "se": 0.580203288489517,
        "n": 51,
        "at_nominal_step": 1.1339235439826976,
        "se_at_step": 0.2901016442447585,
        "residual_sd": 1.8768783999416103,
        "sigma_data_used": 12.0
      },
      "gate": {
        "score": 0.24481204687966673,
        "tier": "not_exposed"
      }
    },
    {
      "action": "bedtime",
      "outcome": "sleep_quality",
      "nominal_step": -0.5,
      "dose_multiplier": 0.9805183881875824,
      "dose_multiplier_raw": 0.9805183881875824,
      "direction_conflict": false,
      "scaled_effect": 0.7076901598651189,
      "posterior": {
        "mean": 0.7217510333214996,
        "variance": 0.4607288615228606,
        "sd": 0.6787701094795355,
        "contraction": 0.4805183881875824,
        "prior_mean": 0.4607862962962966,
        "prior_variance": 0.8869011935098631,
        "source": "pop+cohort+user",
        "lam_js": 0.8768472906403941,
        "n_cohort": 534,
        "z_like": 1.0633217686543692
      },
      "cohort_prior": {
        "mean": 0.46373086142322145,
        "variance": 0.8849888909576128,
        "n": 534
      },
      "user_obs": {
        "slope": -2.004377411001748,
        "se": 0.3985781562404277,
        "n": 51,
        "at_nominal_step": 1.002188705500874,
        "se_at_step": 0.19928907812021385,
        "residual_sd": 1.2893459016472422,
        "sigma_data_used": 7.0
      },
      "gate": {
        "score": 0.4805183881875824,
        "tier": "possible"
      }
    },
    {
      "action": "running_volume",
      "outcome": "hrv_daily",
      "nominal_step": 30.0,
      "dose_multiplier": 1.0936577650560966,
      "dose_multiplier_raw": 1.0936577650560966,
      "direction_conflict": false,
      "scaled_effect": 0.15604374168448742,
      "posterior": {
        "mean": 0.1426805959508581,
        "variance": 0.12252909595741975,
        "sd": 0.3500415631856019,
        "contraction": 0.5936577650560966,
        "prior_mean": 0.14166006734006745,
        "prior_variance": 0.3015416203888705,
        "source": "pop+cohort+user",
        "lam_js": 0.8768472906403941,
        "n_cohort": 534,
        "z_like": 0.4076104410355545
      },
      "cohort_prior": {
        "mean": 0.13417902621722846,
        "variance": 0.24427088794406634,
        "n": 534
      },
      "user_obs": {
        "slope": 0.14996006068051776,
        "se": 0.27917993574239164,
        "n": 51,
        "at_nominal_step": 0.14996006068051776,
        "se_at_step": 0.27917993574239164,
        "residual_sd": 1.729575223242196,
        "sigma_data_used": 3.5
      },
      "gate": {
        "score": 0.5936577650560966,
        "tier": "possible"
      }
    },
    {
      "action": "sleep_duration",
      "outcome": "hrv_daily",
      "nominal_step": 0.5,
      "dose_multiplier": 0.5225861143928368,
      "dose_multiplier_raw": 0.5225861143928368,
      "direction_conflict": false,
      "scaled_effect": 0.06578349656936644,
      "posterior": {
        "mean": 0.12588068216431,
        "variance": 0.0028674742816756082,
        "sd": 0.05354880280338309,
        "contraction": 0.022586114392836754,
        "prior_mean": 0.13540993265993234,
        "prior_variance": 0.0029337359780747863,
        "source": "pop+cohort+user",
        "lam_js": 0.8768472906403941,
        "n_cohort": 534,
        "z_like": 2.3507655740971516
      },
      "cohort_prior": {
        "mean": 0.13457651150347733,
        "variance": 0.002897733991751291,
        "n": 534
      },
      "user_obs": {
        "slope": -1.2046618043381754,
        "se": 0.95268517568351,
        "n": 51,
        "at_nominal_step": -0.6023309021690877,
        "se_at_step": 0.476342587841755,
        "residual_sd": 1.7295752232421953,
        "sigma_data_used": 3.5
      },
      "gate": {
        "score": 0.022586114392836754,
        "tier": "not_exposed"
      }
    },
    {
      "action": "training_load",
      "outcome": "hrv_daily",
      "nominal_step": 100.0,
      "dose_multiplier": 1.4445301047839205,
      "dose_multiplier_raw": 1.4445301047839205,
      "direction_conflict": false,
      "scaled_effect": -1.9383411142179396,
      "posterior": {
        "mean": -1.341848887606178,
        "variance": 0.2268970497915945,
        "sd": 0.47633711779746335,
        "contraction": 0.9445301047839205,
        "prior_mean": -5.056217651515151,
        "prior_variance": 4.090453910318943,
        "source": "pop+cohort+user",
        "lam_js": 0.8768472906403941,
        "n_cohort": 534,
        "z_like": -2.817015171546482
      },
      "cohort_prior": {
        "mean": -5.061554325842696,
        "variance": 4.099093150953106,
        "n": 534
      },
      "user_obs": {
        "slope": -0.01123865759425465,
        "se": 0.027976682032070568,
        "n": 51,
        "at_nominal_step": -1.123865759425465,
        "se_at_step": 2.797668203207057,
        "residual_sd": 1.729575223242196,
        "sigma_data_used": 3.5
      },
      "gate": {
        "score": 0.9445301047839205,
        "tier": "recommended"
      }
    },
    {
      "action": "training_load",
      "outcome": "resting_hr",
      "nominal_step": 100.0,
      "dose_multiplier": 1.4061272069179176,
      "dose_multiplier_raw": 1.4061272069179176,
      "direction_conflict": false,
      "scaled_effect": 1.4645481663348725,
      "posterior": {
        "mean": 1.0415474212642593,
        "variance": 0.025588684856999812,
        "sd": 0.15996463627002006,
        "contraction": 0.9061272069179177,
        "prior_mean": 1.305251261157877,
        "prior_variance": 0.2725889367606766,
        "source": "pop+cohort+user",
        "lam_js": 0.8768472906403941,
        "n_cohort": 534,
        "z_like": 6.511110490109382
      },
      "cohort_prior": {
        "mean": 1.306352479669686,
        "variance": 0.273049088182262,