{
  "pid": 1088,
  "cohort": "cohort_c",
  "age": 28,
  "is_female": true,
  "effects_bayesian": [
    {
      "action": "active_energy",
      "outcome": "deep_sleep",
      "nominal_step": 100.0,
      "dose_multiplier": 0.5205613990809465,
      "dose_multiplier_raw": 0.5205613990809465,
      "direction_conflict": false,
      "scaled_effect": 0.3608561006696218,
      "posterior": {
        "mean": 0.6932056454948733,
        "variance": 0.07507898734881326,
        "sd": 0.2740054513122198,
        "contraction": 0.020561399080946452,
        "prior_mean": 0.6921665440115441,
        "prior_variance": 0.07665512394382158,
        "source": "pop+cohort+user",
        "lam_js": 0.7603833865814696,
        "n_cohort": 238,
        "z_like": 2.5298972782296554
      },
      "cohort_prior": {
        "mean": 0.6920608463385354,
        "variance": 0.07663171440556958,
        "n": 238
      },
      "user_obs": {
        "slope": 0.00747140671209455,
        "se": 0.007756311131932384,
        "n": 39,
        "at_nominal_step": 0.747140671209455,
        "se_at_step": 0.7756311131932384,
        "residual_sd": 2.0131141967845774,
        "sigma_data_used": 12.0
      },
      "gate": {
        "score": 0.020561399080946452,
        "tier": "not_exposed"
      }
    },
    {
      "action": "bedtime",
      "outcome": "deep_sleep",
      "nominal_step": -0.5,
      "dose_multiplier": 0.7080066411969834,
      "dose_multiplier_raw": 0.7080066411969834,
      "direction_conflict": false,
      "scaled_effect": 0.5062350344756987,
      "posterior": {
        "mean": 0.715014528140355,
        "variance": 0.7481770498878542,
        "sd": 0.8649722827280966,
        "contraction": 0.20800664119698342,
        "prior_mean": 0.6072164646464647,
        "prior_variance": 0.9446759137205589,
        "source": "pop+cohort+user",
        "lam_js": 0.7603833865814696,
        "n_cohort": 238,
        "z_like": 0.8266328787845325
      },
      "cohort_prior": {
        "mean": 0.5855927731092442,
        "variance": 0.9363184076048073,
        "n": 238
      },
      "user_obs": {
        "slope": -2.4078186019010497,
        "se": 0.8612520358567073,
        "n": 39,
        "at_nominal_step": 1.2039093009505248,
        "se_at_step": 0.43062601792835364,
        "residual_sd": 2.044448592142996,
        "sigma_data_used": 12.0
      },
      "gate": {
        "score": 0.20800664119698342,
        "tier": "not_exposed"
      }
    },
    {
      "action": "bedtime",
      "outcome": "sleep_quality",
      "nominal_step": -0.5,
      "dose_multiplier": 0.9186504465554776,
      "dose_multiplier_raw": 0.9186504465554776,
      "direction_conflict": false,
      "scaled_effect": 0.3808835200755971,
      "posterior": {
        "mean": 0.41461202299932204,
        "variance": 0.5155996127963729,
        "sd": 0.7180526532200636,
        "contraction": 0.41865044655547756,
        "prior_mean": 0.4607862962962966,
        "prior_variance": 0.8869011935098631,
        "source": "pop+cohort+user",
        "lam_js": 0.7603833865814696,
        "n_cohort": 238,
        "z_like": 0.5774117275940971
      },
      "cohort_prior": {
        "mean": 0.42567579831932817,
        "variance": 0.8706033108101122,
        "n": 238
      },
      "user_obs": {
        "slope": -0.7732556335752692,
        "se": 0.5181738179073566,
        "n": 39,
        "at_nominal_step": 0.3866278167876346,
        "se_at_step": 0.2590869089536783,
        "residual_sd": 1.2300461286599653,
        "sigma_data_used": 7.0
      },
      "gate": {
        "score": 0.41865044655547756,
        "tier": "possible"
      }
    },
    {
      "action": "running_volume",
      "outcome": "hrv_daily",
      "nominal_step": 30.0,
      "dose_multiplier": 0.8757390624943967,
      "dose_multiplier_raw": 0.8757390624943967,
      "direction_conflict": false,
      "scaled_effect": 0.10482696258727887,
      "posterior": {
        "mean": 0.11970113824624512,
        "variance": 0.18824065464091505,
        "sd": 0.43386709329115414,
        "contraction": 0.3757390624943967,
        "prior_mean": 0.14166006734006745,
        "prior_variance": 0.3015416203888705,
        "source": "pop+cohort+user",
        "lam_js": 0.7603833865814696,
        "n_cohort": 238,
        "z_like": 0.275893563022346
      },
      "cohort_prior": {
        "mean": 0.19654117647058833,
        "variance": 0.5699868837170512,
        "n": 238
      },
      "user_obs": {
        "slope": 0.07711683952327492,
        "se": 0.2699391784138751,
        "n": 39,
        "at_nominal_step": 0.07711683952327492,
        "se_at_step": 0.2699391784138751,
        "residual_sd": 1.4867473197288783,
        "sigma_data_used": 3.5
      },
      "gate": {
        "score": 0.3757390624943967,
        "tier": "possible"
      }
    },
    {
      "action": "sleep_duration",
      "outcome": "hrv_daily",
      "nominal_step": 0.5,
      "dose_multiplier": 0.5006442859670954,
      "dose_multiplier_raw": 0.5006442859670954,
      "direction_conflict": false,
      "scaled_effect": 0.06826419458849187,
      "posterior": {
        "mean": 0.13635268892887853,
        "variance": 0.0029318458131529497,
        "sd": 0.054146521708720585,
        "contraction": 0.000644285967095426,
        "prior_mean": 0.13540993265993234,
        "prior_variance": 0.0029337359780747863,
        "source": "pop+cohort+user",
        "lam_js": 0.7603833865814696,
        "n_cohort": 238,
        "z_like": 2.5182169532954175
      },
      "cohort_prior": {
        "mean": 0.13619087635053972,
        "variance": 0.0029676727681804804,
        "n": 238
      },
      "user_obs": {
        "slope": 0.3467746241932779,
        "se": 0.7061256359321924,
        "n": 39,
        "at_nominal_step": 0.17338731209663896,
        "se_at_step": 0.3530628179660962,
        "residual_sd": 1.4867473197288803,
        "sigma_data_used": 3.5
      },
      "gate": {
        "score": 0.000644285967095426,
        "tier": "not_exposed"
      }
    },
    {
      "action": "training_load",
      "outcome": "hrv_daily",
      "nominal_step": 100.0,
      "dose_multiplier": 0.5,
      "dose_multiplier_raw": 1.428658525040332,
      "direction_conflict": true,
      "scaled_effect": 0.38691247196350315,
      "posterior": {
        "mean": 0.7738249439270063,
        "variance": 0.29181901521669457,
        "sd": 0.5402027538033239,
        "contraction": 0.9286585250403321,
        "prior_mean": -5.056217651515151,
        "prior_variance": 4.090453910318943,
        "source": "pop+cohort+user",
        "lam_js": 0.7603833865814696,
        "n_cohort": 238,
        "z_like": 1.432471305410522
      },
      "cohort_prior": {
        "mean": -5.074865420168067,
        "variance": 4.120681445250819,
        "n": 238
      },
      "user_obs": {
        "slope": 0.0122009472394919,
        "se": 0.02239819770563487,
        "n": 39,
        "at_nominal_step": 1.22009472394919,
        "se_at_step": 2.239819770563487,
        "residual_sd": 1.486747319728879,
        "sigma_data_used": 3.5
      },
      "gate": {
        "score": 0.46432926252016604,
        "tier": "possible"
      }
    },
    {
      "action": "training_load",
      "outcome": "resting_hr",
      "nominal_step": 100.0,
      "dose_multiplier": 0.5,
      "dose_multiplier_raw": 1.380641957416418,
      "direction_conflict": true,
      "scaled_effect": -0.7754358268123909,
      "posterior": {
        "mean": -1.5508716536247817,
        "variance": 0.032535681921694204,
        "sd": 0.1803765004696959,
        "contraction": 0.8806419574164179,
        "prior_mean": 1.305251261157877,
        "prior_variance": 0.2725889367606766,
        "source": "pop+cohort+user",
        "lam_js": 0.7603833865814696,
        "n_cohort": 238,
        "z_like": -8.597969522561701
      },
      "cohort_prior": {
        "mean": 1.3090992134188058,
        "variance": 0.2741985200917978,
        "n": 238
      },