{
  "pid": 1080,
  "cohort": "cohort_c",
  "age": 36,
  "is_female": true,
  "effects_bayesian": [
    {
      "action": "active_energy",
      "outcome": "deep_sleep",
      "nominal_step": 100.0,
      "dose_multiplier": 0.519027014531665,
      "dose_multiplier_raw": 0.519027014531665,
      "direction_conflict": false,
      "scaled_effect": 0.34834295553976335,
      "posterior": {
        "mean": 0.6711460979619425,
        "variance": 0.07519660578661591,
        "sd": 0.2742199952348769,
        "contraction": 0.019027014531665,
        "prior_mean": 0.6921665440115441,
        "prior_variance": 0.07665512394382158,
        "source": "pop+cohort+user",
        "lam_js": 0.7603833865814696,
        "n_cohort": 238,
        "z_like": 2.44747323180094
      },
      "cohort_prior": {
        "mean": 0.6920608463385354,
        "variance": 0.07663171440556958,
        "n": 238
      },
      "user_obs": {
        "slope": -0.004217978950993337,
        "se": 0.0072472086687990715,
        "n": 36,
        "at_nominal_step": -0.4217978950993337,
        "se_at_step": 0.7247208668799071,
        "residual_sd": 1.9185855478502312,
        "sigma_data_used": 12.0
      },
      "gate": {
        "score": 0.019027014531665,
        "tier": "not_exposed"
      }
    },
    {
      "action": "bedtime",
      "outcome": "deep_sleep",
      "nominal_step": -0.5,
      "dose_multiplier": 0.6954663577174314,
      "dose_multiplier_raw": 0.6954663577174314,
      "direction_conflict": false,
      "scaled_effect": 0.40863105417941126,
      "posterior": {
        "mean": 0.5875640850846713,
        "variance": 0.7600235536422149,
        "sd": 0.8717932975437555,
        "contraction": 0.19546635771743137,
        "prior_mean": 0.6072164646464647,
        "prior_variance": 0.9446759137205589,
        "source": "pop+cohort+user",
        "lam_js": 0.7603833865814696,
        "n_cohort": 238,
        "z_like": 0.6739717852157281
      },
      "cohort_prior": {
        "mean": 0.5855927731092442,
        "variance": 0.9363184076048073,
        "n": 238
      },
      "user_obs": {
        "slope": -1.1477590295040085,
        "se": 1.1859814322980462,
        "n": 36,
        "at_nominal_step": 0.5738795147520043,
        "se_at_step": 0.5929907161490231,
        "residual_sd": 1.9287853159012618,
        "sigma_data_used": 12.0
      },
      "gate": {
        "score": 0.19546635771743137,
        "tier": "not_exposed"
      }
    },
    {
      "action": "bedtime",
      "outcome": "sleep_quality",
      "nominal_step": -0.5,
      "dose_multiplier": 0.8997006014037559,
      "dose_multiplier_raw": 0.8997006014037559,
      "direction_conflict": false,
      "scaled_effect": 0.4072546103049953,
      "posterior": {
        "mean": 0.45265570531972216,
        "variance": 0.532406253078262,
        "sd": 0.7296617388065938,
        "contraction": 0.39970060140375585,
        "prior_mean": 0.4607862962962966,
        "prior_variance": 0.8869011935098631,
        "source": "pop+cohort+user",
        "lam_js": 0.7603833865814696,
        "n_cohort": 238,
        "z_like": 0.6203637675453123
      },
      "cohort_prior": {
        "mean": 0.42567579831932817,
        "variance": 0.8706033108101122,
        "n": 238
      },
      "user_obs": {
        "slope": -0.9631110227276483,
        "se": 0.6208451104922837,
        "n": 36,
        "at_nominal_step": 0.48155551136382413,
        "se_at_step": 0.3104225552461419,
        "residual_sd": 1.0096928163928272,
        "sigma_data_used": 7.0
      },
      "gate": {
        "score": 0.39970060140375585,
        "tier": "possible"
      }
    },
    {
      "action": "running_volume",
      "outcome": "hrv_daily",
      "nominal_step": 30.0,
      "dose_multiplier": 0.5,
      "dose_multiplier_raw": 0.8455700017720073,
      "direction_conflict": true,
      "scaled_effect": -0.26806797131257587,
      "posterior": {
        "mean": -0.5361359426251517,
        "variance": 0.19733788209675457,
        "sd": 0.44422728652881577,
        "contraction": 0.34557000177200725,
        "prior_mean": 0.14166006734006745,
        "prior_variance": 0.3015416203888705,
        "source": "pop+cohort+user",
        "lam_js": 0.7603833865814696,
        "n_cohort": 238,
        "z_like": -1.206895566489192
      },
      "cohort_prior": {
        "mean": 0.19654117647058833,
        "variance": 0.5699868837170512,
        "n": 238
      },
      "user_obs": {
        "slope": -1.0573185428841216,
        "se": 0.4867151311085658,
        "n": 36,
        "at_nominal_step": -1.0573185428841216,
        "se_at_step": 0.4867151311085658,
        "residual_sd": 2.265536658646145,
        "sigma_data_used": 3.5
      },
      "gate": {
        "score": 0.17278500088600363,
        "tier": "not_exposed"
      }
    },
    {
      "action": "sleep_duration",
      "outcome": "hrv_daily",
      "nominal_step": 0.5,
      "dose_multiplier": 0.5,
      "dose_multiplier_raw": 0.5,
      "direction_conflict": false,
      "scaled_effect": 0.06827154942498835,
      "posterior": {
        "mean": 0.1365430988499767,
        "variance": 0.002933952399943096,
        "sd": 0.054165970866800646,
        "contraction": 0.0,
        "prior_mean": 0.13540993265993234,
        "prior_variance": 0.0029337359780747863,
        "source": "pop+cohort+user",
        "lam_js": 0.7603833865814696,
        "n_cohort": 238,
        "z_like": 2.5208280524639606
      },
      "cohort_prior": {
        "mean": 0.13619087635053972,
        "variance": 0.0029676727681804804,
        "n": 238
      },
      "user_obs": {
        "slope": 0.3971142842912998,
        "se": 1.2558959626350932,
        "n": 36,
        "at_nominal_step": 0.1985571421456499,
        "se_at_step": 0.6279479813175466,
        "residual_sd": 2.265536658646145,
        "sigma_data_used": 3.5
      },
      "gate": {
        "score": 0.0,
        "tier": "not_exposed"
      }
    },
    {
      "action": "training_load",
      "outcome": "hrv_daily",
      "nominal_step": 100.0,
      "dose_multiplier": 0.5,
      "dose_multiplier_raw": 1.4231676321621594,
      "direction_conflict": true,
      "scaled_effect": 0.3999535048017023,
      "posterior": {
        "mean": 0.7999070096034046,
        "variance": 0.3142792594613588,
        "sd": 0.5606061536063967,
        "contraction": 0.9231676321621594,
        "prior_mean": -5.056217651515151,
        "prior_variance": 4.090453910318943,
        "source": "pop+cohort+user",
        "lam_js": 0.7603833865814696,
        "n_cohort": 238,
        "z_like": 1.4268609155600205
      },
      "cohort_prior": {
        "mean": -5.074865420168067,
        "variance": 4.120681445250819,
        "n": 238
      },
      "user_obs": {
        "slope": 0.012855235574720928,
        "se": 0.03339400058883466,
        "n": 36,
        "at_nominal_step": 1.285523557472093,
        "se_at_step": 3.339400058883466,
        "residual_sd": 2.265536658646144,
        "sigma_data_used": 3.5
      },
      "gate": {
        "score": 0.4615838160810797,
        "tier": "possible"
      }
    },
    {
      "action": "training_load",
      "outcome": "resting_hr",
      "nominal_step": 100.0,
      "dose_multiplier": 1.371963287070203,
      "dose_multiplier_raw": 1.371963287070203,
      "direction_conflict": false,
      "scaled_effect": 1.4603140837807334,
      "posterior": {
        "mean": 1.0643973476135804,
        "variance": 0.03490139144386534,
        "sd": 0.1868191409996988,
        "contraction": 0.871963287070203,
        "prior_mean": 1.305251261157877,
        "prior_variance": 0.2725889367606766,
        "source": "pop+cohort+user",
        "lam_js": 0.7603833865814696,
        "n_cohort": 238,
        "z_like": 5.6974747979132205
      },
      "cohort_prior": {
        "mean": 1.3090992134188058,
        "variance": 0.2741985200917978,
        "n": 238
      },
      "user_obs": {
        "slope": 0.010287844998600007,