{
  "pid": 1068,
  "cohort": "cohort_c",
  "age": 22,
  "is_female": false,
  "effects_bayesian": [
    {
      "action": "active_energy",
      "outcome": "deep_sleep",
      "nominal_step": 100.0,
      "dose_multiplier": 0.5225997940170496,
      "dose_multiplier_raw": 0.5225997940170496,
      "direction_conflict": false,
      "scaled_effect": 0.3372964397356327,
      "posterior": {
        "mean": 0.6454201543841951,
        "variance": 0.07492273393233981,
        "sd": 0.27372017450736036,
        "contraction": 0.02259979401704959,
        "prior_mean": 0.6921665440115441,
        "prior_variance": 0.07665512394382158,
        "source": "pop+cohort+user",
        "lam_js": 0.7603833865814696,
        "n_cohort": 238,
        "z_like": 2.3579560971193216
      },
      "cohort_prior": {
        "mean": 0.6920608463385354,
        "variance": 0.07663171440556958,
        "n": 238
      },
      "user_obs": {
        "slope": -0.013937546951814497,
        "se": 0.008779557848840797,
        "n": 43,
        "at_nominal_step": -1.3937546951814497,
        "se_at_step": 0.8779557848840797,
        "residual_sd": 2.3162785308544622,
        "sigma_data_used": 12.0
      },
      "gate": {
        "score": 0.02259979401704959,
        "tier": "not_exposed"
      }
    },
    {
      "action": "bedtime",
      "outcome": "deep_sleep",
      "nominal_step": -0.5,
      "dose_multiplier": 0.7241312847110166,
      "dose_multiplier_raw": 0.7241312847110166,
      "direction_conflict": false,
      "scaled_effect": 0.4684607758046673,
      "posterior": {
        "mean": 0.6469279614008373,
        "variance": 0.7329444875428166,
        "sd": 0.856121771445404,
        "contraction": 0.22413128471101662,
        "prior_mean": 0.6072164646464647,
        "prior_variance": 0.9446759137205589,
        "source": "pop+cohort+user",
        "lam_js": 0.7603833865814696,
        "n_cohort": 238,
        "z_like": 0.7556494683094188
      },
      "cohort_prior": {
        "mean": 0.5855927731092442,
        "variance": 0.9363184076048073,
        "n": 238
      },
      "user_obs": {
        "slope": -1.694683815616483,
        "se": 0.932584564469719,
        "n": 43,
        "at_nominal_step": 0.8473419078082415,
        "se_at_step": 0.4662922822348595,
        "residual_sd": 2.269675315509448,
        "sigma_data_used": 12.0
      },
      "gate": {
        "score": 0.22413128471101662,
        "tier": "not_exposed"
      }
    },
    {
      "action": "bedtime",
      "outcome": "sleep_quality",
      "nominal_step": -0.5,
      "dose_multiplier": 0.9421310204217355,
      "dose_multiplier_raw": 0.9421310204217355,
      "direction_conflict": false,
      "scaled_effect": 0.6828521441738065,
      "posterior": {
        "mean": 0.7247953091154291,
        "variance": 0.4947746638100922,
        "sd": 0.7034022062874783,
        "contraction": 0.44213102042173547,
        "prior_mean": 0.4607862962962966,
        "prior_variance": 0.8869011935098631,
        "source": "pop+cohort+user",
        "lam_js": 0.7603833865814696,
        "n_cohort": 238,
        "z_like": 1.0304137556532025
      },
      "cohort_prior": {
        "mean": 0.42567579831932817,
        "variance": 0.8706033108101122,
        "n": 238
      },
      "user_obs": {
        "slope": -2.207252518663445,
        "se": 0.550922828491728,
        "n": 43,
        "at_nominal_step": 1.1036262593317225,
        "se_at_step": 0.275461414245864,
        "residual_sd": 1.340807034790807,
        "sigma_data_used": 7.0
      },
      "gate": {
        "score": 0.44213102042173547,
        "tier": "possible"
      }
    },
    {
      "action": "running_volume",
      "outcome": "hrv_daily",
      "nominal_step": 30.0,
      "dose_multiplier": 0.5,
      "dose_multiplier_raw": 0.9118881435892054,
      "direction_conflict": true,
      "scaled_effect": -0.0037749160571538846,
      "posterior": {
        "mean": -0.007549832114307769,
        "variance": 0.17734020215201773,
        "sd": 0.42111780080164946,
        "contraction": 0.41188814358920545,
        "prior_mean": 0.14166006734006745,
        "prior_variance": 0.3015416203888705,
        "source": "pop+cohort+user",
        "lam_js": 0.7603833865814696,
        "n_cohort": 238,
        "z_like": -0.017928076419319573
      },
      "cohort_prior": {
        "mean": 0.19654117647058833,
        "variance": 0.5699868837170512,
        "n": 238
      },
      "user_obs": {
        "slope": -0.12334096087247517,
        "se": 0.3107639793241373,
        "n": 43,
        "at_nominal_step": -0.12334096087247517,
        "se_at_step": 0.3107639793241373,
        "residual_sd": 1.6203773096954879,
        "sigma_data_used": 3.5
      },
      "gate": {
        "score": 0.20594407179460272,
        "tier": "not_exposed"
      }
    },
    {
      "action": "sleep_duration",
      "outcome": "hrv_daily",
      "nominal_step": 0.5,
      "dose_multiplier": 0.5016000915479761,
      "dose_multiplier_raw": 0.5016000915479761,
      "direction_conflict": false,
      "scaled_effect": 0.06829508283335224,
      "posterior": {
        "mean": 0.13615444650854908,
        "variance": 0.0029290417319322755,
        "sd": 0.05412062205788359,
        "contraction": 0.0016000915479761346,
        "prior_mean": 0.13540993265993234,
        "prior_variance": 0.0029337359780747863,
        "source": "pop+cohort+user",
        "lam_js": 0.7603833865814696,
        "n_cohort": 238,
        "z_like": 2.5157590827933927
      },
      "cohort_prior": {
        "mean": 0.13619087635053972,
        "variance": 0.0029676727681804804,
        "n": 238
      },
      "user_obs": {
        "slope": 0.30132165279883233,
        "se": 0.6248820183219495,
        "n": 43,
        "at_nominal_step": 0.15066082639941616,
        "se_at_step": 0.3124410091609747,
        "residual_sd": 1.620377309695488,
        "sigma_data_used": 3.5
      },
      "gate": {
        "score": 0.0016000915479761346,
        "tier": "not_exposed"
      }
    },
    {
      "action": "training_load",
      "outcome": "hrv_daily",
      "nominal_step": 100.0,
      "dose_multiplier": 0.5,
      "dose_multiplier_raw": 1.4348650900308395,
      "direction_conflict": true,
      "scaled_effect": 0.5848159988019525,
      "posterior": {
        "mean": 1.169631997603905,
        "variance": 0.2664313471816254,
        "sd": 0.5161698820946699,
        "contraction": 0.9348650900308394,
        "prior_mean": -5.056217651515151,
        "prior_variance": 4.090453910318943,
        "source": "pop+cohort+user",
        "lam_js": 0.7603833865814696,
        "n_cohort": 238,
        "z_like": 2.2659826506293226
      },
      "cohort_prior": {
        "mean": -5.074865420168067,
        "variance": 4.120681445250819,
        "n": 238
      },
      "user_obs": {
        "slope": 0.01601800923750795,
        "se": 0.02958991069723854,
        "n": 43,
        "at_nominal_step": 1.601800923750795,
        "se_at_step": 2.9589910697238544,
        "residual_sd": 1.620377309695488,
        "sigma_data_used": 3.5
      },
      "gate": {
        "score": 0.4674325450154197,
        "tier": "possible"
      }
    },
    {
      "action": "training_load",
      "outcome": "resting_hr",
      "nominal_step": 100.0,
      "dose_multiplier": 1.3905350588264196,
      "dose_multiplier_raw": 1.3905350588264196,
      "direction_conflict": false,
      "scaled_effect": 0.454522142129921,
      "posterior": {
        "mean": 0.32686852391447613,
        "variance": 0.029838931927076314,
        "sd": 0.17273949150983486,
        "contraction": 0.8905350588264195,
        "prior_mean": 1.305251261157877,
        "prior_variance": 0.2725889367606766,
        "source": "pop+cohort+user",
        "lam_js": 0.7603833865814696,
        "n_cohort": 238,
        "z_like": 1.8922628581193084
      },
      "cohort_prior": {
        "mean": 1.3090992134188058,
        "variance": 0.2741985200917978,