{
  "pid": 405,
  "cohort": "cohort_a",
  "age": 32,
  "is_female": true,
  "effects_bayesian": [
    {
      "action": "active_energy",
      "outcome": "deep_sleep",
      "nominal_step": 100.0,
      "dose_multiplier": 0.5180523696501055,
      "dose_multiplier_raw": 0.5180523696501055,
      "direction_conflict": false,
      "scaled_effect": 0.3656369399279719,
      "posterior": {
        "mean": 0.7057914630810868,
        "variance": 0.07527131731081306,
        "sd": 0.2743561869373699,
        "contraction": 0.018052369650105482,
        "prior_mean": 0.6921665440115441,
        "prior_variance": 0.07665512394382158,
        "source": "pop+cohort+user",
        "lam_js": 0.8768472906403941,
        "n_cohort": 534,
        "z_like": 2.5725370765639233
      },
      "cohort_prior": {
        "mean": 0.6984414526484751,
        "variance": 0.07805127404443395,
        "n": 534
      },
      "user_obs": {
        "slope": 0.009404737905562406,
        "se": 0.007174574169364371,
        "n": 64,
        "at_nominal_step": 0.9404737905562406,
        "se_at_step": 0.717457416936437,
        "residual_sd": 2.2997587839496103,
        "sigma_data_used": 12.0
      },
      "gate": {
        "score": 0.018052369650105482,
        "tier": "not_exposed"
      }
    },
    {
      "action": "bedtime",
      "outcome": "deep_sleep",
      "nominal_step": -0.5,
      "dose_multiplier": 0.7905068650538554,
      "dose_multiplier_raw": 0.7905068650538554,
      "direction_conflict": false,
      "scaled_effect": 0.46109031756452445,
      "posterior": {
        "mean": 0.5832843937833626,
        "variance": 0.670241075533713,
        "sd": 0.8186825242630461,
        "contraction": 0.29050686505385537,
        "prior_mean": 0.6072164646464647,
        "prior_variance": 0.9446759137205589,
        "source": "pop+cohort+user",
        "lam_js": 0.8768472906403941,
        "n_cohort": 534,
        "z_like": 0.7124671365233037
      },
      "cohort_prior": {
        "mean": 0.6056498876404495,
        "variance": 0.9560138510611396,
        "n": 534
      },
      "user_obs": {
        "slope": -1.0602283382217925,
        "se": 0.9879915644714674,
        "n": 64,
        "at_nominal_step": 0.5301141691108963,
        "se_at_step": 0.4939957822357337,
        "residual_sd": 2.277626878945135,
        "sigma_data_used": 12.0
      },
      "gate": {
        "score": 0.29050686505385537,
        "tier": "not_exposed"
      }
    },
    {
      "action": "bedtime",
      "outcome": "sleep_quality",
      "nominal_step": -0.5,
      "dose_multiplier": 1.0371005290317383,
      "dose_multiplier_raw": 1.0371005290317383,
      "direction_conflict": false,
      "scaled_effect": 0.7490597805541288,
      "posterior": {
        "mean": 0.7222634253725324,
        "variance": 0.41054609327683556,
        "sd": 0.6407387090513851,
        "contraction": 0.5371005290317383,
        "prior_mean": 0.4607862962962966,
        "prior_variance": 0.8869011935098631,
        "source": "pop+cohort+user",
        "lam_js": 0.8768472906403941,
        "n_cohort": 534,
        "z_like": 1.1272355098412032
      },
      "cohort_prior": {
        "mean": 0.46373086142322145,
        "variance": 0.8849888909576128,
        "n": 534
      },
      "user_obs": {
        "slope": -1.8923607205367183,
        "se": 0.5464911795469469,
        "n": 64,
        "at_nominal_step": 0.9461803602683592,
        "se_at_step": 0.27324558977347346,
        "residual_sd": 1.2598316062631771,
        "sigma_data_used": 7.0
      },
      "gate": {
        "score": 0.5371005290317383,
        "tier": "possible"
      }
    },
    {
      "action": "running_volume",
      "outcome": "hrv_daily",
      "nominal_step": 30.0,
      "dose_multiplier": 1.1404149275111168,
      "dose_multiplier_raw": 1.1404149275111168,
      "direction_conflict": false,
      "scaled_effect": 0.2194539073151196,
      "posterior": {
        "mean": 0.19243338720062514,
        "variance": 0.10842986542594728,
        "sd": 0.329286904425225,
        "contraction": 0.6404149275111168,
        "prior_mean": 0.14166006734006745,
        "prior_variance": 0.3015416203888705,
        "source": "pop+cohort+user",
        "lam_js": 0.8768472906403941,
        "n_cohort": 534,
        "z_like": 0.5843942914660404
      },
      "cohort_prior": {
        "mean": 0.13417902621722846,
        "variance": 0.24427088794406634,
        "n": 534
      },
      "user_obs": {
        "slope": 0.23630773149153947,
        "se": 0.27541310534895713,
        "n": 64,
        "at_nominal_step": 0.23630773149153947,
        "se_at_step": 0.27541310534895713,
        "residual_sd": 1.6520435320920586,
        "sigma_data_used": 3.5
      },
      "gate": {
        "score": 0.6404149275111168,
        "tier": "possible"
      }
    },
    {
      "action": "sleep_duration",
      "outcome": "hrv_daily",
      "nominal_step": 0.5,
      "dose_multiplier": 0.5255513945637544,
      "dose_multiplier_raw": 0.5255513945637544,
      "direction_conflict": false,
      "scaled_effect": 0.07198900032454092,
      "posterior": {
        "mean": 0.13697804071911365,
        "variance": 0.0028587749325531156,
        "sd": 0.0534675128704629,
        "contraction": 0.025551394563754437,
        "prior_mean": 0.13540993265993234,
        "prior_variance": 0.0029337359780747863,
        "source": "pop+cohort+user",
        "lam_js": 0.8768472906403941,
        "n_cohort": 534,
        "z_like": 2.5618928834594166
      },
      "cohort_prior": {
        "mean": 0.13457651150347733,
        "variance": 0.002897733991751291,
        "n": 534
      },
      "user_obs": {
        "slope": 0.5771979459008426,
        "se": 0.953500122793397,
        "n": 64,
        "at_nominal_step": 0.2885989729504213,
        "se_at_step": 0.4767500613966985,
        "residual_sd": 1.6520435320920603,
        "sigma_data_used": 3.5
      },
      "gate": {
        "score": 0.025551394563754437,
        "tier": "not_exposed"
      }
    },
    {
      "action": "training_load",
      "outcome": "hrv_daily",
      "nominal_step": 100.0,
      "dose_multiplier": 0.5,
      "dose_multiplier_raw": 1.4552946485148837,
      "direction_conflict": true,
      "scaled_effect": 0.710150830497181,
      "posterior": {
        "mean": 1.420301660994362,
        "variance": 0.18286517979447683,
        "sd": 0.42762738428973046,
        "contraction": 0.9552946485148837,
        "prior_mean": -5.056217651515151,
        "prior_variance": 4.090453910318943,
        "source": "pop+cohort+user",
        "lam_js": 0.8768472906403941,
        "n_cohort": 534,
        "z_like": 3.3213533865550215
      },
      "cohort_prior": {
        "mean": -5.061554325842696,
        "variance": 4.099093150953106,
        "n": 534
      },
      "user_obs": {
        "slope": 0.017230185242884465,
        "se": 0.019739768877386505,
        "n": 64,
        "at_nominal_step": 1.7230185242884464,
        "se_at_step": 1.9739768877386505,
        "residual_sd": 1.6520435320920583,
        "sigma_data_used": 3.5
      },
      "gate": {
        "score": 0.47764732425744183,
        "tier": "possible"
      }
    },
    {
      "action": "training_load",
      "outcome": "resting_hr",
      "nominal_step": 100.0,
      "dose_multiplier": 1.4237432089504516,
      "dose_multiplier_raw": 1.4237432089504516,
      "direction_conflict": false,
      "scaled_effect": 2.000933679134452,
      "posterior": {
        "mean": 1.4054034930986545,
        "variance": 0.020786757592977496,
        "sd": 0.1441761339229815,
        "contraction": 0.9237432089504516,
        "prior_mean": 1.305251261157877,
        "prior_variance": 0.2725889367606766,
        "source": "pop+cohort+user",
        "lam_js": 0.8768472906403941,
        "n_cohort": 534,
        "z_like": 9.747823407786875
      },
      "cohort_prior": {
        "mean": 1.306352479669686,
        "variance": 0.273049088182262,