{
  "pid": 947,
  "cohort": "cohort_b",
  "age": 49,
  "is_female": false,
  "effects_bayesian": [
    {
      "action": "active_energy",
      "outcome": "deep_sleep",
      "nominal_step": 100.0,
      "dose_multiplier": 0.5488172676117533,
      "dose_multiplier_raw": 0.5488172676117533,
      "direction_conflict": false,
      "scaled_effect": 0.35506431251594045,
      "posterior": {
        "mean": 0.6469627205081339,
        "variance": 0.07291303024444393,
        "sd": 0.270024129004139,
        "contraction": 0.04881726761175331,
        "prior_mean": 0.6921665440115441,
        "prior_variance": 0.07665512394382158,
        "source": "pop+cohort+user",
        "lam_js": 0.8472505091649695,
        "n_cohort": 416,
        "z_like": 2.39594410652915
      },
      "cohort_prior": {
        "mean": 0.6841722046703297,
        "variance": 0.07489465690295352,
        "n": 416
      },
      "user_obs": {
        "slope": -0.00601026333908327,
        "se": 0.005618263439511645,
        "n": 59,
        "at_nominal_step": -0.601026333908327,
        "se_at_step": 0.5618263439511645,
        "residual_sd": 1.7690780768644694,
        "sigma_data_used": 12.0
      },
      "gate": {
        "score": 0.04881726761175331,
        "tier": "not_exposed"
      }
    },
    {
      "action": "bedtime",
      "outcome": "deep_sleep",
      "nominal_step": -0.5,
      "dose_multiplier": 0.7819425281541249,
      "dose_multiplier_raw": 0.7819425281541249,
      "direction_conflict": false,
      "scaled_effect": 0.3919472335016281,
      "posterior": {
        "mean": 0.5012481344720686,
        "variance": 0.6783315983198765,
        "sd": 0.8236088867416843,
        "contraction": 0.2819425281541249,
        "prior_mean": 0.6072164646464647,
        "prior_variance": 0.9446759137205589,
        "source": "pop+cohort+user",
        "lam_js": 0.8472505091649695,
        "n_cohort": 416,
        "z_like": 0.6085997158858722
      },
      "cohort_prior": {
        "mean": 0.6215986538461539,
        "variance": 0.9384823525592582,
        "n": 416
      },
      "user_obs": {
        "slope": -0.3885556780315771,
        "se": 0.7176255583773918,
        "n": 59,
        "at_nominal_step": 0.19427783901578854,
        "se_at_step": 0.3588127791886959,
        "residual_sd": 1.747142021918222,
        "sigma_data_used": 12.0
      },
      "gate": {
        "score": 0.2819425281541249,
        "tier": "not_exposed"
      }
    },
    {
      "action": "bedtime",
      "outcome": "sleep_quality",
      "nominal_step": -0.5,
      "dose_multiplier": 1.0133042938401495,
      "dose_multiplier_raw": 1.0133042938401495,
      "direction_conflict": false,
      "scaled_effect": 0.20700702297864915,
      "posterior": {
        "mean": 0.20428910075387963,
        "variance": 0.43165100266929707,
        "sd": 0.6570015240996759,
        "contraction": 0.5133042938401495,
        "prior_mean": 0.4607862962962966,
        "prior_variance": 0.8869011935098631,
        "source": "pop+cohort+user",
        "lam_js": 0.8472505091649695,
        "n_cohort": 416,
        "z_like": 0.3109415933757959
      },
      "cohort_prior": {
        "mean": 0.4770937500000001,
        "variance": 0.9009695161433738,
        "n": 416
      },
      "user_obs": {
        "slope": 0.09097646623250098,
        "se": 0.5335543387969335,
        "n": 59,
        "at_nominal_step": -0.04548823311625049,
        "se_at_step": 0.26677716939846674,
        "residual_sd": 1.2989994509067955,
        "sigma_data_used": 7.0
      },
      "gate": {
        "score": 0.5133042938401495,
        "tier": "possible"
      }
    },
    {
      "action": "running_volume",
      "outcome": "hrv_daily",
      "nominal_step": 30.0,
      "dose_multiplier": 1.1394170185712105,
      "dose_multiplier_raw": 1.1394170185712105,
      "direction_conflict": false,
      "scaled_effect": 0.20616087209812264,
      "posterior": {
        "mean": 0.18093539831153413,
        "variance": 0.10873077650468721,
        "sd": 0.32974350108029,
        "contraction": 0.6394170185712105,
        "prior_mean": 0.14166006734006745,
        "prior_variance": 0.3015416203888705,
        "source": "pop+cohort+user",
        "lam_js": 0.8472505091649695,
        "n_cohort": 416,
        "z_like": 0.5487155856560089
      },
      "cohort_prior": {
        "mean": 0.11986480769230796,
        "variance": 0.2186938498312511,
        "n": 416
      },
      "user_obs": {
        "slope": 0.23345420706854295,
        "se": 0.24699077541204073,
        "n": 59,
        "at_nominal_step": 0.23345420706854295,
        "se_at_step": 0.24699077541204073,
        "residual_sd": 1.6919459951016766,
        "sigma_data_used": 3.5
      },
      "gate": {
        "score": 0.6394170185712105,
        "tier": "possible"
      }
    },
    {
      "action": "sleep_duration",
      "outcome": "hrv_daily",
      "nominal_step": 0.5,
      "dose_multiplier": 0.5063462144065575,
      "dose_multiplier_raw": 0.5063462144065575,
      "direction_conflict": false,
      "scaled_effect": 0.0658982302335097,
      "posterior": {
        "mean": 0.13014460927834337,
        "variance": 0.002915117860545692,
        "sd": 0.05399183142425984,
        "contraction": 0.006346214406557471,
        "prior_mean": 0.13540993265993234,
        "prior_variance": 0.0029337359780747863,
        "source": "pop+cohort+user",
        "lam_js": 0.8472505091649695,
        "n_cohort": 416,
        "z_like": 2.4104499855855277
      },
      "cohort_prior": {
        "mean": 0.13603296703296702,
        "variance": 0.002960794899166767,
        "n": 416
      },
      "user_obs": {
        "slope": -0.5533557075193817,
        "se": 0.997577589309192,
        "n": 59,
        "at_nominal_step": -0.27667785375969084,
        "se_at_step": 0.498788794654596,
        "residual_sd": 1.6919459951016766,
        "sigma_data_used": 3.5
      },
      "gate": {
        "score": 0.006346214406557471,
        "tier": "not_exposed"
      }
    },
    {
      "action": "training_load",
      "outcome": "hrv_daily",
      "nominal_step": 100.0,
      "dose_multiplier": 1.4517068339773225,
      "dose_multiplier_raw": 1.4517068339773225,
      "direction_conflict": false,
      "scaled_effect": -0.9192899391668782,
      "posterior": {
        "mean": -0.6332476486648809,
        "variance": 0.19754096979914348,
        "sd": 0.4444558131008565,
        "contraction": 0.9517068339773224,
        "prior_mean": -5.056217651515151,
        "prior_variance": 4.090453910318943,
        "source": "pop+cohort+user",
        "lam_js": 0.8472505091649695,
        "n_cohort": 416,
        "z_like": -1.4247707646050825
      },
      "cohort_prior": {
        "mean": -5.038698533653847,
        "variance": 4.062157266087269,
        "n": 416
      },
      "user_obs": {
        "slope": -0.004081752279868796,
        "se": 0.019456241520619776,
        "n": 59,
        "at_nominal_step": -0.40817522798687955,
        "se_at_step": 1.9456241520619775,
        "residual_sd": 1.6919459951016753,
        "sigma_data_used": 3.5
      },
      "gate": {
        "score": 0.9517068339773224,
        "tier": "recommended"
      }
    },
    {
      "action": "training_load",
      "outcome": "resting_hr",
      "nominal_step": 100.0,
      "dose_multiplier": 1.4178529197501593,
      "dose_multiplier_raw": 1.4178529197501593,
      "direction_conflict": false,
      "scaled_effect": 1.0447041950526528,
      "posterior": {
        "mean": 0.7368212742664033,
        "variance": 0.022392385263298068,
        "sd": 0.14964085425878212,
        "contraction": 0.9178529197501593,
        "prior_mean": 1.305251261157877,
        "prior_variance": 0.2725889367606766,
        "source": "pop+cohort+user",
        "lam_js": 0.8472505091649695,
        "n_cohort": 416,
        "z_like": 4.923931221297213
      },
      "cohort_prior": {
        "mean": 1.3016362050919952,