{
  "pid": 108,
  "cohort": "cohort_a",
  "age": 52,
  "is_female": true,
  "effects_bayesian": [
    {
      "action": "active_energy",
      "outcome": "deep_sleep",
      "nominal_step": 100.0,
      "dose_multiplier": 0.5185653826813555,
      "dose_multiplier_raw": 0.5185653826813555,
      "direction_conflict": false,
      "scaled_effect": 0.3502164174642999,
      "posterior": {
        "mean": 0.6753563372345246,
        "variance": 0.0752319922333178,
        "sd": 0.274284509648864,
        "contraction": 0.018565382681355547,
        "prior_mean": 0.6921665440115441,
        "prior_variance": 0.07665512394382158,
        "source": "pop+cohort+user",
        "lam_js": 0.8768472906403941,
        "n_cohort": 534,
        "z_like": 2.46224746012492
      },
      "cohort_prior": {
        "mean": 0.6984414526484751,
        "variance": 0.07805127404443395,
        "n": 534
      },
      "user_obs": {
        "slope": 0.0004062875832455126,
        "se": 0.006889918780134331,
        "n": 65,
        "at_nominal_step": 0.04062875832455126,
        "se_at_step": 0.6889918780134331,
        "residual_sd": 2.1557467556750196,
        "sigma_data_used": 12.0
      },
      "gate": {
        "score": 0.018565382681355547,
        "tier": "not_exposed"
      }
    },
    {
      "action": "bedtime",
      "outcome": "deep_sleep",
      "nominal_step": -0.5,
      "dose_multiplier": 0.7937938675383664,
      "dose_multiplier_raw": 0.7937938675383664,
      "direction_conflict": false,
      "scaled_effect": 0.40633771253120815,
      "posterior": {
        "mean": 0.5118932372094304,
        "variance": 0.6671359234582558,
        "sd": 0.8167838903028486,
        "contraction": 0.29379386753836645,
        "prior_mean": 0.6072164646464647,
        "prior_variance": 0.9446759137205589,
        "source": "pop+cohort+user",
        "lam_js": 0.8768472906403941,
        "n_cohort": 534,
        "z_like": 0.6267180869833631
      },
      "cohort_prior": {
        "mean": 0.6056498876404495,
        "variance": 0.9560138510611396,
        "n": 534
      },
      "user_obs": {
        "slope": -0.58772147743086,
        "se": 0.6244878462076882,
        "n": 65,
        "at_nominal_step": 0.29386073871543,
        "se_at_step": 0.3122439231038441,
        "residual_sd": 2.152369367863749,
        "sigma_data_used": 12.0
      },
      "gate": {
        "score": 0.29379386753836645,
        "tier": "not_exposed"
      }
    },
    {
      "action": "bedtime",
      "outcome": "sleep_quality",
      "nominal_step": -0.5,
      "dose_multiplier": 1.0409467032680475,
      "dose_multiplier_raw": 1.0409467032680475,
      "direction_conflict": false,
      "scaled_effect": 0.5989747191497947,
      "posterior": {
        "mean": 0.57541343593223,
        "variance": 0.40713491675620594,
        "sd": 0.6380712473981303,
        "contraction": 0.5409467032680475,
        "prior_mean": 0.4607862962962966,
        "prior_variance": 0.8869011935098631,
        "source": "pop+cohort+user",
        "lam_js": 0.8768472906403941,
        "n_cohort": 534,
        "z_like": 0.9018012303149521
      },
      "cohort_prior": {
        "mean": 0.46373086142322145,
        "variance": 0.8849888909576128,
        "n": 534
      },
      "user_obs": {
        "slope": -1.3416595922884924,
        "se": 0.3836240983298565,
        "n": 65,
        "at_nominal_step": 0.6708297961442462,
        "se_at_step": 0.19181204916492825,
        "residual_sd": 1.322204688263745,
        "sigma_data_used": 7.0
      },
      "gate": {
        "score": 0.5409467032680475,
        "tier": "possible"
      }
    },
    {
      "action": "running_volume",
      "outcome": "hrv_daily",
      "nominal_step": 30.0,
      "dose_multiplier": 1.143569839700102,
      "dose_multiplier_raw": 1.143569839700102,
      "direction_conflict": false,
      "scaled_effect": 0.18450169932122357,
      "posterior": {
        "mean": 0.16133837472454557,
        "variance": 0.10747852809229612,
        "sd": 0.3278391802275868,
        "contraction": 0.643569839700102,
        "prior_mean": 0.14166006734006745,
        "prior_variance": 0.3015416203888705,
        "source": "pop+cohort+user",
        "lam_js": 0.8768472906403941,
        "n_cohort": 534,
        "z_like": 0.4921265805159227
      },
      "cohort_prior": {
        "mean": 0.13417902621722846,
        "variance": 0.24427088794406634,
        "n": 534
      },
      "user_obs": {
        "slope": 0.18110823334745485,
        "se": 0.2081760562268725,
        "n": 65,
        "at_nominal_step": 0.18110823334745485,
        "se_at_step": 0.2081760562268725,
        "residual_sd": 1.4632720479558246,
        "sigma_data_used": 3.5
      },
      "gate": {
        "score": 0.643569839700102,
        "tier": "possible"
      }
    },
    {
      "action": "sleep_duration",
      "outcome": "hrv_daily",
      "nominal_step": 0.5,
      "dose_multiplier": 0.5257787479755134,
      "dose_multiplier_raw": 0.5257787479755134,
      "direction_conflict": false,
      "scaled_effect": 0.06993984021614057,
      "posterior": {
        "mean": 0.13302142866260888,
        "variance": 0.0028581079376693,
        "sd": 0.05346127512199181,
        "contraction": 0.025778747975513383,
        "prior_mean": 0.13540993265993234,
        "prior_variance": 0.0029337359780747863,
        "source": "pop+cohort+user",
        "lam_js": 0.8768472906403941,
        "n_cohort": 534,
        "z_like": 2.4881828643082486
      },
      "cohort_prior": {
        "mean": 0.13457651150347733,
        "variance": 0.002897733991751291,
        "n": 534
      },
      "user_obs": {
        "slope": 0.050740499779890424,
        "se": 0.6684375711191546,
        "n": 65,
        "at_nominal_step": 0.025370249889945212,
        "se_at_step": 0.3342187855595773,
        "residual_sd": 1.4632720479558239,
        "sigma_data_used": 3.5
      },
      "gate": {
        "score": 0.025778747975513383,
        "tier": "not_exposed"
      }
    },
    {
      "action": "training_load",
      "outcome": "hrv_daily",
      "nominal_step": 100.0,
      "dose_multiplier": 0.5,
      "dose_multiplier_raw": 1.4559521841688845,
      "direction_conflict": true,
      "scaled_effect": 1.6156274203629175,
      "posterior": {
        "mean": 3.231254840725835,
        "variance": 0.18017556050739475,
        "sd": 0.42447091832938894,
        "contraction": 0.9559521841688846,
        "prior_mean": -5.056217651515151,
        "prior_variance": 4.090453910318943,
        "source": "pop+cohort+user",
        "lam_js": 0.8768472906403941,
        "n_cohort": 534,
        "z_like": 7.612429264749735
      },
      "cohort_prior": {
        "mean": -5.061554325842696,
        "variance": 4.099093150953106,
        "n": 534
      },
      "user_obs": {
        "slope": 0.0361259728239372,
        "se": 0.017128191675597423,
        "n": 65,
        "at_nominal_step": 3.61259728239372,
        "se_at_step": 1.7128191675597422,
        "residual_sd": 1.4632720479558228,
        "sigma_data_used": 3.5
      },
      "gate": {
        "score": 0.4779760920844423,
        "tier": "possible"
      }
    },
    {
      "action": "training_load",
      "outcome": "resting_hr",
      "nominal_step": 100.0,
      "dose_multiplier": 1.424828330664573,
      "dose_multiplier_raw": 1.424828330664573,
      "direction_conflict": false,
      "scaled_effect": 0.3639527855972665,
      "posterior": {
        "mean": 0.2554362359060551,
        "variance": 0.02049096541866919,
        "sd": 0.14314665702931798,
        "contraction": 0.924828330664573,
        "prior_mean": 1.305251261157877,
        "prior_variance": 0.2725889367606766,
        "source": "pop+cohort+user",
        "lam_js": 0.8768472906403941,
        "n_cohort": 534,
        "z_like": 1.7844373121039006
      },
      "cohort_prior": {
        "mean": 1.306352479669686,
        "variance": 0.273049088182262,
        "n": 534
      },