{
  "pid": 145,
  "cohort": "cohort_a",
  "age": 45,
  "is_female": false,
  "effects_bayesian": [
    {
      "action": "active_energy",
      "outcome": "deep_sleep",
      "nominal_step": 100.0,
      "dose_multiplier": 0.513928876738436,
      "dose_multiplier_raw": 0.513928876738436,
      "direction_conflict": false,
      "scaled_effect": 0.34817493103000074,
      "posterior": {
        "mean": 0.6774768782008027,
        "variance": 0.07558740417103856,
        "sd": 0.27493163544968513,
        "contraction": 0.013928876738436013,
        "prior_mean": 0.6921665440115441,
        "prior_variance": 0.07665512394382158,
        "source": "pop+cohort+user",
        "lam_js": 0.8768472906403941,
        "n_cohort": 534,
        "z_like": 2.4641648717242175
      },
      "cohort_prior": {
        "mean": 0.6984414526484751,
        "variance": 0.07805127404443395,
        "n": 534
      },
      "user_obs": {
        "slope": 0.00010758231838225302,
        "se": 0.007663444806255632,
        "n": 56,
        "at_nominal_step": 0.010758231838225302,
        "se_at_step": 0.7663444806255632,
        "residual_sd": 2.2123843466930584,
        "sigma_data_used": 12.0
      },
      "gate": {
        "score": 0.013928876738436013,
        "tier": "not_exposed"
      }
    },
    {
      "action": "bedtime",
      "outcome": "deep_sleep",
      "nominal_step": -0.5,
      "dose_multiplier": 0.7630667001950857,
      "dose_multiplier_raw": 0.7630667001950857,
      "direction_conflict": false,
      "scaled_effect": 0.4846275773696533,
      "posterior": {
        "mean": 0.6351051320228669,
        "variance": 0.696163138344314,
        "sd": 0.834363912417306,
        "contraction": 0.2630667001950857,
        "prior_mean": 0.6072164646464647,
        "prior_variance": 0.9446759137205589,
        "source": "pop+cohort+user",
        "lam_js": 0.8768472906403941,
        "n_cohort": 534,
        "z_like": 0.7611848050604805
      },
      "cohort_prior": {
        "mean": 0.6056498876404495,
        "variance": 0.9560138510611396,
        "n": 534
      },
      "user_obs": {
        "slope": -1.427858973094862,
        "se": 0.8395687615183218,
        "n": 56,
        "at_nominal_step": 0.713929486547431,
        "se_at_step": 0.4197843807591609,
        "residual_sd": 2.2327067052970953,
        "sigma_data_used": 12.0
      },
      "gate": {
        "score": 0.2630667001950857,
        "tier": "not_exposed"
      }
    },
    {
      "action": "bedtime",
      "outcome": "sleep_quality",
      "nominal_step": -0.5,
      "dose_multiplier": 1.0038442332442534,
      "dose_multiplier_raw": 1.0038442332442534,
      "direction_conflict": false,
      "scaled_effect": 0.7015023244173687,
      "posterior": {
        "mean": 0.6988159130527978,
        "variance": 0.4400411417024728,
        "sd": 0.6633559690712618,
        "contraction": 0.5038442332442534,
        "prior_mean": 0.4607862962962966,
        "prior_variance": 0.8869011935098631,
        "source": "pop+cohort+user",
        "lam_js": 0.8768472906403941,
        "n_cohort": 534,
        "z_like": 1.0534553778587115
      },
      "cohort_prior": {
        "mean": 0.46373086142322145,
        "variance": 0.8849888909576128,
        "n": 534
      },
      "user_obs": {
        "slope": -1.8630885554673513,
        "se": 0.47306465779486523,
        "n": 56,
        "at_nominal_step": 0.9315442777336757,
        "se_at_step": 0.23653232889743261,
        "residual_sd": 1.2580442268808993,
        "sigma_data_used": 7.0
      },
      "gate": {
        "score": 0.5038442332442534,
        "tier": "possible"
      }
    },
    {
      "action": "running_volume",
      "outcome": "hrv_daily",
      "nominal_step": 30.0,
      "dose_multiplier": 0.5,
      "dose_multiplier_raw": 1.113011772276164,
      "direction_conflict": true,
      "scaled_effect": -0.019706988532322545,
      "posterior": {
        "mean": -0.03941397706464509,
        "variance": 0.11669305725926267,
        "sd": 0.34160365521941166,
        "contraction": 0.6130117722761642,
        "prior_mean": 0.14166006734006745,
        "prior_variance": 0.3015416203888705,
        "source": "pop+cohort+user",
        "lam_js": 0.8768472906403941,
        "n_cohort": 534,
        "z_like": -0.1153792603282583
      },
      "cohort_prior": {
        "mean": 0.13417902621722846,
        "variance": 0.24427088794406634,
        "n": 534
      },
      "user_obs": {
        "slope": -0.19204000080298617,
        "se": 0.20551483371950435,
        "n": 56,
        "at_nominal_step": -0.19204000080298617,
        "se_at_step": 0.20551483371950435,
        "residual_sd": 1.4308368671099716,
        "sigma_data_used": 3.5
      },
      "gate": {
        "score": 0.3065058861380821,
        "tier": "possible"
      }
    },
    {
      "action": "sleep_duration",
      "outcome": "hrv_daily",
      "nominal_step": 0.5,
      "dose_multiplier": 0.5237287399969176,
      "dose_multiplier_raw": 0.5237287399969176,
      "direction_conflict": false,
      "scaled_effect": 0.07078882542998292,
      "posterior": {
        "mean": 0.13516314844665495,
        "variance": 0.002864122119831447,
        "sd": 0.05351749358697067,
        "contraction": 0.023728739996917603,
        "prior_mean": 0.13540993265993234,
        "prior_variance": 0.0029337359780747863,
        "source": "pop+cohort+user",
        "lam_js": 0.8768472906403941,
        "n_cohort": 534,
        "z_like": 2.525588165428615
      },
      "cohort_prior": {
        "mean": 0.13457651150347733,
        "variance": 0.002897733991751291,
        "n": 534
      },
      "user_obs": {
        "slope": 0.3432900299405712,
        "se": 0.5817607313268977,
        "n": 56,
        "at_nominal_step": 0.1716450149702856,
        "se_at_step": 0.2908803656634488,
        "residual_sd": 1.430836867109972,
        "sigma_data_used": 3.5
      },
      "gate": {
        "score": 0.023728739996917603,
        "tier": "not_exposed"
      }
    },
    {
      "action": "training_load",
      "outcome": "hrv_daily",
      "nominal_step": 100.0,
      "dose_multiplier": 1.4492318005692542,
      "dose_multiplier_raw": 1.4492318005692542,
      "direction_conflict": false,
      "scaled_effect": -0.053502073719022235,
      "posterior": {
        "mean": -0.036917540519057594,
        "variance": 0.20766497988134625,
        "sd": 0.4557027319221888,
        "contraction": 0.9492318005692542,
        "prior_mean": -5.056217651515151,
        "prior_variance": 4.090453910318943,
        "source": "pop+cohort+user",
        "lam_js": 0.8768472906403941,
        "n_cohort": 534,
        "z_like": -0.0810123309187474
      },
      "cohort_prior": {
        "mean": -5.061554325842696,
        "variance": 4.099093150953106,
        "n": 534
      },
      "user_obs": {
        "slope": 0.0023125918587799735,
        "se": 0.01705358982054249,
        "n": 56,
        "at_nominal_step": 0.23125918587799735,
        "se_at_step": 1.705358982054249,
        "residual_sd": 1.4308368671099725,
        "sigma_data_used": 3.5
      },
      "gate": {
        "score": 0.9492318005692542,
        "tier": "recommended"
      }
    },
    {
      "action": "training_load",
      "outcome": "resting_hr",
      "nominal_step": 100.0,
      "dose_multiplier": 0.5,
      "dose_multiplier_raw": 1.4137871813838943,
      "direction_conflict": true,
      "scaled_effect": -0.30617978749134284,
      "posterior": {
        "mean": -0.6123595749826857,
        "variance": 0.023500660561705362,
        "sd": 0.15329925166714078,
        "contraction": 0.9137871813838941,
        "prior_mean": 1.305251261157877,
        "prior_variance": 0.2725889367606766,
        "source": "pop+cohort+user",
        "lam_js": 0.8768472906403941,
        "n_cohort": 534,
        "z_like": -3.994537274795732
      },
      "cohort_prior": {
        "mean": 1.306352479669686,
        "variance": 0.273049088182262,