{
  "pid": 935,
  "cohort": "cohort_b",
  "age": 29,
  "is_female": false,
  "effects_bayesian": [
    {
      "action": "active_energy",
      "outcome": "deep_sleep",
      "nominal_step": 100.0,
      "dose_multiplier": 0.5420264162478856,
      "dose_multiplier_raw": 0.5420264162478856,
      "direction_conflict": false,
      "scaled_effect": 0.3725499071725537,
      "posterior": {
        "mean": 0.6873279530386854,
        "variance": 0.07343358379742528,
        "sd": 0.2709863166239677,
        "contraction": 0.04202641624788561,
        "prior_mean": 0.6921665440115441,
        "prior_variance": 0.07665512394382158,
        "source": "pop+cohort+user",
        "lam_js": 0.8472505091649695,
        "n_cohort": 416,
        "z_like": 2.5363935773644664
      },
      "cohort_prior": {
        "mean": 0.6841722046703297,
        "variance": 0.07489465690295352,
        "n": 416
      },
      "user_obs": {
        "slope": 0.007696977429101137,
        "se": 0.008643627371909022,
        "n": 45,
        "at_nominal_step": 0.7696977429101137,
        "se_at_step": 0.8643627371909022,
        "residual_sd": 2.198874313613371,
        "sigma_data_used": 12.0
      },
      "gate": {
        "score": 0.04202641624788561,
        "tier": "not_exposed"
      }
    },
    {
      "action": "bedtime",
      "outcome": "deep_sleep",
      "nominal_step": -0.5,
      "dose_multiplier": 0.7312439051876609,
      "dose_multiplier_raw": 0.7312439051876609,
      "direction_conflict": false,
      "scaled_effect": 0.45672715887533866,
      "posterior": {
        "mean": 0.6245893547080268,
        "variance": 0.726225366295095,
        "sd": 0.8521885743748827,
        "contraction": 0.23124390518766091,
        "prior_mean": 0.6072164646464647,
        "prior_variance": 0.9446759137205589,
        "source": "pop+cohort+user",
        "lam_js": 0.8472505091649695,
        "n_cohort": 416,
        "z_like": 0.7329238779881438
      },
      "cohort_prior": {
        "mean": 0.6215986538461539,
        "variance": 0.9384823525592582,
        "n": 416
      },
      "user_obs": {
        "slope": -1.284520042680137,
        "se": 1.1039819642239215,
        "n": 45,
        "at_nominal_step": 0.6422600213400685,
        "se_at_step": 0.5519909821119607,
        "residual_sd": 2.2233210359930258,
        "sigma_data_used": 12.0
      },
      "gate": {
        "score": 0.23124390518766091,
        "tier": "not_exposed"
      }
    },
    {
      "action": "bedtime",
      "outcome": "sleep_quality",
      "nominal_step": -0.5,
      "dose_multiplier": 0.9448366293921021,
      "dose_multiplier_raw": 0.9448366293921021,
      "direction_conflict": false,
      "scaled_effect": 0.6521873675025124,
      "posterior": {
        "mean": 0.690264694672266,
        "variance": 0.4923750559851031,
        "sd": 0.7016944178095641,
        "contraction": 0.4448366293921021,
        "prior_mean": 0.4607862962962966,
        "prior_variance": 0.8869011935098631,
        "source": "pop+cohort+user",
        "lam_js": 0.8472505091649695,
        "n_cohort": 416,
        "z_like": 0.9837112525806069
      },
      "cohort_prior": {
        "mean": 0.4770937500000001,
        "variance": 0.9009695161433738,
        "n": 416
      },
      "user_obs": {
        "slope": -1.903079445324092,
        "se": 0.6697541255285733,
        "n": 45,
        "at_nominal_step": 0.951539722662046,
        "se_at_step": 0.33487706276428664,
        "residual_sd": 1.3488249667897287,
        "sigma_data_used": 7.0
      },
      "gate": {
        "score": 0.4448366293921021,
        "tier": "possible"
      }
    },
    {
      "action": "running_volume",
      "outcome": "hrv_daily",
      "nominal_step": 30.0,
      "dose_multiplier": 1.088251623481625,
      "dose_multiplier_raw": 1.088251623481625,
      "direction_conflict": false,
      "scaled_effect": 0.6338497992230903,
      "posterior": {
        "mean": 0.5824478324187795,
        "variance": 0.12415927264783753,
        "sd": 0.35236241662220097,
        "contraction": 0.5882516234816251,
        "prior_mean": 0.14166006734006745,
        "prior_variance": 0.3015416203888705,
        "source": "pop+cohort+user",
        "lam_js": 0.8472505091649695,
        "n_cohort": 416,
        "z_like": 1.6529794465658736
      },
      "cohort_prior": {
        "mean": 0.11986480769230796,
        "variance": 0.2186938498312511,
        "n": 416
      },
      "user_obs": {
        "slope": 1.130119160131945,
        "se": 0.4430954275492902,
        "n": 45,
        "at_nominal_step": 1.130119160131945,
        "se_at_step": 0.4430954275492902,
        "residual_sd": 2.62850562394529,
        "sigma_data_used": 3.5
      },
      "gate": {
        "score": 0.5882516234816251,
        "tier": "possible"
      }
    },
    {
      "action": "sleep_duration",
      "outcome": "hrv_daily",
      "nominal_step": 0.5,
      "dose_multiplier": 0.5030247282107687,
      "dose_multiplier_raw": 0.5030247282107687,
      "direction_conflict": false,
      "scaled_effect": 0.0749207779360052,
      "posterior": {
        "mean": 0.148940546526399,
        "variance": 0.0029248622240989563,
        "sd": 0.05408199537830456,
        "contraction": 0.0030247282107687123,
        "prior_mean": 0.13540993265993234,
        "prior_variance": 0.0029337359780747863,
        "source": "pop+cohort+user",
        "lam_js": 0.8472505091649695,
        "n_cohort": 416,
        "z_like": 2.7539765403357825
      },
      "cohort_prior": {
        "mean": 0.13603296703296702,
        "variance": 0.002960794899166767,
        "n": 416
      },
      "user_obs": {
        "slope": 2.692254129295161,
        "se": 1.5851869088918904,
        "n": 45,
        "at_nominal_step": 1.3461270646475805,
        "se_at_step": 0.7925934544459452,
        "residual_sd": 2.628505623945292,
        "sigma_data_used": 3.5
      },
      "gate": {
        "score": 0.0030247282107687123,
        "tier": "not_exposed"
      }
    },
    {
      "action": "training_load",
      "outcome": "hrv_daily",
      "nominal_step": 100.0,
      "dose_multiplier": 1.4376249804252894,
      "dose_multiplier_raw": 1.4376249804252894,
      "direction_conflict": false,
      "scaled_effect": -1.1362384859333874,
      "posterior": {
        "mean": -0.7903580567981341,
        "variance": 0.25514214272559566,
        "sd": 0.5051159695808436,
        "contraction": 0.9376249804252894,
        "prior_mean": -5.056217651515151,
        "prior_variance": 4.090453910318943,
        "source": "pop+cohort+user",
        "lam_js": 0.8472505091649695,
        "n_cohort": 416,
        "z_like": -1.56470613561078
      },
      "cohort_prior": {
        "mean": -5.038698533653847,
        "variance": 4.062157266087269,
        "n": 416
      },
      "user_obs": {
        "slope": -0.005057806082782791,
        "se": 0.03858961796747757,
        "n": 45,
        "at_nominal_step": -0.5057806082782791,
        "se_at_step": 3.858961796747757,
        "residual_sd": 2.62850562394529,
        "sigma_data_used": 3.5
      },
      "gate": {
        "score": 0.9376249804252894,
        "tier": "recommended"
      }
    },
    {
      "action": "training_load",
      "outcome": "resting_hr",
      "nominal_step": 100.0,
      "dose_multiplier": 0.5,
      "dose_multiplier_raw": 1.3949923640955404,
      "direction_conflict": true,
      "scaled_effect": -0.6396321555811028,
      "posterior": {
        "mean": -1.2792643111622055,
        "variance": 0.028623919822948877,
        "sd": 0.16918605091126418,
        "contraction": 0.8949923640955404,
        "prior_mean": 1.305251261157877,
        "prior_variance": 0.2725889367606766,
        "source": "pop+cohort+user",
        "lam_js": 0.8472505091649695,
        "n_cohort": 416,
        "z_like": -7.561287140824408
      },
      "cohort_prior": {
        "mean": 1.3016362050919952,
        "variance": 0.2710810896650065,
        "n": 416
      },