{
  "pid": 257,
  "cohort": "cohort_a",
  "age": 36,
  "is_female": true,
  "effects_bayesian": [
    {
      "action": "active_energy",
      "outcome": "deep_sleep",
      "nominal_step": 100.0,
      "dose_multiplier": 0.5144462062727329,
      "dose_multiplier_raw": 0.5144462062727329,
      "direction_conflict": false,
      "scaled_effect": 0.3477750257924645,
      "posterior": {
        "mean": 0.6760182533216935,
        "variance": 0.07554774821146723,
        "sd": 0.27485950631453016,
        "contraction": 0.014446206272732853,
        "prior_mean": 0.6921665440115441,
        "prior_variance": 0.07665512394382158,
        "source": "pop+cohort+user",
        "lam_js": 0.8768472906403941,
        "n_cohort": 534,
        "z_like": 2.459504720743059
      },
      "cohort_prior": {
        "mean": 0.6984414526484751,
        "variance": 0.07805127404443395,
        "n": 534
      },
      "user_obs": {
        "slope": -0.0002632134817842219,
        "se": 0.006735033190183859,
        "n": 57,
        "at_nominal_step": -0.026321348178422188,
        "se_at_step": 0.6735033190183859,
        "residual_sd": 1.8839847774147072,
        "sigma_data_used": 12.0
      },
      "gate": {
        "score": 0.014446206272732853,
        "tier": "not_exposed"
      }
    },
    {
      "action": "bedtime",
      "outcome": "deep_sleep",
      "nominal_step": -0.5,
      "dose_multiplier": 0.7666122385674619,
      "dose_multiplier_raw": 0.7666122385674619,
      "direction_conflict": false,
      "scaled_effect": 0.5798766056359818,
      "posterior": {
        "mean": 0.7564144902246466,
        "variance": 0.6928137536427582,
        "sd": 0.8323543438000178,
        "contraction": 0.26661223856746186,
        "prior_mean": 0.6072164646464647,
        "prior_variance": 0.9446759137205589,
        "source": "pop+cohort+user",
        "lam_js": 0.8768472906403941,
        "n_cohort": 534,
        "z_like": 0.9087649939703846
      },
      "cohort_prior": {
        "mean": 0.6056498876404495,
        "variance": 0.9560138510611396,
        "n": 534
      },
      "user_obs": {
        "slope": -2.3097920028066117,
        "se": 0.49468675681368207,
        "n": 57,
        "at_nominal_step": 1.1548960014033058,
        "se_at_step": 0.24734337840684104,
        "residual_sd": 1.900095642417336,
        "sigma_data_used": 12.0
      },
      "gate": {
        "score": 0.26661223856746186,
        "tier": "not_exposed"
      }
    },
    {
      "action": "bedtime",
      "outcome": "sleep_quality",
      "nominal_step": -0.5,
      "dose_multiplier": 1.0082602682034416,
      "dose_multiplier_raw": 1.0082602682034416,
      "direction_conflict": false,
      "scaled_effect": 0.8543720097401866,
      "posterior": {
        "mean": 0.8473724857397592,
        "variance": 0.43612455502658753,
        "sd": 0.6603972706080693,
        "contraction": 0.5082602682034416,
        "prior_mean": 0.4607862962962966,
        "prior_variance": 0.8869011935098631,
        "source": "pop+cohort+user",
        "lam_js": 0.8768472906403941,
        "n_cohort": 534,
        "z_like": 1.2831253602237485
      },
      "cohort_prior": {
        "mean": 0.46373086142322145,
        "variance": 0.8849888909576128,
        "n": 534
      },
      "user_obs": {
        "slope": -2.4405651022550052,
        "se": 0.36281393067044976,
        "n": 57,
        "at_nominal_step": 1.2202825511275026,
        "se_at_step": 0.18140696533522488,
        "residual_sd": 1.3935711016716674,
        "sigma_data_used": 7.0
      },
      "gate": {
        "score": 0.5082602682034416,
        "tier": "possible"
      }
    },
    {
      "action": "running_volume",
      "outcome": "hrv_daily",
      "nominal_step": 30.0,
      "dose_multiplier": 0.5,
      "dose_multiplier_raw": 1.116663422657341,
      "direction_conflict": true,
      "scaled_effect": -0.005364351530576471,
      "posterior": {
        "mean": -0.010728703061152941,
        "variance": 0.11559193268622897,
        "sd": 0.33998813609628936,
        "contraction": 0.6166634226573411,
        "prior_mean": 0.14166006734006745,
        "prior_variance": 0.3015416203888705,
        "source": "pop+cohort+user",
        "lam_js": 0.8768472906403941,
        "n_cohort": 534,
        "z_like": -0.03155611011707309
      },
      "cohort_prior": {
        "mean": 0.13417902621722846,
        "variance": 0.24427088794406634,
        "n": 534
      },
      "user_obs": {
        "slope": -0.13602975689158667,
        "se": 0.3240718200780474,
        "n": 57,
        "at_nominal_step": -0.13602975689158667,
        "se_at_step": 0.3240718200780474,
        "residual_sd": 1.9727507357358252,
        "sigma_data_used": 3.5
      },
      "gate": {
        "score": 0.30833171132867054,
        "tier": "possible"
      }
    },
    {
      "action": "sleep_duration",
      "outcome": "hrv_daily",
      "nominal_step": 0.5,
      "dose_multiplier": 0.5239569446095587,
      "dose_multiplier_raw": 0.5239569446095587,
      "direction_conflict": false,
      "scaled_effect": 0.07099404711109487,
      "posterior": {
        "mean": 0.13549595599691516,
        "variance": 0.0028634526277489794,
        "sd": 0.053511238331298026,
        "contraction": 0.02395694460955866,
        "prior_mean": 0.13540993265993234,
        "prior_variance": 0.0029337359780747863,
        "source": "pop+cohort+user",
        "lam_js": 0.8768472906403941,
        "n_cohort": 534,
        "z_like": 2.5321027922776613
      },
      "cohort_prior": {
        "mean": 0.13457651150347733,
        "variance": 0.002897733991751291,
        "n": 534
      },
      "user_obs": {
        "slope": 0.3919667396841578,
        "se": 0.715973300507051,
        "n": 57,
        "at_nominal_step": 0.1959833698420789,
        "se_at_step": 0.3579866502535255,
        "residual_sd": 1.9727507357358256,
        "sigma_data_used": 3.5
      },
      "gate": {
        "score": 0.02395694460955866,
        "tier": "not_exposed"
      }
    },
    {
      "action": "training_load",
      "outcome": "hrv_daily",
      "nominal_step": 100.0,
      "dose_multiplier": 1.4500780889491733,
      "dose_multiplier_raw": 1.4500780889491733,
      "direction_conflict": false,
      "scaled_effect": -2.2344513890890734,
      "posterior": {
        "mean": -1.5409179727060844,
        "variance": 0.2042032762684489,
        "sd": 0.4518885662068126,
        "contraction": 0.9500780889491732,
        "prior_mean": -5.056217651515151,
        "prior_variance": 4.090453910318943,
        "source": "pop+cohort+user",
        "lam_js": 0.8768472906403941,
        "n_cohort": 534,
        "z_like": -3.4099512312087654
      },
      "cohort_prior": {
        "mean": -5.061554325842696,
        "variance": 4.099093150953106,
        "n": 534
      },
      "user_obs": {
        "slope": -0.013563201897148904,
        "se": 0.02540686217822788,
        "n": 57,
        "at_nominal_step": -1.3563201897148904,
        "se_at_step": 2.540686217822788,
        "residual_sd": 1.9727507357358227,
        "sigma_data_used": 3.5
      },
      "gate": {
        "score": 0.9500780889491732,
        "tier": "recommended"
      }
    },
    {
      "action": "training_load",
      "outcome": "resting_hr",
      "nominal_step": 100.0,
      "dose_multiplier": 0.5,
      "dose_multiplier_raw": 1.4151715730968348,
      "direction_conflict": true,
      "scaled_effect": -0.2867578923123387,
      "posterior": {
        "mean": -0.5735157846246774,
        "variance": 0.023123290696614545,
        "sd": 0.15206344299868574,
        "contraction": 0.915171573096835,
        "prior_mean": 1.305251261157877,
        "prior_variance": 0.2725889367606766,
        "source": "pop+cohort+user",
        "lam_js": 0.8768472906403941,
        "n_cohort": 534,
        "z_like": -3.7715559592428423
      },
      "cohort_prior": {
        "mean": 1.306352479669686,
        "variance": 0.273049088182262,