{
  "pid": 1145,
  "cohort": "cohort_c",
  "age": 25,
  "is_female": true,
  "effects_bayesian": [
    {
      "action": "active_energy",
      "outcome": "deep_sleep",
      "nominal_step": 100.0,
      "dose_multiplier": 0.5241230309025994,
      "dose_multiplier_raw": 0.5241230309025994,
      "direction_conflict": false,
      "scaled_effect": 0.35084303276884354,
      "posterior": {
        "mean": 0.669390605035333,
        "variance": 0.07480597002008219,
        "sd": 0.2735068006834239,
        "contraction": 0.024123030902599374,
        "prior_mean": 0.6921665440115441,
        "prior_variance": 0.07665512394382158,
        "source": "pop+cohort+user",
        "lam_js": 0.7603833865814696,
        "n_cohort": 238,
        "z_like": 2.447436785347553
      },
      "cohort_prior": {
        "mean": 0.6920608463385354,
        "variance": 0.07663171440556958,
        "n": 238
      },
      "user_obs": {
        "slope": -0.002576641762547467,
        "se": 0.008724382028559215,
        "n": 46,
        "at_nominal_step": -0.2576641762547467,
        "se_at_step": 0.8724382028559216,
        "residual_sd": 1.9591654209067164,
        "sigma_data_used": 12.0
      },
      "gate": {
        "score": 0.024123030902599374,
        "tier": "not_exposed"
      }
    },
    {
      "action": "bedtime",
      "outcome": "deep_sleep",
      "nominal_step": -0.5,
      "dose_multiplier": 0.7358003661487973,
      "dose_multiplier_raw": 0.7358003661487973,
      "direction_conflict": false,
      "scaled_effect": 0.3464901767547981,
      "posterior": {
        "mean": 0.4709024250264223,
        "variance": 0.7219209873733015,
        "sd": 0.8496593360714054,
        "contraction": 0.2358003661487973,
        "prior_mean": 0.6072164646464647,
        "prior_variance": 0.9446759137205589,
        "source": "pop+cohort+user",
        "lam_js": 0.7603833865814696,
        "n_cohort": 238,
        "z_like": 0.5542249758635591
      },
      "cohort_prior": {
        "mean": 0.5855927731092442,
        "variance": 0.9363184076048073,
        "n": 238
      },
      "user_obs": {
        "slope": -0.1419590118082906,
        "se": 0.7276064793826216,
        "n": 46,
        "at_nominal_step": 0.0709795059041453,
        "se_at_step": 0.3638032396913108,
        "residual_sd": 1.846608222506924,
        "sigma_data_used": 12.0
      },
      "gate": {
        "score": 0.2358003661487973,
        "tier": "not_exposed"
      }
    },
    {
      "action": "bedtime",
      "outcome": "sleep_quality",
      "nominal_step": -0.5,
      "dose_multiplier": 0.9585333062204582,
      "dose_multiplier_raw": 0.9585333062204582,
      "direction_conflict": false,
      "scaled_effect": 0.6074741734387554,
      "posterior": {
        "mean": 0.6337538502799184,
        "variance": 0.4802274569589152,
        "sd": 0.6929844565059993,
        "contraction": 0.4585333062204582,
        "prior_mean": 0.4607862962962966,
        "prior_variance": 0.8869011935098631,
        "source": "pop+cohort+user",
        "lam_js": 0.7603833865814696,
        "n_cohort": 238,
        "z_like": 0.9145282326753484
      },
      "cohort_prior": {
        "mean": 0.42567579831932817,
        "variance": 0.8706033108101122,
        "n": 238
      },
      "user_obs": {
        "slope": -1.7539522370078575,
        "se": 0.48080224800948734,
        "n": 46,
        "at_nominal_step": 0.8769761185039288,
        "se_at_step": 0.24040112400474367,
        "residual_sd": 1.2202384252095742,
        "sigma_data_used": 7.0
      },
      "gate": {
        "score": 0.4585333062204582,
        "tier": "possible"
      }
    },
    {
      "action": "running_volume",
      "outcome": "hrv_daily",
      "nominal_step": 30.0,
      "dose_multiplier": 0.9363668732161652,
      "dose_multiplier_raw": 0.9363668732161652,
      "direction_conflict": false,
      "scaled_effect": 0.38947547344215755,
      "posterior": {
        "mean": 0.41594324252887693,
        "variance": 0.16995884635524325,
        "sd": 0.41226065341631046,
        "contraction": 0.4363668732161652,
        "prior_mean": 0.14166006734006745,
        "prior_variance": 0.3015416203888705,
        "source": "pop+cohort+user",
        "lam_js": 0.7603833865814696,
        "n_cohort": 238,
        "z_like": 1.0089326717988965
      },
      "cohort_prior": {
        "mean": 0.19654117647058833,
        "variance": 0.5699868837170512,
        "n": 238
      },
      "user_obs": {
        "slope": 0.5477715462563497,
        "se": 0.3734481410435401,
        "n": 46,
        "at_nominal_step": 0.5477715462563497,
        "se_at_step": 0.3734481410435401,
        "residual_sd": 1.6628088281702906,
        "sigma_data_used": 3.5
      },
      "gate": {
        "score": 0.4363668732161652,
        "tier": "possible"
      }
    },
    {
      "action": "sleep_duration",
      "outcome": "hrv_daily",
      "nominal_step": 0.5,
      "dose_multiplier": 0.5023157467674887,
      "dose_multiplier_raw": 0.5023157467674887,
      "direction_conflict": false,
      "scaled_effect": 0.07019097978364446,
      "posterior": {
        "mean": 0.13973477884246852,
        "variance": 0.0029269421884668945,
        "sd": 0.054101221691075466,
        "contraction": 0.002315746767488691,
        "prior_mean": 0.13540993265993234,
        "prior_variance": 0.0029337359780747863,
        "source": "pop+cohort+user",
        "lam_js": 0.7603833865814696,
        "n_cohort": 238,
        "z_like": 2.5828396194150853
      },
      "cohort_prior": {
        "mean": 0.13619087635053972,
        "variance": 0.0029676727681804804,
        "n": 238
      },
      "user_obs": {
        "slope": 0.9509340597988891,
        "se": 0.8844018523483622,
        "n": 46,
        "at_nominal_step": 0.47546702989944456,
        "se_at_step": 0.4422009261741811,
        "residual_sd": 1.662808828170291,
        "sigma_data_used": 3.5
      },
      "gate": {
        "score": 0.002315746767488691,
        "tier": "not_exposed"
      }
    },
    {
      "action": "training_load",
      "outcome": "hrv_daily",
      "nominal_step": 100.0,
      "dose_multiplier": 1.438854726962091,
      "dose_multiplier_raw": 1.438854726962091,
      "direction_conflict": false,
      "scaled_effect": -0.19169784653316801,
      "posterior": {
        "mean": -0.1332294657278619,
        "variance": 0.25011192119543346,
        "sd": 0.5001119086718826,
        "contraction": 0.9388547269620912,
        "prior_mean": -5.056217651515151,
        "prior_variance": 4.090453910318943,
        "source": "pop+cohort+user",
        "lam_js": 0.7603833865814696,
        "n_cohort": 238,
        "z_like": -0.2663993066705239
      },
      "cohort_prior": {
        "mean": -5.074865420168067,
        "variance": 4.120681445250819,
        "n": 238
      },
      "user_obs": {
        "slope": 0.0018640633723577497,
        "se": 0.024536581693172146,
        "n": 46,
        "at_nominal_step": 0.18640633723577496,
        "se_at_step": 2.453658169317215,
        "residual_sd": 1.6628088281702904,
        "sigma_data_used": 3.5
      },
      "gate": {
        "score": 0.9388547269620912,
        "tier": "recommended"
      }
    },
    {
      "action": "training_load",
      "outcome": "resting_hr",
      "nominal_step": 100.0,
      "dose_multiplier": 0.5,
      "dose_multiplier_raw": 1.3969416251428322,
      "direction_conflict": true,
      "scaled_effect": -0.3097067425176773,
      "posterior": {
        "mean": -0.6194134850353546,
        "variance": 0.02809257282659859,
        "sd": 0.1676083912774017,
        "contraction": 0.8969416251428323,
        "prior_mean": 1.305251261157877,
        "prior_variance": 0.2725889367606766,
        "source": "pop+cohort+user",
        "lam_js": 0.7603833865814696,
        "n_cohort": 238,
        "z_like": -3.695599488274958
      },
      "cohort_prior": {
        "mean": 1.3090992134188058,
        "variance": 0.2741985200917978,