{
  "pid": 616,
  "cohort": "cohort_b",
  "age": 49,
  "is_female": true,
  "effects_bayesian": [
    {
      "action": "active_energy",
      "outcome": "deep_sleep",
      "nominal_step": 100.0,
      "dose_multiplier": 0.5439765337290721,
      "dose_multiplier_raw": 0.5439765337290721,
      "direction_conflict": false,
      "scaled_effect": 0.36420617512768455,
      "posterior": {
        "mean": 0.6695255264615472,
        "variance": 0.07328409730019991,
        "sd": 0.2707103568395563,
        "contraction": 0.043976533729072065,
        "prior_mean": 0.6921665440115441,
        "prior_variance": 0.07665512394382158,
        "source": "pop+cohort+user",
        "lam_js": 0.8472505091649695,
        "n_cohort": 416,
        "z_like": 2.4732172580244476
      },
      "cohort_prior": {
        "mean": 0.6841722046703297,
        "variance": 0.07489465690295352,
        "n": 416
      },
      "user_obs": {
        "slope": 0.0004907615939897941,
        "se": 0.008226400217192644,
        "n": 49,
        "at_nominal_step": 0.04907615939897941,
        "se_at_step": 0.8226400217192644,
        "residual_sd": 2.1673015797599797,
        "sigma_data_used": 12.0
      },
      "gate": {
        "score": 0.043976533729072065,
        "tier": "not_exposed"
      }
    },
    {
      "action": "bedtime",
      "outcome": "deep_sleep",
      "nominal_step": -0.5,
      "dose_multiplier": 0.746445308843454,
      "dose_multiplier_raw": 0.746445308843454,
      "direction_conflict": false,
      "scaled_effect": 0.3892176465859093,
      "posterior": {
        "mean": 0.5214282171442206,
        "variance": 0.7118649664067237,
        "sd": 0.8437209055171762,
        "contraction": 0.24644530884345395,
        "prior_mean": 0.6072164646464647,
        "prior_variance": 0.9446759137205589,
        "source": "pop+cohort+user",
        "lam_js": 0.8472505091649695,
        "n_cohort": 416,
        "z_like": 0.6180103085446252
      },
      "cohort_prior": {
        "mean": 0.6215986538461539,
        "variance": 0.9384823525592582,
        "n": 416
      },
      "user_obs": {
        "slope": -0.42987960758153476,
        "se": 1.0814603199688744,
        "n": 49,
        "at_nominal_step": 0.21493980379076738,
        "se_at_step": 0.5407301599844372,
        "residual_sd": 2.1264050572119264,
        "sigma_data_used": 12.0
      },
      "gate": {
        "score": 0.24644530884345395,
        "tier": "not_exposed"
      }
    },
    {
      "action": "bedtime",
      "outcome": "sleep_quality",
      "nominal_step": -0.5,
      "dose_multiplier": 0.9662885639398574,
      "dose_multiplier_raw": 0.9662885639398574,
      "direction_conflict": false,
      "scaled_effect": 0.6792229656992868,
      "posterior": {
        "mean": 0.7029193876929316,
        "variance": 0.4733493096316035,
        "sd": 0.6880038587330768,
        "contraction": 0.4662885639398574,
        "prior_mean": 0.4607862962962966,
        "prior_variance": 0.8869011935098631,
        "source": "pop+cohort+user",
        "lam_js": 0.8472505091649695,
        "n_cohort": 416,
        "z_like": 1.0216794263150224
      },
      "cohort_prior": {
        "mean": 0.4770937500000001,
        "variance": 0.9009695161433738,
        "n": 416
      },
      "user_obs": {
        "slope": -1.9138910270710603,
        "se": 0.7033633306230515,
        "n": 49,
        "at_nominal_step": 0.9569455135355301,
        "se_at_step": 0.3516816653115257,
        "residual_sd": 1.3829775495945398,
        "sigma_data_used": 7.0
      },
      "gate": {
        "score": 0.4662885639398574,
        "tier": "possible"
      }
    },
    {
      "action": "running_volume",
      "outcome": "hrv_daily",
      "nominal_step": 30.0,
      "dose_multiplier": 1.1042942482395492,
      "dose_multiplier_raw": 1.1042942482395492,
      "direction_conflict": false,
      "scaled_effect": 0.006879299480257611,
      "posterior": {
        "mean": 0.006229589161787717,
        "variance": 0.11932175358304244,
        "sd": 0.34542980992242467,
        "contraction": 0.6042942482395494,
        "prior_mean": 0.14166006734006745,
        "prior_variance": 0.3015416203888705,
        "source": "pop+cohort+user",
        "lam_js": 0.8472505091649695,
        "n_cohort": 416,
        "z_like": 0.018034312566094786
      },
      "cohort_prior": {
        "mean": 0.11986480769230796,
        "variance": 0.2186938498312511,
        "n": 416
      },
      "user_obs": {
        "slope": -0.12186697817497273,
        "se": 0.3113807011917397,
        "n": 49,
        "at_nominal_step": -0.12186697817497273,
        "se_at_step": 0.3113807011917397,
        "residual_sd": 1.6317165296166063,
        "sigma_data_used": 3.5
      },
      "gate": {
        "score": 0.6042942482395494,
        "tier": "possible"
      }
    },
    {
      "action": "sleep_duration",
      "outcome": "hrv_daily",
      "nominal_step": 0.5,
      "dose_multiplier": 0.5039759879681849,
      "dose_multiplier_raw": 0.5039759879681849,
      "direction_conflict": false,
      "scaled_effect": 0.06920115939613002,
      "posterior": {
        "mean": 0.1373104295605817,
        "variance": 0.0029220714791241297,
        "sd": 0.054056188166796686,
        "contraction": 0.00397598796818488,
        "prior_mean": 0.13540993265993234,
        "prior_variance": 0.0029337359780747863,
        "source": "pop+cohort+user",
        "lam_js": 0.8472505091649695,
        "n_cohort": 416,
        "z_like": 2.540142659280642
      },
      "cohort_prior": {
        "mean": 0.13603296703296702,
        "variance": 0.002960794899166767,
        "n": 416
      },
      "user_obs": {
        "slope": 0.5067484816577439,
        "se": 0.7440576287882686,
        "n": 49,
        "at_nominal_step": 0.25337424082887194,
        "se_at_step": 0.3720288143941343,
        "residual_sd": 1.6317165296166065,
        "sigma_data_used": 3.5
      },
      "gate": {
        "score": 0.00397598796818488,
        "tier": "not_exposed"
      }
    },
    {
      "action": "training_load",
      "outcome": "hrv_daily",
      "nominal_step": 100.0,
      "dose_multiplier": 1.4424219101308449,
      "dose_multiplier_raw": 1.4424219101308449,
      "direction_conflict": false,
      "scaled_effect": -1.9918714892553384,
      "posterior": {
        "mean": -1.380921542625938,
        "variance": 0.23552052285398178,
        "sd": 0.4853045671060409,
        "contraction": 0.9424219101308448,
        "prior_mean": -5.056217651515151,
        "prior_variance": 4.090453910318943,
        "source": "pop+cohort+user",
        "lam_js": 0.8472505091649695,
        "n_cohort": 416,
        "z_like": -2.845474030587891
      },
      "cohort_prior": {
        "mean": -5.038698533653847,
        "variance": 4.062157266087269,
        "n": 416
      },
      "user_obs": {
        "slope": -0.01155881935412565,
        "se": 0.023815641799571675,
        "n": 49,
        "at_nominal_step": -1.1558819354125651,
        "se_at_step": 2.3815641799571674,
        "residual_sd": 1.6317165296166078,
        "sigma_data_used": 3.5
      },
      "gate": {
        "score": 0.9424219101308448,
        "tier": "recommended"
      }
    },
    {
      "action": "training_load",
      "outcome": "resting_hr",
      "nominal_step": 100.0,
      "dose_multiplier": 1.4027266542346961,
      "dose_multiplier_raw": 1.4027266542346961,
      "direction_conflict": false,
      "scaled_effect": 1.072620782544682,
      "posterior": {
        "mean": 0.7646684258166362,
        "variance": 0.026515637897317847,
        "sd": 0.16283623029693928,
        "contraction": 0.9027266542346961,
        "prior_mean": 1.305251261157877,
        "prior_variance": 0.2725889367606766,
        "source": "pop+cohort+user",
        "lam_js": 0.8472505091649695,
        "n_cohort": 416,
        "z_like": 4.695935446443513
      },
      "cohort_prior": {
        "mean": 1.3016362050919952,