{
  "pid": 1176,
  "cohort": "cohort_c",
  "age": 34,
  "is_female": false,
  "effects_bayesian": [
    {
      "action": "active_energy",
      "outcome": "deep_sleep",
      "nominal_step": 100.0,
      "dose_multiplier": 0.521581658224058,
      "dose_multiplier_raw": 0.521581658224058,
      "direction_conflict": false,
      "scaled_effect": 0.36313937050642586,
      "posterior": {
        "mean": 0.6962272633261014,
        "variance": 0.07500077925774322,
        "sd": 0.27386270147236774,
        "contraction": 0.021581658224057998,
        "prior_mean": 0.6921665440115441,
        "prior_variance": 0.07665512394382158,
        "source": "pop+cohort+user",
        "lam_js": 0.7603833865814696,
        "n_cohort": 238,
        "z_like": 2.542249308076549
      },
      "cohort_prior": {
        "mean": 0.6920608463385354,
        "variance": 0.07663171440556958,
        "n": 238
      },
      "user_obs": {
        "slope": 0.008860083762559534,
        "se": 0.006162324648484968,
        "n": 41,
        "at_nominal_step": 0.8860083762559534,
        "se_at_step": 0.6162324648484968,
        "residual_sd": 1.795790640619643,
        "sigma_data_used": 12.0
      },
      "gate": {
        "score": 0.021581658224057998,
        "tier": "not_exposed"
      }
    },
    {
      "action": "bedtime",
      "outcome": "deep_sleep",
      "nominal_step": -0.5,
      "dose_multiplier": 0.716151879727341,
      "dose_multiplier_raw": 0.716151879727341,
      "direction_conflict": false,
      "scaled_effect": 0.5155341865139406,
      "posterior": {
        "mean": 0.71986711353773,
        "variance": 0.7404824392367167,
        "sd": 0.8605128931263707,
        "contraction": 0.21615187972734096,
        "prior_mean": 0.6072164646464647,
        "prior_variance": 0.9446759137205589,
        "source": "pop+cohort+user",
        "lam_js": 0.7603833865814696,
        "n_cohort": 238,
        "z_like": 0.83655587183865
      },
      "cohort_prior": {
        "mean": 0.5855927731092442,
        "variance": 0.9363184076048073,
        "n": 238
      },
      "user_obs": {
        "slope": -2.406154315099771,
        "se": 0.8340747441728252,
        "n": 41,
        "at_nominal_step": 1.2030771575498855,
        "se_at_step": 0.4170373720864126,
        "residual_sd": 1.7995309900938021,
        "sigma_data_used": 12.0
      },
      "gate": {
        "score": 0.21615187972734096,
        "tier": "not_exposed"
      }
    },
    {
      "action": "bedtime",
      "outcome": "sleep_quality",
      "nominal_step": -0.5,
      "dose_multiplier": 0.9306327139923937,
      "dose_multiplier_raw": 0.9306327139923937,
      "direction_conflict": false,
      "scaled_effect": 0.04406567485235272,
      "posterior": {
        "mean": 0.047350231933403625,
        "variance": 0.5049725255056177,
        "sd": 0.7106141889278722,
        "contraction": 0.43063271399239367,
        "prior_mean": 0.4607862962962966,
        "prior_variance": 0.8869011935098631,
        "source": "pop+cohort+user",
        "lam_js": 0.7603833865814696,
        "n_cohort": 238,
        "z_like": 0.0666328264636012
      },
      "cohort_prior": {
        "mean": 0.42567579831932817,
        "variance": 0.8706033108101122,
        "n": 238
      },
      "user_obs": {
        "slope": 0.9624162166196821,
        "se": 0.550417867257686,
        "n": 41,
        "at_nominal_step": -0.48120810830984106,
        "se_at_step": 0.275208933628843,
        "residual_sd": 1.1875362688434388,
        "sigma_data_used": 7.0
      },
      "gate": {
        "score": 0.43063271399239367,
        "tier": "possible"
      }
    },
    {
      "action": "running_volume",
      "outcome": "hrv_daily",
      "nominal_step": 30.0,
      "dose_multiplier": 0.8943525280616283,
      "dose_multiplier_raw": 0.8943525280616283,
      "direction_conflict": false,
      "scaled_effect": 0.12493798177701275,
      "posterior": {
        "mean": 0.1396965713819769,
        "variance": 0.18262792007271955,
        "sd": 0.42734988015994524,
        "contraction": 0.39435252806162835,
        "prior_mean": 0.14166006734006745,
        "prior_variance": 0.3015416203888705,
        "source": "pop+cohort+user",
        "lam_js": 0.7603833865814696,
        "n_cohort": 238,
        "z_like": 0.3268903955926987
      },
      "cohort_prior": {
        "mean": 0.19654117647058833,
        "variance": 0.5699868837170512,
        "n": 238
      },
      "user_obs": {
        "slope": 0.11190678353942866,
        "se": 0.2501561337533177,
        "n": 41,
        "at_nominal_step": 0.11190678353942866,
        "se_at_step": 0.2501561337533177,
        "residual_sd": 1.4430339541105783,
        "sigma_data_used": 3.5
      },
      "gate": {
        "score": 0.39435252806162835,
        "tier": "possible"
      }
    },
    {
      "action": "sleep_duration",
      "outcome": "hrv_daily",
      "nominal_step": 0.5,
      "dose_multiplier": 0.5011224174051987,
      "dose_multiplier_raw": 0.5011224174051987,
      "direction_conflict": false,
      "scaled_effect": 0.07119717251014487,
      "posterior": {
        "mean": 0.14207540919602507,
        "variance": 0.0029304431017507376,
        "sd": 0.05413356723651913,
        "contraction": 0.0011224174051986946,
        "prior_mean": 0.13540993265993234,
        "prior_variance": 0.0029337359780747863,
        "source": "pop+cohort+user",
        "lam_js": 0.7603833865814696,
        "n_cohort": 238,
        "z_like": 2.624534396103484
      },
      "cohort_prior": {
        "mean": 0.13619087635053972,
        "variance": 0.0029676727681804804,
        "n": 238
      },
      "user_obs": {
        "slope": 1.5101093500680391,
        "se": 0.6987837133028161,
        "n": 41,
        "at_nominal_step": 0.7550546750340196,
        "se_at_step": 0.34939185665140804,
        "residual_sd": 1.4430339541105786,
        "sigma_data_used": 3.5
      },
      "gate": {
        "score": 0.0011224174051986946,
        "tier": "not_exposed"
      }
    },
    {
      "action": "training_load",
      "outcome": "hrv_daily",
      "nominal_step": 100.0,
      "dose_multiplier": 1.4319029361601514,
      "dose_multiplier_raw": 1.4319029361601514,
      "direction_conflict": false,
      "scaled_effect": -1.158247185254145,
      "posterior": {
        "mean": -0.8088866612426588,
        "variance": 0.2785479010649476,
        "sd": 0.5277763741064463,
        "contraction": 0.9319029361601514,
        "prior_mean": -5.056217651515151,
        "prior_variance": 4.090453910318943,
        "source": "pop+cohort+user",
        "lam_js": 0.7603833865814696,
        "n_cohort": 238,
        "z_like": -1.5326314343118284
      },
      "cohort_prior": {
        "mean": -5.074865420168067,
        "variance": 4.120681445250819,
        "n": 238
      },
      "user_obs": {
        "slope": -0.004993478732399158,
        "se": 0.02769775919877886,
        "n": 41,
        "at_nominal_step": -0.4993478732399158,
        "se_at_step": 2.769775919877886,
        "residual_sd": 1.4430339541105783,
        "sigma_data_used": 3.5
      },
      "gate": {
        "score": 0.9319029361601514,
        "tier": "recommended"
      }
    },
    {
      "action": "training_load",
      "outcome": "resting_hr",
      "nominal_step": 100.0,
      "dose_multiplier": 0.5,
      "dose_multiplier_raw": 1.3858023709377791,
      "direction_conflict": true,
      "scaled_effect": -0.28034140168914345,
      "posterior": {
        "mean": -0.5606828033782869,
        "variance": 0.031129010286660944,
        "sd": 0.17643415283516098,
        "contraction": 0.885802370937779,
        "prior_mean": 1.305251261157877,
        "prior_variance": 0.2725889367606766,
        "source": "pop+cohort+user",
        "lam_js": 0.7603833865814696,
        "n_cohort": 238,
        "z_like": -3.1778586762741
      },
      "cohort_prior": {
        "mean": 1.3090992134188058,
        "variance": 0.2741985200917978,