{
  "pid": 552,
  "cohort": "cohort_b",
  "age": 56,
  "is_female": false,
  "effects_bayesian": [
    {
      "action": "active_energy",
      "outcome": "deep_sleep",
      "nominal_step": 100.0,
      "dose_multiplier": 0.5420264162478856,
      "dose_multiplier_raw": 0.5420264162478856,
      "direction_conflict": false,
      "scaled_effect": 0.3442768911680774,
      "posterior": {
        "mean": 0.6351662591489431,
        "variance": 0.07343358379742528,
        "sd": 0.2709863166239677,
        "contraction": 0.04202641624788561,
        "prior_mean": 0.6921665440115441,
        "prior_variance": 0.07665512394382158,
        "source": "pop+cohort+user",
        "lam_js": 0.8472505091649695,
        "n_cohort": 416,
        "z_like": 2.343905282975329
      },
      "cohort_prior": {
        "mean": 0.6841722046703297,
        "variance": 0.07489465690295352,
        "n": 416
      },
      "user_obs": {
        "slope": -0.01503341537150571,
        "se": 0.01040119248262864,
        "n": 45,
        "at_nominal_step": -1.503341537150571,
        "se_at_step": 1.040119248262864,
        "residual_sd": 2.3053358494033094,
        "sigma_data_used": 12.0
      },
      "gate": {
        "score": 0.04202641624788561,
        "tier": "not_exposed"
      }
    },
    {
      "action": "bedtime",
      "outcome": "deep_sleep",
      "nominal_step": -0.5,
      "dose_multiplier": 0.7312439051876609,
      "dose_multiplier_raw": 0.7312439051876609,
      "direction_conflict": false,
      "scaled_effect": 0.5002005897446253,
      "posterior": {
        "mean": 0.6840406958554515,
        "variance": 0.726225366295095,
        "sd": 0.8521885743748827,
        "contraction": 0.23124390518766091,
        "prior_mean": 0.6072164646464647,
        "prior_variance": 0.9446759137205589,
        "source": "pop+cohort+user",
        "lam_js": 0.8472505091649695,
        "n_cohort": 416,
        "z_like": 0.8026870066372633
      },
      "cohort_prior": {
        "mean": 0.6215986538461539,
        "variance": 0.9384823525592582,
        "n": 416
      },
      "user_obs": {
        "slope": -1.8084463622531028,
        "se": 1.1435313182872735,
        "n": 45,
        "at_nominal_step": 0.9042231811265514,
        "se_at_step": 0.5717656591436368,
        "residual_sd": 2.3130007080416473,
        "sigma_data_used": 12.0
      },
      "gate": {
        "score": 0.23124390518766091,
        "tier": "not_exposed"
      }
    },
    {
      "action": "bedtime",
      "outcome": "sleep_quality",
      "nominal_step": -0.5,
      "dose_multiplier": 0.9448366293921021,
      "dose_multiplier_raw": 0.9448366293921021,
      "direction_conflict": false,
      "scaled_effect": 0.2520434549919975,
      "posterior": {
        "mean": 0.2667587677608981,
        "variance": 0.4923750559851031,
        "sd": 0.7016944178095641,
        "contraction": 0.4448366293921021,
        "prior_mean": 0.4607862962962966,
        "prior_variance": 0.8869011935098631,
        "source": "pop+cohort+user",
        "lam_js": 0.8472505091649695,
        "n_cohort": 416,
        "z_like": 0.3801637308069549
      },
      "cohort_prior": {
        "mean": 0.4770937500000001,
        "variance": 0.9009695161433738,
        "n": 416
      },
      "user_obs": {
        "slope": -0.029910231787284743,
        "se": 0.5338834819345528,
        "n": 45,
        "at_nominal_step": 0.014955115893642372,
        "se_at_step": 0.2669417409672764,
        "residual_sd": 1.07987673969078,
        "sigma_data_used": 7.0
      },
      "gate": {
        "score": 0.4448366293921021,
        "tier": "possible"
      }
    },
    {
      "action": "running_volume",
      "outcome": "hrv_daily",
      "nominal_step": 30.0,
      "dose_multiplier": 0.5,
      "dose_multiplier_raw": 1.088251623481625,
      "direction_conflict": true,
      "scaled_effect": -0.08990189430604814,
      "posterior": {
        "mean": -0.17980378861209628,
        "variance": 0.12415927264783753,
        "sd": 0.35236241662220097,
        "contraction": 0.5882516234816251,
        "prior_mean": 0.14166006734006745,
        "prior_variance": 0.3015416203888705,
        "source": "pop+cohort+user",
        "lam_js": 0.8472505091649695,
        "n_cohort": 416,
        "z_like": -0.5102808362359482
      },
      "cohort_prior": {
        "mean": 0.11986480769230796,
        "variance": 0.2186938498312511,
        "n": 416
      },
      "user_obs": {
        "slope": -0.541136040903821,
        "se": 0.22798828318687134,
        "n": 45,
        "at_nominal_step": -0.541136040903821,
        "se_at_step": 0.22798828318687134,
        "residual_sd": 1.2378852915717475,
        "sigma_data_used": 3.5
      },
      "gate": {
        "score": 0.29412581174081254,
        "tier": "not_exposed"
      }
    },
    {
      "action": "sleep_duration",
      "outcome": "hrv_daily",
      "nominal_step": 0.5,
      "dose_multiplier": 0.5030247282107687,
      "dose_multiplier_raw": 0.5030247282107687,
      "direction_conflict": false,
      "scaled_effect": 0.0682535121353944,
      "posterior": {
        "mean": 0.13568619653782904,
        "variance": 0.0029248622240989563,
        "sd": 0.05408199537830456,
        "contraction": 0.0030247282107687123,
        "prior_mean": 0.13540993265993234,
        "prior_variance": 0.0029337359780747863,
        "source": "pop+cohort+user",
        "lam_js": 0.8472505091649695,
        "n_cohort": 416,
        "z_like": 2.508897750327102
      },
      "cohort_prior": {
        "mean": 0.13603296703296702,
        "variance": 0.002960794899166767,
        "n": 416
      },
      "user_obs": {
        "slope": 0.2250414323886373,
        "se": 0.6823029942354775,
        "n": 45,
        "at_nominal_step": 0.11252071619431865,
        "se_at_step": 0.34115149711773873,
        "residual_sd": 1.2378852915717458,
        "sigma_data_used": 3.5
      },
      "gate": {
        "score": 0.0030247282107687123,
        "tier": "not_exposed"
      }
    },
    {
      "action": "training_load",
      "outcome": "hrv_daily",
      "nominal_step": 100.0,
      "dose_multiplier": 1.4376249804252894,
      "dose_multiplier_raw": 1.4376249804252894,
      "direction_conflict": false,
      "scaled_effect": -2.7247047706611087,
      "posterior": {
        "mean": -1.8952820156582597,
        "variance": 0.25514214272559566,
        "sd": 0.5051159695808436,
        "contraction": 0.9376249804252894,
        "prior_mean": -5.056217651515151,
        "prior_variance": 4.090453910318943,
        "source": "pop+cohort+user",
        "lam_js": 0.8472505091649695,
        "n_cohort": 416,
        "z_like": -3.752172035326871
      },
      "cohort_prior": {
        "mean": -5.038698533653847,
        "variance": 4.062157266087269,
        "n": 416
      },
      "user_obs": {
        "slope": -0.01684671920604411,
        "se": 0.017029180627118046,
        "n": 45,
        "at_nominal_step": -1.6846719206044107,
        "se_at_step": 1.7029180627118046,
        "residual_sd": 1.2378852915717464,
        "sigma_data_used": 3.5
      },
      "gate": {
        "score": 0.9376249804252894,
        "tier": "recommended"
      }
    },
    {
      "action": "training_load",
      "outcome": "resting_hr",
      "nominal_step": 100.0,
      "dose_multiplier": 1.3949923640955404,
      "dose_multiplier_raw": 1.3949923640955404,
      "direction_conflict": false,
      "scaled_effect": 0.8246407331747427,
      "posterior": {
        "mean": 0.5911435463013507,
        "variance": 0.028623919822948877,
        "sd": 0.16918605091126418,
        "contraction": 0.8949923640955404,
        "prior_mean": 1.305251261157877,
        "prior_variance": 0.2725889367606766,
        "source": "pop+cohort+user",
        "lam_js": 0.8472505091649695,
        "n_cohort": 416,
        "z_like": 3.494044237792379
      },
      "cohort_prior": {
        "mean": 1.3016362050919952,
        "variance": 0.2710810896650065,