{
  "pid": 227,
  "cohort": "cohort_a",
  "age": 28,
  "is_female": true,
  "effects_bayesian": [
    {
      "action": "active_energy",
      "outcome": "deep_sleep",
      "nominal_step": 100.0,
      "dose_multiplier": 0.5165101075716688,
      "dose_multiplier_raw": 0.5165101075716688,
      "direction_conflict": false,
      "scaled_effect": 0.35792322185480013,
      "posterior": {
        "mean": 0.6929646034180196,
        "variance": 0.07538953960158948,
        "sd": 0.2745715564321794,
        "contraction": 0.01651010757166882,
        "prior_mean": 0.6921665440115441,
        "prior_variance": 0.07665512394382158,
        "source": "pop+cohort+user",
        "lam_js": 0.8768472906403941,
        "n_cohort": 534,
        "z_like": 2.5238033116849286
      },
      "cohort_prior": {
        "mean": 0.6984414526484751,
        "variance": 0.07805127404443395,
        "n": 534
      },
      "user_obs": {
        "slope": 0.005503709658165375,
        "se": 0.007084972310222631,
        "n": 61,
        "at_nominal_step": 0.5503709658165375,
        "se_at_step": 0.708497231022263,
        "residual_sd": 1.9925737202462386,
        "sigma_data_used": 12.0
      },
      "gate": {
        "score": 0.01651010757166882,
        "tier": "not_exposed"
      }
    },
    {
      "action": "bedtime",
      "outcome": "deep_sleep",
      "nominal_step": -0.5,
      "dose_multiplier": 0.7804596674205653,
      "dose_multiplier_raw": 0.7804596674205653,
      "direction_conflict": false,
      "scaled_effect": 0.3524915754217557,
      "posterior": {
        "mean": 0.45164611335618066,
        "variance": 0.6797324211382724,
        "sd": 0.8244588656435641,
        "contraction": 0.2804596674205653,
        "prior_mean": 0.6072164646464647,
        "prior_variance": 0.9446759137205589,
        "source": "pop+cohort+user",
        "lam_js": 0.8768472906403941,
        "n_cohort": 534,
        "z_like": 0.5478091535878268
      },
      "cohort_prior": {
        "mean": 0.6056498876404495,
        "variance": 0.9560138510611396,
        "n": 534
      },
      "user_obs": {
        "slope": -0.14066027187927166,
        "se": 0.7563757854438663,
        "n": 61,
        "at_nominal_step": 0.07033013593963583,
        "se_at_step": 0.37818789272193315,
        "residual_sd": 1.981359285636601,
        "sigma_data_used": 12.0
      },
      "gate": {
        "score": 0.2804596674205653,
        "tier": "not_exposed"
      }
    },
    {
      "action": "bedtime",
      "outcome": "sleep_quality",
      "nominal_step": -0.5,
      "dose_multiplier": 1.0251653341113507,
      "dose_multiplier_raw": 1.0251653341113507,
      "direction_conflict": false,
      "scaled_effect": 0.47195702356127206,
      "posterior": {
        "mean": 0.46037161797943643,
        "variance": 0.4211314318965001,
        "sd": 0.6489464014050006,
        "contraction": 0.5251653341113507,
        "prior_mean": 0.4607862962962966,
        "prior_variance": 0.8869011935098631,
        "source": "pop+cohort+user",
        "lam_js": 0.8768472906403941,
        "n_cohort": 534,
        "z_like": 0.7094139315399691
      },
      "cohort_prior": {
        "mean": 0.46373086142322145,
        "variance": 0.8849888909576128,
        "n": 534
      },
      "user_obs": {
        "slope": -0.9153048047631787,
        "se": 0.4264937771399686,
        "n": 61,
        "at_nominal_step": 0.45765240238158933,
        "se_at_step": 0.2132468885699843,
        "residual_sd": 1.11721900920798,
        "sigma_data_used": 7.0
      },
      "gate": {
        "score": 0.5251653341113507,
        "tier": "possible"
      }
    },
    {
      "action": "running_volume",
      "outcome": "hrv_daily",
      "nominal_step": 30.0,
      "dose_multiplier": 1.1306059443914147,
      "dose_multiplier_raw": 1.1306059443914147,
      "direction_conflict": false,
      "scaled_effect": 0.18692021004031578,
      "posterior": {
        "mean": 0.16532746087845102,
        "variance": 0.11138768209022934,
        "sd": 0.3337479319639739,
        "contraction": 0.6306059443914147,
        "prior_mean": 0.14166006734006745,
        "prior_variance": 0.3015416203888705,
        "source": "pop+cohort+user",
        "lam_js": 0.8768472906403941,
        "n_cohort": 534,
        "z_like": 0.4953662481309311
      },
      "cohort_prior": {
        "mean": 0.13417902621722846,
        "variance": 0.24427088794406634,
        "n": 534
      },
      "user_obs": {
        "slope": 0.18959649869066564,
        "se": 0.21785665550053196,
        "n": 61,
        "at_nominal_step": 0.18959649869066564,
        "se_at_step": 0.21785665550053196,
        "residual_sd": 1.5756488840658003,
        "sigma_data_used": 3.5
      },
      "gate": {
        "score": 0.6306059443914147,
        "tier": "possible"
      }
    },
    {
      "action": "sleep_duration",
      "outcome": "hrv_daily",
      "nominal_step": 0.5,
      "dose_multiplier": 0.5248686971945116,
      "dose_multiplier_raw": 0.5248686971945116,
      "direction_conflict": false,
      "scaled_effect": 0.07339728869929835,
      "posterior": {
        "mean": 0.13983933332586984,
        "variance": 0.0028607777863874,
        "sd": 0.053486239224565045,
        "contraction": 0.02486869719451157,
        "prior_mean": 0.13540993265993234,
        "prior_variance": 0.0029337359780747863,
        "source": "pop+cohort+user",
        "lam_js": 0.8768472906403941,
        "n_cohort": 534,
        "z_like": 2.6144917899115394
      },
      "cohort_prior": {
        "mean": 0.13457651150347733,
        "variance": 0.002897733991751291,
        "n": 534
      },
      "user_obs": {
        "slope": 0.9938231027670773,
        "se": 0.6898372706443059,
        "n": 61,
        "at_nominal_step": 0.49691155138353865,
        "se_at_step": 0.34491863532215294,
        "residual_sd": 1.5756488840658007,
        "sigma_data_used": 3.5
      },
      "gate": {
        "score": 0.02486869719451157,
        "tier": "not_exposed"
      }
    },
    {
      "action": "training_load",
      "outcome": "hrv_daily",
      "nominal_step": 100.0,
      "dose_multiplier": 0.5,
      "dose_multiplier_raw": 1.453198732892631,
      "direction_conflict": true,
      "scaled_effect": 0.20065044307292182,
      "posterior": {
        "mean": 0.40130088614584364,
        "variance": 0.19143842604721878,
        "sd": 0.4375367710801217,
        "contraction": 0.953198732892631,
        "prior_mean": -5.056217651515151,
        "prior_variance": 4.090453910318943,
        "source": "pop+cohort+user",
        "lam_js": 0.8768472906403941,
        "n_cohort": 534,
        "z_like": 0.9171820808458576
      },
      "cohort_prior": {
        "mean": -5.061554325842696,
        "variance": 4.099093150953106,
        "n": 534
      },
      "user_obs": {
        "slope": 0.006689703636099719,
        "se": 0.019586305410314746,
        "n": 61,
        "at_nominal_step": 0.6689703636099719,
        "se_at_step": 1.9586305410314746,
        "residual_sd": 1.5756488840658003,
        "sigma_data_used": 3.5
      },
      "gate": {
        "score": 0.4765993664463155,
        "tier": "possible"
      }
    },
    {
      "action": "training_load",
      "outcome": "resting_hr",
      "nominal_step": 100.0,
      "dose_multiplier": 1.4202913672264268,
      "dose_multiplier_raw": 1.4202913672264268,
      "direction_conflict": false,
      "scaled_effect": 0.4891167398465409,
      "posterior": {
        "mean": 0.34437774609705457,
        "variance": 0.02172769145839557,
        "sd": 0.14740315959434372,
        "contraction": 0.9202913672264267,
        "prior_mean": 1.305251261157877,
        "prior_variance": 0.2725889367606766,
        "source": "pop+cohort+user",
        "lam_js": 0.8768472906403941,
        "n_cohort": 534,
        "z_like": 2.3362982655513536
      },
      "cohort_prior": {
        "mean": 1.306352479669686,
        "variance": 0.273049088182262,