{
  "pid": 364,
  "cohort": "cohort_a",
  "age": 26,
  "is_female": true,
  "effects_bayesian": [
    {
      "action": "active_energy",
      "outcome": "deep_sleep",
      "nominal_step": 100.0,
      "dose_multiplier": 0.5144462062727329,
      "dose_multiplier_raw": 0.5144462062727329,
      "direction_conflict": false,
      "scaled_effect": 0.3813870413926794,
      "posterior": {
        "mean": 0.7413545609674254,
        "variance": 0.07554774821146723,
        "sd": 0.27485950631453016,
        "contraction": 0.014446206272732853,
        "prior_mean": 0.6921665440115441,
        "prior_variance": 0.07665512394382158,
        "source": "pop+cohort+user",
        "lam_js": 0.8768472906403941,
        "n_cohort": 534,
        "z_like": 2.697212735727869
      },
      "cohort_prior": {
        "mean": 0.6984414526484751,
        "variance": 0.07805127404443395,
        "n": 534
      },
      "user_obs": {
        "slope": 0.02158523991874589,
        "se": 0.005988670585806995,
        "n": 57,
        "at_nominal_step": 2.1585239918745893,
        "se_at_step": 0.5988670585806994,
        "residual_sd": 1.7401298000560712,
        "sigma_data_used": 12.0
      },
      "gate": {
        "score": 0.014446206272732853,
        "tier": "not_exposed"
      }
    },
    {
      "action": "bedtime",
      "outcome": "deep_sleep",
      "nominal_step": -0.5,
      "dose_multiplier": 0.7666122385674619,
      "dose_multiplier_raw": 0.7666122385674619,
      "direction_conflict": false,
      "scaled_effect": 0.6521383514077028,
      "posterior": {
        "mean": 0.8506756331288529,
        "variance": 0.6928137536427582,
        "sd": 0.8323543438000178,
        "contraction": 0.26661223856746186,
        "prior_mean": 0.6072164646464647,
        "prior_variance": 0.9446759137205589,
        "source": "pop+cohort+user",
        "lam_js": 0.8768472906403941,
        "n_cohort": 534,
        "z_like": 1.0220114059178105
      },
      "cohort_prior": {
        "mean": 0.6056498876404495,
        "variance": 0.9560138510611396,
        "n": 534
      },
      "user_obs": {
        "slope": -2.997230473537441,
        "se": 0.7166319567496915,
        "n": 57,
        "at_nominal_step": 1.4986152367687204,
        "se_at_step": 0.35831597837484574,
        "residual_sd": 1.7554037977770234,
        "sigma_data_used": 12.0
      },
      "gate": {
        "score": 0.26661223856746186,
        "tier": "not_exposed"
      }
    },
    {
      "action": "bedtime",
      "outcome": "sleep_quality",
      "nominal_step": -0.5,
      "dose_multiplier": 1.0082602682034416,
      "dose_multiplier_raw": 1.0082602682034416,
      "direction_conflict": false,
      "scaled_effect": 0.8501973815227594,
      "posterior": {
        "mean": 0.8432320585613028,
        "variance": 0.43612455502658753,
        "sd": 0.6603972706080693,
        "contraction": 0.5082602682034416,
        "prior_mean": 0.4607862962962966,
        "prior_variance": 0.8869011935098631,
        "source": "pop+cohort+user",
        "lam_js": 0.8768472906403941,
        "n_cohort": 534,
        "z_like": 1.276855759541353
      },
      "cohort_prior": {
        "mean": 0.46373086142322145,
        "variance": 0.8849888909576128,
        "n": 534
      },
      "user_obs": {
        "slope": -2.4242426340473187,
        "se": 0.5207258714329875,
        "n": 57,
        "at_nominal_step": 1.2121213170236593,
        "se_at_step": 0.26036293571649377,
        "residual_sd": 1.2755280638894142,
        "sigma_data_used": 7.0
      },
      "gate": {
        "score": 0.5082602682034416,
        "tier": "possible"
      }
    },
    {
      "action": "running_volume",
      "outcome": "hrv_daily",
      "nominal_step": 30.0,
      "dose_multiplier": 1.116663422657341,
      "dose_multiplier_raw": 1.116663422657341,
      "direction_conflict": false,
      "scaled_effect": 0.21529664389420755,
      "posterior": {
        "mean": 0.1928035247916179,
        "variance": 0.11559193268622897,
        "sd": 0.33998813609628936,
        "contraction": 0.6166634226573411,
        "prior_mean": 0.14166006734006745,
        "prior_variance": 0.3015416203888705,
        "source": "pop+cohort+user",
        "lam_js": 0.8768472906403941,
        "n_cohort": 534,
        "z_like": 0.5670889784725113
      },
      "cohort_prior": {
        "mean": 0.13417902621722846,
        "variance": 0.24427088794406634,
        "n": 534
      },
      "user_obs": {
        "slope": 0.24238398070793413,
        "se": 0.30679864622331104,
        "n": 57,
        "at_nominal_step": 0.24238398070793413,
        "se_at_step": 0.30679864622331104,
        "residual_sd": 1.7748659111668554,
        "sigma_data_used": 3.5
      },
      "gate": {
        "score": 0.6166634226573411,
        "tier": "possible"
      }
    },
    {
      "action": "sleep_duration",
      "outcome": "hrv_daily",
      "nominal_step": 0.5,
      "dose_multiplier": 0.5239569446095587,
      "dose_multiplier_raw": 0.5239569446095587,
      "direction_conflict": false,
      "scaled_effect": 0.07171539814093568,
      "posterior": {
        "mean": 0.13687269322172346,
        "variance": 0.0028634526277489794,
        "sd": 0.053511238331298026,
        "contraction": 0.02395694460955866,
        "prior_mean": 0.13540993265993234,
        "prior_variance": 0.0029337359780747863,
        "source": "pop+cohort+user",
        "lam_js": 0.8768472906403941,
        "n_cohort": 534,
        "z_like": 2.557830793866499
      },
      "cohort_prior": {
        "mean": 0.13457651150347733,
        "variance": 0.002897733991751291,
        "n": 534
      },
      "user_obs": {
        "slope": 0.5986247678584532,
        "se": 1.1262370620097344,
        "n": 57,
        "at_nominal_step": 0.2993123839292266,
        "se_at_step": 0.5631185310048672,
        "residual_sd": 1.7748659111668548,
        "sigma_data_used": 3.5
      },
      "gate": {
        "score": 0.02395694460955866,
        "tier": "not_exposed"
      }
    },
    {
      "action": "training_load",
      "outcome": "hrv_daily",
      "nominal_step": 100.0,
      "dose_multiplier": 1.4500780889491733,
      "dose_multiplier_raw": 1.4500780889491733,
      "direction_conflict": false,
      "scaled_effect": -2.080185719129178,
      "posterior": {
        "mean": -1.4345335847648206,
        "variance": 0.2042032762684489,
        "sd": 0.4518885662068126,
        "contraction": 0.9500780889491732,
        "prior_mean": -5.056217651515151,
        "prior_variance": 4.090453910318943,
        "source": "pop+cohort+user",
        "lam_js": 0.8768472906403941,
        "n_cohort": 534,
        "z_like": -3.1745295013910306
      },
      "cohort_prior": {
        "mean": -5.061554325842696,
        "variance": 4.099093150953106,
        "n": 534
      },
      "user_obs": {
        "slope": -0.012443566998957519,
        "se": 0.024996272536657257,
        "n": 57,
        "at_nominal_step": -1.2443566998957518,
        "se_at_step": 2.4996272536657256,
        "residual_sd": 1.7748659111668559,
        "sigma_data_used": 3.5
      },
      "gate": {
        "score": 0.9500780889491732,
        "tier": "recommended"
      }
    },
    {
      "action": "training_load",
      "outcome": "resting_hr",
      "nominal_step": 100.0,
      "dose_multiplier": 1.4151715730968348,
      "dose_multiplier_raw": 1.4151715730968348,
      "direction_conflict": false,
      "scaled_effect": 0.9046366355545487,
      "posterior": {
        "mean": 0.639241667054492,
        "variance": 0.023123290696614545,
        "sd": 0.15206344299868574,
        "contraction": 0.915171573096835,
        "prior_mean": 1.305251261157877,
        "prior_variance": 0.2725889367606766,
        "source": "pop+cohort+user",
        "lam_js": 0.8768472906403941,
        "n_cohort": 534,
        "z_like": 4.203782674183018
      },
      "cohort_prior": {
        "mean": 1.306352479669686,
        "variance": 0.273049088182262,