{
  "pid": 378,
  "cohort": "cohort_a",
  "age": 28,
  "is_female": true,
  "effects_bayesian": [
    {
      "action": "active_energy",
      "outcome": "deep_sleep",
      "nominal_step": 100.0,
      "dose_multiplier": 0.5180523696501055,
      "dose_multiplier_raw": 0.5180523696501055,
      "direction_conflict": false,
      "scaled_effect": 0.3437582912505301,
      "posterior": {
        "mean": 0.6635589592664265,
        "variance": 0.07527131731081306,
        "sd": 0.2743561869373699,
        "contraction": 0.018052369650105482,
        "prior_mean": 0.6921665440115441,
        "prior_variance": 0.07665512394382158,
        "source": "pop+cohort+user",
        "lam_js": 0.8768472906403941,
        "n_cohort": 534,
        "z_like": 2.4186039566802404
      },
      "cohort_prior": {
        "mean": 0.6984414526484751,
        "variance": 0.07805127404443395,
        "n": 534
      },
      "user_obs": {
        "slope": -0.003219344809851357,
        "se": 0.006020262439073642,
        "n": 64,
        "at_nominal_step": -0.32193448098513566,
        "se_at_step": 0.6020262439073643,
        "residual_sd": 2.150344091388089,
        "sigma_data_used": 12.0
      },
      "gate": {
        "score": 0.018052369650105482,
        "tier": "not_exposed"
      }
    },
    {
      "action": "bedtime",
      "outcome": "deep_sleep",
      "nominal_step": -0.5,
      "dose_multiplier": 0.7905068650538554,
      "dose_multiplier_raw": 0.7905068650538554,
      "direction_conflict": false,
      "scaled_effect": 0.43620133503102376,
      "posterior": {
        "mean": 0.5517995533173597,
        "variance": 0.670241075533713,
        "sd": 0.8186825242630461,
        "contraction": 0.29050686505385537,
        "prior_mean": 0.6072164646464647,
        "prior_variance": 0.9446759137205589,
        "source": "pop+cohort+user",
        "lam_js": 0.8768472906403941,
        "n_cohort": 534,
        "z_like": 0.6740092001036341
      },
      "cohort_prior": {
        "mean": 0.6056498876404495,
        "variance": 0.9560138510611396,
        "n": 534
      },
      "user_obs": {
        "slope": -0.8488390526812252,
        "se": 0.6372779264588323,
        "n": 64,
        "at_nominal_step": 0.4244195263406126,
        "se_at_step": 0.31863896322941615,
        "residual_sd": 2.1392587814327118,
        "sigma_data_used": 12.0
      },
      "gate": {
        "score": 0.29050686505385537,
        "tier": "not_exposed"
      }
    },
    {
      "action": "bedtime",
      "outcome": "sleep_quality",
      "nominal_step": -0.5,
      "dose_multiplier": 1.0371005290317383,
      "dose_multiplier_raw": 1.0371005290317383,
      "direction_conflict": false,
      "scaled_effect": 0.2276515021189991,
      "posterior": {
        "mean": 0.21950765209958956,
        "variance": 0.41054609327683556,
        "sd": 0.6407387090513851,
        "contraction": 0.5371005290317383,
        "prior_mean": 0.4607862962962966,
        "prior_variance": 0.8869011935098631,
        "source": "pop+cohort+user",
        "lam_js": 0.8768472906403941,
        "n_cohort": 534,
        "z_like": 0.3425852832031501
      },
      "cohort_prior": {
        "mean": 0.46373086142322145,
        "variance": 0.8849888909576128,
        "n": 534
      },
      "user_obs": {
        "slope": -0.017188138380201792,
        "se": 0.3468048155601765,
        "n": 64,
        "at_nominal_step": 0.008594069190100896,
        "se_at_step": 0.17340240778008825,
        "residual_sd": 1.164178479008069,
        "sigma_data_used": 7.0
      },
      "gate": {
        "score": 0.5371005290317383,
        "tier": "possible"
      }
    },
    {
      "action": "running_volume",
      "outcome": "hrv_daily",
      "nominal_step": 30.0,
      "dose_multiplier": 1.1404149275111168,
      "dose_multiplier_raw": 1.1404149275111168,
      "direction_conflict": false,
      "scaled_effect": 0.12816719228869494,
      "posterior": {
        "mean": 0.11238645618960084,
        "variance": 0.10842986542594728,
        "sd": 0.329286904425225,
        "contraction": 0.6404149275111168,
        "prior_mean": 0.14166006734006745,
        "prior_variance": 0.3015416203888705,
        "source": "pop+cohort+user",
        "lam_js": 0.8768472906403941,
        "n_cohort": 534,
        "z_like": 0.3413025379365542
      },
      "cohort_prior": {
        "mean": 0.13417902621722846,
        "variance": 0.24427088794406634,
        "n": 534
      },
      "user_obs": {
        "slope": 0.09500456904048253,
        "se": 0.33962910111824024,
        "n": 64,
        "at_nominal_step": 0.09500456904048253,
        "se_at_step": 0.33962910111824024,
        "residual_sd": 1.861041278398111,
        "sigma_data_used": 3.5
      },
      "gate": {
        "score": 0.6404149275111168,
        "tier": "possible"
      }
    },
    {
      "action": "sleep_duration",
      "outcome": "hrv_daily",
      "nominal_step": 0.5,
      "dose_multiplier": 0.5255513945637544,
      "dose_multiplier_raw": 0.5255513945637544,
      "direction_conflict": false,
      "scaled_effect": 0.07297946586924978,
      "posterior": {
        "mean": 0.13886266238495665,
        "variance": 0.0028587749325531156,
        "sd": 0.0534675128704629,
        "contraction": 0.025551394563754437,
        "prior_mean": 0.13540993265993234,
        "prior_variance": 0.0029337359780747863,
        "source": "pop+cohort+user",
        "lam_js": 0.8768472906403941,
        "n_cohort": 534,
        "z_like": 2.5971408604956574
      },
      "cohort_prior": {
        "mean": 0.13457651150347733,
        "variance": 0.002897733991751291,
        "n": 534
      },
      "user_obs": {
        "slope": 0.8295636439627057,
        "se": 0.83649633088959,
        "n": 64,
        "at_nominal_step": 0.4147818219813528,
        "se_at_step": 0.418248165444795,
        "residual_sd": 1.8610412783981103,
        "sigma_data_used": 3.5
      },
      "gate": {
        "score": 0.025551394563754437,
        "tier": "not_exposed"
      }
    },
    {
      "action": "training_load",
      "outcome": "hrv_daily",
      "nominal_step": 100.0,
      "dose_multiplier": 1.4552946485148837,
      "dose_multiplier_raw": 1.4552946485148837,
      "direction_conflict": false,
      "scaled_effect": -1.0678306197904943,
      "posterior": {
        "mean": -0.7337556149747453,
        "variance": 0.18286517979447683,
        "sd": 0.42762738428973046,
        "contraction": 0.9552946485148837,
        "prior_mean": -5.056217651515151,
        "prior_variance": 4.090453910318943,
        "source": "pop+cohort+user",
        "lam_js": 0.8768472906403941,
        "n_cohort": 534,
        "z_like": -1.7158761153556146
      },
      "cohort_prior": {
        "mean": -5.061554325842696,
        "variance": 4.099093150953106,
        "n": 534
      },
      "user_obs": {
        "slope": -0.005316481429351784,
        "se": 0.019627619799205548,
        "n": 64,
        "at_nominal_step": -0.5316481429351784,
        "se_at_step": 1.962761979920555,
        "residual_sd": 1.861041278398111,
        "sigma_data_used": 3.5
      },
      "gate": {
        "score": 0.9552946485148837,
        "tier": "recommended"
      }
    },
    {
      "action": "training_load",
      "outcome": "resting_hr",
      "nominal_step": 100.0,
      "dose_multiplier": 0.5,
      "dose_multiplier_raw": 1.4237432089504516,
      "direction_conflict": true,
      "scaled_effect": -0.02114442531430139,
      "posterior": {
        "mean": -0.04228885062860278,
        "variance": 0.020786757592977496,
        "sd": 0.1441761339229815,
        "contraction": 0.9237432089504516,
        "prior_mean": 1.305251261157877,
        "prior_variance": 0.2725889367606766,
        "source": "pop+cohort+user",
        "lam_js": 0.8768472906403941,
        "n_cohort": 534,
        "z_like": -0.29331380636959903
      },
      "cohort_prior": {
        "mean": 1.306352479669686,
        "variance": 0.273049088182262,