{
  "pid": 810,
  "cohort": "cohort_b",
  "age": 34,
  "is_female": false,
  "effects_bayesian": [
    {
      "action": "active_energy",
      "outcome": "deep_sleep",
      "nominal_step": 100.0,
      "dose_multiplier": 0.5430024684482626,
      "dose_multiplier_raw": 0.5430024684482626,
      "direction_conflict": false,
      "scaled_effect": 0.3631317997721779,
      "posterior": {
        "mean": 0.6687479723801241,
        "variance": 0.07335876439502974,
        "sd": 0.27084823129389224,
        "contraction": 0.04300246844826261,
        "prior_mean": 0.6921665440115441,
        "prior_variance": 0.07665512394382158,
        "source": "pop+cohort+user",
        "lam_js": 0.8472505091649695,
        "n_cohort": 416,
        "z_like": 2.469087463430686
      },
      "cohort_prior": {
        "mean": 0.6841722046703297,
        "variance": 0.07489465690295352,
        "n": 416
      },
      "user_obs": {
        "slope": -9.800498055184681e-05,
        "se": 0.007447540586615156,
        "n": 47,
        "at_nominal_step": -0.009800498055184681,
        "se_at_step": 0.7447540586615156,
        "residual_sd": 2.0246014755995527,
        "sigma_data_used": 12.0
      },
      "gate": {
        "score": 0.04300246844826261,
        "tier": "not_exposed"
      }
    },
    {
      "action": "bedtime",
      "outcome": "deep_sleep",
      "nominal_step": -0.5,
      "dose_multiplier": 0.7389205056675398,
      "dose_multiplier_raw": 0.7389205056675398,
      "direction_conflict": false,
      "scaled_effect": 0.5262050025447772,
      "posterior": {
        "mean": 0.7121266746676685,
        "variance": 0.7189734667224978,
        "sd": 0.8479230311310678,
        "contraction": 0.23892050566753975,
        "prior_mean": 0.6072164646464647,
        "prior_variance": 0.9446759137205589,
        "source": "pop+cohort+user",
        "lam_js": 0.8472505091649695,
        "n_cohort": 416,
        "z_like": 0.8398482509877615
      },
      "cohort_prior": {
        "mean": 0.6215986538461539,
        "variance": 0.9384823525592582,
        "n": 416
      },
      "user_obs": {
        "slope": -2.0290783150571077,
        "se": 0.7711406314234561,
        "n": 47,
        "at_nominal_step": 1.0145391575285538,
        "se_at_step": 0.38557031571172806,
        "residual_sd": 2.01577398888373,
        "sigma_data_used": 12.0
      },
      "gate": {
        "score": 0.23892050566753975,
        "tier": "not_exposed"
      }
    },
    {
      "action": "bedtime",
      "outcome": "sleep_quality",
      "nominal_step": -0.5,
      "dose_multiplier": 0.955773909065267,
      "dose_multiplier_raw": 0.955773909065267,
      "direction_conflict": false,
      "scaled_effect": 0.38363374660085264,
      "posterior": {
        "mean": 0.4013854562906419,
        "variance": 0.4826747695892219,
        "sd": 0.6947479899857372,
        "contraction": 0.45577390906526705,
        "prior_mean": 0.4607862962962966,
        "prior_variance": 0.8869011935098631,
        "source": "pop+cohort+user",
        "lam_js": 0.8472505091649695,
        "n_cohort": 416,
        "z_like": 0.5777425225784131
      },
      "cohort_prior": {
        "mean": 0.4770937500000001,
        "variance": 0.9009695161433738,
        "n": 416
      },
      "user_obs": {
        "slope": -0.6329140628138553,
        "se": 0.47163404849976803,
        "n": 47,
        "at_nominal_step": 0.31645703140692766,
        "se_at_step": 0.23581702424988402,
        "residual_sd": 1.2328589734441036,
        "sigma_data_used": 7.0
      },
      "gate": {
        "score": 0.45577390906526705,
        "tier": "possible"
      }
    },
    {
      "action": "running_volume",
      "outcome": "hrv_daily",
      "nominal_step": 30.0,
      "dose_multiplier": 1.09643230454799,
      "dose_multiplier_raw": 1.09643230454799,
      "direction_conflict": false,
      "scaled_effect": 0.1109956761823458,
      "posterior": {
        "mean": 0.10123349678948429,
        "variance": 0.12169245682320128,
        "sd": 0.34884445935574393,
        "contraction": 0.59643230454799,
        "prior_mean": 0.14166006734006745,
        "prior_variance": 0.3015416203888705,
        "source": "pop+cohort+user",
        "lam_js": 0.8472505091649695,
        "n_cohort": 416,
        "z_like": 0.29019665949817647
      },
      "cohort_prior": {
        "mean": 0.11986480769230796,
        "variance": 0.2186938498312511,
        "n": 416
      },
      "user_obs": {
        "slope": 0.07615943883030997,
        "se": 0.32714965979405075,
        "n": 47,
        "at_nominal_step": 0.07615943883030997,
        "se_at_step": 0.32714965979405075,
        "residual_sd": 1.8258916172419424,
        "sigma_data_used": 3.5
      },
      "gate": {
        "score": 0.59643230454799,
        "tier": "possible"
      }
    },
    {
      "action": "sleep_duration",
      "outcome": "hrv_daily",
      "nominal_step": 0.5,
      "dose_multiplier": 0.5035005851079042,
      "dose_multiplier_raw": 0.5035005851079042,
      "direction_conflict": false,
      "scaled_effect": 0.06611175677991375,
      "posterior": {
        "mean": 0.1313042302934871,
        "variance": 0.002923466185599415,
        "sd": 0.054069087153376424,
        "contraction": 0.003500585107904186,
        "prior_mean": 0.13540993265993234,
        "prior_variance": 0.0029337359780747863,
        "source": "pop+cohort+user",
        "lam_js": 0.8472505091649695,
        "n_cohort": 416,
        "z_like": 2.4284528777232666
      },
      "cohort_prior": {
        "mean": 0.13603296703296702,
        "variance": 0.002960794899166767,
        "n": 416
      },
      "user_obs": {
        "slope": -0.5543254560486714,
        "se": 0.9506207317303893,
        "n": 47,
        "at_nominal_step": -0.2771627280243357,
        "se_at_step": 0.47531036586519465,
        "residual_sd": 1.8258916172419426,
        "sigma_data_used": 3.5
      },
      "gate": {
        "score": 0.003500585107904186,
        "tier": "not_exposed"
      }
    },
    {
      "action": "training_load",
      "outcome": "hrv_daily",
      "nominal_step": 100.0,
      "dose_multiplier": 1.4401193599846833,
      "dose_multiplier_raw": 1.4401193599846833,
      "direction_conflict": false,
      "scaled_effect": -2.745919307378418,
      "posterior": {
        "mean": -1.906730361160913,
        "variance": 0.24493899810305306,
        "sd": 0.49491312177295627,
        "contraction": 0.9401193599846833,
        "prior_mean": -5.056217651515151,
        "prior_variance": 4.090453910318943,
        "source": "pop+cohort+user",
        "lam_js": 0.8472505091649695,
        "n_cohort": 416,
        "z_like": -3.8526567134254215
      },
      "cohort_prior": {
        "mean": -5.038698533653847,
        "variance": 4.062157266087269,
        "n": 416
      },
      "user_obs": {
        "slope": -0.017058161764637206,
        "se": 0.023181793380835106,
        "n": 47,
        "at_nominal_step": -1.7058161764637207,
        "se_at_step": 2.3181793380835107,
        "residual_sd": 1.8258916172419422,
        "sigma_data_used": 3.5
      },
      "gate": {
        "score": 0.9401193599846833,
        "tier": "recommended"
      }
    },
    {
      "action": "training_load",
      "outcome": "resting_hr",
      "nominal_step": 100.0,
      "dose_multiplier": 0.5,
      "dose_multiplier_raw": 1.399007370925188,
      "direction_conflict": true,
      "scaled_effect": -0.018449670146258066,
      "posterior": {
        "mean": -0.03689934029251613,
        "variance": 0.027529473380168392,
        "sd": 0.16592008130473054,
        "contraction": 0.899007370925188,
        "prior_mean": 1.305251261157877,
        "prior_variance": 0.2725889367606766,
        "source": "pop+cohort+user",
        "lam_js": 0.8472505091649695,
        "n_cohort": 416,
        "z_like": -0.22239225054830114
      },
      "cohort_prior": {
        "mean": 1.3016362050919952,
        "variance": 0.2710810896650065,