{
  "pid": 1082,
  "cohort": "cohort_c",
  "age": 39,
  "is_female": false,
  "effects_bayesian": [
    {
      "action": "active_energy",
      "outcome": "deep_sleep",
      "nominal_step": 100.0,
      "dose_multiplier": 0.5251358872302869,
      "dose_multiplier_raw": 0.5251358872302869,
      "direction_conflict": false,
      "scaled_effect": 0.3574122526197333,
      "posterior": {
        "mean": 0.6806090791182168,
        "variance": 0.07472832939274601,
        "sd": 0.2733648283754624,
        "contraction": 0.025135887230286924,
        "prior_mean": 0.6921665440115441,
        "prior_variance": 0.07665512394382158,
        "source": "pop+cohort+user",
        "lam_js": 0.7603833865814696,
        "n_cohort": 238,
        "z_like": 2.489746333363013
      },
      "cohort_prior": {
        "mean": 0.6920608463385354,
        "variance": 0.07663171440556958,
        "n": 238
      },
      "user_obs": {
        "slope": 0.0023133343468906553,
        "se": 0.008055422066856905,
        "n": 48,
        "at_nominal_step": 0.23133343468906553,
        "se_at_step": 0.8055422066856905,
        "residual_sd": 1.8199058580773837,
        "sigma_data_used": 12.0
      },
      "gate": {
        "score": 0.025135887230286924,
        "tier": "not_exposed"
      }
    },
    {
      "action": "bedtime",
      "outcome": "deep_sleep",
      "nominal_step": -0.5,
      "dose_multiplier": 0.7433866860194723,
      "dose_multiplier_raw": 0.7433866860194723,
      "direction_conflict": false,
      "scaled_effect": 0.3843126814846359,
      "posterior": {
        "mean": 0.5169754701183459,
        "variance": 0.7147543737176951,
        "sd": 0.8454314719228846,
        "contraction": 0.24338668601947233,
        "prior_mean": 0.6072164646464647,
        "prior_variance": 0.9446759137205589,
        "source": "pop+cohort+user",
        "lam_js": 0.7603833865814696,
        "n_cohort": 238,
        "z_like": 0.611493050929977
      },
      "cohort_prior": {
        "mean": 0.5855927731092442,
        "variance": 0.9363184076048073,
        "n": 238
      },
      "user_obs": {
        "slope": -0.5620457384169062,
        "se": 0.7036484565488786,
        "n": 48,
        "at_nominal_step": 0.2810228692084531,
        "se_at_step": 0.3518242282744393,
        "residual_sd": 1.7825267426521605,
        "sigma_data_used": 12.0
      },
      "gate": {
        "score": 0.24338668601947233,
        "tier": "not_exposed"
      }
    },
    {
      "action": "bedtime",
      "outcome": "sleep_quality",
      "nominal_step": -0.5,
      "dose_multiplier": 0.9689426259045855,
      "dose_multiplier_raw": 0.9689426259045855,
      "direction_conflict": false,
      "scaled_effect": 0.5812151211906795,
      "posterior": {
        "mean": 0.5998447231569245,
        "variance": 0.47099541890743696,
        "sd": 0.6862910599063906,
        "contraction": 0.46894262590458546,
        "prior_mean": 0.4607862962962966,
        "prior_variance": 0.8869011935098631,
        "source": "pop+cohort+user",
        "lam_js": 0.7603833865814696,
        "n_cohort": 238,
        "z_like": 0.8740383755527031
      },
      "cohort_prior": {
        "mean": 0.42567579831932817,
        "variance": 0.8706033108101122,
        "n": 238
      },
      "user_obs": {
        "slope": -1.586694738195377,
        "se": 0.39303764705571814,
        "n": 48,
        "at_nominal_step": 0.7933473690976885,
        "se_at_step": 0.19651882352785907,
        "residual_sd": 0.9956678085845156,
        "sigma_data_used": 7.0
      },
      "gate": {
        "score": 0.46894262590458546,
        "tier": "possible"
      }
    },
    {
      "action": "running_volume",
      "outcome": "hrv_daily",
      "nominal_step": 30.0,
      "dose_multiplier": 0.5,
      "dose_multiplier_raw": 0.9515845161482145,
      "direction_conflict": true,
      "scaled_effect": -0.04894867825808683,
      "posterior": {
        "mean": -0.09789735651617366,
        "variance": 0.16537009364701385,
        "sd": 0.40665721885516043,
        "contraction": 0.4515845161482145,
        "prior_mean": 0.14166006734006745,
        "prior_variance": 0.3015416203888705,
        "source": "pop+cohort+user",
        "lam_js": 0.7603833865814696,
        "n_cohort": 238,
        "z_like": -0.24073679742309426
      },
      "cohort_prior": {
        "mean": 0.19654117647058833,
        "variance": 0.5699868837170512,
        "n": 238
      },
      "user_obs": {
        "slope": -0.25070871353398594,
        "se": 0.3186020130031417,
        "n": 48,
        "at_nominal_step": -0.25070871353398594,
        "se_at_step": 0.3186020130031417,
        "residual_sd": 1.5628680352779842,
        "sigma_data_used": 3.5
      },
      "gate": {
        "score": 0.22579225807410724,
        "tier": "not_exposed"
      }
    },
    {
      "action": "sleep_duration",
      "outcome": "hrv_daily",
      "nominal_step": 0.5,
      "dose_multiplier": 0.5027922805380616,
      "dose_multiplier_raw": 0.5027922805380616,
      "direction_conflict": false,
      "scaled_effect": 0.06656001726807902,
      "posterior": {
        "mean": 0.13238074617384743,
        "variance": 0.002925544164199397,
        "sd": 0.05408829969780338,
        "contraction": 0.0027922805380615756,
        "prior_mean": 0.13540993265993234,
        "prior_variance": 0.0029337359780747863,
        "source": "pop+cohort+user",
        "lam_js": 0.7603833865814696,
        "n_cohort": 238,
        "z_like": 2.447493208576931
      },
      "cohort_prior": {
        "mean": 0.13619087635053972,
        "variance": 0.0029676727681804804,
        "n": 238
      },
      "user_obs": {
        "slope": -0.3600941068109513,
        "se": 0.952786776584345,
        "n": 48,
        "at_nominal_step": -0.18004705340547564,
        "se_at_step": 0.4763933882921725,
        "residual_sd": 1.5628680352779845,
        "sigma_data_used": 3.5
      },
      "gate": {
        "score": 0.0027922805380615756,
        "tier": "not_exposed"
      }
    },
    {
      "action": "training_load",
      "outcome": "hrv_daily",
      "nominal_step": 100.0,
      "dose_multiplier": 0.5,
      "dose_multiplier_raw": 1.4412536121739232,
      "direction_conflict": true,
      "scaled_effect": 0.7707175258536296,
      "posterior": {
        "mean": 1.5414350517072593,
        "variance": 0.24029939180028828,
        "sd": 0.49020341879702173,
        "contraction": 0.9412536121739233,
        "prior_mean": -5.056217651515151,
        "prior_variance": 4.090453910318943,
        "source": "pop+cohort+user",
        "lam_js": 0.7603833865814696,
        "n_cohort": 238,
        "z_like": 3.1444804189452635
      },
      "cohort_prior": {
        "mean": -5.074865420168067,
        "variance": 4.120681445250819,
        "n": 238
      },
      "user_obs": {
        "slope": 0.019516542300084525,
        "se": 0.026005796042783514,
        "n": 48,
        "at_nominal_step": 1.9516542300084525,
        "se_at_step": 2.6005796042783516,
        "residual_sd": 1.5628680352779842,
        "sigma_data_used": 3.5
      },
      "gate": {
        "score": 0.47062680608696167,
        "tier": "possible"
      }
    },
    {
      "action": "training_load",
      "outcome": "resting_hr",
      "nominal_step": 100.0,
      "dose_multiplier": 0.5,
      "dose_multiplier_raw": 1.4008117008610375,
      "direction_conflict": true,
      "scaled_effect": -0.6563181997093402,
      "posterior": {
        "mean": -1.3126363994186805,
        "variance": 0.027037633001389717,
        "sd": 0.1644312409531404,
        "contraction": 0.9008117008610375,
        "prior_mean": 1.305251261157877,
        "prior_variance": 0.2725889367606766,
        "source": "pop+cohort+user",
        "lam_js": 0.7603833865814696,
        "n_cohort": 238,
        "z_like": -7.982889333011574
      },
      "cohort_prior": {
        "mean": 1.3090992134188058,
        "variance": 0.2741985200917978,
        "n": 238
      },