{
  "pid": 693,
  "cohort": "cohort_b",
  "age": 31,
  "is_female": false,
  "effects_bayesian": [
    {
      "action": "active_energy",
      "outcome": "deep_sleep",
      "nominal_step": 100.0,
      "dose_multiplier": 0.5459187277509553,
      "dose_multiplier_raw": 0.5459187277509553,
      "direction_conflict": false,
      "scaled_effect": 0.3547963794460317,
      "posterior": {
        "mean": 0.6499069575936725,
        "variance": 0.07313521817672951,
        "sd": 0.27043523841528033,
        "contraction": 0.04591872775095529,
        "prior_mean": 0.6921665440115441,
        "prior_variance": 0.07665512394382158,
        "source": "pop+cohort+user",
        "lam_js": 0.8472505091649695,
        "n_cohort": 416,
        "z_like": 2.4031888795337957
      },
      "cohort_prior": {
        "mean": 0.6841722046703297,
        "variance": 0.07489465690295352,
        "n": 416
      },
      "user_obs": {
        "slope": -0.006329293928513183,
        "se": 0.007905777188604616,
        "n": 53,
        "at_nominal_step": -0.6329293928513182,
        "se_at_step": 0.7905777188604616,
        "residual_sd": 2.18895264720241,
        "sigma_data_used": 12.0
      },
      "gate": {
        "score": 0.04591872775095529,
        "tier": "not_exposed"
      }
    },
    {
      "action": "bedtime",
      "outcome": "deep_sleep",
      "nominal_step": -0.5,
      "dose_multiplier": 0.7610571839251652,
      "dose_multiplier_raw": 0.7610571839251652,
      "direction_conflict": false,
      "scaled_effect": 0.2339341364281454,
      "posterior": {
        "mean": 0.3073804982979415,
        "variance": 0.6980614799627375,
        "sd": 0.8355007360635521,
        "contraction": 0.2610571839251652,
        "prior_mean": 0.6072164646464647,
        "prior_variance": 0.9446759137205589,
        "source": "pop+cohort+user",
        "lam_js": 0.8472505091649695,
        "n_cohort": 416,
        "z_like": 0.3678997336928267
      },
      "cohort_prior": {
        "mean": 0.6215986538461539,
        "variance": 0.9384823525592582,
        "n": 416
      },
      "user_obs": {
        "slope": 1.190082614343364,
        "se": 0.825647425008292,
        "n": 53,
        "at_nominal_step": -0.595041307171682,
        "se_at_step": 0.412823712504146,
        "residual_sd": 2.208301514570947,
        "sigma_data_used": 12.0
      },
      "gate": {
        "score": 0.2610571839251652,
        "tier": "not_exposed"
      }
    },
    {
      "action": "bedtime",
      "outcome": "sleep_quality",
      "nominal_step": -0.5,
      "dose_multiplier": 0.9861443372628705,
      "dose_multiplier_raw": 0.9861443372628705,
      "direction_conflict": false,
      "scaled_effect": 0.6566468525663685,
      "posterior": {
        "mean": 0.6658729637782528,
        "variance": 0.4557392005733618,
        "sd": 0.6750845877172443,
        "contraction": 0.48614433726287054,
        "prior_mean": 0.4607862962962966,
        "prior_variance": 0.8869011935098631,
        "source": "pop+cohort+user",
        "lam_js": 0.8472505091649695,
        "n_cohort": 416,
        "z_like": 0.9863548596626386
      },
      "cohort_prior": {
        "mean": 0.4770937500000001,
        "variance": 0.9009695161433738,
        "n": 416
      },
      "user_obs": {
        "slope": -1.7252401476457224,
        "se": 0.4767823267553877,
        "n": 53,
        "at_nominal_step": 0.8626200738228612,
        "se_at_step": 0.23839116337769384,
        "residual_sd": 1.275216396737395,
        "sigma_data_used": 7.0
      },
      "gate": {
        "score": 0.48614433726287054,
        "tier": "possible"
      }
    },
    {
      "action": "running_volume",
      "outcome": "hrv_daily",
      "nominal_step": 30.0,
      "dose_multiplier": 1.119133641473876,
      "dose_multiplier_raw": 1.119133641473876,
      "direction_conflict": false,
      "scaled_effect": 0.012533680345892423,
      "posterior": {
        "mean": 0.01119944918230304,
        "variance": 0.11484705890157598,
        "sd": 0.33889092478491656,
        "contraction": 0.6191336414738758,
        "prior_mean": 0.14166006734006745,
        "prior_variance": 0.3015416203888705,
        "source": "pop+cohort+user",
        "lam_js": 0.8472505091649695,
        "n_cohort": 416,
        "z_like": 0.0330473564301286
      },
      "cohort_prior": {
        "mean": 0.11986480769230796,
        "variance": 0.2186938498312511,
        "n": 416
      },
      "user_obs": {
        "slope": -0.10219736689014723,
        "se": 0.2508658989071687,
        "n": 53,
        "at_nominal_step": -0.10219736689014723,
        "se_at_step": 0.2508658989071687,
        "residual_sd": 1.2811730079739991,
        "sigma_data_used": 3.5
      },
      "gate": {
        "score": 0.6191336414738758,
        "tier": "possible"
      }
    },
    {
      "action": "sleep_duration",
      "outcome": "hrv_daily",
      "nominal_step": 0.5,
      "dose_multiplier": 0.5049254341750091,
      "dose_multiplier_raw": 0.5049254341750091,
      "direction_conflict": false,
      "scaled_effect": 0.06672865884083155,
      "posterior": {
        "mean": 0.1321554715298876,
        "variance": 0.002919286054627923,
        "sd": 0.0540304178646429,
        "contraction": 0.004925434175009125,
        "prior_mean": 0.13540993265993234,
        "prior_variance": 0.0029337359780747863,
        "source": "pop+cohort+user",
        "lam_js": 0.8472505091649695,
        "n_cohort": 416,
        "z_like": 2.4459457607928132
      },
      "cohort_prior": {
        "mean": 0.13603296703296702,
        "variance": 0.002960794899166767,
        "n": 416
      },
      "user_obs": {
        "slope": -0.3270497197827147,
        "se": 0.5205608161345218,
        "n": 53,
        "at_nominal_step": -0.16352485989135734,
        "se_at_step": 0.2602804080672609,
        "residual_sd": 1.2811730079739991,
        "sigma_data_used": 3.5
      },
      "gate": {
        "score": 0.004925434175009125,
        "tier": "not_exposed"
      }
    },
    {
      "action": "training_load",
      "outcome": "hrv_daily",
      "nominal_step": 100.0,
      "dose_multiplier": 0.5,
      "dose_multiplier_raw": 1.4465337165119592,
      "direction_conflict": true,
      "scaled_effect": 0.6016523381865536,
      "posterior": {
        "mean": 1.2033046763731072,
        "variance": 0.2187013683638783,
        "sd": 0.4676551810510371,
        "contraction": 0.9465337165119591,
        "prior_mean": -5.056217651515151,
        "prior_variance": 4.090453910318943,
        "source": "pop+cohort+user",
        "lam_js": 0.8472505091649695,
        "n_cohort": 416,
        "z_like": 2.5730596497802636
      },
      "cohort_prior": {
        "mean": -5.038698533653847,
        "variance": 4.062157266087269,
        "n": 416
      },
      "user_obs": {
        "slope": 0.0155824428774595,
        "se": 0.014991148181943501,
        "n": 53,
        "at_nominal_step": 1.55824428774595,
        "se_at_step": 1.49911481819435,
        "residual_sd": 1.2811730079739998,
        "sigma_data_used": 3.5
      },
      "gate": {
        "score": 0.47326685825597953,
        "tier": "possible"
      }
    },
    {
      "action": "training_load",
      "outcome": "resting_hr",
      "nominal_step": 100.0,
      "dose_multiplier": 0.5,
      "dose_multiplier_raw": 1.4093997731475683,
      "direction_conflict": true,
      "scaled_effect": -0.5929523222406493,
      "posterior": {
        "mean": -1.1859046444812986,
        "variance": 0.024696619507980494,
        "sd": 0.1571515813091949,
        "contraction": 0.9093997731475681,
        "prior_mean": 1.305251261157877,
        "prior_variance": 0.2725889367606766,
        "source": "pop+cohort+user",
        "lam_js": 0.8472505091649695,
        "n_cohort": 416,
        "z_like": -7.546246971247699
      },
      "cohort_prior": {
        "mean": 1.3016362050919952,
        "variance": 0.2710810896650065,
        "n": 416
      },