{
  "pid": 101,
  "cohort": "cohort_a",
  "age": 31,
  "is_female": true,
  "effects_bayesian": [
    {
      "action": "active_energy",
      "outcome": "deep_sleep",
      "nominal_step": 100.0,
      "dose_multiplier": 0.5144462062727329,
      "dose_multiplier_raw": 0.5144462062727329,
      "direction_conflict": false,
      "scaled_effect": 0.3578171201915036,
      "posterior": {
        "mean": 0.6955384563606003,
        "variance": 0.07554774821146723,
        "sd": 0.27485950631453016,
        "contraction": 0.014446206272732853,
        "prior_mean": 0.6921665440115441,
        "prior_variance": 0.07665512394382158,
        "source": "pop+cohort+user",
        "lam_js": 0.8768472906403941,
        "n_cohort": 534,
        "z_like": 2.5305235597879387
      },
      "cohort_prior": {
        "mean": 0.6984414526484751,
        "variance": 0.07805127404443395,
        "n": 534
      },
      "user_obs": {
        "slope": 0.00626434006129243,
        "se": 0.0062288037458650795,
        "n": 57,
        "at_nominal_step": 0.6264340061292429,
        "se_at_step": 0.6228803745865079,
        "residual_sd": 1.9847614788890844,
        "sigma_data_used": 12.0
      },
      "gate": {
        "score": 0.014446206272732853,
        "tier": "not_exposed"
      }
    },
    {
      "action": "bedtime",
      "outcome": "deep_sleep",
      "nominal_step": -0.5,
      "dose_multiplier": 0.7666122385674619,
      "dose_multiplier_raw": 0.7666122385674619,
      "direction_conflict": false,
      "scaled_effect": 0.304275802931657,
      "posterior": {
        "mean": 0.39690965996087574,
        "variance": 0.6928137536427582,
        "sd": 0.8323543438000178,
        "contraction": 0.26661223856746186,
        "prior_mean": 0.6072164646464647,
        "prior_variance": 0.9446759137205589,
        "source": "pop+cohort+user",
        "lam_js": 0.8768472906403941,
        "n_cohort": 534,
        "z_like": 0.47685179144837575
      },
      "cohort_prior": {
        "mean": 0.6056498876404495,
        "variance": 0.9560138510611396,
        "n": 534
      },
      "user_obs": {
        "slope": 0.3120460433120172,
        "se": 0.8437080859016977,
        "n": 57,
        "at_nominal_step": -0.1560230216560086,
        "se_at_step": 0.42185404295084883,
        "residual_sd": 1.9833974382701651,
        "sigma_data_used": 12.0
      },
      "gate": {
        "score": 0.26661223856746186,
        "tier": "not_exposed"
      }
    },
    {
      "action": "bedtime",
      "outcome": "sleep_quality",
      "nominal_step": -0.5,
      "dose_multiplier": 1.0082602682034416,
      "dose_multiplier_raw": 1.0082602682034416,
      "direction_conflict": false,
      "scaled_effect": 0.2610584379221687,
      "posterior": {
        "mean": 0.2589196918245455,
        "variance": 0.43612455502658753,
        "sd": 0.6603972706080693,
        "contraction": 0.5082602682034416,
        "prior_mean": 0.4607862962962966,
        "prior_variance": 0.8869011935098631,
        "source": "pop+cohort+user",
        "lam_js": 0.8768472906403941,
        "n_cohort": 534,
        "z_like": 0.3920665686369991
      },
      "cohort_prior": {
        "mean": 0.46373086142322145,
        "variance": 0.8849888909576128,
        "n": 534
      },
      "user_obs": {
        "slope": -0.12075567042095872,
        "se": 0.5679312580214372,
        "n": 57,
        "at_nominal_step": 0.06037783521047936,
        "se_at_step": 0.2839656290107186,
        "residual_sd": 1.335098502783004,
        "sigma_data_used": 7.0
      },
      "gate": {
        "score": 0.5082602682034416,
        "tier": "possible"
      }
    },
    {
      "action": "running_volume",
      "outcome": "hrv_daily",
      "nominal_step": 30.0,
      "dose_multiplier": 0.5,
      "dose_multiplier_raw": 1.116663422657341,
      "direction_conflict": true,
      "scaled_effect": -0.02383012047313595,
      "posterior": {
        "mean": -0.0476602409462719,
        "variance": 0.11559193268622897,
        "sd": 0.33998813609628936,
        "contraction": 0.6166634226573411,
        "prior_mean": 0.14166006734006745,
        "prior_variance": 0.3015416203888705,
        "source": "pop+cohort+user",
        "lam_js": 0.8768472906403941,
        "n_cohort": 534,
        "z_like": -0.1401820707437093
      },
      "cohort_prior": {
        "mean": 0.13417902621722846,
        "variance": 0.24427088794406634,
        "n": 534
      },
      "user_obs": {
        "slope": -0.20469407326960792,
        "se": 0.2957929988592701,
        "n": 57,
        "at_nominal_step": -0.20469407326960792,
        "se_at_step": 0.2957929988592701,
        "residual_sd": 1.8518125027653356,
        "sigma_data_used": 3.5
      },
      "gate": {
        "score": 0.30833171132867054,
        "tier": "possible"
      }
    },
    {
      "action": "sleep_duration",
      "outcome": "hrv_daily",
      "nominal_step": 0.5,
      "dose_multiplier": 0.5239569446095587,
      "dose_multiplier_raw": 0.5239569446095587,
      "direction_conflict": false,
      "scaled_effect": 0.0718404602087019,
      "posterior": {
        "mean": 0.1371113809021767,
        "variance": 0.0028634526277489794,
        "sd": 0.053511238331298026,
        "contraction": 0.02395694460955866,
        "prior_mean": 0.13540993265993234,
        "prior_variance": 0.0029337359780747863,
        "source": "pop+cohort+user",
        "lam_js": 0.8768472906403941,
        "n_cohort": 534,
        "z_like": 2.5622913088516968
      },
      "cohort_prior": {
        "mean": 0.13457651150347733,
        "variance": 0.002897733991751291,
        "n": 534
      },
      "user_obs": {
        "slope": 0.6344534826655446,
        "se": 0.8909502409849487,
        "n": 57,
        "at_nominal_step": 0.3172267413327723,
        "se_at_step": 0.44547512049247434,
        "residual_sd": 1.8518125027653356,
        "sigma_data_used": 3.5
      },
      "gate": {
        "score": 0.02395694460955866,
        "tier": "not_exposed"
      }
    },
    {
      "action": "training_load",
      "outcome": "hrv_daily",
      "nominal_step": 100.0,
      "dose_multiplier": 1.4500780889491733,
      "dose_multiplier_raw": 1.4500780889491733,
      "direction_conflict": false,
      "scaled_effect": -2.2113360086855294,
      "posterior": {
        "mean": -1.524977189530542,
        "variance": 0.2042032762684489,
        "sd": 0.4518885662068126,
        "contraction": 0.9500780889491732,
        "prior_mean": -5.056217651515151,
        "prior_variance": 4.090453910318943,
        "source": "pop+cohort+user",
        "lam_js": 0.8768472906403941,
        "n_cohort": 534,
        "z_like": -3.3746753150479503
      },
      "cohort_prior": {
        "mean": -5.061554325842696,
        "variance": 4.099093150953106,
        "n": 534
      },
      "user_obs": {
        "slope": -0.013395434262317995,
        "se": 0.01940008601393368,
        "n": 57,
        "at_nominal_step": -1.3395434262317996,
        "se_at_step": 1.9400086013933682,
        "residual_sd": 1.8518125027653352,
        "sigma_data_used": 3.5
      },
      "gate": {
        "score": 0.9500780889491732,
        "tier": "recommended"
      }
    },
    {
      "action": "training_load",
      "outcome": "resting_hr",
      "nominal_step": 100.0,
      "dose_multiplier": 0.5,
      "dose_multiplier_raw": 1.4151715730968348,
      "direction_conflict": true,
      "scaled_effect": -0.20696190759167007,
      "posterior": {
        "mean": -0.41392381518334015,
        "variance": 0.023123290696614545,
        "sd": 0.15206344299868574,
        "contraction": 0.915171573096835,
        "prior_mean": 1.305251261157877,
        "prior_variance": 0.2725889367606766,
        "source": "pop+cohort+user",
        "lam_js": 0.8768472906403941,
        "n_cohort": 534,
        "z_like": -2.722046844532631
      },
      "cohort_prior": {
        "mean": 1.306352479669686,
        "variance": 0.273049088182262,