{
  "pid": 842,
  "cohort": "cohort_b",
  "age": 42,
  "is_female": false,
  "effects_bayesian": [
    {
      "action": "active_energy",
      "outcome": "deep_sleep",
      "nominal_step": 100.0,
      "dose_multiplier": 0.5385944984685794,
      "dose_multiplier_raw": 0.5385944984685794,
      "direction_conflict": false,
      "scaled_effect": 0.35710508544269215,
      "posterior": {
        "mean": 0.6630314391589074,
        "variance": 0.073696657880163,
        "sd": 0.27147128371185597,
        "contraction": 0.03859449846857943,
        "prior_mean": 0.6921665440115441,
        "prior_variance": 0.07665512394382158,
        "source": "pop+cohort+user",
        "lam_js": 0.8472505091649695,
        "n_cohort": 416,
        "z_like": 2.4423630746250855
      },
      "cohort_prior": {
        "mean": 0.6841722046703297,
        "variance": 0.07489465690295352,
        "n": 416
      },
      "user_obs": {
        "slope": -0.004644528280130178,
        "se": 0.00697779154749172,
        "n": 38,
        "at_nominal_step": -0.4644528280130178,
        "se_at_step": 0.697779154749172,
        "residual_sd": 1.8140917376374552,
        "sigma_data_used": 12.0
      },
      "gate": {
        "score": 0.03859449846857943,
        "tier": "not_exposed"
      }
    },
    {
      "action": "bedtime",
      "outcome": "deep_sleep",
      "nominal_step": -0.5,
      "dose_multiplier": 0.7031116572698234,
      "dose_multiplier_raw": 0.7031116572698234,
      "direction_conflict": false,
      "scaled_effect": 0.47583090416610213,
      "posterior": {
        "mean": 0.6767501281570975,
        "variance": 0.7528012233018915,
        "sd": 0.8676411834980469,
        "contraction": 0.2031116572698234,
        "prior_mean": 0.6072164646464647,
        "prior_variance": 0.9446759137205589,
        "source": "pop+cohort+user",
        "lam_js": 0.8472505091649695,
        "n_cohort": 416,
        "z_like": 0.7799884802939635
      },
      "cohort_prior": {
        "mean": 0.6215986538461539,
        "variance": 0.9384823525592582,
        "n": 416
      },
      "user_obs": {
        "slope": -1.816167262598082,
        "se": 1.0916765401581352,
        "n": 38,
        "at_nominal_step": 0.908083631299041,
        "se_at_step": 0.5458382700790676,
        "residual_sd": 1.8231690476768896,
        "sigma_data_used": 12.0
      },
      "gate": {
        "score": 0.2031116572698234,
        "tier": "not_exposed"
      }
    },
    {
      "action": "bedtime",
      "outcome": "sleep_quality",
      "nominal_step": -0.5,
      "dose_multiplier": 0.9028322732659331,
      "dose_multiplier_raw": 0.9028322732659331,
      "direction_conflict": false,
      "scaled_effect": 0.5811683990551325,
      "posterior": {
        "mean": 0.6437169076298039,
        "variance": 0.5296287695660157,
        "sd": 0.7277559821574919,
        "contraction": 0.40283227326593307,
        "prior_mean": 0.4607862962962966,
        "prior_variance": 0.8869011935098631,
        "source": "pop+cohort+user",
        "lam_js": 0.8472505091649695,
        "n_cohort": 416,
        "z_like": 0.884523004155119
      },
      "cohort_prior": {
        "mean": 0.4770937500000001,
        "variance": 0.9009695161433738,
        "n": 416
      },
      "user_obs": {
        "slope": -1.7726812415717188,
        "se": 0.7428796456121248,
        "n": 38,
        "at_nominal_step": 0.8863406207858594,
        "se_at_step": 0.3714398228060624,
        "residual_sd": 1.2406561158060716,
        "sigma_data_used": 7.0
      },
      "gate": {
        "score": 0.40283227326593307,
        "tier": "possible"
      }
    },
    {
      "action": "running_volume",
      "outcome": "hrv_daily",
      "nominal_step": 30.0,
      "dose_multiplier": 1.0568079660049747,
      "dose_multiplier_raw": 1.0568079660049747,
      "direction_conflict": false,
      "scaled_effect": 0.15438411749063682,
      "posterior": {
        "mean": 0.14608530826489824,
        "variance": 0.1336408440742993,
        "sd": 0.36556920558807915,
        "contraction": 0.5568079660049747,
        "prior_mean": 0.14166006734006745,
        "prior_variance": 0.3015416203888705,
        "source": "pop+cohort+user",
        "lam_js": 0.8472505091649695,
        "n_cohort": 416,
        "z_like": 0.3996105416754007
      },
      "cohort_prior": {
        "mean": 0.11986480769230796,
        "variance": 0.2186938498312511,
        "n": 416
      },
      "user_obs": {
        "slope": 0.1784123780697765,
        "se": 0.28557061208720835,
        "n": 38,
        "at_nominal_step": 0.1784123780697765,
        "se_at_step": 0.28557061208720835,
        "residual_sd": 1.5093016889391644,
        "sigma_data_used": 3.5
      },
      "gate": {
        "score": 0.5568079660049747,
        "tier": "possible"
      }
    },
    {
      "action": "sleep_duration",
      "outcome": "hrv_daily",
      "nominal_step": 0.5,
      "dose_multiplier": 0.5013556441240195,
      "dose_multiplier_raw": 0.5013556441240195,
      "direction_conflict": false,
      "scaled_effect": 0.06463104789570172,
      "posterior": {
        "mean": 0.1289125766373422,
        "variance": 0.002929758876134685,
        "sd": 0.054127247077000736,
        "contraction": 0.0013556441240194506,
        "prior_mean": 0.13540993265993234,
        "prior_variance": 0.0029337359780747863,
        "source": "pop+cohort+user",
        "lam_js": 0.8472505091649695,
        "n_cohort": 416,
        "z_like": 2.3816577343006715
      },
      "cohort_prior": {
        "mean": 0.13603296703296702,
        "variance": 0.002960794899166767,
        "n": 416
      },
      "user_obs": {
        "slope": -1.2741286216879557,
        "se": 0.7873857411687232,
        "n": 38,
        "at_nominal_step": -0.6370643108439779,
        "se_at_step": 0.3936928705843616,
        "residual_sd": 1.5093016889391644,
        "sigma_data_used": 3.5
      },
      "gate": {
        "score": 0.0013556441240194506,
        "tier": "not_exposed"
      }
    },
    {
      "action": "training_load",
      "outcome": "hrv_daily",
      "nominal_step": 100.0,
      "dose_multiplier": 1.4269788202774212,
      "dose_multiplier_raw": 1.4269788202774212,
      "direction_conflict": false,
      "scaled_effect": -0.9498951124649097,
      "posterior": {
        "mean": -0.6656686833517537,
        "variance": 0.29868977013232545,
        "sd": 0.5465251779491275,
        "contraction": 0.9269788202774211,
        "prior_mean": -5.056217651515151,
        "prior_variance": 4.090453910318943,
        "source": "pop+cohort+user",
        "lam_js": 0.8472505091649695,
        "n_cohort": 416,
        "z_like": -1.2180018601333615
      },
      "cohort_prior": {
        "mean": -5.038698533653847,
        "variance": 4.062157266087269,
        "n": 416
      },
      "user_obs": {
        "slope": -0.003187843150867682,
        "se": 0.024487495133308324,
        "n": 38,
        "at_nominal_step": -0.3187843150867682,
        "se_at_step": 2.4487495133308324,
        "residual_sd": 1.5093016889391648,
        "sigma_data_used": 3.5
      },
      "gate": {
        "score": 0.9269788202774211,
        "tier": "recommended"
      }
    },
    {
      "action": "training_load",
      "outcome": "resting_hr",
      "nominal_step": 100.0,
      "dose_multiplier": 1.3780195031733884,
      "dose_multiplier_raw": 1.3780195031733884,
      "direction_conflict": false,
      "scaled_effect": 0.5135199696691746,
      "posterior": {
        "mean": 0.3726507269937828,
        "variance": 0.0332505339355051,
        "sd": 0.18234728935606667,
        "contraction": 0.8780195031733885,
        "prior_mean": 1.305251261157877,
        "prior_variance": 0.2725889367606766,
        "source": "pop+cohort+user",
        "lam_js": 0.8472505091649695,
        "n_cohort": 416,
        "z_like": 2.0436318428957483
      },
      "cohort_prior": {
        "mean": 1.3016362050919952,