{
  "pid": 321,
  "cohort": "cohort_a",
  "age": 47,
  "is_female": true,
  "effects_bayesian": [
    {
      "action": "active_energy",
      "outcome": "deep_sleep",
      "nominal_step": 100.0,
      "dose_multiplier": 0.5185653826813555,
      "dose_multiplier_raw": 0.5185653826813555,
      "direction_conflict": false,
      "scaled_effect": 0.36479177518816946,
      "posterior": {
        "mean": 0.7034634153593785,
        "variance": 0.0752319922333178,
        "sd": 0.274284509648864,
        "contraction": 0.018565382681355547,
        "prior_mean": 0.6921665440115441,
        "prior_variance": 0.07665512394382158,
        "source": "pop+cohort+user",
        "lam_js": 0.8768472906403941,
        "n_cohort": 534,
        "z_like": 2.5647216325119655
      },
      "cohort_prior": {
        "mean": 0.6984414526484751,
        "variance": 0.07805127404443395,
        "n": 534
      },
      "user_obs": {
        "slope": 0.00868308401156584,
        "se": 0.00790429600038391,
        "n": 65,
        "at_nominal_step": 0.8683084011565839,
        "se_at_step": 0.790429600038391,
        "residual_sd": 2.1173636358789754,
        "sigma_data_used": 12.0
      },
      "gate": {
        "score": 0.018565382681355547,
        "tier": "not_exposed"
      }
    },
    {
      "action": "bedtime",
      "outcome": "deep_sleep",
      "nominal_step": -0.5,
      "dose_multiplier": 0.7937938675383664,
      "dose_multiplier_raw": 0.7937938675383664,
      "direction_conflict": false,
      "scaled_effect": 0.7129763732583179,
      "posterior": {
        "mean": 0.8981883111157414,
        "variance": 0.6671359234582558,
        "sd": 0.8167838903028486,
        "contraction": 0.29379386753836645,
        "prior_mean": 0.6072164646464647,
        "prior_variance": 0.9446759137205589,
        "source": "pop+cohort+user",
        "lam_js": 0.8768472906403941,
        "n_cohort": 534,
        "z_like": 1.0996645768597486
      },
      "cohort_prior": {
        "mean": 0.6056498876404495,
        "variance": 0.9560138510611396,
        "n": 534
      },
      "user_obs": {
        "slope": -3.15329210146413,
        "se": 0.8671901581246187,
        "n": 65,
        "at_nominal_step": 1.576646050732065,
        "se_at_step": 0.4335950790623094,
        "residual_sd": 2.1300921609754466,
        "sigma_data_used": 12.0
      },
      "gate": {
        "score": 0.29379386753836645,
        "tier": "not_exposed"
      }
    },
    {
      "action": "bedtime",
      "outcome": "sleep_quality",
      "nominal_step": -0.5,
      "dose_multiplier": 1.0409467032680475,
      "dose_multiplier_raw": 1.0409467032680475,
      "direction_conflict": false,
      "scaled_effect": 0.5771603139862455,
      "posterior": {
        "mean": 0.5544571227078708,
        "variance": 0.40713491675620594,
        "sd": 0.6380712473981303,
        "contraction": 0.5409467032680475,
        "prior_mean": 0.4607862962962966,
        "prior_variance": 0.8869011935098631,
        "source": "pop+cohort+user",
        "lam_js": 0.8768472906403941,
        "n_cohort": 534,
        "z_like": 0.8689580120853061
      },
      "cohort_prior": {
        "mean": 0.46373086142322145,
        "variance": 0.8849888909576128,
        "n": 534
      },
      "user_obs": {
        "slope": -1.2640546732663378,
        "se": 0.4935792150754953,
        "n": 65,
        "at_nominal_step": 0.6320273366331689,
        "se_at_step": 0.24678960753774765,
        "residual_sd": 1.2123860113062315,
        "sigma_data_used": 7.0
      },
      "gate": {
        "score": 0.5409467032680475,
        "tier": "possible"
      }
    },
    {
      "action": "running_volume",
      "outcome": "hrv_daily",
      "nominal_step": 30.0,
      "dose_multiplier": 1.143569839700102,
      "dose_multiplier_raw": 1.143569839700102,
      "direction_conflict": false,
      "scaled_effect": 0.029488490141276903,
      "posterior": {
        "mean": 0.02578634825574814,
        "variance": 0.10747852809229612,
        "sd": 0.3278391802275868,
        "contraction": 0.643569839700102,
        "prior_mean": 0.14166006734006745,
        "prior_variance": 0.3015416203888705,
        "source": "pop+cohort+user",
        "lam_js": 0.8768472906403941,
        "n_cohort": 534,
        "z_like": 0.07865548052507693
      },
      "cohort_prior": {
        "mean": 0.13417902621722846,
        "variance": 0.24427088794406634,
        "n": 534
      },
      "user_obs": {
        "slope": -0.056579646300013664,
        "se": 0.24350961787438513,
        "n": 65,
        "at_nominal_step": -0.056579646300013664,
        "se_at_step": 0.24350961787438513,
        "residual_sd": 1.72225836735953,
        "sigma_data_used": 3.5
      },
      "gate": {
        "score": 0.643569839700102,
        "tier": "possible"
      }
    },
    {
      "action": "sleep_duration",
      "outcome": "hrv_daily",
      "nominal_step": 0.5,
      "dose_multiplier": 0.5257787479755134,
      "dose_multiplier_raw": 0.5257787479755134,
      "direction_conflict": false,
      "scaled_effect": 0.06934040704369653,
      "posterior": {
        "mean": 0.13188134231497287,
        "variance": 0.0028581079376693,
        "sd": 0.05346127512199181,
        "contraction": 0.025778747975513383,
        "prior_mean": 0.13540993265993234,
        "prior_variance": 0.0029337359780747863,
        "source": "pop+cohort+user",
        "lam_js": 0.8768472906403941,
        "n_cohort": 534,
        "z_like": 2.466857403120978
      },
      "cohort_prior": {
        "mean": 0.13457651150347733,
        "variance": 0.002897733991751291,
        "n": 534
      },
      "user_obs": {
        "slope": -0.09961241322429401,
        "se": 0.661809080563915,
        "n": 65,
        "at_nominal_step": -0.049806206612147005,
        "se_at_step": 0.3309045402819575,
        "residual_sd": 1.7222583673595304,
        "sigma_data_used": 3.5
      },
      "gate": {
        "score": 0.025778747975513383,
        "tier": "not_exposed"
      }
    },
    {
      "action": "training_load",
      "outcome": "hrv_daily",
      "nominal_step": 100.0,
      "dose_multiplier": 1.4559521841688845,
      "dose_multiplier_raw": 1.4559521841688845,
      "direction_conflict": false,
      "scaled_effect": -1.2569329579090438,
      "posterior": {
        "mean": -0.863306481885977,
        "variance": 0.18017556050739475,
        "sd": 0.42447091832938894,
        "contraction": 0.9559521841688846,
        "prior_mean": -5.056217651515151,
        "prior_variance": 4.090453910318943,
        "source": "pop+cohort+user",
        "lam_js": 0.8768472906403941,
        "n_cohort": 534,
        "z_like": -2.033841294201579
      },
      "cohort_prior": {
        "mean": -5.061554325842696,
        "variance": 4.099093150953106,
        "n": 534
      },
      "user_obs": {
        "slope": -0.006702661870548083,
        "se": 0.021162032561652642,
        "n": 65,
        "at_nominal_step": -0.6702661870548082,
        "se_at_step": 2.116203256165264,
        "residual_sd": 1.7222583673595306,
        "sigma_data_used": 3.5
      },
      "gate": {
        "score": 0.9559521841688846,
        "tier": "recommended"
      }
    },
    {
      "action": "training_load",
      "outcome": "resting_hr",
      "nominal_step": 100.0,
      "dose_multiplier": 1.424828330664573,
      "dose_multiplier_raw": 1.424828330664573,
      "direction_conflict": false,
      "scaled_effect": 3.2657147770382315,
      "posterior": {
        "mean": 2.292005785367158,
        "variance": 0.02049096541866919,
        "sd": 0.14314665702931798,
        "contraction": 0.924828330664573,
        "prior_mean": 1.305251261157877,
        "prior_variance": 0.2725889367606766,
        "source": "pop+cohort+user",
        "lam_js": 0.8768472906403941,
        "n_cohort": 534,
        "z_like": 16.011591419125704
      },
      "cohort_prior": {
        "mean": 1.306352479669686,
        "variance": 0.273049088182262,