{
  "pid": 931,
  "cohort": "cohort_b",
  "age": 25,
  "is_female": true,
  "effects_bayesian": [
    {
      "action": "active_energy",
      "outcome": "deep_sleep",
      "nominal_step": 100.0,
      "dose_multiplier": 0.5415376431520642,
      "dose_multiplier_raw": 0.5415376431520642,
      "direction_conflict": false,
      "scaled_effect": 0.34208335215177665,
      "posterior": {
        "mean": 0.6316889628588929,
        "variance": 0.07347105075966587,
        "sd": 0.2710554385354883,
        "contraction": 0.04153764315206421,
        "prior_mean": 0.6921665440115441,
        "prior_variance": 0.07665512394382158,
        "source": "pop+cohort+user",
        "lam_js": 0.8472505091649695,
        "n_cohort": 416,
        "z_like": 2.3304788358865123
      },
      "cohort_prior": {
        "mean": 0.6841722046703297,
        "variance": 0.07489465690295352,
        "n": 416
      },
      "user_obs": {
        "slope": -0.017068382248122627,
        "se": 0.013045272186748488,
        "n": 44,
        "at_nominal_step": -1.7068382248122627,
        "se_at_step": 1.3045272186748489,
        "residual_sd": 2.93379030839591,
        "sigma_data_used": 12.0
      },
      "gate": {
        "score": 0.04153764315206421,
        "tier": "not_exposed"
      }
    },
    {
      "action": "bedtime",
      "outcome": "deep_sleep",
      "nominal_step": -0.5,
      "dose_multiplier": 0.7273472382786331,
      "dose_multiplier_raw": 0.7273472382786331,
      "direction_conflict": false,
      "scaled_effect": 0.4647947998735986,
      "posterior": {
        "mean": 0.6390273797885027,
        "variance": 0.7299064536678456,
        "sd": 0.8543456289276873,
        "contraction": 0.22734723827863312,
        "prior_mean": 0.6072164646464647,
        "prior_variance": 0.9446759137205589,
        "source": "pop+cohort+user",
        "lam_js": 0.8472505091649695,
        "n_cohort": 416,
        "z_like": 0.7479729024780797
      },
      "cohort_prior": {
        "mean": 0.6215986538461539,
        "variance": 0.9384823525592582,
        "n": 416
      },
      "user_obs": {
        "slope": -1.4147966091118231,
        "se": 1.334242303569623,
        "n": 44,
        "at_nominal_step": 0.7073983045559116,
        "se_at_step": 0.6671211517848115,
        "residual_sd": 2.958915006052669,
        "sigma_data_used": 12.0
      },
      "gate": {
        "score": 0.22734723827863312,
        "tier": "not_exposed"
      }
    },
    {
      "action": "bedtime",
      "outcome": "sleep_quality",
      "nominal_step": -0.5,
      "dose_multiplier": 0.9392014618076362,
      "dose_multiplier_raw": 0.9392014618076362,
      "direction_conflict": false,
      "scaled_effect": 0.4168335426925098,
      "posterior": {
        "mean": 0.44381696541469406,
        "variance": 0.49737289284139397,
        "sd": 0.7052466893516013,
        "contraction": 0.4392014618076362,
        "prior_mean": 0.4607862962962966,
        "prior_variance": 0.8869011935098631,
        "source": "pop+cohort+user",
        "lam_js": 0.8472505091649695,
        "n_cohort": 416,
        "z_like": 0.6293074070616853
      },
      "cohort_prior": {
        "mean": 0.4770937500000001,
        "variance": 0.9009695161433738,
        "n": 416
      },
      "user_obs": {
        "slope": -0.8113443609291948,
        "se": 0.5505272608370643,
        "n": 44,
        "at_nominal_step": 0.4056721804645974,
        "se_at_step": 0.27526363041853213,
        "residual_sd": 1.2208902153482495,
        "sigma_data_used": 7.0
      },
      "gate": {
        "score": 0.4392014618076362,
        "tier": "possible"
      }
    },
    {
      "action": "running_volume",
      "outcome": "hrv_daily",
      "nominal_step": 30.0,
      "dose_multiplier": 1.0840356371354467,
      "dose_multiplier_raw": 1.0840356371354467,
      "direction_conflict": false,
      "scaled_effect": 0.24049659753785319,
      "posterior": {
        "mean": 0.2218530362833486,
        "variance": 0.1254305680022015,
        "sd": 0.3541617822439365,
        "contraction": 0.5840356371354467,
        "prior_mean": 0.14166006734006745,
        "prior_variance": 0.3015416203888705,
        "source": "pop+cohort+user",
        "lam_js": 0.8472505091649695,
        "n_cohort": 416,
        "z_like": 0.6264172121500748
      },
      "cohort_prior": {
        "mean": 0.11986480769230796,
        "variance": 0.2186938498312511,
        "n": 416
      },
      "user_obs": {
        "slope": 0.34218024550738635,
        "se": 0.28085927547944595,
        "n": 44,
        "at_nominal_step": 0.34218024550738635,
        "se_at_step": 0.28085927547944595,
        "residual_sd": 1.6854291471163119,
        "sigma_data_used": 3.5
      },
      "gate": {
        "score": 0.5840356371354467,
        "tier": "possible"
      }
    },
    {
      "action": "sleep_duration",
      "outcome": "hrv_daily",
      "nominal_step": 0.5,
      "dose_multiplier": 0.5027866292950673,
      "dose_multiplier_raw": 0.5027866292950673,
      "direction_conflict": false,
      "scaled_effect": 0.06662176133648087,
      "posterior": {
        "mean": 0.13250503783262493,
        "variance": 0.00292556074345429,
        "sd": 0.05408845295859635,
        "contraction": 0.0027866292950673444,
        "prior_mean": 0.13540993265993234,
        "prior_variance": 0.0029337359780747863,
        "source": "pop+cohort+user",
        "lam_js": 0.8472505091649695,
        "n_cohort": 416,
        "z_like": 2.449784206881549
      },
      "cohort_prior": {
        "mean": 0.13603296703296702,
        "variance": 0.002960794899166767,
        "n": 416
      },
      "user_obs": {
        "slope": -0.3814773543553585,
        "se": 0.9391321466272048,
        "n": 44,
        "at_nominal_step": -0.19073867717767926,
        "se_at_step": 0.4695660733136024,
        "residual_sd": 1.685429147116312,
        "sigma_data_used": 3.5
      },
      "gate": {
        "score": 0.0027866292950673444,
        "tier": "not_exposed"
      }
    },
    {
      "action": "training_load",
      "outcome": "hrv_daily",
      "nominal_step": 100.0,
      "dose_multiplier": 1.4362982038735197,
      "dose_multiplier_raw": 1.4362982038735197,
      "direction_conflict": false,
      "scaled_effect": -2.5394327789031563,
      "posterior": {
        "mean": -1.768040071382543,
        "variance": 0.26056926105990164,
        "sd": 0.5104598525446459,
        "contraction": 0.9362982038735197,
        "prior_mean": -5.056217651515151,
        "prior_variance": 4.090453910318943,
        "source": "pop+cohort+user",
        "lam_js": 0.8472505091649695,
        "n_cohort": 416,
        "z_like": -3.4636221880503455
      },
      "cohort_prior": {
        "mean": -5.038698533653847,
        "variance": 4.062157266087269,
        "n": 416
      },
      "user_obs": {
        "slope": -0.015439317853281842,
        "se": 0.02225329290947808,
        "n": 44,
        "at_nominal_step": -1.5439317853281842,
        "se_at_step": 2.225329290947808,
        "residual_sd": 1.6854291471163123,
        "sigma_data_used": 3.5
      },
      "gate": {
        "score": 0.9362982038735197,
        "tier": "recommended"
      }
    },
    {
      "action": "training_load",
      "outcome": "resting_hr",
      "nominal_step": 100.0,
      "dose_multiplier": 1.3928627189972973,
      "dose_multiplier_raw": 1.3928627189972973,
      "direction_conflict": false,
      "scaled_effect": 0.64828750551211,
      "posterior": {
        "mean": 0.4654353201288949,
        "variance": 0.029204437515956555,
        "sd": 0.17089305871203944,
        "contraction": 0.8928627189972973,
        "prior_mean": 1.305251261157877,
        "prior_variance": 0.2725889367606766,
        "source": "pop+cohort+user",
        "lam_js": 0.8472505091649695,
        "n_cohort": 416,
        "z_like": 2.723547250173391
      },
      "cohort_prior": {
        "mean": 1.3016362050919952,
        "variance": 0.2710810896650065,