{
  "pid": 781,
  "cohort": "cohort_b",
  "age": 32,
  "is_female": true,
  "effects_bayesian": [
    {
      "action": "active_energy",
      "outcome": "deep_sleep",
      "nominal_step": 100.0,
      "dose_multiplier": 0.5444628231696331,
      "dose_multiplier_raw": 0.5444628231696331,
      "direction_conflict": false,
      "scaled_effect": 0.37113401765937803,
      "posterior": {
        "mean": 0.6816517159037456,
        "variance": 0.07324682072286114,
        "sd": 0.2706414985231591,
        "contraction": 0.044462823169633126,
        "prior_mean": 0.6921665440115441,
        "prior_variance": 0.07665512394382158,
        "source": "pop+cohort+user",
        "lam_js": 0.8472505091649695,
        "n_cohort": 416,
        "z_like": 2.518651868332808
      },
      "cohort_prior": {
        "mean": 0.6841722046703297,
        "variance": 0.07489465690295352,
        "n": 416
      },
      "user_obs": {
        "slope": 0.005382761562185617,
        "se": 0.004685345194680711,
        "n": 50,
        "at_nominal_step": 0.5382761562185617,
        "se_at_step": 0.4685345194680711,
        "residual_sd": 1.6701658774806565,
        "sigma_data_used": 12.0
      },
      "gate": {
        "score": 0.044462823169633126,
        "tier": "not_exposed"
      }
    },
    {
      "action": "bedtime",
      "outcome": "deep_sleep",
      "nominal_step": -0.5,
      "dose_multiplier": 0.7501521865416325,
      "dose_multiplier_raw": 0.7501521865416325,
      "direction_conflict": false,
      "scaled_effect": 0.1755203747719792,
      "posterior": {
        "mean": 0.2339796882832095,
        "variance": 0.7083631683301466,
        "sd": 0.8416431359728104,
        "contraction": 0.2501521865416325,
        "prior_mean": 0.6072164646464647,
        "prior_variance": 0.9446759137205589,
        "source": "pop+cohort+user",
        "lam_js": 0.8472505091649695,
        "n_cohort": 416,
        "z_like": 0.27800344146187905
      },
      "cohort_prior": {
        "mean": 0.6215986538461539,
        "variance": 0.9384823525592582,
        "n": 416
      },
      "user_obs": {
        "slope": 1.8952262078159945,
        "se": 0.7143152975744991,
        "n": 50,
        "at_nominal_step": -0.9476131039079972,
        "se_at_step": 0.35715764878724954,
        "residual_sd": 1.6834925222461856,
        "sigma_data_used": 12.0
      },
      "gate": {
        "score": 0.2501521865416325,
        "tier": "not_exposed"
      }
    },
    {
      "action": "bedtime",
      "outcome": "sleep_quality",
      "nominal_step": -0.5,
      "dose_multiplier": 0.971394988779228,
      "dose_multiplier_raw": 0.971394988779228,
      "direction_conflict": false,
      "scaled_effect": 0.17235654439662756,
      "posterior": {
        "mean": 0.17743198841619676,
        "variance": 0.46882041534699725,
        "sd": 0.6847046190489715,
        "contraction": 0.47139498877922803,
        "prior_mean": 0.4607862962962966,
        "prior_variance": 0.8869011935098631,
        "source": "pop+cohort+user",
        "lam_js": 0.8472505091649695,
        "n_cohort": 416,
        "z_like": 0.2591365436714053
      },
      "cohort_prior": {
        "mean": 0.4770937500000001,
        "variance": 0.9009695161433738,
        "n": 416
      },
      "user_obs": {
        "slope": 0.29317797859417716,
        "se": 0.5415782689029751,
        "n": 50,
        "at_nominal_step": -0.14658898929708858,
        "se_at_step": 0.27078913445148756,
        "residual_sd": 1.2763872886456036,
        "sigma_data_used": 7.0
      },
      "gate": {
        "score": 0.47139498877922803,
        "tier": "possible"
      }
    },
    {
      "action": "running_volume",
      "outcome": "hrv_daily",
      "nominal_step": 30.0,
      "dose_multiplier": 1.1081114586851646,
      "dose_multiplier_raw": 1.1081114586851646,
      "direction_conflict": false,
      "scaled_effect": 0.18969840393003876,
      "posterior": {
        "mean": 0.17119072494307241,
        "variance": 0.11817070575990628,
        "sd": 0.34375966278768993,
        "contraction": 0.6081114586851646,
        "prior_mean": 0.14166006734006745,
        "prior_variance": 0.3015416203888705,
        "source": "pop+cohort+user",
        "lam_js": 0.8472505091649695,
        "n_cohort": 416,
        "z_like": 0.49799538303829977
      },
      "cohort_prior": {
        "mean": 0.11986480769230796,
        "variance": 0.2186938498312511,
        "n": 416
      },
      "user_obs": {
        "slope": 0.22270423547671062,
        "se": 0.4393250159173068,
        "n": 50,
        "at_nominal_step": 0.22270423547671062,
        "se_at_step": 0.4393250159173068,
        "residual_sd": 2.4577729037693885,
        "sigma_data_used": 3.5
      },
      "gate": {
        "score": 0.6081114586851646,
        "tier": "possible"
      }
    },
    {
      "action": "sleep_duration",
      "outcome": "hrv_daily",
      "nominal_step": 0.5,
      "dose_multiplier": 0.5042135193375271,
      "dose_multiplier_raw": 0.5042135193375271,
      "direction_conflict": false,
      "scaled_effect": 0.06682832942094476,
      "posterior": {
        "mean": 0.13253974131583926,
        "variance": 0.002921374624799969,
        "sd": 0.054049742134444724,
        "contraction": 0.004213519337527116,
        "prior_mean": 0.13540993265993234,
        "prior_variance": 0.0029337359780747863,
        "source": "pop+cohort+user",
        "lam_js": 0.8472505091649695,
        "n_cohort": 416,
        "z_like": 2.4521808260649327
      },
      "cohort_prior": {
        "mean": 0.13603296703296702,
        "variance": 0.002960794899166767,
        "n": 416
      },
      "user_obs": {
        "slope": -0.29807807324144314,
        "se": 1.294943354514932,
        "n": 50,
        "at_nominal_step": -0.14903903662072157,
        "se_at_step": 0.647471677257466,
        "residual_sd": 2.4577729037693885,
        "sigma_data_used": 3.5
      },
      "gate": {
        "score": 0.004213519337527116,
        "tier": "not_exposed"
      }
    },
    {
      "action": "training_load",
      "outcome": "hrv_daily",
      "nominal_step": 100.0,
      "dose_multiplier": 0.5,
      "dose_multiplier_raw": 1.4435080339977748,
      "direction_conflict": true,
      "scaled_effect": 2.895437935513462,
      "posterior": {
        "mean": 5.790875871026924,
        "variance": 0.2310777832354069,
        "sd": 0.4807055057261222,
        "contraction": 0.9435080339977748,
        "prior_mean": -5.056217651515151,
        "prior_variance": 4.090453910318943,
        "source": "pop+cohort+user",
        "lam_js": 0.8472505091649695,
        "n_cohort": 416,
        "z_like": 12.046618568014125
      },
      "cohort_prior": {
        "mean": -5.038698533653847,
        "variance": 4.062157266087269,
        "n": 416
      },
      "user_obs": {
        "slope": 0.06443508662360746,
        "se": 0.02921615801774066,
        "n": 50,
        "at_nominal_step": 6.443508662360746,
        "se_at_step": 2.921615801774066,
        "residual_sd": 2.45777290376939,
        "sigma_data_used": 3.5
      },
      "gate": {
        "score": 0.4717540169988874,
        "tier": "possible"
      }
    },
    {
      "action": "training_load",
      "outcome": "resting_hr",
      "nominal_step": 100.0,
      "dose_multiplier": 0.5,
      "dose_multiplier_raw": 1.4044854249881205,
      "direction_conflict": true,
      "scaled_effect": -0.047460413247558675,
      "posterior": {
        "mean": -0.09492082649511735,
        "variance": 0.026036216447636103,
        "sd": 0.161357418322295,
        "contraction": 0.9044854249881206,
        "prior_mean": 1.305251261157877,
        "prior_variance": 0.2725889367606766,
        "source": "pop+cohort+user",
        "lam_js": 0.8472505091649695,
        "n_cohort": 416,
        "z_like": -0.5882644100410845
      },
      "cohort_prior": {
        "mean": 1.3016362050919952,
        "variance": 0.2710810896650065,
        "n": 416
      },