{
  "pid": 278,
  "cohort": "cohort_a",
  "age": 44,
  "is_female": true,
  "effects_bayesian": [
    {
      "action": "active_energy",
      "outcome": "deep_sleep",
      "nominal_step": 100.0,
      "dose_multiplier": 0.5123736243629097,
      "dose_multiplier_raw": 0.5123736243629097,
      "direction_conflict": false,
      "scaled_effect": 0.35372889137002395,
      "posterior": {
        "mean": 0.6903729515933883,
        "variance": 0.07570662223464845,
        "sd": 0.2751483640413812,
        "contraction": 0.012373624362909674,
        "prior_mean": 0.6921665440115441,
        "prior_variance": 0.07665512394382158,
        "source": "pop+cohort+user",
        "lam_js": 0.8768472906403941,
        "n_cohort": 534,
        "z_like": 2.509093426735981
      },
      "cohort_prior": {
        "mean": 0.6984414526484751,
        "variance": 0.07805127404443395,
        "n": 534
      },
      "user_obs": {
        "slope": 0.004358374484087643,
        "se": 0.007827503770531239,
        "n": 53,
        "at_nominal_step": 0.4358374484087643,
        "se_at_step": 0.7827503770531239,
        "residual_sd": 2.4295989928133066,
        "sigma_data_used": 12.0
      },
      "gate": {
        "score": 0.012373624362909674,
        "tier": "not_exposed"
      }
    },
    {
      "action": "bedtime",
      "outcome": "deep_sleep",
      "nominal_step": -0.5,
      "dose_multiplier": 0.7522213685522634,
      "dose_multiplier_raw": 0.7522213685522634,
      "direction_conflict": false,
      "scaled_effect": 0.239063829095887,
      "posterior": {
        "mean": 0.31781047320683387,
        "variance": 0.7064084619235996,
        "sd": 0.8404810895693011,
        "contraction": 0.2522213685522634,
        "prior_mean": 0.6072164646464647,
        "prior_variance": 0.9446759137205589,
        "source": "pop+cohort+user",
        "lam_js": 0.8768472906403941,
        "n_cohort": 534,
        "z_like": 0.3781292371131083
      },
      "cohort_prior": {
        "mean": 0.6056498876404495,
        "variance": 0.9560138510611396,
        "n": 534
      },
      "user_obs": {
        "slope": 1.0039685756242234,
        "se": 1.1306087630647255,
        "n": 53,
        "at_nominal_step": -0.5019842878121117,
        "se_at_step": 0.5653043815323627,
        "residual_sd": 2.414092721800832,
        "sigma_data_used": 12.0
      },
      "gate": {
        "score": 0.2522213685522634,
        "tier": "not_exposed"
      }
    },
    {
      "action": "bedtime",
      "outcome": "sleep_quality",
      "nominal_step": -0.5,
      "dose_multiplier": 0.9901070573694882,
      "dose_multiplier_raw": 0.9901070573694882,
      "direction_conflict": false,
      "scaled_effect": 0.31033161739410775,
      "posterior": {
        "mean": 0.3134323860074236,
        "variance": 0.452224659381257,
        "sd": 0.6724765121409498,
        "contraction": 0.49010705736948823,
        "prior_mean": 0.4607862962962966,
        "prior_variance": 0.8869011935098631,
        "source": "pop+cohort+user",
        "lam_js": 0.8768472906403941,
        "n_cohort": 534,
        "z_like": 0.4660867410960649
      },
      "cohort_prior": {
        "mean": 0.46373086142322145,
        "variance": 0.8849888909576128,
        "n": 534
      },
      "user_obs": {
        "slope": -0.313678642471266,
        "se": 0.5629076933799891,
        "n": 53,
        "at_nominal_step": 0.156839321235633,
        "se_at_step": 0.28145384668999457,
        "residual_sd": 1.2019289165517735,
        "sigma_data_used": 7.0
      },
      "gate": {
        "score": 0.49010705736948823,
        "tier": "possible"
      }
    },
    {
      "action": "running_volume",
      "outcome": "hrv_daily",
      "nominal_step": 30.0,
      "dose_multiplier": 0.5,
      "dose_multiplier_raw": 1.1016271151675208,
      "direction_conflict": true,
      "scaled_effect": -0.06721677331328704,
      "posterior": {
        "mean": -0.13443354662657409,
        "variance": 0.1201260052113747,
        "sd": 0.34659198665199215,
        "contraction": 0.6016271151675208,
        "prior_mean": 0.14166006734006745,
        "prior_variance": 0.3015416203888705,
        "source": "pop+cohort+user",
        "lam_js": 0.8768472906403941,
        "n_cohort": 534,
        "z_like": -0.3878726335400155
      },
      "cohort_prior": {
        "mean": 0.13417902621722846,
        "variance": 0.24427088794406634,
        "n": 534
      },
      "user_obs": {
        "slope": -0.38350448790592134,
        "se": 0.29381883013178284,
        "n": 53,
        "at_nominal_step": -0.38350448790592134,
        "se_at_step": 0.29381883013178284,
        "residual_sd": 1.6753088160156795,
        "sigma_data_used": 3.5
      },
      "gate": {
        "score": 0.3008135575837604,
        "tier": "possible"
      }
    },
    {
      "action": "sleep_duration",
      "outcome": "hrv_daily",
      "nominal_step": 0.5,
      "dose_multiplier": 0.5230434854426014,
      "dose_multiplier_raw": 0.5230434854426014,
      "direction_conflict": false,
      "scaled_effect": 0.07041838887236429,
      "posterior": {
        "mean": 0.1346319968267571,
        "variance": 0.002866132475771584,
        "sd": 0.05353627252407085,
        "contraction": 0.023043485442601375,
        "prior_mean": 0.13540993265993234,
        "prior_variance": 0.0029337359780747863,
        "source": "pop+cohort+user",
        "lam_js": 0.8768472906403941,
        "n_cohort": 534,
        "z_like": 2.5147809229009024
      },
      "cohort_prior": {
        "mean": 0.13457651150347733,
        "variance": 0.002897733991751291,
        "n": 534
      },
      "user_obs": {
        "slope": 0.2617532682599064,
        "se": 0.9181273883689628,
        "n": 53,
        "at_nominal_step": 0.1308766341299532,
        "se_at_step": 0.4590636941844814,
        "residual_sd": 1.6753088160156802,
        "sigma_data_used": 3.5
      },
      "gate": {
        "score": 0.023043485442601375,
        "tier": "not_exposed"
      }
    },
    {
      "action": "training_load",
      "outcome": "hrv_daily",
      "nominal_step": 100.0,
      "dose_multiplier": 1.4465115530785195,
      "dose_multiplier_raw": 1.4465115530785195,
      "direction_conflict": false,
      "scaled_effect": -0.9696384489980213,
      "posterior": {
        "mean": -0.6703288659771854,
        "variance": 0.21879202686685764,
        "sd": 0.4677520997995174,
        "contraction": 0.9465115530785194,
        "prior_mean": -5.056217651515151,
        "prior_variance": 4.090453910318943,
        "source": "pop+cohort+user",
        "lam_js": 0.8768472906403941,
        "n_cohort": 534,
        "z_like": -1.433085744060784
      },
      "cohort_prior": {
        "mean": -5.061554325842696,
        "variance": 4.099093150953106,
        "n": 534
      },
      "user_obs": {
        "slope": -0.004226972397893464,
        "se": 0.019684129158444724,
        "n": 53,
        "at_nominal_step": -0.42269723978934637,
        "se_at_step": 1.9684129158444725,
        "residual_sd": 1.6753088160156806,
        "sigma_data_used": 3.5
      },
      "gate": {
        "score": 0.9465115530785194,
        "tier": "recommended"
      }
    },
    {
      "action": "training_load",
      "outcome": "resting_hr",
      "nominal_step": 100.0,
      "dose_multiplier": 0.5,
      "dose_multiplier_raw": 1.4093489313990026,
      "direction_conflict": true,
      "scaled_effect": -0.08643513404113232,
      "posterior": {
        "mean": -0.17287026808226463,
        "variance": 0.024710478406165012,
        "sd": 0.157195669171148,
        "contraction": 0.9093489313990026,
        "prior_mean": 1.305251261157877,
        "prior_variance": 0.2725889367606766,
        "source": "pop+cohort+user",
        "lam_js": 0.8768472906403941,
        "n_cohort": 534,
        "z_like": -1.0997139361011963
      },
      "cohort_prior": {
        "mean": 1.306352479669686,
        "variance": 0.273049088182262,