{
  "pid": 1065,
  "cohort": "cohort_c",
  "age": 32,
  "is_female": false,
  "effects_bayesian": [
    {
      "action": "active_energy",
      "outcome": "deep_sleep",
      "nominal_step": 100.0,
      "dose_multiplier": 0.5220909911248135,
      "dose_multiplier_raw": 0.5220909911248135,
      "direction_conflict": false,
      "scaled_effect": 0.3577348386555405,
      "posterior": {
        "mean": 0.6851963445774508,
        "variance": 0.07496173628110714,
        "sd": 0.27379141016676756,
        "contraction": 0.022090991124813497,
        "prior_mean": 0.6921665440115441,
        "prior_variance": 0.07665512394382158,
        "source": "pop+cohort+user",
        "lam_js": 0.7603833865814696,
        "n_cohort": 238,
        "z_like": 2.50262177385366
      },
      "cohort_prior": {
        "mean": 0.6920608463385354,
        "variance": 0.07663171440556958,
        "n": 238
      },
      "user_obs": {
        "slope": 0.0037696180540844025,
        "se": 0.00561289655646353,
        "n": 42,
        "at_nominal_step": 0.37696180540844026,
        "se_at_step": 0.561289655646353,
        "residual_sd": 1.6454803034885608,
        "sigma_data_used": 12.0
      },
      "gate": {
        "score": 0.022090991124813497,
        "tier": "not_exposed"
      }
    },
    {
      "action": "bedtime",
      "outcome": "deep_sleep",
      "nominal_step": -0.5,
      "dose_multiplier": 0.7201619932650948,
      "dose_multiplier_raw": 0.7201619932650948,
      "direction_conflict": false,
      "scaled_effect": 0.3379227733789992,
      "posterior": {
        "mean": 0.4692316125250008,
        "variance": 0.7366941815663159,
        "sd": 0.8583089080082508,
        "contraction": 0.22016199326509478,
        "prior_mean": 0.6072164646464647,
        "prior_variance": 0.9446759137205589,
        "source": "pop+cohort+user",
        "lam_js": 0.7603833865814696,
        "n_cohort": 238,
        "z_like": 0.546693163902815
      },
      "cohort_prior": {
        "mean": 0.5855927731092442,
        "variance": 0.9363184076048073,
        "n": 238
      },
      "user_obs": {
        "slope": -0.05023130986094184,
        "se": 0.6372646353589717,
        "n": 42,
        "at_nominal_step": 0.02511565493047092,
        "se_at_step": 0.31863231767948585,
        "residual_sd": 1.669450162473692,
        "sigma_data_used": 12.0
      },
      "gate": {
        "score": 0.22016199326509478,
        "tier": "not_exposed"
      }
    },
    {
      "action": "bedtime",
      "outcome": "sleep_quality",
      "nominal_step": -0.5,
      "dose_multiplier": 0.9364405111022174,
      "dose_multiplier_raw": 0.9364405111022174,
      "direction_conflict": false,
      "scaled_effect": 0.31163350368015946,
      "posterior": {
        "mean": 0.3327851582513852,
        "variance": 0.4998215833172518,
        "sd": 0.7069806102837982,
        "contraction": 0.4364405111022174,
        "prior_mean": 0.4607862962962966,
        "prior_variance": 0.8869011935098631,
        "source": "pop+cohort+user",
        "lam_js": 0.7603833865814696,
        "n_cohort": 238,
        "z_like": 0.47071327474992225
      },
      "cohort_prior": {
        "mean": 0.42567579831932817,
        "variance": 0.8706033108101122,
        "n": 238
      },
      "user_obs": {
        "slope": -0.39525836659747876,
        "se": 0.3793797960757514,
        "n": 42,
        "at_nominal_step": 0.19762918329873938,
        "se_at_step": 0.1896898980378757,
        "residual_sd": 0.9938660127297501,
        "sigma_data_used": 7.0
      },
      "gate": {
        "score": 0.4364405111022174,
        "tier": "possible"
      }
    },
    {
      "action": "running_volume",
      "outcome": "hrv_daily",
      "nominal_step": 30.0,
      "dose_multiplier": 0.5,
      "dose_multiplier_raw": 0.9032491297140293,
      "direction_conflict": true,
      "scaled_effect": -0.12268737578253266,
      "posterior": {
        "mean": -0.24537475156506533,
        "variance": 0.17994522439450028,
        "sd": 0.42419951012996265,
        "contraction": 0.40324912971402926,
        "prior_mean": 0.14166006734006745,
        "prior_variance": 0.3015416203888705,
        "source": "pop+cohort+user",
        "lam_js": 0.7603833865814696,
        "n_cohort": 238,
        "z_like": -0.5784418550834476
      },
      "cohort_prior": {
        "mean": 0.19654117647058833,
        "variance": 0.5699868837170512,
        "n": 238
      },
      "user_obs": {
        "slope": -0.5115796508606507,
        "se": 0.3611188073119731,
        "n": 42,
        "at_nominal_step": -0.5115796508606507,
        "se_at_step": 0.3611188073119731,
        "residual_sd": 1.560003514152818,
        "sigma_data_used": 3.5
      },
      "gate": {
        "score": 0.20162456485701463,
        "tier": "not_exposed"
      }
    },
    {
      "action": "sleep_duration",
      "outcome": "hrv_daily",
      "nominal_step": 0.5,
      "dose_multiplier": 0.5013613115974901,
      "dose_multiplier_raw": 0.5013613115974901,
      "direction_conflict": false,
      "scaled_effect": 0.07031298523795573,
      "posterior": {
        "mean": 0.1402441385313859,
        "variance": 0.002929742249263859,
        "sd": 0.05412709348620023,
        "contraction": 0.0013613115974900891,
        "prior_mean": 0.13540993265993234,
        "prior_variance": 0.0029337359780747863,
        "source": "pop+cohort+user",
        "lam_js": 0.7603833865814696,
        "n_cohort": 238,
        "z_like": 2.591015506257348
      },
      "cohort_prior": {
        "mean": 0.13619087635053972,
        "variance": 0.0029676727681804804,
        "n": 238
      },
      "user_obs": {
        "slope": 1.1163003383551524,
        "se": 0.8608653582154014,
        "n": 42,
        "at_nominal_step": 0.5581501691775762,
        "se_at_step": 0.4304326791077007,
        "residual_sd": 1.5600035141528177,
        "sigma_data_used": 3.5
      },
      "gate": {
        "score": 0.0013613115974900891,
        "tier": "not_exposed"
      }
    },
    {
      "action": "training_load",
      "outcome": "hrv_daily",
      "nominal_step": 100.0,
      "dose_multiplier": 0.5,
      "dose_multiplier_raw": 1.4334169419612277,
      "direction_conflict": true,
      "scaled_effect": 0.9904755939232555,
      "posterior": {
        "mean": 1.980951187846511,
        "variance": 0.2723549301156892,
        "sd": 0.5218763551989007,
        "contraction": 0.9334169419612277,
        "prior_mean": -5.056217651515151,
        "prior_variance": 4.090453910318943,
        "source": "pop+cohort+user",
        "lam_js": 0.7603833865814696,
        "n_cohort": 238,
        "z_like": 3.795824754489056
      },
      "cohort_prior": {
        "mean": -5.074865420168067,
        "variance": 4.120681445250819,
        "n": 238
      },
      "user_obs": {
        "slope": 0.024809376595535212,
        "se": 0.027262333928992275,
        "n": 42,
        "at_nominal_step": 2.480937659553521,
        "se_at_step": 2.7262333928992275,
        "residual_sd": 1.5600035141528175,
        "sigma_data_used": 3.5
      },
      "gate": {
        "score": 0.46670847098061385,
        "tier": "possible"
      }
    },
    {
      "action": "training_load",
      "outcome": "resting_hr",
      "nominal_step": 100.0,
      "dose_multiplier": 1.3882187865919695,
      "dose_multiplier_raw": 1.3882187865919695,
      "direction_conflict": false,
      "scaled_effect": 0.4358037891286393,
      "posterior": {
        "mean": 0.3139301912190102,
        "variance": 0.030470322112713357,
        "sd": 0.17455750374221488,
        "contraction": 0.8882187865919694,
        "prior_mean": 1.305251261157877,
        "prior_variance": 0.2725889367606766,
        "source": "pop+cohort+user",
        "lam_js": 0.7603833865814696,
        "n_cohort": 238,
        "z_like": 1.798434237938117
      },
      "cohort_prior": {
        "mean": 1.3090992134188058,
        "variance": 0.2741985200917978,