{
  "pid": 606,
  "cohort": "cohort_b",
  "age": 32,
  "is_female": false,
  "effects_bayesian": [
    {
      "action": "active_energy",
      "outcome": "deep_sleep",
      "nominal_step": 100.0,
      "dose_multiplier": 0.5468868685400723,
      "dose_multiplier_raw": 0.5468868685400723,
      "direction_conflict": false,
      "scaled_effect": 0.3686760219863544,
      "posterior": {
        "mean": 0.6741358097892238,
        "variance": 0.07306100522454467,
        "sd": 0.27029799337868693,
        "contraction": 0.04688686854007229,
        "prior_mean": 0.6921665440115441,
        "prior_variance": 0.07665512394382158,
        "source": "pop+cohort+user",
        "lam_js": 0.8472505091649695,
        "n_cohort": 416,
        "z_like": 2.4940466681332736
      },
      "cohort_prior": {
        "mean": 0.6841722046703297,
        "variance": 0.07489465690295352,
        "n": 416
      },
      "user_obs": {
        "slope": 0.0028197361593368248,
        "se": 0.00789319231978041,
        "n": 55,
        "at_nominal_step": 0.2819736159336825,
        "se_at_step": 0.7893192319780411,
        "residual_sd": 2.395153064058219,
        "sigma_data_used": 12.0
      },
      "gate": {
        "score": 0.04688686854007229,
        "tier": "not_exposed"
      }
    },
    {
      "action": "bedtime",
      "outcome": "deep_sleep",
      "nominal_step": -0.5,
      "dose_multiplier": 0.7681526621992207,
      "dose_multiplier_raw": 0.7681526621992207,
      "direction_conflict": false,
      "scaled_effect": 0.15458769242700762,
      "posterior": {
        "mean": 0.20124605437729412,
        "variance": 0.6913585525409097,
        "sd": 0.8314797366989226,
        "contraction": 0.26815266219922074,
        "prior_mean": 0.6072164646464647,
        "prior_variance": 0.9446759137205589,
        "source": "pop+cohort+user",
        "lam_js": 0.8472505091649695,
        "n_cohort": 416,
        "z_like": 0.24203362450691324
      },
      "cohort_prior": {
        "mean": 0.6215986538461539,
        "variance": 0.9384823525592582,
        "n": 416
      },
      "user_obs": {
        "slope": 1.9283163588279124,
        "se": 1.2117274400564757,
        "n": 55,
        "at_nominal_step": -0.9641581794139562,
        "se_at_step": 0.6058637200282379,
        "residual_sd": 2.3689601846349237,
        "sigma_data_used": 12.0
      },
      "gate": {
        "score": 0.26815266219922074,
        "tier": "not_exposed"
      }
    },
    {
      "action": "bedtime",
      "outcome": "sleep_quality",
      "nominal_step": -0.5,
      "dose_multiplier": 0.9955283177197801,
      "dose_multiplier_raw": 0.9955283177197801,
      "direction_conflict": false,
      "scaled_effect": 0.08326819882429891,
      "posterior": {
        "mean": 0.08364222025850712,
        "variance": 0.44741653710625545,
        "sd": 0.6688920220082277,
        "contraction": 0.4955283177197801,
        "prior_mean": 0.4607862962962966,
        "prior_variance": 0.8869011935098631,
        "source": "pop+cohort+user",
        "lam_js": 0.8472505091649695,
        "n_cohort": 416,
        "z_like": 0.125045922968832
      },
      "cohort_prior": {
        "mean": 0.4770937500000001,
        "variance": 0.9009695161433738,
        "n": 416
      },
      "user_obs": {
        "slope": 0.6077790148431683,
        "se": 0.598646462844022,
        "n": 55,
        "at_nominal_step": -0.30388950742158416,
        "se_at_step": 0.299323231422011,
        "residual_sd": 1.1703701577344168,
        "sigma_data_used": 7.0
      },
      "gate": {
        "score": 0.4955283177197801,
        "tier": "possible"
      }
    },
    {
      "action": "running_volume",
      "outcome": "hrv_daily",
      "nominal_step": 30.0,
      "dose_multiplier": 1.1261436500042739,
      "dose_multiplier_raw": 1.1261436500042739,
      "direction_conflict": false,
      "scaled_effect": 0.3822105321595693,
      "posterior": {
        "mean": 0.3393976711213696,
        "variance": 0.11273324957037997,
        "sd": 0.33575772451334607,
        "contraction": 0.6261436500042739,
        "prior_mean": 0.14166006734006745,
        "prior_variance": 0.3015416203888705,
        "source": "pop+cohort+user",
        "lam_js": 0.8472505091649695,
        "n_cohort": 416,
        "z_like": 1.0108409914121836
      },
      "cohort_prior": {
        "mean": 0.11986480769230796,
        "variance": 0.2186938498312511,
        "n": 416
      },
      "user_obs": {
        "slope": 0.5503479384384111,
        "se": 0.3340342149752188,
        "n": 55,
        "at_nominal_step": 0.5503479384384111,
        "se_at_step": 0.3340342149752188,
        "residual_sd": 1.5539349551858308,
        "sigma_data_used": 3.5
      },
      "gate": {
        "score": 0.6261436500042739,
        "tier": "possible"
      }
    },
    {
      "action": "sleep_duration",
      "outcome": "hrv_daily",
      "nominal_step": 0.5,
      "dose_multiplier": 0.505399478816873,
      "dose_multiplier_raw": 0.505399478816873,
      "direction_conflict": false,
      "scaled_effect": 0.07095322818945722,
      "posterior": {
        "mean": 0.14039038654245722,
        "variance": 0.0029178953328068734,
        "sd": 0.054017546527095006,
        "contraction": 0.005399478816872971,
        "prior_mean": 0.13540993265993234,
        "prior_variance": 0.0029337359780747863,
        "source": "pop+cohort+user",
        "lam_js": 0.8472505091649695,
        "n_cohort": 416,
        "z_like": 2.598977472478094
      },
      "cohort_prior": {
        "mean": 0.13603296703296702,
        "variance": 0.002960794899166767,
        "n": 416
      },
      "user_obs": {
        "slope": 0.9516208251815272,
        "se": 0.8692134862522586,
        "n": 55,
        "at_nominal_step": 0.4758104125907636,
        "se_at_step": 0.4346067431261293,
        "residual_sd": 1.5539349551858297,
        "sigma_data_used": 3.5
      },
      "gate": {
        "score": 0.005399478816872971,
        "tier": "not_exposed"
      }
    },
    {
      "action": "training_load",
      "outcome": "hrv_daily",
      "nominal_step": 100.0,
      "dose_multiplier": 1.4483769857141442,
      "dose_multiplier_raw": 1.4483769857141442,
      "direction_conflict": false,
      "scaled_effect": -3.172973367278295,
      "posterior": {
        "mean": -2.1907096001762363,
        "variance": 0.21116156064802916,
        "sd": 0.4595231883681488,
        "contraction": 0.9483769857141443,
        "prior_mean": -5.056217651515151,
        "prior_variance": 4.090453910318943,
        "source": "pop+cohort+user",
        "lam_js": 0.8472505091649695,
        "n_cohort": 416,
        "z_like": -4.767353760657538
      },
      "cohort_prior": {
        "mean": -5.038698533653847,
        "variance": 4.062157266087269,
        "n": 416
      },
      "user_obs": {
        "slope": -0.02034573368875253,
        "se": 0.01674283092604484,
        "n": 55,
        "at_nominal_step": -2.034573368875253,
        "se_at_step": 1.6742830926044843,
        "residual_sd": 1.5539349551858301,
        "sigma_data_used": 3.5
      },
      "gate": {
        "score": 0.9483769857141443,
        "tier": "recommended"
      }
    },
    {
      "action": "training_load",
      "outcome": "resting_hr",
      "nominal_step": 100.0,
      "dose_multiplier": 0.5,
      "dose_multiplier_raw": 1.412404378340203,
      "direction_conflict": true,
      "scaled_effect": -0.14539967964208592,
      "posterior": {
        "mean": -0.29079935928417183,
        "variance": 0.02387759737313458,
        "sd": 0.15452377607712858,
        "contraction": 0.9124043783402029,
        "prior_mean": 1.305251261157877,
        "prior_variance": 0.2725889367606766,
        "source": "pop+cohort+user",
        "lam_js": 0.8472505091649695,
        "n_cohort": 416,
        "z_like": -1.8819068926908893
      },
      "cohort_prior": {
        "mean": 1.3016362050919952,
        "variance": 0.2710810896650065,