{
  "pid": 155,
  "cohort": "cohort_a",
  "age": 36,
  "is_female": true,
  "effects_bayesian": [
    {
      "action": "active_energy",
      "outcome": "deep_sleep",
      "nominal_step": 100.0,
      "dose_multiplier": 0.5154792385865138,
      "dose_multiplier_raw": 0.5154792385865138,
      "direction_conflict": false,
      "scaled_effect": 0.35017379163718304,
      "posterior": {
        "mean": 0.6793169645345721,
        "variance": 0.07546856099141638,
        "sd": 0.27471541819019984,
        "contraction": 0.015479238586513788,
        "prior_mean": 0.6921665440115441,
        "prior_variance": 0.07665512394382158,
        "source": "pop+cohort+user",
        "lam_js": 0.8768472906403941,
        "n_cohort": 534,
        "z_like": 2.4728024695878026
      },
      "cohort_prior": {
        "mean": 0.6984414526484751,
        "variance": 0.07805127404443395,
        "n": 534
      },
      "user_obs": {
        "slope": 0.0010416817432048475,
        "se": 0.005599425271911453,
        "n": 59,
        "at_nominal_step": 0.10416817432048475,
        "se_at_step": 0.5599425271911453,
        "residual_sd": 1.9976722868807333,
        "sigma_data_used": 12.0
      },
      "gate": {
        "score": 0.015479238586513788,
        "tier": "not_exposed"
      }
    },
    {
      "action": "bedtime",
      "outcome": "deep_sleep",
      "nominal_step": -0.5,
      "dose_multiplier": 0.7736019408727779,
      "dose_multiplier_raw": 0.7736019408727779,
      "direction_conflict": false,
      "scaled_effect": 0.6596229727882388,
      "posterior": {
        "mean": 0.8526645784317087,
        "variance": 0.6862107502308491,
        "sd": 0.8283783859027523,
        "contraction": 0.2736019408727779,
        "prior_mean": 0.6072164646464647,
        "prior_variance": 0.9446759137205589,
        "source": "pop+cohort+user",
        "lam_js": 0.8768472906403941,
        "n_cohort": 534,
        "z_like": 1.0293177525419013
      },
      "cohort_prior": {
        "mean": 0.6056498876404495,
        "variance": 0.9560138510611396,
        "n": 534
      },
      "user_obs": {
        "slope": -2.9674507149398104,
        "se": 0.7425686239489435,
        "n": 59,
        "at_nominal_step": 1.4837253574699052,
        "se_at_step": 0.37128431197447176,
        "residual_sd": 2.0166515955732014,
        "sigma_data_used": 12.0
      },
      "gate": {
        "score": 0.2736019408727779,
        "tier": "not_exposed"
      }
    },
    {
      "action": "bedtime",
      "outcome": "sleep_quality",
      "nominal_step": -0.5,
      "dose_multiplier": 1.016860633157724,
      "dose_multiplier_raw": 1.016860633157724,
      "direction_conflict": false,
      "scaled_effect": 0.4576093160736911,
      "posterior": {
        "mean": 0.4500216658527206,
        "variance": 0.4284968810840142,
        "sd": 0.6545967316478246,
        "contraction": 0.5168606331577239,
        "prior_mean": 0.4607862962962966,
        "prior_variance": 0.8869011935098631,
        "source": "pop+cohort+user",
        "lam_js": 0.8768472906403941,
        "n_cohort": 534,
        "z_like": 0.6874792434723518
      },
      "cohort_prior": {
        "mean": 0.46373086142322145,
        "variance": 0.8849888909576128,
        "n": 534
      },
      "user_obs": {
        "slope": -0.8750000986839749,
        "se": 0.5591342979664361,
        "n": 59,
        "at_nominal_step": 0.43750004934198744,
        "se_at_step": 0.27956714898321805,
        "residual_sd": 1.518484673022279,
        "sigma_data_used": 7.0
      },
      "gate": {
        "score": 0.5168606331577239,
        "tier": "possible"
      }
    },
    {
      "action": "running_volume",
      "outcome": "hrv_daily",
      "nominal_step": 30.0,
      "dose_multiplier": 1.1237638093389757,
      "dose_multiplier_raw": 1.1237638093389757,
      "direction_conflict": false,
      "scaled_effect": 0.07508318208321163,
      "posterior": {
        "mean": 0.06681402396058414,
        "variance": 0.1134508705808613,
        "sd": 0.3368246881997537,
        "contraction": 0.6237638093389757,
        "prior_mean": 0.14166006734006745,
        "prior_variance": 0.3015416203888705,
        "source": "pop+cohort+user",
        "lam_js": 0.8768472906403941,
        "n_cohort": 534,
        "z_like": 0.19836439044206913
      },
      "cohort_prior": {
        "mean": 0.13417902621722846,
        "variance": 0.24427088794406634,
        "n": 534
      },
      "user_obs": {
        "slope": 0.010129146224744935,
        "se": 0.23838018218692536,
        "n": 59,
        "at_nominal_step": 0.010129146224744935,
        "se_at_step": 0.23838018218692536,
        "residual_sd": 1.6090262567624674,
        "sigma_data_used": 3.5
      },
      "gate": {
        "score": 0.6237638093389757,
        "tier": "possible"
      }
    },
    {
      "action": "sleep_duration",
      "outcome": "hrv_daily",
      "nominal_step": 0.5,
      "dose_multiplier": 0.5244130339257386,
      "dose_multiplier_raw": 0.5244130339257386,
      "direction_conflict": false,
      "scaled_effect": 0.07002520198665946,
      "posterior": {
        "mean": 0.13353062844844477,
        "variance": 0.0028621145821128868,
        "sd": 0.053498734397300345,
        "contraction": 0.02441303392573857,
        "prior_mean": 0.13540993265993234,
        "prior_variance": 0.0029337359780747863,
        "source": "pop+cohort+user",
        "lam_js": 0.8768472906403941,
        "n_cohort": 534,
        "z_like": 2.4959586418773863
      },
      "cohort_prior": {
        "mean": 0.13457651150347733,
        "variance": 0.002897733991751291,
        "n": 534
      },
      "user_obs": {
        "slope": 0.10272336839321143,
        "se": 0.567982392247237,
        "n": 59,
        "at_nominal_step": 0.051361684196605716,
        "se_at_step": 0.2839911961236185,
        "residual_sd": 1.6090262567624678,
        "sigma_data_used": 3.5
      },
      "gate": {
        "score": 0.02441303392573857,
        "tier": "not_exposed"
      }
    },
    {
      "action": "training_load",
      "outcome": "hrv_daily",
      "nominal_step": 100.0,
      "dose_multiplier": 1.4516887526218638,
      "dose_multiplier_raw": 1.4516887526218638,
      "direction_conflict": false,
      "scaled_effect": -1.974435924610754,
      "posterior": {
        "mean": -1.3600959028199175,
        "variance": 0.1976149307502823,
        "sd": 0.4445390092559733,
        "contraction": 0.9516887526218639,
        "prior_mean": -5.056217651515151,
        "prior_variance": 4.090453910318943,
        "source": "pop+cohort+user",
        "lam_js": 0.8768472906403941,
        "n_cohort": 534,
        "z_like": -3.05956479521632
      },
      "cohort_prior": {
        "mean": -5.061554325842696,
        "variance": 4.099093150953106,
        "n": 534
      },
      "user_obs": {
        "slope": -0.01172594296527132,
        "se": 0.01571899923038926,
        "n": 59,
        "at_nominal_step": -1.172594296527132,
        "se_at_step": 1.5718999230389261,
        "residual_sd": 1.609026256762467,
        "sigma_data_used": 3.5
      },
      "gate": {
        "score": 0.9516887526218639,
        "tier": "recommended"
      }
    },
    {
      "action": "training_load",
      "outcome": "resting_hr",
      "nominal_step": 100.0,
      "dose_multiplier": 0.5,
      "dose_multiplier_raw": 1.417811124836331,
      "direction_conflict": true,
      "scaled_effect": -0.13186930079225803,
      "posterior": {
        "mean": -0.26373860158451606,
        "variance": 0.022403778094420478,
        "sd": 0.14967891666637784,
        "contraction": 0.9178111248363311,
        "prior_mean": 1.305251261157877,
        "prior_variance": 0.2725889367606766,
        "source": "pop+cohort+user",
        "lam_js": 0.8768472906403941,
        "n_cohort": 534,
        "z_like": -1.762029065004312
      },
      "cohort_prior": {
        "mean": 1.306352479669686,
        "variance": 0.273049088182262,