{
  "pid": 896,
  "cohort": "cohort_b",
  "age": 25,
  "is_female": false,
  "effects_bayesian": [
    {
      "action": "active_energy",
      "outcome": "deep_sleep",
      "nominal_step": 100.0,
      "dose_multiplier": 0.5468868685400723,
      "dose_multiplier_raw": 0.5468868685400723,
      "direction_conflict": false,
      "scaled_effect": 0.3552316964771368,
      "posterior": {
        "mean": 0.6495524338067148,
        "variance": 0.07306100522454467,
        "sd": 0.27029799337868693,
        "contraction": 0.04688686854007229,
        "prior_mean": 0.6921665440115441,
        "prior_variance": 0.07665512394382158,
        "source": "pop+cohort+user",
        "lam_js": 0.8472505091649695,
        "n_cohort": 416,
        "z_like": 2.4030975061538586
      },
      "cohort_prior": {
        "mean": 0.6841722046703297,
        "variance": 0.07489465690295352,
        "n": 416
      },
      "user_obs": {
        "slope": -0.005989853556698135,
        "se": 0.005972294452389027,
        "n": 55,
        "at_nominal_step": -0.5989853556698135,
        "se_at_step": 0.5972294452389026,
        "residual_sd": 1.6677657213718953,
        "sigma_data_used": 12.0
      },
      "gate": {
        "score": 0.04688686854007229,
        "tier": "not_exposed"
      }
    },
    {
      "action": "bedtime",
      "outcome": "deep_sleep",
      "nominal_step": -0.5,
      "dose_multiplier": 0.7681526621992207,
      "dose_multiplier_raw": 0.7681526621992207,
      "direction_conflict": false,
      "scaled_effect": 0.467782696804075,
      "posterior": {
        "mean": 0.6089710025411008,
        "variance": 0.6913585525409097,
        "sd": 0.8314797366989226,
        "contraction": 0.26815266219922074,
        "prior_mean": 0.6072164646464647,
        "prior_variance": 0.9446759137205589,
        "source": "pop+cohort+user",
        "lam_js": 0.8472505091649695,
        "n_cohort": 416,
        "z_like": 0.7323942793348049
      },
      "cohort_prior": {
        "mean": 0.6215986538461539,
        "variance": 0.9384823525592582,
        "n": 416
      },
      "user_obs": {
        "slope": -1.159800631056106,
        "se": 0.6725844105032144,
        "n": 55,
        "at_nominal_step": 0.579900315528053,
        "se_at_step": 0.3362922052516072,
        "residual_sd": 1.68200551112548,
        "sigma_data_used": 12.0
      },
      "gate": {
        "score": 0.26815266219922074,
        "tier": "not_exposed"
      }
    },
    {
      "action": "bedtime",
      "outcome": "sleep_quality",
      "nominal_step": -0.5,
      "dose_multiplier": 0.9955283177197801,
      "dose_multiplier_raw": 0.9955283177197801,
      "direction_conflict": false,
      "scaled_effect": 0.2387590835153849,
      "posterior": {
        "mean": 0.23983153393592413,
        "variance": 0.44741653710625545,
        "sd": 0.6688920220082277,
        "contraction": 0.4955283177197801,
        "prior_mean": 0.4607862962962966,
        "prior_variance": 0.8869011935098631,
        "source": "pop+cohort+user",
        "lam_js": 0.8472505091649695,
        "n_cohort": 416,
        "z_like": 0.35855044767296396
      },
      "cohort_prior": {
        "mean": 0.4770937500000001,
        "variance": 0.9009695161433738,
        "n": 416
      },
      "user_obs": {
        "slope": -0.014238581368373034,
        "se": 0.38206777356505667,
        "n": 55,
        "at_nominal_step": 0.007119290684186517,
        "se_at_step": 0.19103388678252833,
        "residual_sd": 0.9554787335600845,
        "sigma_data_used": 7.0
      },
      "gate": {
        "score": 0.4955283177197801,
        "tier": "possible"
      }
    },
    {
      "action": "running_volume",
      "outcome": "hrv_daily",
      "nominal_step": 30.0,
      "dose_multiplier": 0.5,
      "dose_multiplier_raw": 1.1261436500042739,
      "direction_conflict": true,
      "scaled_effect": -0.06777407443495213,
      "posterior": {
        "mean": -0.13554814886990427,
        "variance": 0.11273324957037997,
        "sd": 0.33575772451334607,
        "contraction": 0.6261436500042739,
        "prior_mean": 0.14166006734006745,
        "prior_variance": 0.3015416203888705,
        "source": "pop+cohort+user",
        "lam_js": 0.8472505091649695,
        "n_cohort": 416,
        "z_like": -0.4037082067623923
      },
      "cohort_prior": {
        "mean": 0.11986480769230796,
        "variance": 0.2186938498312511,
        "n": 416
      },
      "user_obs": {
        "slope": -0.38800332512410596,
        "se": 0.2906484765522059,
        "n": 55,
        "at_nominal_step": -0.38800332512410596,
        "se_at_step": 0.2906484765522059,
        "residual_sd": 1.5832392451242563,
        "sigma_data_used": 3.5
      },
      "gate": {
        "score": 0.3130718250021369,
        "tier": "possible"
      }
    },
    {
      "action": "sleep_duration",
      "outcome": "hrv_daily",
      "nominal_step": 0.5,
      "dose_multiplier": 0.505399478816873,
      "dose_multiplier_raw": 0.505399478816873,
      "direction_conflict": false,
      "scaled_effect": 0.07233950134518867,
      "posterior": {
        "mean": 0.14313331211684974,
        "variance": 0.0029178953328068734,
        "sd": 0.054017546527095006,
        "contraction": 0.005399478816872971,
        "prior_mean": 0.13540993265993234,
        "prior_variance": 0.0029337359780747863,
        "source": "pop+cohort+user",
        "lam_js": 0.8472505091649695,
        "n_cohort": 416,
        "z_like": 2.64975589080216
      },
      "cohort_prior": {
        "mean": 0.13603296703296702,
        "variance": 0.002960794899166767,
        "n": 416
      },
      "user_obs": {
        "slope": 1.3703639689876153,
        "se": 0.6378359247411607,
        "n": 55,
        "at_nominal_step": 0.6851819844938076,
        "se_at_step": 0.31891796237058034,
        "residual_sd": 1.5832392451242567,
        "sigma_data_used": 3.5
      },
      "gate": {
        "score": 0.005399478816872971,
        "tier": "not_exposed"
      }
    },
    {
      "action": "training_load",
      "outcome": "hrv_daily",
      "nominal_step": 100.0,
      "dose_multiplier": 1.4483769857141442,
      "dose_multiplier_raw": 1.4483769857141442,
      "direction_conflict": false,
      "scaled_effect": -4.278866502904785,
      "posterior": {
        "mean": -2.954249166555919,
        "variance": 0.21116156064802916,
        "sd": 0.4595231883681488,
        "contraction": 0.9483769857141443,
        "prior_mean": -5.056217651515151,
        "prior_variance": 4.090453910318943,
        "source": "pop+cohort+user",
        "lam_js": 0.8472505091649695,
        "n_cohort": 416,
        "z_like": -6.428944700368659
      },
      "cohort_prior": {
        "mean": -5.038698533653847,
        "variance": 4.062157266087269,
        "n": 416
      },
      "user_obs": {
        "slope": -0.02839933419810728,
        "se": 0.020284253535882833,
        "n": 55,
        "at_nominal_step": -2.8399334198107278,
        "se_at_step": 2.0284253535882835,
        "residual_sd": 1.5832392451242565,
        "sigma_data_used": 3.5
      },
      "gate": {
        "score": 0.9483769857141443,
        "tier": "recommended"
      }
    },
    {
      "action": "training_load",
      "outcome": "resting_hr",
      "nominal_step": 100.0,
      "dose_multiplier": 1.412404378340203,
      "dose_multiplier_raw": 1.412404378340203,
      "direction_conflict": false,
      "scaled_effect": 1.1000540594599837,
      "posterior": {
        "mean": 0.7788520598843796,
        "variance": 0.02387759737313458,
        "sd": 0.15452377607712858,
        "contraction": 0.9124043783402029,
        "prior_mean": 1.305251261157877,
        "prior_variance": 0.2725889367606766,
        "source": "pop+cohort+user",
        "lam_js": 0.8472505091649695,
        "n_cohort": 416,
        "z_like": 5.040337996242244
      },
      "cohort_prior": {
        "mean": 1.3016362050919952,
        "variance": 0.2710810896650065,