{
  "pid": 618,
  "cohort": "cohort_b",
  "age": 33,
  "is_female": true,
  "effects_bayesian": [
    {
      "action": "active_energy",
      "outcome": "deep_sleep",
      "nominal_step": 100.0,
      "dose_multiplier": 0.5415376431520642,
      "dose_multiplier_raw": 0.5415376431520642,
      "direction_conflict": false,
      "scaled_effect": 0.36525769143975206,
      "posterior": {
        "mean": 0.6744825517829929,
        "variance": 0.07347105075966587,
        "sd": 0.2710554385354883,
        "contraction": 0.04153764315206421,
        "prior_mean": 0.6921665440115441,
        "prior_variance": 0.07665512394382158,
        "source": "pop+cohort+user",
        "lam_js": 0.8472505091649695,
        "n_cohort": 416,
        "z_like": 2.488356461051732
      },
      "cohort_prior": {
        "mean": 0.6841722046703297,
        "variance": 0.07489465690295352,
        "n": 416
      },
      "user_obs": {
        "slope": 0.0019937849757967474,
        "se": 0.008998150910243616,
        "n": 44,
        "at_nominal_step": 0.19937849757967474,
        "se_at_step": 0.8998150910243616,
        "residual_sd": 2.7188349336468813,
        "sigma_data_used": 12.0
      },
      "gate": {
        "score": 0.04153764315206421,
        "tier": "not_exposed"
      }
    },
    {
      "action": "bedtime",
      "outcome": "deep_sleep",
      "nominal_step": -0.5,
      "dose_multiplier": 0.7273472382786331,
      "dose_multiplier_raw": 0.7273472382786331,
      "direction_conflict": false,
      "scaled_effect": 0.5946254872332263,
      "posterior": {
        "mean": 0.8175262872249146,
        "variance": 0.7299064536678456,
        "sd": 0.8543456289276873,
        "contraction": 0.22734723827863312,
        "prior_mean": 0.6072164646464647,
        "prior_variance": 0.9446759137205589,
        "source": "pop+cohort+user",
        "lam_js": 0.8472505091649695,
        "n_cohort": 416,
        "z_like": 0.9569034586751668
      },
      "cohort_prior": {
        "mean": 0.6215986538461539,
        "variance": 0.9384823525592582,
        "n": 416
      },
      "user_obs": {
        "slope": -3.015490066701129,
        "se": 1.0190157223856324,
        "n": 44,
        "at_nominal_step": 1.5077450333505644,
        "se_at_step": 0.5095078611928162,
        "residual_sd": 2.690133278282017,
        "sigma_data_used": 12.0
      },
      "gate": {
        "score": 0.22734723827863312,
        "tier": "not_exposed"
      }
    },
    {
      "action": "bedtime",
      "outcome": "sleep_quality",
      "nominal_step": -0.5,
      "dose_multiplier": 0.9392014618076362,
      "dose_multiplier_raw": 0.9392014618076362,
      "direction_conflict": false,
      "scaled_effect": 0.5963493145522388,
      "posterior": {
        "mean": 0.6349535630028448,
        "variance": 0.49737289284139397,
        "sd": 0.7052466893516013,
        "contraction": 0.4392014618076362,
        "prior_mean": 0.4607862962962966,
        "prior_variance": 0.8869011935098631,
        "source": "pop+cohort+user",
        "lam_js": 0.8472505091649695,
        "n_cohort": 416,
        "z_like": 0.9003283143188046
      },
      "cohort_prior": {
        "mean": 0.4770937500000001,
        "variance": 0.9009695161433738,
        "n": 416
      },
      "user_obs": {
        "slope": -1.667268230361993,
        "se": 0.5631300606715295,
        "n": 44,
        "at_nominal_step": 0.8336341151809965,
        "se_at_step": 0.28156503033576474,
        "residual_sd": 1.4866256554579067,
        "sigma_data_used": 7.0
      },
      "gate": {
        "score": 0.4392014618076362,
        "tier": "possible"
      }
    },
    {
      "action": "running_volume",
      "outcome": "hrv_daily",
      "nominal_step": 30.0,
      "dose_multiplier": 1.0840356371354467,
      "dose_multiplier_raw": 1.0840356371354467,
      "direction_conflict": false,
      "scaled_effect": 0.14971971234157644,
      "posterior": {
        "mean": 0.13811327525837552,
        "variance": 0.1254305680022015,
        "sd": 0.3541617822439365,
        "contraction": 0.5840356371354467,
        "prior_mean": 0.14166006734006745,
        "prior_variance": 0.3015416203888705,
        "source": "pop+cohort+user",
        "lam_js": 0.8472505091649695,
        "n_cohort": 416,
        "z_like": 0.38997227307617016
      },
      "cohort_prior": {
        "mean": 0.11986480769230796,
        "variance": 0.2186938498312511,
        "n": 416
      },
      "user_obs": {
        "slope": 0.1563092005839665,
        "se": 0.3444116530412159,
        "n": 44,
        "at_nominal_step": 0.1563092005839665,
        "se_at_step": 0.3444116530412159,
        "residual_sd": 1.838750274871551,
        "sigma_data_used": 3.5
      },
      "gate": {
        "score": 0.5840356371354467,
        "tier": "possible"
      }
    },
    {
      "action": "sleep_duration",
      "outcome": "hrv_daily",
      "nominal_step": 0.5,
      "dose_multiplier": 0.5027866292950673,
      "dose_multiplier_raw": 0.5027866292950673,
      "direction_conflict": false,
      "scaled_effect": 0.05747747406234909,
      "posterior": {
        "mean": 0.11431782532271285,
        "variance": 0.00292556074345429,
        "sd": 0.05408845295859635,
        "contraction": 0.0027866292950673444,
        "prior_mean": 0.13540993265993234,
        "prior_variance": 0.0029337359780747863,
        "source": "pop+cohort+user",
        "lam_js": 0.8472505091649695,
        "n_cohort": 416,
        "z_like": 2.113534757783161
      },
      "cohort_prior": {
        "mean": 0.13603296703296702,
        "variance": 0.002960794899166767,
        "n": 416
      },
      "user_obs": {
        "slope": -3.8430259223584087,
        "se": 1.2369719592863067,
        "n": 44,
        "at_nominal_step": -1.9215129611792043,
        "se_at_step": 0.6184859796431533,
        "residual_sd": 1.8387502748715525,
        "sigma_data_used": 3.5
      },
      "gate": {
        "score": 0.0027866292950673444,
        "tier": "not_exposed"
      }
    },
    {
      "action": "training_load",
      "outcome": "hrv_daily",
      "nominal_step": 100.0,
      "dose_multiplier": 0.5,
      "dose_multiplier_raw": 1.4362982038735197,
      "direction_conflict": true,
      "scaled_effect": 1.0235699247308618,
      "posterior": {
        "mean": 2.0471398494617237,
        "variance": 0.26056926105990164,
        "sd": 0.5104598525446459,
        "contraction": 0.9362982038735197,
        "prior_mean": -5.056217651515151,
        "prior_variance": 4.090453910318943,
        "source": "pop+cohort+user",
        "lam_js": 0.8472505091649695,
        "n_cohort": 416,
        "z_like": 4.010383655554335
      },
      "cohort_prior": {
        "mean": -5.038698533653847,
        "variance": 4.062157266087269,
        "n": 416
      },
      "user_obs": {
        "slope": 0.02532453775640527,
        "se": 0.024822188236726012,
        "n": 44,
        "at_nominal_step": 2.5324537756405268,
        "se_at_step": 2.4822188236726013,
        "residual_sd": 1.8387502748715516,
        "sigma_data_used": 3.5
      },
      "gate": {
        "score": 0.46814910193675985,
        "tier": "possible"
      }
    },
    {
      "action": "training_load",
      "outcome": "resting_hr",
      "nominal_step": 100.0,
      "dose_multiplier": 1.3928627189972973,
      "dose_multiplier_raw": 1.3928627189972973,
      "direction_conflict": false,
      "scaled_effect": 1.359624037190621,
      "posterior": {
        "mean": 0.976136426545608,
        "variance": 0.029204437515956555,
        "sd": 0.17089305871203944,
        "contraction": 0.8928627189972973,
        "prior_mean": 1.305251261157877,
        "prior_variance": 0.2725889367606766,
        "source": "pop+cohort+user",
        "lam_js": 0.8472505091649695,
        "n_cohort": 416,
        "z_like": 5.711972352197351
      },
      "cohort_prior": {
        "mean": 1.3016362050919952,
        "variance": 0.2710810896650065,
        "n": 416
      },