{
  "pid": 853,
  "cohort": "cohort_b",
  "age": 26,
  "is_female": true,
  "effects_bayesian": [
    {
      "action": "active_energy",
      "outcome": "deep_sleep",
      "nominal_step": 100.0,
      "dose_multiplier": 0.5473702025026558,
      "dose_multiplier_raw": 0.5473702025026558,
      "direction_conflict": false,
      "scaled_effect": 0.36001696302459113,
      "posterior": {
        "mean": 0.6577211572324205,
        "variance": 0.07302395519973658,
        "sd": 0.27022944917187797,
        "contraction": 0.04737020250265578,
        "prior_mean": 0.6921665440115441,
        "prior_variance": 0.07665512394382158,
        "source": "pop+cohort+user",
        "lam_js": 0.8472505091649695,
        "n_cohort": 416,
        "z_like": 2.433935898726125
      },
      "cohort_prior": {
        "mean": 0.6841722046703297,
        "variance": 0.07489465690295352,
        "n": 416
      },
      "user_obs": {
        "slope": -0.0028904074878442643,
        "se": 0.006277910310789779,
        "n": 56,
        "at_nominal_step": -0.2890407487844264,
        "se_at_step": 0.6277910310789778,
        "residual_sd": 1.9139587834738279,
        "sigma_data_used": 12.0
      },
      "gate": {
        "score": 0.04737020250265578,
        "tier": "not_exposed"
      }
    },
    {
      "action": "bedtime",
      "outcome": "deep_sleep",
      "nominal_step": -0.5,
      "dose_multiplier": 0.7716495463338675,
      "dose_multiplier_raw": 0.7716495463338675,
      "direction_conflict": false,
      "scaled_effect": 0.4020810335716523,
      "posterior": {
        "mean": 0.5210668955641231,
        "variance": 0.6880551303258373,
        "sd": 0.8294908862222884,
        "contraction": 0.2716495463338675,
        "prior_mean": 0.6072164646464647,
        "prior_variance": 0.9446759137205589,
        "source": "pop+cohort+user",
        "lam_js": 0.8472505091649695,
        "n_cohort": 416,
        "z_like": 0.6281767578390086
      },
      "cohort_prior": {
        "mean": 0.6215986538461539,
        "variance": 0.9384823525592582,
        "n": 416
      },
      "user_obs": {
        "slope": -0.5038010185085315,
        "se": 0.4838697004313783,
        "n": 56,
        "at_nominal_step": 0.25190050925426577,
        "se_at_step": 0.24193485021568914,
        "residual_sd": 1.9037112575200508,
        "sigma_data_used": 12.0
      },
      "gate": {
        "score": 0.2716495463338675,
        "tier": "not_exposed"
      }
    },
    {
      "action": "bedtime",
      "outcome": "sleep_quality",
      "nominal_step": -0.5,
      "dose_multiplier": 1.0000929439219317,
      "dose_multiplier_raw": 1.0000929439219317,
      "direction_conflict": false,
      "scaled_effect": 0.38251348593292256,
      "posterior": {
        "mean": 0.38247793693341164,
        "variance": 0.44336816467964074,
        "sd": 0.6658589675596783,
        "contraction": 0.5000929439219318,
        "prior_mean": 0.4607862962962966,
        "prior_variance": 0.8869011935098631,
        "source": "pop+cohort+user",
        "lam_js": 0.8472505091649695,
        "n_cohort": 416,
        "z_like": 0.5744128345003203
      },
      "cohort_prior": {
        "mean": 0.4770937500000001,
        "variance": 0.9009695161433738,
        "n": 416
      },
      "user_obs": {
        "slope": -0.5855834036457888,
        "se": 0.3276236230552024,
        "n": 56,
        "at_nominal_step": 0.2927917018228944,
        "se_at_step": 0.1638118115276012,
        "residual_sd": 1.288984986833551,
        "sigma_data_used": 7.0
      },
      "gate": {
        "score": 0.5000929439219318,
        "tier": "possible"
      }
    },
    {
      "action": "running_volume",
      "outcome": "hrv_daily",
      "nominal_step": 30.0,
      "dose_multiplier": 1.129552770006843,
      "dose_multiplier_raw": 1.129552770006843,
      "direction_conflict": false,
      "scaled_effect": 0.20369745024891694,
      "posterior": {
        "mean": 0.18033460291340164,
        "variance": 0.11170525800070509,
        "sd": 0.33422336543201925,
        "contraction": 0.6295527700068432,
        "prior_mean": 0.14166006734006745,
        "prior_variance": 0.3015416203888705,
        "source": "pop+cohort+user",
        "lam_js": 0.8472505091649695,
        "n_cohort": 416,
        "z_like": 0.5395631232433435
      },
      "cohort_prior": {
        "mean": 0.11986480769230796,
        "variance": 0.2186938498312511,
        "n": 416
      },
      "user_obs": {
        "slope": 0.2350911899967846,
        "se": 0.3401817271201813,
        "n": 56,
        "at_nominal_step": 0.2350911899967846,
        "se_at_step": 0.3401817271201813,
        "residual_sd": 1.6707390668579234,
        "sigma_data_used": 3.5
      },
      "gate": {
        "score": 0.6295527700068432,
        "tier": "possible"
      }
    },
    {
      "action": "sleep_duration",
      "outcome": "hrv_daily",
      "nominal_step": 0.5,
      "dose_multiplier": 0.5056363318051618,
      "dose_multiplier_raw": 0.5056363318051618,
      "direction_conflict": false,
      "scaled_effect": 0.0704421429554502,
      "posterior": {
        "mean": 0.13931384776874353,
        "variance": 0.002917200468673616,
        "sd": 0.054011114306905535,
        "contraction": 0.005636331805161765,
        "prior_mean": 0.13540993265993234,
        "prior_variance": 0.0029337359780747863,
        "source": "pop+cohort+user",
        "lam_js": 0.8472505091649695,
        "n_cohort": 416,
        "z_like": 2.579355185622077
      },
      "cohort_prior": {
        "mean": 0.13603296703296702,
        "variance": 0.002960794899166767,
        "n": 416
      },
      "user_obs": {
        "slope": 0.7781902709406889,
        "se": 0.8043832930861715,
        "n": 56,
        "at_nominal_step": 0.38909513547034447,
        "se_at_step": 0.40219164654308576,
        "residual_sd": 1.6707390668579238,
        "sigma_data_used": 3.5
      },
      "gate": {
        "score": 0.005636331805161765,
        "tier": "not_exposed"
      }
    },
    {
      "action": "training_load",
      "outcome": "hrv_daily",
      "nominal_step": 100.0,
      "dose_multiplier": 1.4492517674276229,
      "dose_multiplier_raw": 1.4492517674276229,
      "direction_conflict": false,
      "scaled_effect": -7.2708051947999035,
      "posterior": {
        "mean": -5.016937262533313,
        "variance": 0.2075833063674553,
        "sd": 0.4556131103990043,
        "contraction": 0.9492517674276229,
        "prior_mean": -5.056217651515151,
        "prior_variance": 4.090453910318943,
        "source": "pop+cohort+user",
        "lam_js": 0.8472505091649695,
        "n_cohort": 416,
        "z_like": -11.011397933961376
      },
      "cohort_prior": {
        "mean": -5.038698533653847,
        "variance": 4.062157266087269,
        "n": 416
      },
      "user_obs": {
        "slope": -0.05015622687048823,
        "se": 0.02128980306217903,
        "n": 56,
        "at_nominal_step": -5.015622687048823,
        "se_at_step": 2.128980306217903,
        "residual_sd": 1.670739066857924,
        "sigma_data_used": 3.5
      },
      "gate": {
        "score": 0.9492517674276229,
        "tier": "recommended"
      }
    },
    {
      "action": "training_load",
      "outcome": "resting_hr",
      "nominal_step": 100.0,
      "dose_multiplier": 0.5,
      "dose_multiplier_raw": 1.4138331678711005,
      "direction_conflict": true,
      "scaled_effect": -0.33666822363145305,
      "posterior": {
        "mean": -0.6733364472629061,
        "variance": 0.023488125154052453,
        "sd": 0.1532583607965727,
        "contraction": 0.9138331678711004,
        "prior_mean": 1.305251261157877,
        "prior_variance": 0.2725889367606766,
        "source": "pop+cohort+user",
        "lam_js": 0.8472505091649695,
        "n_cohort": 416,
        "z_like": -4.393472850441474
      },
      "cohort_prior": {
        "mean": 1.3016362050919952,
        "variance": 0.2710810896650065,