{
  "pid": 54,
  "cohort": "cohort_a",
  "age": 24,
  "is_female": false,
  "effects_bayesian": [
    {
      "action": "active_energy",
      "outcome": "deep_sleep",
      "nominal_step": 100.0,
      "dose_multiplier": 0.5175388200166048,
      "dose_multiplier_raw": 0.5175388200166048,
      "direction_conflict": false,
      "scaled_effect": 0.34082630965500704,
      "posterior": {
        "mean": 0.6585521635731053,
        "variance": 0.07531068352162036,
        "sd": 0.27442792044837633,
        "contraction": 0.017538820016604784,
        "prior_mean": 0.6921665440115441,
        "prior_variance": 0.07665512394382158,
        "source": "pop+cohort+user",
        "lam_js": 0.8768472906403941,
        "n_cohort": 534,
        "z_like": 2.399727267171374
      },
      "cohort_prior": {
        "mean": 0.6984414526484751,
        "variance": 0.07805127404443395,
        "n": 534
      },
      "user_obs": {
        "slope": -0.004895358128776974,
        "se": 0.00769499682868545,
        "n": 63,
        "at_nominal_step": -0.48953581287769743,
        "se_at_step": 0.769499682868545,
        "residual_sd": 2.3833652874773317,
        "sigma_data_used": 12.0
      },
      "gate": {
        "score": 0.017538820016604784,
        "tier": "not_exposed"
      }
    },
    {
      "action": "bedtime",
      "outcome": "deep_sleep",
      "nominal_step": -0.5,
      "dose_multiplier": 0.7871891210946215,
      "dose_multiplier_raw": 0.7871891210946215,
      "direction_conflict": false,
      "scaled_effect": 0.34322157260281505,
      "posterior": {
        "mean": 0.4360090395120682,
        "variance": 0.6733752683398931,
        "sd": 0.8205944603395109,
        "contraction": 0.28718912109462147,
        "prior_mean": 0.6072164646464647,
        "prior_variance": 0.9446759137205589,
        "source": "pop+cohort+user",
        "lam_js": 0.8768472906403941,
        "n_cohort": 534,
        "z_like": 0.5313331500333001
      },
      "cohort_prior": {
        "mean": 0.6056498876404495,
        "variance": 0.9560138510611396,
        "n": 534
      },
      "user_obs": {
        "slope": -0.058713412454655084,
        "se": 0.7890804210629688,
        "n": 63,
        "at_nominal_step": 0.029356706227327542,
        "se_at_step": 0.3945402105314844,
        "residual_sd": 2.387957379375753,
        "sigma_data_used": 12.0
      },
      "gate": {
        "score": 0.28718912109462147,
        "tier": "not_exposed"
      }
    },
    {
      "action": "bedtime",
      "outcome": "sleep_quality",
      "nominal_step": -0.5,
      "dose_multiplier": 1.0331893599589028,
      "dose_multiplier_raw": 1.0331893599589028,
      "direction_conflict": false,
      "scaled_effect": 0.39257976942806305,
      "posterior": {
        "mean": 0.37996884660492314,
        "variance": 0.41401491379555205,
        "sd": 0.6434399069031638,
        "contraction": 0.5331893599589029,
        "prior_mean": 0.4607862962962966,
        "prior_variance": 0.8869011935098631,
        "source": "pop+cohort+user",
        "lam_js": 0.8768472906403941,
        "n_cohort": 534,
        "z_like": 0.590527324352152
      },
      "cohort_prior": {
        "mean": 0.46373086142322145,
        "variance": 0.8849888909576128,
        "n": 534
      },
      "user_obs": {
        "slope": -0.6133845250114158,
        "se": 0.43857727890548887,
        "n": 63,
        "at_nominal_step": 0.3066922625057079,
        "se_at_step": 0.21928863945274443,
        "residual_sd": 1.3272460216134607,
        "sigma_data_used": 7.0
      },
      "gate": {
        "score": 0.5331893599589029,
        "tier": "possible"
      }
    },
    {
      "action": "running_volume",
      "outcome": "hrv_daily",
      "nominal_step": 30.0,
      "dose_multiplier": 1.1372036656572548,
      "dose_multiplier_raw": 1.1372036656572548,
      "direction_conflict": false,
      "scaled_effect": 0.07780041055999982,
      "posterior": {
        "mean": 0.06841378805707114,
        "variance": 0.10939819452885381,
        "sd": 0.3307539788556652,
        "contraction": 0.6372036656572548,
        "prior_mean": 0.14166006734006745,
        "prior_variance": 0.3015416203888705,
        "source": "pop+cohort+user",
        "lam_js": 0.8768472906403941,
        "n_cohort": 534,
        "z_like": 0.2068419200693142
      },
      "cohort_prior": {
        "mean": 0.13417902621722846,
        "variance": 0.24427088794406634,
        "n": 534
      },
      "user_obs": {
        "slope": 0.016571608153201613,
        "se": 0.2336428267586602,
        "n": 63,
        "at_nominal_step": 0.016571608153201613,
        "se_at_step": 0.2336428267586602,
        "residual_sd": 1.5971234468409832,
        "sigma_data_used": 3.5
      },
      "gate": {
        "score": 0.6372036656572548,
        "tier": "possible"
      }
    },
    {
      "action": "sleep_duration",
      "outcome": "hrv_daily",
      "nominal_step": 0.5,
      "dose_multiplier": 0.5253239350125751,
      "dose_multiplier_raw": 0.5253239350125751,
      "direction_conflict": false,
      "scaled_effect": 0.07147578359618943,
      "posterior": {
        "mean": 0.13606039784667046,
        "variance": 0.0028594422388219668,
        "sd": 0.05347375280286551,
        "contraction": 0.025323935012575127,
        "prior_mean": 0.13540993265993234,
        "prior_variance": 0.0029337359780747863,
        "source": "pop+cohort+user",
        "lam_js": 0.8768472906403941,
        "n_cohort": 534,
        "z_like": 2.5444333100814154
      },
      "cohort_prior": {
        "mean": 0.13457651150347733,
        "variance": 0.002897733991751291,
        "n": 534
      },
      "user_obs": {
        "slope": 0.45721035561626155,
        "se": 0.6828282656760002,
        "n": 63,
        "at_nominal_step": 0.22860517780813078,
        "se_at_step": 0.3414141328380001,
        "residual_sd": 1.5971234468409827,
        "sigma_data_used": 3.5
      },
      "gate": {
        "score": 0.025323935012575127,
        "tier": "not_exposed"
      }
    },
    {
      "action": "training_load",
      "outcome": "hrv_daily",
      "nominal_step": 100.0,
      "dose_multiplier": 1.4546171842900362,
      "dose_multiplier_raw": 1.4546171842900362,
      "direction_conflict": false,
      "scaled_effect": -3.727453799440616,
      "posterior": {
        "mean": -2.562498119572193,
        "variance": 0.18563631598210553,
        "sd": 0.43085533068781395,
        "contraction": 0.9546171842900362,
        "prior_mean": -5.056217651515151,
        "prior_variance": 4.090453910318943,
        "source": "pop+cohort+user",
        "lam_js": 0.8768472906403941,
        "n_cohort": 534,
        "z_like": -5.947467600044409
      },
      "cohort_prior": {
        "mean": -5.061554325842696,
        "variance": 4.099093150953106,
        "n": 534
      },
      "user_obs": {
        "slope": -0.02443953323782451,
        "se": 0.021153711723013995,
        "n": 63,
        "at_nominal_step": -2.443953323782451,
        "se_at_step": 2.1153711723013995,
        "residual_sd": 1.5971234468409818,
        "sigma_data_used": 3.5
      },
      "gate": {
        "score": 0.9546171842900362,
        "tier": "recommended"
      }
    },
    {
      "action": "training_load",
      "outcome": "resting_hr",
      "nominal_step": 100.0,
      "dose_multiplier": 0.5,
      "dose_multiplier_raw": 1.4226263003823798,
      "direction_conflict": true,
      "scaled_effect": -0.8169289575675407,
      "posterior": {
        "mean": -1.6338579151350814,
        "variance": 0.021091214512007066,
        "sd": 0.1452281464179966,
        "contraction": 0.9226263003823798,
        "prior_mean": 1.305251261157877,
        "prior_variance": 0.2725889367606766,
        "source": "pop+cohort+user",
        "lam_js": 0.8768472906403941,
        "n_cohort": 534,
        "z_like": -11.250284159328872
      },
      "cohort_prior": {
        "mean": 1.306352479669686,
        "variance": 0.273049088182262,