{
  "pid": 477,
  "cohort": "cohort_a",
  "age": 38,
  "is_female": false,
  "effects_bayesian": [
    {
      "action": "active_energy",
      "outcome": "deep_sleep",
      "nominal_step": 100.0,
      "dose_multiplier": 0.5102923069618106,
      "dose_multiplier_raw": 0.5102923069618106,
      "direction_conflict": false,
      "scaled_effect": 0.35479895771277054,
      "posterior": {
        "mean": 0.6952857271652404,
        "variance": 0.07586616587799613,
        "sd": 0.27543813439318116,
        "contraction": 0.010292306961810604,
        "prior_mean": 0.6921665440115441,
        "prior_variance": 0.07665512394382158,
        "source": "pop+cohort+user",
        "lam_js": 0.8768472906403941,
        "n_cohort": 534,
        "z_like": 2.5242899959986556
      },
      "cohort_prior": {
        "mean": 0.6984414526484751,
        "variance": 0.07805127404443395,
        "n": 534
      },
      "user_obs": {
        "slope": 0.0060536184981654015,
        "se": 0.0079860776260064,
        "n": 49,
        "at_nominal_step": 0.6053618498165402,
        "se_at_step": 0.79860776260064,
        "residual_sd": 2.382396960194515,
        "sigma_data_used": 12.0
      },
      "gate": {
        "score": 0.010292306961810604,
        "tier": "not_exposed"
      }
    },
    {
      "action": "bedtime",
      "outcome": "deep_sleep",
      "nominal_step": -0.5,
      "dose_multiplier": 0.7372544261165398,
      "dose_multiplier_raw": 0.7372544261165398,
      "direction_conflict": false,
      "scaled_effect": 0.440006722172155,
      "posterior": {
        "mean": 0.5968180136806692,
        "variance": 0.7205473719446699,
        "sd": 0.8488506181564986,
        "contraction": 0.2372544261165398,
        "prior_mean": 0.6072164646464647,
        "prior_variance": 0.9446759137205589,
        "source": "pop+cohort+user",
        "lam_js": 0.8768472906403941,
        "n_cohort": 534,
        "z_like": 0.703089567133515
      },
      "cohort_prior": {
        "mean": 0.6056498876404495,
        "variance": 0.9560138510611396,
        "n": 534
      },
      "user_obs": {
        "slope": -1.1380697429544329,
        "se": 0.954227575189801,
        "n": 49,
        "at_nominal_step": 0.5690348714772164,
        "se_at_step": 0.4771137875949005,
        "residual_sd": 2.363859761820436,
        "sigma_data_used": 12.0
      },
      "gate": {
        "score": 0.2372544261165398,
        "tier": "not_exposed"
      }
    },
    {
      "action": "bedtime",
      "outcome": "sleep_quality",
      "nominal_step": -0.5,
      "dose_multiplier": 0.9705621723683219,
      "dose_multiplier_raw": 0.9705621723683219,
      "direction_conflict": false,
      "scaled_effect": 0.5495568970920082,
      "posterior": {
        "mean": 0.5662253410835127,
        "variance": 0.4695590412158045,
        "sd": 0.6852437823255345,
        "contraction": 0.4705621723683219,
        "prior_mean": 0.4607862962962966,
        "prior_variance": 0.8869011935098631,
        "source": "pop+cohort+user",
        "lam_js": 0.8768472906403941,
        "n_cohort": 534,
        "z_like": 0.8263122638805931
      },
      "cohort_prior": {
        "mean": 0.46373086142322145,
        "variance": 0.8849888909576128,
        "n": 534
      },
      "user_obs": {
        "slope": -1.364837324524316,
        "se": 0.5724346784517027,
        "n": 49,
        "at_nominal_step": 0.682418662262158,
        "se_at_step": 0.28621733922585135,
        "residual_sd": 1.4180635079566317,
        "sigma_data_used": 7.0
      },
      "gate": {
        "score": 0.4705621723683219,
        "tier": "possible"
      }
    },
    {
      "action": "running_volume",
      "outcome": "hrv_daily",
      "nominal_step": 30.0,
      "dose_multiplier": 1.08536305651141,
      "dose_multiplier_raw": 1.08536305651141,
      "direction_conflict": false,
      "scaled_effect": 0.1365348620373711,
      "posterior": {
        "mean": 0.12579648921921432,
        "variance": 0.12503029581263794,
        "sd": 0.353596232746671,
        "contraction": 0.5853630565114101,
        "prior_mean": 0.14166006734006745,
        "prior_variance": 0.3015416203888705,
        "source": "pop+cohort+user",
        "lam_js": 0.8768472906403941,
        "n_cohort": 534,
        "z_like": 0.355763092389447
      },
      "cohort_prior": {
        "mean": 0.13417902621722846,
        "variance": 0.24427088794406634,
        "n": 534
      },
      "user_obs": {
        "slope": 0.11649715052723408,
        "se": 0.4280708494981897,
        "n": 49,
        "at_nominal_step": 0.11649715052723408,
        "se_at_step": 0.4280708494981897,
        "residual_sd": 1.9003276194840064,
        "sigma_data_used": 3.5
      },
      "gate": {
        "score": 0.5853630565114101,
        "tier": "possible"
      }
    },
    {
      "action": "sleep_duration",
      "outcome": "hrv_daily",
      "nominal_step": 0.5,
      "dose_multiplier": 0.5221283148976842,
      "dose_multiplier_raw": 0.5221283148976842,
      "direction_conflict": false,
      "scaled_effect": 0.07176488474644067,
      "posterior": {
        "mean": 0.13744683576584743,
        "variance": 0.002868817344525282,
        "sd": 0.05356134188503199,
        "contraction": 0.022128314897684187,
        "prior_mean": 0.13540993265993234,
        "prior_variance": 0.0029337359780747863,
        "source": "pop+cohort+user",
        "lam_js": 0.8768472906403941,
        "n_cohort": 534,
        "z_like": 2.56615743610146
      },
      "cohort_prior": {
        "mean": 0.13457651150347733,
        "variance": 0.002897733991751291,
        "n": 534
      },
      "user_obs": {
        "slope": 0.7517323677220092,
        "se": 0.7966983051609211,
        "n": 49,
        "at_nominal_step": 0.3758661838610046,
        "se_at_step": 0.39834915258046055,
        "residual_sd": 1.9003276194840069,
        "sigma_data_used": 3.5
      },
      "gate": {
        "score": 0.022128314897684187,
        "tier": "not_exposed"
      }
    },
    {
      "action": "training_load",
      "outcome": "hrv_daily",
      "nominal_step": 100.0,
      "dose_multiplier": 0.5,
      "dose_multiplier_raw": 1.442396205853531,
      "direction_conflict": true,
      "scaled_effect": 0.8578730849208084,
      "posterior": {
        "mean": 1.7157461698416168,
        "variance": 0.23562566501563198,
        "sd": 0.4854128809741579,
        "contraction": 0.9423962058535309,
        "prior_mean": -5.056217651515151,
        "prior_variance": 4.090453910318943,
        "source": "pop+cohort+user",
        "lam_js": 0.8768472906403941,
        "n_cohort": 534,
        "z_like": 3.5346119501368536
      },
      "cohort_prior": {
        "mean": -5.061554325842696,
        "variance": 4.099093150953106,
        "n": 534
      },
      "user_obs": {
        "slope": 0.02129155042015817,
        "se": 0.026127889484057816,
        "n": 49,
        "at_nominal_step": 2.129155042015817,
        "se_at_step": 2.6127889484057816,
        "residual_sd": 1.9003276194840062,
        "sigma_data_used": 3.5
      },
      "gate": {
        "score": 0.47119810292676545,
        "tier": "possible"
      }
    },
    {
      "action": "training_load",
      "outcome": "resting_hr",
      "nominal_step": 100.0,
      "dose_multiplier": 1.402668044795352,
      "dose_multiplier_raw": 1.402668044795352,
      "direction_conflict": false,
      "scaled_effect": 0.7781584037535716,
      "posterior": {
        "mean": 0.5547701800443484,
        "variance": 0.02653161418207283,
        "sd": 0.16288527920617268,
        "contraction": 0.9026680447953519,
        "prior_mean": 1.305251261157877,
        "prior_variance": 0.2725889367606766,
        "source": "pop+cohort+user",
        "lam_js": 0.8768472906403941,
        "n_cohort": 534,
        "z_like": 3.405895135202156
      },
      "cohort_prior": {
        "mean": 1.306352479669686,
        "variance": 0.273049088182262,
        "n": 534
      },