{
  "pid": 86,
  "cohort": "cohort_a",
  "age": 26,
  "is_female": false,
  "effects_bayesian": [
    {
      "action": "active_energy",
      "outcome": "deep_sleep",
      "nominal_step": 100.0,
      "dose_multiplier": 0.5195898022977307,
      "dose_multiplier_raw": 0.5195898022977307,
      "direction_conflict": false,
      "scaled_effect": 0.3643142554135892,
      "posterior": {
        "mean": 0.7011574395850693,
        "variance": 0.07515346522065408,
        "sd": 0.2741413234458718,
        "contraction": 0.019589802297730663,
        "prior_mean": 0.6921665440115441,
        "prior_variance": 0.07665512394382158,
        "source": "pop+cohort+user",
        "lam_js": 0.8768472906403941,
        "n_cohort": 534,
        "z_like": 2.557649575670449
      },
      "cohort_prior": {
        "mean": 0.6984414526484751,
        "variance": 0.07805127404443395,
        "n": 534
      },
      "user_obs": {
        "slope": 0.007974409019217477,
        "se": 0.007211052306944335,
        "n": 67,
        "at_nominal_step": 0.7974409019217477,
        "se_at_step": 0.7211052306944336,
        "residual_sd": 2.2148215989640443,
        "sigma_data_used": 12.0
      },
      "gate": {
        "score": 0.019589802297730663,
        "tier": "not_exposed"
      }
    },
    {
      "action": "bedtime",
      "outcome": "deep_sleep",
      "nominal_step": -0.5,
      "dose_multiplier": 0.8002773414546622,
      "dose_multiplier_raw": 0.8002773414546622,
      "direction_conflict": false,
      "scaled_effect": 0.5716253223132282,
      "posterior": {
        "mean": 0.7142840271776109,
        "variance": 0.6610111418122956,
        "sd": 0.8130259170606405,
        "contraction": 0.3002773414546622,
        "prior_mean": 0.6072164646464647,
        "prior_variance": 0.9446759137205589,
        "source": "pop+cohort+user",
        "lam_js": 0.8768472906403941,
        "n_cohort": 534,
        "z_like": 0.8785501325222024
      },
      "cohort_prior": {
        "mean": 0.6056498876404495,
        "variance": 0.9560138510611396,
        "n": 534
      },
      "user_obs": {
        "slope": -1.9168709556521182,
        "se": 0.6606142348237728,
        "n": 67,
        "at_nominal_step": 0.9584354778260591,
        "se_at_step": 0.3303071174118864,
        "residual_sd": 2.1992176747830263,
        "sigma_data_used": 12.0
      },
      "gate": {
        "score": 0.3002773414546622,
        "tier": "possible"
      }
    },
    {
      "action": "bedtime",
      "outcome": "sleep_quality",
      "nominal_step": -0.5,
      "dose_multiplier": 1.0484504417099143,
      "dose_multiplier_raw": 1.0484504417099143,
      "direction_conflict": false,
      "scaled_effect": 0.4136120125357474,
      "posterior": {
        "mean": 0.3944983912269511,
        "variance": 0.40047984217632854,
        "sd": 0.6328347668833695,
        "contraction": 0.5484504417099143,
        "prior_mean": 0.4607862962962966,
        "prior_variance": 0.8869011935098631,
        "source": "pop+cohort+user",
        "lam_js": 0.8768472906403941,
        "n_cohort": 534,
        "z_like": 0.6233829300653081
      },
      "cohort_prior": {
        "mean": 0.46373086142322145,
        "variance": 0.8849888909576128,
        "n": 534
      },
      "user_obs": {
        "slope": -0.6752007330728246,
        "se": 0.3508393462489127,
        "n": 67,
        "at_nominal_step": 0.3376003665364123,
        "se_at_step": 0.17541967312445636,
        "residual_sd": 1.1679616493364808,
        "sigma_data_used": 7.0
      },
      "gate": {
        "score": 0.5484504417099143,
        "tier": "possible"
      }
    },
    {
      "action": "running_volume",
      "outcome": "hrv_daily",
      "nominal_step": 30.0,
      "dose_multiplier": 0.5,
      "dose_multiplier_raw": 1.1497164455526632,
      "direction_conflict": true,
      "scaled_effect": -0.0934530750365986,
      "posterior": {
        "mean": -0.1869061500731972,
        "variance": 0.10562507060362311,
        "sd": 0.3250001086209405,
        "contraction": 0.6497164455526632,
        "prior_mean": 0.14166006734006745,
        "prior_variance": 0.3015416203888705,
        "source": "pop+cohort+user",
        "lam_js": 0.8768472906403941,
        "n_cohort": 534,
        "z_like": -0.5750956541715888
      },
      "cohort_prior": {
        "mean": 0.13417902621722846,
        "variance": 0.24427088794406634,
        "n": 534
      },
      "user_obs": {
        "slope": -0.4222893058009083,
        "se": 0.20693297006781727,
        "n": 67,
        "at_nominal_step": -0.4222893058009083,
        "se_at_step": 0.20693297006781727,
        "residual_sd": 1.4150910165831097,
        "sigma_data_used": 3.5
      },
      "gate": {
        "score": 0.3248582227763316,
        "tier": "possible"
      }
    },
    {
      "action": "sleep_duration",
      "outcome": "hrv_daily",
      "nominal_step": 0.5,
      "dose_multiplier": 0.5262331366777991,
      "dose_multiplier_raw": 0.5262331366777991,
      "direction_conflict": false,
      "scaled_effect": 0.07418354498335936,
      "posterior": {
        "mean": 0.14097087357837804,
        "variance": 0.0028567748811853737,
        "sd": 0.05344880617175068,
        "contraction": 0.02623313667779914,
        "prior_mean": 0.13540993265993234,
        "prior_variance": 0.0029337359780747863,
        "source": "pop+cohort+user",
        "lam_js": 0.8768472906403941,
        "n_cohort": 534,
        "z_like": 2.637493401169462
      },
      "cohort_prior": {
        "mean": 0.13457651150347733,
        "variance": 0.002897733991751291,
        "n": 534
      },
      "user_obs": {
        "slope": 1.0747087873764838,
        "se": 0.5948742763280875,
        "n": 67,
        "at_nominal_step": 0.5373543936882419,
        "se_at_step": 0.29743713816404377,
        "residual_sd": 1.4150910165831094,
        "sigma_data_used": 3.5
      },
      "gate": {
        "score": 0.02623313667779914,
        "tier": "not_exposed"
      }
    },
    {
      "action": "training_load",
      "outcome": "hrv_daily",
      "nominal_step": 100.0,
      "dose_multiplier": 1.4572108866158406,
      "dose_multiplier_raw": 1.4572108866158406,
      "direction_conflict": false,
      "scaled_effect": -2.448441879245998,
      "posterior": {
        "mean": -1.6802248059868305,
        "variance": 0.17502689616131564,
        "sd": 0.41836215909342905,
        "contraction": 0.9572108866158405,
        "prior_mean": -5.056217651515151,
        "prior_variance": 4.090453910318943,
        "source": "pop+cohort+user",
        "lam_js": 0.8768472906403941,
        "n_cohort": 534,
        "z_like": -4.0161968989446795
      },
      "cohort_prior": {
        "mean": -5.061554325842696,
        "variance": 4.099093150953106,
        "n": 534
      },
      "user_obs": {
        "slope": -0.015293941846738102,
        "se": 0.019314696808592335,
        "n": 67,
        "at_nominal_step": -1.5293941846738102,
        "se_at_step": 1.9314696808592335,
        "residual_sd": 1.4150910165831094,
        "sigma_data_used": 3.5
      },
      "gate": {
        "score": 0.9572108866158405,
        "tier": "recommended"
      }
    },
    {
      "action": "training_load",
      "outcome": "resting_hr",
      "nominal_step": 100.0,
      "dose_multiplier": 1.426908491191508,
      "dose_multiplier_raw": 1.426908491191508,
      "direction_conflict": false,
      "scaled_effect": 1.4706707100673577,
      "posterior": {
        "mean": 1.030669253947257,
        "variance": 0.019923936672340464,
        "sd": 0.14115217558486468,
        "contraction": 0.926908491191508,
        "prior_mean": 1.305251261157877,
        "prior_variance": 0.2725889367606766,
        "source": "pop+cohort+user",
        "lam_js": 0.8768472906403941,
        "n_cohort": 534,
        "z_like": 7.301830451260665
      },
      "cohort_prior": {
        "mean": 1.306352479669686,
        "variance": 0.273049088182262,