{
  "pid": 252,
  "cohort": "cohort_a",
  "age": 43,
  "is_female": true,
  "effects_bayesian": [
    {
      "action": "active_energy",
      "outcome": "deep_sleep",
      "nominal_step": 100.0,
      "dose_multiplier": 0.5123736243629097,
      "dose_multiplier_raw": 0.5123736243629097,
      "direction_conflict": false,
      "scaled_effect": 0.3388545119784683,
      "posterior": {
        "mean": 0.6613426138002385,
        "variance": 0.07570662223464845,
        "sd": 0.2751483640413812,
        "contraction": 0.012373624362909674,
        "prior_mean": 0.6921665440115441,
        "prior_variance": 0.07665512394382158,
        "source": "pop+cohort+user",
        "lam_js": 0.8768472906403941,
        "n_cohort": 534,
        "z_like": 2.403585484160012
      },
      "cohort_prior": {
        "mean": 0.6984414526484751,
        "variance": 0.07805127404443395,
        "n": 534
      },
      "user_obs": {
        "slope": -0.0060601170181877155,
        "se": 0.006128227553421749,
        "n": 53,
        "at_nominal_step": -0.6060117018187715,
        "se_at_step": 0.6128227553421749,
        "residual_sd": 2.029852509850564,
        "sigma_data_used": 12.0
      },
      "gate": {
        "score": 0.012373624362909674,
        "tier": "not_exposed"
      }
    },
    {
      "action": "bedtime",
      "outcome": "deep_sleep",
      "nominal_step": -0.5,
      "dose_multiplier": 0.7522213685522634,
      "dose_multiplier_raw": 0.7522213685522634,
      "direction_conflict": false,
      "scaled_effect": 0.3948137838204313,
      "posterior": {
        "mean": 0.5248638237707816,
        "variance": 0.7064084619235996,
        "sd": 0.8404810895693011,
        "contraction": 0.2522213685522634,
        "prior_mean": 0.6072164646464647,
        "prior_variance": 0.9446759137205589,
        "source": "pop+cohort+user",
        "lam_js": 0.8768472906403941,
        "n_cohort": 534,
        "z_like": 0.6244802295786863
      },
      "cohort_prior": {
        "mean": 0.6056498876404495,
        "variance": 0.9560138510611396,
        "n": 534
      },
      "user_obs": {
        "slope": -0.5887644595474211,
        "se": 0.8764897217028381,
        "n": 53,
        "at_nominal_step": 0.29438222977371054,
        "se_at_step": 0.43824486085141906,
        "residual_sd": 2.0363181461448012,
        "sigma_data_used": 12.0
      },
      "gate": {
        "score": 0.2522213685522634,
        "tier": "not_exposed"
      }
    },
    {
      "action": "bedtime",
      "outcome": "sleep_quality",
      "nominal_step": -0.5,
      "dose_multiplier": 0.9901070573694882,
      "dose_multiplier_raw": 0.9901070573694882,
      "direction_conflict": false,
      "scaled_effect": 0.350728135923174,
      "posterior": {
        "mean": 0.3542325381004624,
        "variance": 0.452224659381257,
        "sd": 0.6724765121409498,
        "contraction": 0.49010705736948823,
        "prior_mean": 0.4607862962962966,
        "prior_variance": 0.8869011935098631,
        "source": "pop+cohort+user",
        "lam_js": 0.8768472906403941,
        "n_cohort": 534,
        "z_like": 0.526758231261787
      },
      "cohort_prior": {
        "mean": 0.46373086142322145,
        "variance": 0.8849888909576128,
        "n": 534
      },
      "user_obs": {
        "slope": -0.4805023419259153,
        "se": 0.5954973788231446,
        "n": 53,
        "at_nominal_step": 0.24025117096295764,
        "se_at_step": 0.2977486894115723,
        "residual_sd": 1.3834983896027442,
        "sigma_data_used": 7.0
      },
      "gate": {
        "score": 0.49010705736948823,
        "tier": "possible"
      }
    },
    {
      "action": "running_volume",
      "outcome": "hrv_daily",
      "nominal_step": 30.0,
      "dose_multiplier": 1.1016271151675208,
      "dose_multiplier_raw": 1.1016271151675208,
      "direction_conflict": false,
      "scaled_effect": 0.04506007726043577,
      "posterior": {
        "mean": 0.0409032027625642,
        "variance": 0.1201260052113747,
        "sd": 0.34659198665199215,
        "contraction": 0.6016271151675208,
        "prior_mean": 0.14166006734006745,
        "prior_variance": 0.3015416203888705,
        "source": "pop+cohort+user",
        "lam_js": 0.8768472906403941,
        "n_cohort": 534,
        "z_like": 0.11801543122124891
      },
      "cohort_prior": {
        "mean": 0.13417902621722846,
        "variance": 0.24427088794406634,
        "n": 534
      },
      "user_obs": {
        "slope": -0.04614250936128617,
        "se": 0.4236174505118358,
        "n": 53,
        "at_nominal_step": -0.04614250936128617,
        "se_at_step": 0.4236174505118358,
        "residual_sd": 1.950841887993769,
        "sigma_data_used": 3.5
      },
      "gate": {
        "score": 0.6016271151675208,
        "tier": "possible"
      }
    },
    {
      "action": "sleep_duration",
      "outcome": "hrv_daily",
      "nominal_step": 0.5,
      "dose_multiplier": 0.5230434854426014,
      "dose_multiplier_raw": 0.5230434854426014,
      "direction_conflict": false,
      "scaled_effect": 0.07125323018463502,
      "posterior": {
        "mean": 0.1362281190145027,
        "variance": 0.002866132475771584,
        "sd": 0.05353627252407085,
        "contraction": 0.023043485442601375,
        "prior_mean": 0.13540993265993234,
        "prior_variance": 0.0029337359780747863,
        "source": "pop+cohort+user",
        "lam_js": 0.8768472906403941,
        "n_cohort": 534,
        "z_like": 2.5445947689625226
      },
      "cohort_prior": {
        "mean": 0.13457651150347733,
        "variance": 0.002897733991751291,
        "n": 534
      },
      "user_obs": {
        "slope": 0.5191838211590714,
        "se": 0.8805027549667293,
        "n": 53,
        "at_nominal_step": 0.2595919105795357,
        "se_at_step": 0.4402513774833646,
        "residual_sd": 1.9508418879937701,
        "sigma_data_used": 3.5
      },
      "gate": {
        "score": 0.023043485442601375,
        "tier": "not_exposed"
      }
    },
    {
      "action": "training_load",
      "outcome": "hrv_daily",
      "nominal_step": 100.0,
      "dose_multiplier": 1.4465115530785195,
      "dose_multiplier_raw": 1.4465115530785195,
      "direction_conflict": false,
      "scaled_effect": -3.651274185289787,
      "posterior": {
        "mean": -2.5241928953273893,
        "variance": 0.21879202686685764,
        "sd": 0.4677520997995174,
        "contraction": 0.9465115530785194,
        "prior_mean": -5.056217651515151,
        "prior_variance": 4.090453910318943,
        "source": "pop+cohort+user",
        "lam_js": 0.8768472906403941,
        "n_cohort": 534,
        "z_like": -5.396433060181409
      },
      "cohort_prior": {
        "mean": -5.061554325842696,
        "variance": 4.099093150953106,
        "n": 534
      },
      "user_obs": {
        "slope": -0.023811207110741882,
        "se": 0.0276880545805296,
        "n": 53,
        "at_nominal_step": -2.381120711074188,
        "se_at_step": 2.76880545805296,
        "residual_sd": 1.9508418879937681,
        "sigma_data_used": 3.5
      },
      "gate": {
        "score": 0.9465115530785194,
        "tier": "recommended"
      }
    },
    {
      "action": "training_load",
      "outcome": "resting_hr",
      "nominal_step": 100.0,
      "dose_multiplier": 0.5,
      "dose_multiplier_raw": 1.4093489313990026,
      "direction_conflict": true,
      "scaled_effect": -0.1488063986664027,
      "posterior": {
        "mean": -0.2976127973328054,
        "variance": 0.024710478406165012,
        "sd": 0.157195669171148,
        "contraction": 0.9093489313990026,
        "prior_mean": 1.305251261157877,
        "prior_variance": 0.2725889367606766,
        "source": "pop+cohort+user",
        "lam_js": 0.8768472906403941,
        "n_cohort": 534,
        "z_like": -1.893263337991692
      },
      "cohort_prior": {
        "mean": 1.306352479669686,
        "variance": 0.273049088182262,