{
  "pid": 845,
  "cohort": "cohort_b",
  "age": 27,
  "is_female": false,
  "effects_bayesian": [
    {
      "action": "active_energy",
      "outcome": "deep_sleep",
      "nominal_step": 100.0,
      "dose_multiplier": 0.5454339194275749,
      "dose_multiplier_raw": 0.5454339194275749,
      "direction_conflict": false,
      "scaled_effect": 0.3775704237124194,
      "posterior": {
        "mean": 0.692238620048922,
        "variance": 0.07317238121884723,
        "sd": 0.27050393937768674,
        "contraction": 0.04543391942757491,
        "prior_mean": 0.6921665440115441,
        "prior_variance": 0.07665512394382158,
        "source": "pop+cohort+user",
        "lam_js": 0.8472505091649695,
        "n_cohort": 416,
        "z_like": 2.5590703841188613
      },
      "cohort_prior": {
        "mean": 0.6841722046703297,
        "variance": 0.07489465690295352,
        "n": 416
      },
      "user_obs": {
        "slope": 0.009444551715433354,
        "se": 0.009725520834671438,
        "n": 52,
        "at_nominal_step": 0.9444551715433354,
        "se_at_step": 0.9725520834671437,
        "residual_sd": 2.200567035896944,
        "sigma_data_used": 12.0
      },
      "gate": {
        "score": 0.04543391942757491,
        "tier": "not_exposed"
      }
    },
    {
      "action": "bedtime",
      "outcome": "deep_sleep",
      "nominal_step": -0.5,
      "dose_multiplier": 0.7574575988733209,
      "dose_multiplier_raw": 0.7574575988733209,
      "direction_conflict": false,
      "scaled_effect": 0.40316432211790315,
      "posterior": {
        "mean": 0.5322599215026548,
        "variance": 0.7014619212606034,
        "sd": 0.8375332359140163,
        "contraction": 0.25745759887332087,
        "prior_mean": 0.6072164646464647,
        "prior_variance": 0.9446759137205589,
        "source": "pop+cohort+user",
        "lam_js": 0.8472505091649695,
        "n_cohort": 416,
        "z_like": 0.6355090146623127
      },
      "cohort_prior": {
        "mean": 0.6215986538461539,
        "variance": 0.9384823525592582,
        "n": 416
      },
      "user_obs": {
        "slope": -0.5507664415699146,
        "se": 0.8857054238111474,
        "n": 52,
        "at_nominal_step": 0.2753832207849573,
        "se_at_step": 0.4428527119055737,
        "residual_sd": 2.198240741562355,
        "sigma_data_used": 12.0
      },
      "gate": {
        "score": 0.25745759887332087,
        "tier": "not_exposed"
      }
    },
    {
      "action": "bedtime",
      "outcome": "sleep_quality",
      "nominal_step": -0.5,
      "dose_multiplier": 0.981320200174585,
      "dose_multiplier_raw": 0.981320200174585,
      "direction_conflict": false,
      "scaled_effect": 0.3341401998410347,
      "posterior": {
        "mean": 0.3405006844673007,
        "variance": 0.46001773351461744,
        "sd": 0.6782460715069549,
        "contraction": 0.481320200174585,
        "prior_mean": 0.4607862962962966,
        "prior_variance": 0.8869011935098631,
        "source": "pop+cohort+user",
        "lam_js": 0.8472505091649695,
        "n_cohort": 416,
        "z_like": 0.5020311930605986
      },
      "cohort_prior": {
        "mean": 0.4770937500000001,
        "variance": 0.9009695161433738,
        "n": 416
      },
      "user_obs": {
        "slope": -0.39981176892443104,
        "se": 0.4591666537168853,
        "n": 52,
        "at_nominal_step": 0.19990588446221552,
        "se_at_step": 0.22958332685844265,
        "residual_sd": 1.1396100986082809,
        "sigma_data_used": 7.0
      },
      "gate": {
        "score": 0.481320200174585,
        "tier": "possible"
      }
    },
    {
      "action": "running_volume",
      "outcome": "hrv_daily",
      "nominal_step": 30.0,
      "dose_multiplier": 1.115529123152303,
      "dose_multiplier_raw": 1.115529123152303,
      "direction_conflict": false,
      "scaled_effect": 0.09350974885689481,
      "posterior": {
        "mean": 0.08382546624390365,
        "variance": 0.11593397119698444,
        "sd": 0.34049077990010895,
        "contraction": 0.615529123152303,
        "prior_mean": 0.14166006734006745,
        "prior_variance": 0.3015416203888705,
        "source": "pop+cohort+user",
        "lam_js": 0.8472505091649695,
        "n_cohort": 416,
        "z_like": 0.24619012082646066
      },
      "cohort_prior": {
        "mean": 0.11986480769230796,
        "variance": 0.2186938498312511,
        "n": 416
      },
      "user_obs": {
        "slope": 0.04319742397267,
        "se": 0.22562538070241947,
        "n": 52,
        "at_nominal_step": 0.04319742397267,
        "se_at_step": 0.22562538070241947,
        "residual_sd": 1.7127993901765992,
        "sigma_data_used": 3.5
      },
      "gate": {
        "score": 0.615529123152303,
        "tier": "possible"
      }
    },
    {
      "action": "sleep_duration",
      "outcome": "hrv_daily",
      "nominal_step": 0.5,
      "dose_multiplier": 0.5046882423599818,
      "dose_multiplier_raw": 0.5046882423599818,
      "direction_conflict": false,
      "scaled_effect": 0.06610836646846516,
      "posterior": {
        "mean": 0.130988521070621,
        "variance": 0.0029199819127893735,
        "sd": 0.0540368569847412,
        "contraction": 0.004688242359981776,
        "prior_mean": 0.13540993265993234,
        "prior_variance": 0.0029337359780747863,
        "source": "pop+cohort+user",
        "lam_js": 0.8472505091649695,
        "n_cohort": 416,
        "z_like": 2.424058843903694
      },
      "cohort_prior": {
        "mean": 0.13603296703296702,
        "variance": 0.002960794899166767,
        "n": 416
      },
      "user_obs": {
        "slope": -0.5267153973644811,
        "se": 0.6780174340484749,
        "n": 52,
        "at_nominal_step": -0.26335769868224057,
        "se_at_step": 0.33900871702423746,
        "residual_sd": 1.7127993901765997,
        "sigma_data_used": 3.5
      },
      "gate": {
        "score": 0.004688242359981776,
        "tier": "not_exposed"
      }
    },
    {
      "action": "training_load",
      "outcome": "hrv_daily",
      "nominal_step": 100.0,
      "dose_multiplier": 1.4455618223118252,
      "dose_multiplier_raw": 1.4455618223118252,
      "direction_conflict": false,
      "scaled_effect": -4.017306931908774,
      "posterior": {
        "mean": -2.779062693758795,
        "variance": 0.22267685679523214,
        "sd": 0.4718864871928758,
        "contraction": 0.9455618223118252,
        "prior_mean": -5.056217651515151,
        "prior_variance": 4.090453910318943,
        "source": "pop+cohort+user",
        "lam_js": 0.8472505091649695,
        "n_cohort": 416,
        "z_like": -5.88926101760337
      },
      "cohort_prior": {
        "mean": -5.038698533653847,
        "variance": 4.062157266087269,
        "n": 416
      },
      "user_obs": {
        "slope": -0.02648002943889783,
        "se": 0.02211497176218266,
        "n": 52,
        "at_nominal_step": -2.648002943889783,
        "se_at_step": 2.2114971762182662,
        "residual_sd": 1.7127993901765994,
        "sigma_data_used": 3.5
      },
      "gate": {
        "score": 0.9455618223118252,
        "tier": "recommended"
      }
    },
    {
      "action": "training_load",
      "outcome": "resting_hr",
      "nominal_step": 100.0,
      "dose_multiplier": 0.5,
      "dose_multiplier_raw": 1.4078188263620575,
      "direction_conflict": true,
      "scaled_effect": -0.06317704051448617,
      "posterior": {
        "mean": -0.12635408102897233,
        "variance": 0.02512756811131805,
        "sd": 0.1585167754886468,
        "contraction": 0.9078188263620575,
        "prior_mean": 1.305251261157877,
        "prior_variance": 0.2725889367606766,
        "source": "pop+cohort+user",
        "lam_js": 0.8472505091649695,
        "n_cohort": 416,
        "z_like": -0.7971022665548859
      },
      "cohort_prior": {
        "mean": 1.3016362050919952,
        "variance": 0.2710810896650065,