{
  "pid": 222,
  "cohort": "cohort_a",
  "age": 38,
  "is_female": false,
  "effects_bayesian": [
    {
      "action": "active_energy",
      "outcome": "deep_sleep",
      "nominal_step": 100.0,
      "dose_multiplier": 0.5165101075716688,
      "dose_multiplier_raw": 0.5165101075716688,
      "direction_conflict": false,
      "scaled_effect": 0.3605474827845028,
      "posterior": {
        "mean": 0.6980453576786486,
        "variance": 0.07538953960158948,
        "sd": 0.2745715564321794,
        "contraction": 0.01651010757166882,
        "prior_mean": 0.6921665440115441,
        "prior_variance": 0.07665512394382158,
        "source": "pop+cohort+user",
        "lam_js": 0.8768472906403941,
        "n_cohort": 534,
        "z_like": 2.5423076109890848
      },
      "cohort_prior": {
        "mean": 0.6984414526484751,
        "variance": 0.07805127404443395,
        "n": 534
      },
      "user_obs": {
        "slope": 0.007094634839643711,
        "se": 0.00676010187438373,
        "n": 61,
        "at_nominal_step": 0.7094634839643711,
        "se_at_step": 0.6760101874383729,
        "residual_sd": 1.8516659724922593,
        "sigma_data_used": 12.0
      },
      "gate": {
        "score": 0.01651010757166882,
        "tier": "not_exposed"
      }
    },
    {
      "action": "bedtime",
      "outcome": "deep_sleep",
      "nominal_step": -0.5,
      "dose_multiplier": 0.7804596674205653,
      "dose_multiplier_raw": 0.7804596674205653,
      "direction_conflict": false,
      "scaled_effect": 0.48052702096711986,
      "posterior": {
        "mean": 0.6156974421948942,
        "variance": 0.6797324211382724,
        "sd": 0.8244588656435641,
        "contraction": 0.2804596674205653,
        "prior_mean": 0.6072164646464647,
        "prior_variance": 0.9446759137205589,
        "source": "pop+cohort+user",
        "lam_js": 0.8768472906403941,
        "n_cohort": 534,
        "z_like": 0.7467897645982461
      },
      "cohort_prior": {
        "mean": 0.6056498876404495,
        "variance": 0.9560138510611396,
        "n": 534
      },
      "user_obs": {
        "slope": -1.280134272700682,
        "se": 0.6197205913971323,
        "n": 61,
        "at_nominal_step": 0.640067136350341,
        "se_at_step": 0.30986029569856616,
        "residual_sd": 1.8670562039007164,
        "sigma_data_used": 12.0
      },
      "gate": {
        "score": 0.2804596674205653,
        "tier": "not_exposed"
      }
    },
    {
      "action": "bedtime",
      "outcome": "sleep_quality",
      "nominal_step": -0.5,
      "dose_multiplier": 1.0251653341113507,
      "dose_multiplier_raw": 1.0251653341113507,
      "direction_conflict": false,
      "scaled_effect": 0.4205560199201594,
      "posterior": {
        "mean": 0.41023238489107916,
        "variance": 0.4211314318965001,
        "sd": 0.6489464014050006,
        "contraction": 0.5251653341113507,
        "prior_mean": 0.4607862962962966,
        "prior_variance": 0.8869011935098631,
        "source": "pop+cohort+user",
        "lam_js": 0.8768472906403941,
        "n_cohort": 534,
        "z_like": 0.6321514134340002
      },
      "cohort_prior": {
        "mean": 0.46373086142322145,
        "variance": 0.8849888909576128,
        "n": 534
      },
      "user_obs": {
        "slope": -0.7240306592192627,
        "se": 0.3368088451490961,
        "n": 61,
        "at_nominal_step": 0.36201532960963134,
        "se_at_step": 0.16840442257454805,
        "residual_sd": 1.0147170395719167,
        "sigma_data_used": 7.0
      },
      "gate": {
        "score": 0.5251653341113507,
        "tier": "possible"
      }
    },
    {
      "action": "running_volume",
      "outcome": "hrv_daily",
      "nominal_step": 30.0,
      "dose_multiplier": 1.1306059443914147,
      "dose_multiplier_raw": 1.1306059443914147,
      "direction_conflict": false,
      "scaled_effect": 0.19352506551656617,
      "posterior": {
        "mean": 0.17116933311432156,
        "variance": 0.11138768209022934,
        "sd": 0.3337479319639739,
        "contraction": 0.6306059443914147,
        "prior_mean": 0.14166006734006745,
        "prior_variance": 0.3015416203888705,
        "source": "pop+cohort+user",
        "lam_js": 0.8768472906403941,
        "n_cohort": 534,
        "z_like": 0.5128700936274214
      },
      "cohort_prior": {
        "mean": 0.13417902621722846,
        "variance": 0.24427088794406634,
        "n": 534
      },
      "user_obs": {
        "slope": 0.2001287482628334,
        "se": 0.23168245926438108,
        "n": 61,
        "at_nominal_step": 0.2001287482628334,
        "se_at_step": 0.23168245926438108,
        "residual_sd": 1.5547549353418137,
        "sigma_data_used": 3.5
      },
      "gate": {
        "score": 0.6306059443914147,
        "tier": "possible"
      }
    },
    {
      "action": "sleep_duration",
      "outcome": "hrv_daily",
      "nominal_step": 0.5,
      "dose_multiplier": 0.5248686971945116,
      "dose_multiplier_raw": 0.5248686971945116,
      "direction_conflict": false,
      "scaled_effect": 0.07204494742039015,
      "posterior": {
        "mean": 0.13726280078328038,
        "variance": 0.0028607777863874,
        "sd": 0.053486239224565045,
        "contraction": 0.02486869719451157,
        "prior_mean": 0.13540993265993234,
        "prior_variance": 0.0029337359780747863,
        "source": "pop+cohort+user",
        "lam_js": 0.8768472906403941,
        "n_cohort": 534,
        "z_like": 2.5663199128092486
      },
      "cohort_prior": {
        "mean": 0.13457651150347733,
        "variance": 0.002897733991751291,
        "n": 534
      },
      "user_obs": {
        "slope": 0.6320904139157406,
        "se": 0.6986000144318689,
        "n": 61,
        "at_nominal_step": 0.3160452069578703,
        "se_at_step": 0.34930000721593446,
        "residual_sd": 1.554754935341814,
        "sigma_data_used": 3.5
      },
      "gate": {
        "score": 0.02486869719451157,
        "tier": "not_exposed"
      }
    },
    {
      "action": "training_load",
      "outcome": "hrv_daily",
      "nominal_step": 100.0,
      "dose_multiplier": 1.453198732892631,
      "dose_multiplier_raw": 1.453198732892631,
      "direction_conflict": false,
      "scaled_effect": -0.9902123888983716,
      "posterior": {
        "mean": -0.681401907726225,
        "variance": 0.19143842604721878,
        "sd": 0.4375367710801217,
        "contraction": 0.953198732892631,
        "prior_mean": -5.056217651515151,
        "prior_variance": 4.090453910318943,
        "source": "pop+cohort+user",
        "lam_js": 0.8768472906403941,
        "n_cohort": 534,
        "z_like": -1.557359181593098
      },
      "cohort_prior": {
        "mean": -5.061554325842696,
        "variance": 4.099093150953106,
        "n": 534
      },
      "user_obs": {
        "slope": -0.0046678918357329355,
        "se": 0.018508215257303635,
        "n": 61,
        "at_nominal_step": -0.4667891835732936,
        "se_at_step": 1.8508215257303635,
        "residual_sd": 1.554754935341815,
        "sigma_data_used": 3.5
      },
      "gate": {
        "score": 0.953198732892631,
        "tier": "recommended"
      }
    },
    {
      "action": "training_load",
      "outcome": "resting_hr",
      "nominal_step": 100.0,
      "dose_multiplier": 1.4202913672264268,
      "dose_multiplier_raw": 1.4202913672264268,
      "direction_conflict": false,
      "scaled_effect": 0.1199999651712789,
      "posterior": {
        "mean": 0.08448968144164476,
        "variance": 0.02172769145839557,
        "sd": 0.14740315959434372,
        "contraction": 0.9202913672264267,
        "prior_mean": 1.305251261157877,
        "prior_variance": 0.2725889367606766,
        "source": "pop+cohort+user",
        "lam_js": 0.8768472906403941,
        "n_cohort": 534,
        "z_like": 0.573187723208661
      },
      "cohort_prior": {
        "mean": 1.306352479669686,
        "variance": 0.273049088182262,