{
  "pid": 157,
  "cohort": "cohort_a",
  "age": 41,
  "is_female": false,
  "effects_bayesian": [
    {
      "action": "active_energy",
      "outcome": "deep_sleep",
      "nominal_step": 100.0,
      "dose_multiplier": 0.5185653826813555,
      "dose_multiplier_raw": 0.5185653826813555,
      "direction_conflict": false,
      "scaled_effect": 0.3474921531481483,
      "posterior": {
        "mean": 0.670102873723202,
        "variance": 0.0752319922333178,
        "sd": 0.274284509648864,
        "contraction": 0.018565382681355547,
        "prior_mean": 0.6921665440115441,
        "prior_variance": 0.07665512394382158,
        "source": "pop+cohort+user",
        "lam_js": 0.8768472906403941,
        "n_cohort": 534,
        "z_like": 2.4430941236202517
      },
      "cohort_prior": {
        "mean": 0.6984414526484751,
        "variance": 0.07805127404443395,
        "n": 534
      },
      "user_obs": {
        "slope": -0.0011407194672090545,
        "se": 0.00793564905898174,
        "n": 65,
        "at_nominal_step": -0.11407194672090545,
        "se_at_step": 0.7935649058981741,
        "residual_sd": 2.464491231813073,
        "sigma_data_used": 12.0
      },
      "gate": {
        "score": 0.018565382681355547,
        "tier": "not_exposed"
      }
    },
    {
      "action": "bedtime",
      "outcome": "deep_sleep",
      "nominal_step": -0.5,
      "dose_multiplier": 0.7937938675383664,
      "dose_multiplier_raw": 0.7937938675383664,
      "direction_conflict": false,
      "scaled_effect": 0.47770132416912714,
      "posterior": {
        "mean": 0.6017951809712594,
        "variance": 0.6671359234582558,
        "sd": 0.8167838903028486,
        "contraction": 0.29379386753836645,
        "prior_mean": 0.6072164646464647,
        "prior_variance": 0.9446759137205589,
        "source": "pop+cohort+user",
        "lam_js": 0.8768472906403941,
        "n_cohort": 534,
        "z_like": 0.7367863006555194
      },
      "cohort_prior": {
        "mean": 0.6056498876404495,
        "variance": 0.9560138510611396,
        "n": 534
      },
      "user_obs": {
        "slope": -1.1848033496547332,
        "se": 0.8132146068453756,
        "n": 65,
        "at_nominal_step": 0.5924016748273666,
        "se_at_step": 0.4066073034226878,
        "residual_sd": 2.4769486965150693,
        "sigma_data_used": 12.0
      },
      "gate": {
        "score": 0.29379386753836645,
        "tier": "not_exposed"
      }
    },
    {
      "action": "bedtime",
      "outcome": "sleep_quality",
      "nominal_step": -0.5,
      "dose_multiplier": 1.0409467032680475,
      "dose_multiplier_raw": 1.0409467032680475,
      "direction_conflict": false,
      "scaled_effect": 0.2718757181449005,
      "posterior": {
        "mean": 0.26118120869334416,
        "variance": 0.40713491675620594,
        "sd": 0.6380712473981303,
        "contraction": 0.5409467032680475,
        "prior_mean": 0.4607862962962966,
        "prior_variance": 0.8869011935098631,
        "source": "pop+cohort+user",
        "lam_js": 0.8768472906403941,
        "n_cohort": 534,
        "z_like": 0.4093292242180877
      },
      "cohort_prior": {
        "mean": 0.46373086142322145,
        "variance": 0.8849888909576128,
        "n": 534
      },
      "user_obs": {
        "slope": -0.17800230734777986,
        "se": 0.4550263958035215,
        "n": 65,
        "at_nominal_step": 0.08900115367388993,
        "se_at_step": 0.22751319790176075,
        "residual_sd": 1.3859527712342046,
        "sigma_data_used": 7.0
      },
      "gate": {
        "score": 0.5409467032680475,
        "tier": "possible"
      }
    },
    {
      "action": "running_volume",
      "outcome": "hrv_daily",
      "nominal_step": 30.0,
      "dose_multiplier": 0.5,
      "dose_multiplier_raw": 1.143569839700102,
      "direction_conflict": true,
      "scaled_effect": -0.019592181104294414,
      "posterior": {
        "mean": -0.03918436220858883,
        "variance": 0.10747852809229612,
        "sd": 0.3278391802275868,
        "contraction": 0.643569839700102,
        "prior_mean": 0.14166006734006745,
        "prior_variance": 0.3015416203888705,
        "source": "pop+cohort+user",
        "lam_js": 0.8768472906403941,
        "n_cohort": 534,
        "z_like": -0.11952312161525948
      },
      "cohort_prior": {
        "mean": 0.13417902621722846,
        "variance": 0.24427088794406634,
        "n": 534
      },
      "user_obs": {
        "slope": -0.17050454149892535,
        "se": 0.2970522944224352,
        "n": 65,
        "at_nominal_step": -0.17050454149892535,
        "se_at_step": 0.2970522944224352,
        "residual_sd": 1.8798964217531673,
        "sigma_data_used": 3.5
      },
      "gate": {
        "score": 0.321784919850051,
        "tier": "possible"
      }
    },
    {
      "action": "sleep_duration",
      "outcome": "hrv_daily",
      "nominal_step": 0.5,
      "dose_multiplier": 0.5257787479755134,
      "dose_multiplier_raw": 0.5257787479755134,
      "direction_conflict": false,
      "scaled_effect": 0.07494833637330219,
      "posterior": {
        "mean": 0.14254729134999705,
        "variance": 0.0028581079376693,
        "sd": 0.05346127512199181,
        "contraction": 0.025778747975513383,
        "prior_mean": 0.13540993265993234,
        "prior_variance": 0.0029337359780747863,
        "source": "pop+cohort+user",
        "lam_js": 0.8768472906403941,
        "n_cohort": 534,
        "z_like": 2.6663653462197137
      },
      "cohort_prior": {
        "mean": 0.13457651150347733,
        "variance": 0.002897733991751291,
        "n": 534
      },
      "user_obs": {
        "slope": 1.3069972797127847,
        "se": 0.7166385684235417,
        "n": 65,
        "at_nominal_step": 0.6534986398563923,
        "se_at_step": 0.35831928421177084,
        "residual_sd": 1.8798964217531662,
        "sigma_data_used": 3.5
      },
      "gate": {
        "score": 0.025778747975513383,
        "tier": "not_exposed"
      }
    },
    {
      "action": "training_load",
      "outcome": "hrv_daily",
      "nominal_step": 100.0,
      "dose_multiplier": 1.4559521841688845,
      "dose_multiplier_raw": 1.4559521841688845,
      "direction_conflict": false,
      "scaled_effect": -6.343708030447618,
      "posterior": {
        "mean": -4.357085417656665,
        "variance": 0.18017556050739475,
        "sd": 0.42447091832938894,
        "contraction": 0.9559521841688846,
        "prior_mean": -5.056217651515151,
        "prior_variance": 4.090453910318943,
        "source": "pop+cohort+user",
        "lam_js": 0.8768472906403941,
        "n_cohort": 534,
        "z_like": -10.264744248687427
      },
      "cohort_prior": {
        "mean": -5.061554325842696,
        "variance": 4.099093150953106,
        "n": 534
      },
      "user_obs": {
        "slope": -0.043247182749273846,
        "se": 0.025365908079491094,
        "n": 65,
        "at_nominal_step": -4.324718274927385,
        "se_at_step": 2.5365908079491093,
        "residual_sd": 1.8798964217531664,
        "sigma_data_used": 3.5
      },
      "gate": {
        "score": 0.9559521841688846,
        "tier": "recommended"
      }
    },
    {
      "action": "training_load",
      "outcome": "resting_hr",
      "nominal_step": 100.0,
      "dose_multiplier": 0.5,
      "dose_multiplier_raw": 1.424828330664573,
      "direction_conflict": true,
      "scaled_effect": -0.44331469616673574,
      "posterior": {
        "mean": -0.8866293923334715,
        "variance": 0.02049096541866919,
        "sd": 0.14314665702931798,
        "contraction": 0.924828330664573,
        "prior_mean": 1.305251261157877,
        "prior_variance": 0.2725889367606766,
        "source": "pop+cohort+user",
        "lam_js": 0.8768472906403941,
        "n_cohort": 534,
        "z_like": -6.193853288183183
      },
      "cohort_prior": {
        "mean": 1.306352479669686,
        "variance": 0.273049088182262,