{
  "pid": 562,
  "cohort": "cohort_b",
  "age": 27,
  "is_female": true,
  "effects_bayesian": [
    {
      "action": "active_energy",
      "outcome": "deep_sleep",
      "nominal_step": 100.0,
      "dose_multiplier": 0.541048371042292,
      "dose_multiplier_raw": 0.541048371042292,
      "direction_conflict": false,
      "scaled_effect": 0.36648274904169414,
      "posterior": {
        "mean": 0.6773567182832297,
        "variance": 0.07350855597388271,
        "sd": 0.2711246133678806,
        "contraction": 0.041048371042291976,
        "prior_mean": 0.6921665440115441,
        "prior_variance": 0.07665512394382158,
        "source": "pop+cohort+user",
        "lam_js": 0.8472505091649695,
        "n_cohort": 416,
        "z_like": 2.49832248673102
      },
      "cohort_prior": {
        "mean": 0.6841722046703297,
        "variance": 0.07489465690295352,
        "n": 416
      },
      "user_obs": {
        "slope": 0.0031926827919560585,
        "se": 0.00919661644284966,
        "n": 43,
        "at_nominal_step": 0.31926827919560585,
        "se_at_step": 0.9196616442849659,
        "residual_sd": 2.225099950969659,
        "sigma_data_used": 12.0
      },
      "gate": {
        "score": 0.041048371042291976,
        "tier": "not_exposed"
      }
    },
    {
      "action": "bedtime",
      "outcome": "deep_sleep",
      "nominal_step": -0.5,
      "dose_multiplier": 0.7234108673077974,
      "dose_multiplier_raw": 0.7234108673077974,
      "direction_conflict": false,
      "scaled_effect": 0.5239322876892408,
      "posterior": {
        "mean": 0.7242527191208448,
        "variance": 0.7336250485114629,
        "sd": 0.8565191466111326,
        "contraction": 0.22341086730779736,
        "prior_mean": 0.6072164646464647,
        "prior_variance": 0.9446759137205589,
        "source": "pop+cohort+user",
        "lam_js": 0.8472505091649695,
        "n_cohort": 416,
        "z_like": 0.84557679998911
      },
      "cohort_prior": {
        "mean": 0.6215986538461539,
        "variance": 0.9384823525592582,
        "n": 416
      },
      "user_obs": {
        "slope": -2.1960465615709386,
        "se": 0.7650709382786635,
        "n": 43,
        "at_nominal_step": 1.0980232807854693,
        "se_at_step": 0.38253546913933173,
        "residual_sd": 2.146388876106818,
        "sigma_data_used": 12.0
      },
      "gate": {
        "score": 0.22341086730779736,
        "tier": "not_exposed"
      }
    },
    {
      "action": "bedtime",
      "outcome": "sleep_quality",
      "nominal_step": -0.5,
      "dose_multiplier": 0.9334507219430569,
      "dose_multiplier_raw": 0.9334507219430569,
      "direction_conflict": false,
      "scaled_effect": 0.6026989548246601,
      "posterior": {
        "mean": 0.6456676722795726,
        "variance": 0.5024732308908542,
        "sd": 0.7088534622126453,
        "contraction": 0.4334507219430569,
        "prior_mean": 0.4607862962962966,
        "prior_variance": 0.8869011935098631,
        "source": "pop+cohort+user",
        "lam_js": 0.8472505091649695,
        "n_cohort": 416,
        "z_like": 0.9108619858668081
      },
      "cohort_prior": {
        "mean": 0.4770937500000001,
        "variance": 0.9009695161433738,
        "n": 416
      },
      "user_obs": {
        "slope": -1.725105212963825,
        "se": 0.39452106421571903,
        "n": 43,
        "at_nominal_step": 0.8625526064819125,
        "se_at_step": 0.19726053210785952,
        "residual_sd": 1.106819748672786,
        "sigma_data_used": 7.0
      },
      "gate": {
        "score": 0.4334507219430569,
        "tier": "possible"
      }
    },
    {
      "action": "running_volume",
      "outcome": "hrv_daily",
      "nominal_step": 30.0,
      "dose_multiplier": 1.079732420712348,
      "dose_multiplier_raw": 1.079732420712348,
      "direction_conflict": false,
      "scaled_effect": 0.15974007359023407,
      "posterior": {
        "mean": 0.14794412997698667,
        "variance": 0.12672816685530672,
        "sd": 0.35598899822228597,
        "contraction": 0.579732420712348,
        "prior_mean": 0.14166006734006745,
        "prior_variance": 0.3015416203888705,
        "source": "pop+cohort+user",
        "lam_js": 0.8472505091649695,
        "n_cohort": 416,
        "z_like": 0.415586242034951
      },
      "cohort_prior": {
        "mean": 0.11986480769230796,
        "variance": 0.2186938498312511,
        "n": 416
      },
      "user_obs": {
        "slope": 0.1788320300989703,
        "se": 0.29940530176467617,
        "n": 43,
        "at_nominal_step": 0.1788320300989703,
        "se_at_step": 0.29940530176467617,
        "residual_sd": 1.7276338455314506,
        "sigma_data_used": 3.5
      },
      "gate": {
        "score": 0.579732420712348,
        "tier": "possible"
      }
    },
    {
      "action": "sleep_duration",
      "outcome": "hrv_daily",
      "nominal_step": 0.5,
      "dose_multiplier": 0.5025484166260212,
      "dose_multiplier_raw": 0.5025484166260212,
      "direction_conflict": false,
      "scaled_effect": 0.06450914756792987,
      "posterior": {
        "mean": 0.12836404500292217,
        "variance": 0.002926259596531904,
        "sd": 0.054094912852614,
        "contraction": 0.0025484166260212326,
        "prior_mean": 0.13540993265993234,
        "prior_variance": 0.0029337359780747863,
        "source": "pop+cohort+user",
        "lam_js": 0.8472505091649695,
        "n_cohort": 416,
        "z_like": 2.3729411553478323
      },
      "cohort_prior": {
        "mean": 0.13603296703296702,
        "variance": 0.002960794899166767,
        "n": 416
      },
      "user_obs": {
        "slope": -1.2027982007842477,
        "se": 1.004923113253984,
        "n": 43,
        "at_nominal_step": -0.6013991003921239,
        "se_at_step": 0.502461556626992,
        "residual_sd": 1.727633845531451,
        "sigma_data_used": 3.5
      },
      "gate": {
        "score": 0.0025484166260212326,
        "tier": "not_exposed"
      }
    },
    {
      "action": "training_load",
      "outcome": "hrv_daily",
      "nominal_step": 100.0,
      "dose_multiplier": 1.4349137569964086,
      "dose_multiplier_raw": 1.4349137569964086,
      "direction_conflict": false,
      "scaled_effect": -1.9833303894627492,
      "posterior": {
        "mean": -1.3821948390921401,
        "variance": 0.26623227720200965,
        "sd": 0.5159770122805953,
        "contraction": 0.9349137569964086,
        "prior_mean": -5.056217651515151,
        "prior_variance": 4.090453910318943,
        "source": "pop+cohort+user",
        "lam_js": 0.8472505091649695,
        "n_cohort": 416,
        "z_like": -2.678791508526515
      },
      "cohort_prior": {
        "mean": -5.038698533653847,
        "variance": 4.062157266087269,
        "n": 416
      },
      "user_obs": {
        "slope": -0.011258435598276252,
        "se": 0.027585001369602038,
        "n": 43,
        "at_nominal_step": -1.1258435598276253,
        "se_at_step": 2.758500136960204,
        "residual_sd": 1.727633845531448,
        "sigma_data_used": 3.5
      },
      "gate": {
        "score": 0.9349137569964086,
        "tier": "recommended"
      }
    },
    {
      "action": "training_load",
      "outcome": "resting_hr",
      "nominal_step": 100.0,
      "dose_multiplier": 0.5,
      "dose_multiplier_raw": 1.3906449036653836,
      "direction_conflict": true,
      "scaled_effect": -0.4715930441058205,
      "posterior": {
        "mean": -0.943186088211641,
        "variance": 0.029808989439214433,
        "sd": 0.17265280026461904,
        "contraction": 0.8906449036653836,
        "prior_mean": 1.305251261157877,
        "prior_variance": 0.2725889367606766,
        "source": "pop+cohort+user",
        "lam_js": 0.8472505091649695,
        "n_cohort": 416,
        "z_like": -5.4629064038698
      },
      "cohort_prior": {
        "mean": 1.3016362050919952,
        "variance": 0.2710810896650065,
        "n": 416
      },