{
  "pid": 994,
  "cohort": "cohort_c",
  "age": 36,
  "is_female": false,
  "effects_bayesian": [
    {
      "action": "active_energy",
      "outcome": "deep_sleep",
      "nominal_step": 100.0,
      "dose_multiplier": 0.525641527375349,
      "dose_multiplier_raw": 0.525641527375349,
      "direction_conflict": false,
      "scaled_effect": 0.354478347116032,
      "posterior": {
        "mean": 0.6743727971532715,
        "variance": 0.07468956948475532,
        "sd": 0.2732939250783949,
        "contraction": 0.02564152737534897,
        "prior_mean": 0.6921665440115441,
        "prior_variance": 0.07665512394382158,
        "source": "pop+cohort+user",
        "lam_js": 0.7603833865814696,
        "n_cohort": 238,
        "z_like": 2.467573316749819
      },
      "cohort_prior": {
        "mean": 0.6920608463385354,
        "variance": 0.07663171440556958,
        "n": 238
      },
      "user_obs": {
        "slope": -4.8737403660405534e-05,
        "se": 0.00687022291622955,
        "n": 49,
        "at_nominal_step": -0.0048737403660405534,
        "se_at_step": 0.687022291622955,
        "residual_sd": 2.1518502678808136,
        "sigma_data_used": 12.0
      },
      "gate": {
        "score": 0.02564152737534897,
        "tier": "not_exposed"
      }
    },
    {
      "action": "bedtime",
      "outcome": "deep_sleep",
      "nominal_step": -0.5,
      "dose_multiplier": 0.7471236420591036,
      "dose_multiplier_raw": 0.7471236420591036,
      "direction_conflict": false,
      "scaled_effect": 0.37873366997152685,
      "posterior": {
        "mean": 0.5069223467854949,
        "variance": 0.7112241613564229,
        "sd": 0.843341070597432,
        "contraction": 0.24712364205910364,
        "prior_mean": 0.6072164646464647,
        "prior_variance": 0.9446759137205589,
        "source": "pop+cohort+user",
        "lam_js": 0.7603833865814696,
        "n_cohort": 238,
        "z_like": 0.6010881770840184
      },
      "cohort_prior": {
        "mean": 0.5855927731092442,
        "variance": 0.9363184076048073,
        "n": 238
      },
      "user_obs": {
        "slope": -0.4885975226206786,
        "se": 0.8463041129090411,
        "n": 49,
        "at_nominal_step": 0.2442987613103393,
        "se_at_step": 0.42315205645452053,
        "residual_sd": 2.1776941782425996,
        "sigma_data_used": 12.0
      },
      "gate": {
        "score": 0.24712364205910364,
        "tier": "not_exposed"
      }
    },
    {
      "action": "bedtime",
      "outcome": "sleep_quality",
      "nominal_step": -0.5,
      "dose_multiplier": 0.9739986307061456,
      "dose_multiplier_raw": 0.9739986307061456,
      "direction_conflict": false,
      "scaled_effect": 0.47633004948844215,
      "posterior": {
        "mean": 0.48904591287064186,
        "variance": 0.46651124221454177,
        "sd": 0.6830162825398395,
        "contraction": 0.47399863070614556,
        "prior_mean": 0.4607862962962966,
        "prior_variance": 0.8869011935098631,
        "source": "pop+cohort+user",
        "lam_js": 0.7603833865814696,
        "n_cohort": 238,
        "z_like": 0.7160091572811318
      },
      "cohort_prior": {
        "mean": 0.42567579831932817,
        "variance": 0.8706033108101122,
        "n": 238
      },
      "user_obs": {
        "slope": -1.103786423628366,
        "se": 0.5161800680474784,
        "n": 49,
        "at_nominal_step": 0.551893211814183,
        "se_at_step": 0.2580900340237392,
        "residual_sd": 1.3282250575954329,
        "sigma_data_used": 7.0
      },
      "gate": {
        "score": 0.47399863070614556,
        "tier": "possible"
      }
    },
    {
      "action": "running_volume",
      "outcome": "hrv_daily",
      "nominal_step": 30.0,
      "dose_multiplier": 0.5,
      "dose_multiplier_raw": 0.9588892939549147,
      "direction_conflict": true,
      "scaled_effect": -0.030632685081403974,
      "posterior": {
        "mean": -0.06126537016280795,
        "variance": 0.1631673991106008,
        "sd": 0.40393984590604676,
        "contraction": 0.45888929395491473,
        "prior_mean": 0.14166006734006745,
        "prior_variance": 0.3015416203888705,
        "source": "pop+cohort+user",
        "lam_js": 0.7603833865814696,
        "n_cohort": 238,
        "z_like": -0.15166953887747384
      },
      "cohort_prior": {
        "mean": 0.19654117647058833,
        "variance": 0.5699868837170512,
        "n": 238
      },
      "user_obs": {
        "slope": -0.19146372741070528,
        "se": 0.7620462562774486,
        "n": 49,
        "at_nominal_step": -0.19146372741070528,
        "se_at_step": 0.7620462562774486,
        "residual_sd": 2.2538039191705934,
        "sigma_data_used": 3.5
      },
      "gate": {
        "score": 0.22944464697745737,
        "tier": "not_exposed"
      }
    },
    {
      "action": "sleep_duration",
      "outcome": "hrv_daily",
      "nominal_step": 0.5,
      "dose_multiplier": 0.5030303767554629,
      "dose_multiplier_raw": 0.5030303767554629,
      "direction_conflict": false,
      "scaled_effect": 0.06687625324294068,
      "posterior": {
        "mean": 0.13294674901005252,
        "variance": 0.0029248456527601633,
        "sd": 0.05408184217239797,
        "contraction": 0.0030303767554629157,
        "prior_mean": 0.13540993265993234,
        "prior_variance": 0.0029337359780747863,
        "source": "pop+cohort+user",
        "lam_js": 0.7603833865814696,
        "n_cohort": 238,
        "z_like": 2.4582511184854803
      },
      "cohort_prior": {
        "mean": 0.13619087635053972,
        "variance": 0.0029676727681804804,
        "n": 238
      },
      "user_obs": {
        "slope": -0.25058422441302985,
        "se": 1.0344543396863808,
        "n": 49,
        "at_nominal_step": -0.12529211220651493,
        "se_at_step": 0.5172271698431904,
        "residual_sd": 2.2538039191705934,
        "sigma_data_used": 3.5
      },
      "gate": {
        "score": 0.0030303767554629157,
        "tier": "not_exposed"
      }
    },
    {
      "action": "training_load",
      "outcome": "hrv_daily",
      "nominal_step": 100.0,
      "dose_multiplier": 0.5,
      "dose_multiplier_raw": 1.4423838269768077,
      "direction_conflict": true,
      "scaled_effect": 0.5415654731069076,
      "posterior": {
        "mean": 1.0831309462138152,
        "variance": 0.23567630024032965,
        "sd": 0.4854650350337598,
        "contraction": 0.9423838269768077,
        "prior_mean": -5.056217651515151,
        "prior_variance": 4.090453910318943,
        "source": "pop+cohort+user",
        "lam_js": 0.7603833865814696,
        "n_cohort": 238,
        "z_like": 2.231120406309989
      },
      "cohort_prior": {
        "mean": -5.074865420168067,
        "variance": 4.120681445250819,
        "n": 238
      },
      "user_obs": {
        "slope": 0.014571239534799347,
        "se": 0.024723288150683795,
        "n": 49,
        "at_nominal_step": 1.4571239534799347,
        "se_at_step": 2.4723288150683795,
        "residual_sd": 2.253803919170594,
        "sigma_data_used": 3.5
      },
      "gate": {
        "score": 0.47119191348840384,
        "tier": "possible"
      }
    },
    {
      "action": "training_load",
      "outcome": "resting_hr",
      "nominal_step": 100.0,
      "dose_multiplier": 1.402639749964771,
      "dose_multiplier_raw": 1.402639749964771,
      "direction_conflict": false,
      "scaled_effect": 1.2303532418486554,
      "posterior": {
        "mean": 0.8771698091969498,
        "variance": 0.02653932703985673,
        "sd": 0.16290895322190468,
        "contraction": 0.9026397499647709,
        "prior_mean": 1.305251261157877,
        "prior_variance": 0.2725889367606766,
        "source": "pop+cohort+user",
        "lam_js": 0.7603833865814696,
        "n_cohort": 238,
        "z_like": 5.384417442067302
      },
      "cohort_prior": {
        "mean": 1.3090992134188058,
        "variance": 0.2741985200917978,