{
  "pid": 1027,
  "cohort": "cohort_c",
  "age": 47,
  "is_female": false,
  "effects_bayesian": [
    {
      "action": "active_energy",
      "outcome": "deep_sleep",
      "nominal_step": 100.0,
      "dose_multiplier": 0.5169736744460943,
      "dose_multiplier_raw": 0.5169736744460943,
      "direction_conflict": false,
      "scaled_effect": 0.3580875462324387,
      "posterior": {
        "mean": 0.6926610849500366,
        "variance": 0.07535400482537415,
        "sd": 0.2745068393052788,
        "contraction": 0.016973674446094322,
        "prior_mean": 0.6921665440115441,
        "prior_variance": 0.07665512394382158,
        "source": "pop+cohort+user",
        "lam_js": 0.7603833865814696,
        "n_cohort": 238,
        "z_like": 2.523292631626307
      },
      "cohort_prior": {
        "mean": 0.6920608463385354,
        "variance": 0.07663171440556958,
        "n": 238
      },
      "user_obs": {
        "slope": 0.007264188225264451,
        "se": 0.011811734092566922,
        "n": 32,
        "at_nominal_step": 0.7264188225264451,
        "se_at_step": 1.1811734092566921,
        "residual_sd": 2.410905650653654,
        "sigma_data_used": 12.0
      },
      "gate": {
        "score": 0.016973674446094322,
        "tier": "not_exposed"
      }
    },
    {
      "action": "bedtime",
      "outcome": "deep_sleep",
      "nominal_step": -0.5,
      "dose_multiplier": 0.6781149125834347,
      "dose_multiplier_raw": 0.6781149125834347,
      "direction_conflict": false,
      "scaled_effect": 0.48999211820738414,
      "posterior": {
        "mean": 0.7225797709427249,
        "variance": 0.7764150459285453,
        "sd": 0.8811441686401523,
        "contraction": 0.1781149125834347,
        "prior_mean": 0.6072164646464647,
        "prior_variance": 0.9446759137205589,
        "source": "pop+cohort+user",
        "lam_js": 0.7603833865814696,
        "n_cohort": 238,
        "z_like": 0.820047157615381
      },
      "cohort_prior": {
        "mean": 0.5855927731092442,
        "variance": 0.9363184076048073,
        "n": 238
      },
      "user_obs": {
        "slope": -2.709404379506966,
        "se": 1.8757259089355958,
        "n": 32,
        "at_nominal_step": 1.354702189753483,
        "se_at_step": 0.9378629544677979,
        "residual_sd": 2.4219265093075415,
        "sigma_data_used": 12.0
      },
      "gate": {
        "score": 0.1781149125834347,
        "tier": "not_exposed"
      }
    },
    {
      "action": "bedtime",
      "outcome": "sleep_quality",
      "nominal_step": -0.5,
      "dose_multiplier": 0.8724251077798435,
      "dose_multiplier_raw": 0.8724251077798435,
      "direction_conflict": false,
      "scaled_effect": 0.792520098270982,
      "posterior": {
        "mean": 0.9084104654986322,
        "variance": 0.5565969209268805,
        "sd": 0.7460542345747262,
        "contraction": 0.3724251077798435,
        "prior_mean": 0.4607862962962966,
        "prior_variance": 0.8869011935098631,
        "source": "pop+cohort+user",
        "lam_js": 0.7603833865814696,
        "n_cohort": 238,
        "z_like": 1.2176198772150313
      },
      "cohort_prior": {
        "mean": 0.42567579831932817,
        "variance": 0.8706033108101122,
        "n": 238
      },
      "user_obs": {
        "slope": -3.4779836103837365,
        "se": 0.9100123802226827,
        "n": 32,
        "at_nominal_step": 1.7389918051918682,
        "se_at_step": 0.45500619011134136,
        "residual_sd": 1.1750027533127412,
        "sigma_data_used": 7.0
      },
      "gate": {
        "score": 0.3724251077798435,
        "tier": "possible"
      }
    },
    {
      "action": "running_volume",
      "outcome": "hrv_daily",
      "nominal_step": 30.0,
      "dose_multiplier": 0.800496171909492,
      "dose_multiplier_raw": 0.800496171909492,
      "direction_conflict": false,
      "scaled_effect": 0.30468867034559505,
      "posterior": {
        "mean": 0.3806247687840844,
        "variance": 0.2109295177906297,
        "sd": 0.45927063676075536,
        "contraction": 0.30049617190949196,
        "prior_mean": 0.14166006734006745,
        "prior_variance": 0.3015416203888705,
        "source": "pop+cohort+user",
        "lam_js": 0.7603833865814696,
        "n_cohort": 238,
        "z_like": 0.8287592071390373
      },
      "cohort_prior": {
        "mean": 0.19654117647058833,
        "variance": 0.5699868837170512,
        "n": 238
      },
      "user_obs": {
        "slope": 0.5413475141438711,
        "se": 0.41522559711084284,
        "n": 32,
        "at_nominal_step": 0.5413475141438711,
        "se_at_step": 0.41522559711084284,
        "residual_sd": 1.5431846419226727,
        "sigma_data_used": 3.5
      },
      "gate": {
        "score": 0.30049617190949196,
        "tier": "possible"
      }
    },
    {
      "action": "sleep_duration",
      "outcome": "hrv_daily",
      "nominal_step": 0.5,
      "dose_multiplier": 0.5,
      "dose_multiplier_raw": 0.5,
      "direction_conflict": false,
      "scaled_effect": 0.06836544223079366,
      "posterior": {
        "mean": 0.13673088446158732,
        "variance": 0.0029367658958935707,
        "sd": 0.0541919357090478,
        "contraction": 0.0,
        "prior_mean": 0.13540993265993234,
        "prior_variance": 0.0029337359780747863,
        "source": "pop+cohort+user",
        "lam_js": 0.7603833865814696,
        "n_cohort": 238,
        "z_like": 2.5230854493865023
      },
      "cohort_prior": {
        "mean": 0.13619087635053972,
        "variance": 0.0029676727681804804,
        "n": 238
      },
      "user_obs": {
        "slope": 0.46157415186480116,
        "se": 1.1213677749121276,
        "n": 32,
        "at_nominal_step": 0.23078707593240058,
        "se_at_step": 0.5606838874560638,
        "residual_sd": 1.5431846419226716,
        "sigma_data_used": 3.5
      },
      "gate": {
        "score": 0.0,
        "tier": "not_exposed"
      }
    },
    {
      "action": "training_load",
      "outcome": "hrv_daily",
      "nominal_step": 100.0,
      "dose_multiplier": 1.4143812856687525,
      "dose_multiplier_raw": 1.4143812856687525,
      "direction_conflict": false,
      "scaled_effect": -4.071639224462884,
      "posterior": {
        "mean": -2.8787422922792123,
        "variance": 0.3502194048327315,
        "sd": 0.5917933801866421,
        "contraction": 0.9143812856687525,
        "prior_mean": -5.056217651515151,
        "prior_variance": 4.090453910318943,
        "source": "pop+cohort+user",
        "lam_js": 0.7603833865814696,
        "n_cohort": 238,
        "z_like": -4.864438144562049
      },
      "cohort_prior": {
        "mean": -5.074865420168067,
        "variance": 4.120681445250819,
        "n": 238
      },
      "user_obs": {
        "slope": -0.026747763986166784,
        "se": 0.022511908016657735,
        "n": 32,
        "at_nominal_step": -2.6747763986166784,
        "se_at_step": 2.2511908016657736,
        "residual_sd": 1.543184641922671,
        "sigma_data_used": 3.5
      },
      "gate": {
        "score": 0.9143812856687525,
        "tier": "recommended"
      }
    },
    {
      "action": "training_load",
      "outcome": "resting_hr",
      "nominal_step": 100.0,
      "dose_multiplier": 0.5,
      "dose_multiplier_raw": 1.3582177362756445,
      "direction_conflict": true,
      "scaled_effect": -0.5945160423560981,
      "posterior": {
        "mean": -1.1890320847121962,
        "variance": 0.03864827652014393,
        "sd": 0.19659164916176863,
        "contraction": 0.8582177362756445,
        "prior_mean": 1.305251261157877,
        "prior_variance": 0.2725889367606766,
        "source": "pop+cohort+user",
        "lam_js": 0.7603833865814696,
        "n_cohort": 238,
        "z_like": -6.048232922313917
      },
      "cohort_prior": {
        "mean": 1.3090992134188058,
        "variance": 0.2741985200917978,
        "n": 238
      },