{
  "pid": 1174,
  "cohort": "cohort_c",
  "age": 42,
  "is_female": false,
  "effects_bayesian": [
    {
      "action": "active_energy",
      "outcome": "deep_sleep",
      "nominal_step": 100.0,
      "dose_multiplier": 0.521581658224058,
      "dose_multiplier_raw": 0.521581658224058,
      "direction_conflict": false,
      "scaled_effect": 0.3545143336580653,
      "posterior": {
        "mean": 0.6796909516817693,
        "variance": 0.07500077925774322,
        "sd": 0.27386270147236774,
        "contraction": 0.021581658224057998,
        "prior_mean": 0.6921665440115441,
        "prior_variance": 0.07665512394382158,
        "source": "pop+cohort+user",
        "lam_js": 0.7603833865814696,
        "n_cohort": 238,
        "z_like": 2.481867549058516
      },
      "cohort_prior": {
        "mean": 0.6920608463385354,
        "variance": 0.07663171440556958,
        "n": 238
      },
      "user_obs": {
        "slope": 0.0011163304753171836,
        "se": 0.010793046953934415,
        "n": 41,
        "at_nominal_step": 0.11163304753171836,
        "se_at_step": 1.0793046953934415,
        "residual_sd": 2.5681360362644976,
        "sigma_data_used": 12.0
      },
      "gate": {
        "score": 0.021581658224057998,
        "tier": "not_exposed"
      }
    },
    {
      "action": "bedtime",
      "outcome": "deep_sleep",
      "nominal_step": -0.5,
      "dose_multiplier": 0.716151879727341,
      "dose_multiplier_raw": 0.716151879727341,
      "direction_conflict": false,
      "scaled_effect": 0.4136171391793644,
      "posterior": {
        "mean": 0.5775550562498558,
        "variance": 0.7404824392367167,
        "sd": 0.8605128931263707,
        "contraction": 0.21615187972734096,
        "prior_mean": 0.6072164646464647,
        "prior_variance": 0.9446759137205589,
        "source": "pop+cohort+user",
        "lam_js": 0.7603833865814696,
        "n_cohort": 238,
        "z_like": 0.6711753662998736
      },
      "cohort_prior": {
        "mean": 0.5855927731092442,
        "variance": 0.9363184076048073,
        "n": 238
      },
      "user_obs": {
        "slope": -1.0561487324784395,
        "se": 0.9829533765691961,
        "n": 41,
        "at_nominal_step": 0.5280743662392198,
        "se_at_step": 0.49147668828459806,
        "residual_sd": 2.5950042994131945,
        "sigma_data_used": 12.0
      },
      "gate": {
        "score": 0.21615187972734096,
        "tier": "not_exposed"
      }
    },
    {
      "action": "bedtime",
      "outcome": "sleep_quality",
      "nominal_step": -0.5,
      "dose_multiplier": 0.9306327139923937,
      "dose_multiplier_raw": 0.9306327139923937,
      "direction_conflict": false,
      "scaled_effect": 0.5424954564766532,
      "posterior": {
        "mean": 0.5829318573482762,
        "variance": 0.5049725255056177,
        "sd": 0.7106141889278722,
        "contraction": 0.43063271399239367,
        "prior_mean": 0.4607862962962966,
        "prior_variance": 0.8869011935098631,
        "source": "pop+cohort+user",
        "lam_js": 0.7603833865814696,
        "n_cohort": 238,
        "z_like": 0.820321162215696
      },
      "cohort_prior": {
        "mean": 0.42567579831932817,
        "variance": 0.8706033108101122,
        "n": 238
      },
      "user_obs": {
        "slope": -1.5727132206194516,
        "se": 0.4841883191841464,
        "n": 41,
        "at_nominal_step": 0.7863566103097258,
        "se_at_step": 0.2420941595920732,
        "residual_sd": 1.2782608005213536,
        "sigma_data_used": 7.0
      },
      "gate": {
        "score": 0.43063271399239367,
        "tier": "possible"
      }
    },
    {
      "action": "running_volume",
      "outcome": "hrv_daily",
      "nominal_step": 30.0,
      "dose_multiplier": 0.8943525280616283,
      "dose_multiplier_raw": 0.8943525280616283,
      "direction_conflict": false,
      "scaled_effect": 0.09691819891858924,
      "posterior": {
        "mean": 0.10836688652140845,
        "variance": 0.18262792007271955,
        "sd": 0.42734988015994524,
        "contraction": 0.39435252806162835,
        "prior_mean": 0.14166006734006745,
        "prior_variance": 0.3015416203888705,
        "source": "pop+cohort+user",
        "lam_js": 0.7603833865814696,
        "n_cohort": 238,
        "z_like": 0.25357883914896556
      },
      "cohort_prior": {
        "mean": 0.19654117647058833,
        "variance": 0.5699868837170512,
        "n": 238
      },
      "user_obs": {
        "slope": 0.06065121143585077,
        "se": 0.4484986514699082,
        "n": 41,
        "at_nominal_step": 0.06065121143585077,
        "se_at_step": 0.4484986514699082,
        "residual_sd": 1.424077654301928,
        "sigma_data_used": 3.5
      },
      "gate": {
        "score": 0.39435252806162835,
        "tier": "possible"
      }
    },
    {
      "action": "sleep_duration",
      "outcome": "hrv_daily",
      "nominal_step": 0.5,
      "dose_multiplier": 0.5011224174051987,
      "dose_multiplier_raw": 0.5011224174051987,
      "direction_conflict": false,
      "scaled_effect": 0.07042690498125224,
      "posterior": {
        "mean": 0.14053832463915958,
        "variance": 0.0029304431017507376,
        "sd": 0.05413356723651913,
        "contraction": 0.0011224174051986946,
        "prior_mean": 0.13540993265993234,
        "prior_variance": 0.0029337359780747863,
        "source": "pop+cohort+user",
        "lam_js": 0.7603833865814696,
        "n_cohort": 238,
        "z_like": 2.5961400996376756
      },
      "cohort_prior": {
        "mean": 0.13619087635053972,
        "variance": 0.0029676727681804804,
        "n": 238
      },
      "user_obs": {
        "slope": 1.196674925476585,
        "se": 0.9899028889620306,
        "n": 41,
        "at_nominal_step": 0.5983374627382925,
        "se_at_step": 0.4949514444810153,
        "residual_sd": 1.4240776543019251,
        "sigma_data_used": 3.5
      },
      "gate": {
        "score": 0.0011224174051986946,
        "tier": "not_exposed"
      }
    },
    {
      "action": "training_load",
      "outcome": "hrv_daily",
      "nominal_step": 100.0,
      "dose_multiplier": 1.4319029361601514,
      "dose_multiplier_raw": 1.4319029361601514,
      "direction_conflict": false,
      "scaled_effect": -5.344397924989955,
      "posterior": {
        "mean": -3.7323744438444324,
        "variance": 0.2785479010649476,
        "sd": 0.5277763741064463,
        "contraction": 0.9319029361601514,
        "prior_mean": -5.056217651515151,
        "prior_variance": 4.090453910318943,
        "source": "pop+cohort+user",
        "lam_js": 0.7603833865814696,
        "n_cohort": 238,
        "z_like": -7.071886175586284
      },
      "cohort_prior": {
        "mean": -5.074865420168067,
        "variance": 4.120681445250819,
        "n": 238
      },
      "user_obs": {
        "slope": -0.036351859191841,
        "se": 0.017327927413364436,
        "n": 41,
        "at_nominal_step": -3.6351859191841003,
        "se_at_step": 1.7327927413364437,
        "residual_sd": 1.4240776543019271,
        "sigma_data_used": 3.5
      },
      "gate": {
        "score": 0.9319029361601514,
        "tier": "recommended"
      }
    },
    {
      "action": "training_load",
      "outcome": "resting_hr",
      "nominal_step": 100.0,
      "dose_multiplier": 0.5,
      "dose_multiplier_raw": 1.3858023709377791,
      "direction_conflict": true,
      "scaled_effect": -0.6238982016391342,
      "posterior": {
        "mean": -1.2477964032782685,
        "variance": 0.031129010286660944,
        "sd": 0.17643415283516098,
        "contraction": 0.885802370937779,
        "prior_mean": 1.305251261157877,
        "prior_variance": 0.2725889367606766,
        "source": "pop+cohort+user",
        "lam_js": 0.7603833865814696,
        "n_cohort": 238,
        "z_like": -7.072306485037852
      },
      "cohort_prior": {
        "mean": 1.3090992134188058,
        "variance": 0.2741985200917978,