{
  "pid": 1062,
  "cohort": "cohort_c",
  "age": 41,
  "is_female": true,
  "effects_bayesian": [
    {
      "action": "active_energy",
      "outcome": "deep_sleep",
      "nominal_step": 100.0,
      "dose_multiplier": 0.5195390099383235,
      "dose_multiplier_raw": 0.5195390099383235,
      "direction_conflict": false,
      "scaled_effect": 0.3370607540541406,
      "posterior": {
        "mean": 0.64876890398308,
        "variance": 0.07515735871525983,
        "sd": 0.27414842460838584,
        "contraction": 0.01953900993832347,
        "prior_mean": 0.6921665440115441,
        "prior_variance": 0.07665512394382158,
        "source": "pop+cohort+user",
        "lam_js": 0.7603833865814696,
        "n_cohort": 238,
        "z_like": 2.3664878064130046
      },
      "cohort_prior": {
        "mean": 0.6920608463385354,
        "variance": 0.07663171440556958,
        "n": 238
      },
      "user_obs": {
        "slope": -0.015510225781391815,
        "se": 0.012667413624346868,
        "n": 37,
        "at_nominal_step": -1.5510225781391815,
        "se_at_step": 1.2667413624346868,
        "residual_sd": 2.4553161525470277,
        "sigma_data_used": 12.0
      },
      "gate": {
        "score": 0.01953900993832347,
        "tier": "not_exposed"
      }
    },
    {
      "action": "bedtime",
      "outcome": "deep_sleep",
      "nominal_step": -0.5,
      "dose_multiplier": 0.6996903451334442,
      "dose_multiplier_raw": 0.6996903451334442,
      "direction_conflict": false,
      "scaled_effect": 0.424200363480431,
      "posterior": {
        "mean": 0.6062687107673723,
        "variance": 0.7560332544704488,
        "sd": 0.8695017276983691,
        "contraction": 0.1996903451334442,
        "prior_mean": 0.6072164646464647,
        "prior_variance": 0.9446759137205589,
        "source": "pop+cohort+user",
        "lam_js": 0.7603833865814696,
        "n_cohort": 238,
        "z_like": 0.6972599265239039
      },
      "cohort_prior": {
        "mean": 0.5855927731092442,
        "variance": 0.9363184076048073,
        "n": 238
      },
      "user_obs": {
        "slope": -1.3410732837679298,
        "se": 1.201737648609342,
        "n": 37,
        "at_nominal_step": 0.6705366418839649,
        "se_at_step": 0.600868824304671,
        "residual_sd": 2.4443742365453347,
        "sigma_data_used": 12.0
      },
      "gate": {
        "score": 0.1996903451334442,
        "tier": "not_exposed"
      }
    },
    {
      "action": "bedtime",
      "outcome": "sleep_quality",
      "nominal_step": -0.5,
      "dose_multiplier": 0.9061530065604688,
      "dose_multiplier_raw": 0.9061530065604688,
      "direction_conflict": false,
      "scaled_effect": 0.22638537303046583,
      "posterior": {
        "mean": 0.2498312883050163,
        "variance": 0.5266836072437641,
        "sd": 0.7257297067391992,
        "contraction": 0.4061530065604688,
        "prior_mean": 0.4607862962962966,
        "prior_variance": 0.8869011935098631,
        "source": "pop+cohort+user",
        "lam_js": 0.7603833865814696,
        "n_cohort": 238,
        "z_like": 0.34424839714436073
      },
      "cohort_prior": {
        "mean": 0.42567579831932817,
        "variance": 0.8706033108101122,
        "n": 238
      },
      "user_obs": {
        "slope": 0.05843848122491334,
        "se": 0.661356388775217,
        "n": 37,
        "at_nominal_step": -0.02921924061245667,
        "se_at_step": 0.3306781943876085,
        "residual_sd": 1.3452208306592894,
        "sigma_data_used": 7.0
      },
      "gate": {
        "score": 0.4061530065604688,
        "tier": "possible"
      }
    },
    {
      "action": "running_volume",
      "outcome": "hrv_daily",
      "nominal_step": 30.0,
      "dose_multiplier": 0.5,
      "dose_multiplier_raw": 0.8559452186299543,
      "direction_conflict": true,
      "scaled_effect": -0.0017050237445321748,
      "posterior": {
        "mean": -0.0034100474890643496,
        "variance": 0.1942093223935233,
        "sd": 0.44069186785499376,
        "contraction": 0.3559452186299543,
        "prior_mean": 0.14166006734006745,
        "prior_variance": 0.3015416203888705,
        "source": "pop+cohort+user",
        "lam_js": 0.7603833865814696,
        "n_cohort": 238,
        "z_like": -0.007737940583433682
      },
      "cohort_prior": {
        "mean": 0.19654117647058833,
        "variance": 0.5699868837170512,
        "n": 238
      },
      "user_obs": {
        "slope": -0.13506054445216528,
        "se": 0.5495739330719325,
        "n": 37,
        "at_nominal_step": -0.13506054445216528,
        "se_at_step": 0.5495739330719325,
        "residual_sd": 1.8005045764648526,
        "sigma_data_used": 3.5
      },
      "gate": {
        "score": 0.17797260931497716,
        "tier": "not_exposed"
      }
    },
    {
      "action": "sleep_duration",
      "outcome": "hrv_daily",
      "nominal_step": 0.5,
      "dose_multiplier": 0.5001656965766728,
      "dose_multiplier_raw": 0.5001656965766728,
      "direction_conflict": false,
      "scaled_effect": 0.068381084728093,
      "posterior": {
        "mean": 0.13671686242403178,
        "variance": 0.0029332498680663577,
        "sd": 0.0541594854856133,
        "contraction": 0.00016569657667275806,
        "prior_mean": 0.13540993265993234,
        "prior_variance": 0.0029337359780747863,
        "source": "pop+cohort+user",
        "lam_js": 0.7603833865814696,
        "n_cohort": 238,
        "z_like": 2.524338279770931
      },
      "cohort_prior": {
        "mean": 0.13619087635053972,
        "variance": 0.0029676727681804804,
        "n": 238
      },
      "user_obs": {
        "slope": 0.4329881754031238,
        "se": 1.201440430149945,
        "n": 37,
        "at_nominal_step": 0.2164940877015619,
        "se_at_step": 0.6007202150749725,
        "residual_sd": 1.8005045764648526,
        "sigma_data_used": 3.5
      },
      "gate": {
        "score": 0.00016569657667275806,
        "tier": "not_exposed"
      }
    },
    {
      "action": "training_load",
      "outcome": "hrv_daily",
      "nominal_step": 100.0,
      "dose_multiplier": 1.4250894948626047,
      "dose_multiplier_raw": 1.4250894948626047,
      "direction_conflict": false,
      "scaled_effect": -2.149529294452564,
      "posterior": {
        "mean": -1.5083468808110214,
        "variance": 0.30641796866322557,
        "sd": 0.5535503307407788,
        "contraction": 0.9250894948626047,
        "prior_mean": -5.056217651515151,
        "prior_variance": 4.090453910318943,
        "source": "pop+cohort+user",
        "lam_js": 0.7603833865814696,
        "n_cohort": 238,
        "z_like": -2.724859506076897
      },
      "cohort_prior": {
        "mean": -5.074865420168067,
        "variance": 4.120681445250819,
        "n": 238
      },
      "user_obs": {
        "slope": -0.012216429205296732,
        "se": 0.027721621294840026,
        "n": 37,
        "at_nominal_step": -1.2216429205296733,
        "se_at_step": 2.7721621294840024,
        "residual_sd": 1.8005045764648537,
        "sigma_data_used": 3.5
      },
      "gate": {
        "score": 0.9250894948626047,
        "tier": "recommended"
      }
    },
    {
      "action": "training_load",
      "outcome": "resting_hr",
      "nominal_step": 100.0,
      "dose_multiplier": 0.5,
      "dose_multiplier_raw": 1.3749930892407562,
      "direction_conflict": true,
      "scaled_effect": -0.018406638651938614,
      "posterior": {
        "mean": -0.03681327730387723,
        "variance": 0.03407550089159903,
        "sd": 0.18459550615223283,
        "contraction": 0.8749930892407562,
        "prior_mean": 1.305251261157877,
        "prior_variance": 0.2725889367606766,
        "source": "pop+cohort+user",
        "lam_js": 0.7603833865814696,
        "n_cohort": 238,
        "z_like": -0.19942672533706174
      },
      "cohort_prior": {
        "mean": 1.3090992134188058,
        "variance": 0.2741985200917978,