{
  "pid": 180,
  "cohort": "cohort_a",
  "age": 35,
  "is_female": true,
  "effects_bayesian": [
    {
      "action": "active_energy",
      "outcome": "deep_sleep",
      "nominal_step": 100.0,
      "dose_multiplier": 0.5149629932710894,
      "dose_multiplier_raw": 0.5149629932710894,
      "direction_conflict": false,
      "scaled_effect": 0.36555436773671646,
      "posterior": {
        "mean": 0.7098653155922594,
        "variance": 0.07550813384005566,
        "sd": 0.27478743391948557,
        "contraction": 0.014962993271089409,
        "prior_mean": 0.6921665440115441,
        "prior_variance": 0.07665512394382158,
        "source": "pop+cohort+user",
        "lam_js": 0.8768472906403941,
        "n_cohort": 534,
        "z_like": 2.5833252469625463
      },
      "cohort_prior": {
        "mean": 0.6984414526484751,
        "variance": 0.07805127404443395,
        "n": 534
      },
      "user_obs": {
        "slope": 0.010987023045666386,
        "se": 0.006445660118712695,
        "n": 58,
        "at_nominal_step": 1.0987023045666386,
        "se_at_step": 0.6445660118712695,
        "residual_sd": 1.9834812717708006,
        "sigma_data_used": 12.0
      },
      "gate": {
        "score": 0.014962993271089409,
        "tier": "not_exposed"
      }
    },
    {
      "action": "bedtime",
      "outcome": "deep_sleep",
      "nominal_step": -0.5,
      "dose_multiplier": 0.7701238236606847,
      "dose_multiplier_raw": 0.7701238236606847,
      "direction_conflict": false,
      "scaled_effect": 0.4961844425332076,
      "posterior": {
        "mean": 0.6442917713863968,
        "variance": 0.6894964437862106,
        "sd": 0.8303592257488385,
        "contraction": 0.27012382366068466,
        "prior_mean": 0.6072164646464647,
        "prior_variance": 0.9446759137205589,
        "source": "pop+cohort+user",
        "lam_js": 0.8768472906403941,
        "n_cohort": 534,
        "z_like": 0.7759193267291739
      },
      "cohort_prior": {
        "mean": 0.6056498876404495,
        "variance": 0.9560138510611396,
        "n": 534
      },
      "user_obs": {
        "slope": -1.4885818410628022,
        "se": 0.6195889565416073,
        "n": 58,
        "at_nominal_step": 0.7442909205314011,
        "se_at_step": 0.30979447827080364,
        "residual_sd": 1.96680093866507,
        "sigma_data_used": 12.0
      },
      "gate": {
        "score": 0.27012382366068466,
        "tier": "not_exposed"
      }
    },
    {
      "action": "bedtime",
      "outcome": "sleep_quality",
      "nominal_step": -0.5,
      "dose_multiplier": 1.012598386808996,
      "dose_multiplier_raw": 1.012598386808996,
      "direction_conflict": false,
      "scaled_effect": 0.7534555816958899,
      "posterior": {
        "mean": 0.7440813569437499,
        "variance": 0.432277072457734,
        "sd": 0.6574778113805317,
        "contraction": 0.512598386808996,
        "prior_mean": 0.4607862962962966,
        "prior_variance": 0.8869011935098631,
        "source": "pop+cohort+user",
        "lam_js": 0.8768472906403941,
        "n_cohort": 534,
        "z_like": 1.1317208642849457
      },
      "cohort_prior": {
        "mean": 0.46373086142322145,
        "variance": 0.8849888909576128,
        "n": 534
      },
      "user_obs": {
        "slope": -2.0239688068418378,
        "se": 0.4186629096106575,
        "n": 58,
        "at_nominal_step": 1.0119844034209189,
        "se_at_step": 0.20933145480532875,
        "residual_sd": 1.3289885090958604,
        "sigma_data_used": 7.0
      },
      "gate": {
        "score": 0.512598386808996,
        "tier": "possible"
      }
    },
    {
      "action": "running_volume",
      "outcome": "hrv_daily",
      "nominal_step": 30.0,
      "dose_multiplier": 1.120246802740201,
      "dose_multiplier_raw": 1.120246802740201,
      "direction_conflict": false,
      "scaled_effect": 0.20754132708715559,
      "posterior": {
        "mean": 0.18526393164389773,
        "variance": 0.11451139444957417,
        "sd": 0.33839532273595946,
        "contraction": 0.620246802740201,
        "prior_mean": 0.14166006734006745,
        "prior_variance": 0.3015416203888705,
        "source": "pop+cohort+user",
        "lam_js": 0.8768472906403941,
        "n_cohort": 534,
        "z_like": 0.5474778142499743
      },
      "cohort_prior": {
        "mean": 0.13417902621722846,
        "variance": 0.24427088794406634,
        "n": 534
      },
      "user_obs": {
        "slope": 0.22762298266787676,
        "se": 0.2909722854660709,
        "n": 58,
        "at_nominal_step": 0.22762298266787676,
        "se_at_step": 0.2909722854660709,
        "residual_sd": 1.674888429351066,
        "sigma_data_used": 3.5
      },
      "gate": {
        "score": 0.620246802740201,
        "tier": "possible"
      }
    },
    {
      "action": "sleep_duration",
      "outcome": "hrv_daily",
      "nominal_step": 0.5,
      "dose_multiplier": 0.5241850425609117,
      "dose_multiplier_raw": 0.5241850425609117,
      "direction_conflict": false,
      "scaled_effect": 0.06990139597895793,
      "posterior": {
        "mean": 0.13335251925055683,
        "variance": 0.0028627834485825698,
        "sd": 0.053504985268501566,
        "contraction": 0.024185042560911696,
        "prior_mean": 0.13540993265993234,
        "prior_variance": 0.0029337359780747863,
        "source": "pop+cohort+user",
        "lam_js": 0.8768472906403941,
        "n_cohort": 534,
        "z_like": 2.492338210754757
      },
      "cohort_prior": {
        "mean": 0.13457651150347733,
        "variance": 0.002897733991751291,
        "n": 534
      },
      "user_obs": {
        "slope": 0.07360931629320885,
        "se": 0.6899752953597516,
        "n": 58,
        "at_nominal_step": 0.03680465814660443,
        "se_at_step": 0.3449876476798758,
        "residual_sd": 1.6748884293510677,
        "sigma_data_used": 3.5
      },
      "gate": {
        "score": 0.024185042560911696,
        "tier": "not_exposed"
      }
    },
    {
      "action": "training_load",
      "outcome": "hrv_daily",
      "nominal_step": 100.0,
      "dose_multiplier": 1.4508966252752653,
      "dose_multiplier_raw": 1.4508966252752653,
      "direction_conflict": false,
      "scaled_effect": -3.488514345743836,
      "posterior": {
        "mean": -2.404385181530071,
        "variance": 0.20085509115264738,
        "sd": 0.44816859679438426,
        "contraction": 0.9508966252752653,
        "prior_mean": -5.056217651515151,
        "prior_variance": 4.090453910318943,
        "source": "pop+cohort+user",
        "lam_js": 0.8768472906403941,
        "n_cohort": 534,
        "z_like": -5.364912219927764
      },
      "cohort_prior": {
        "mean": -5.061554325842696,
        "variance": 4.099093150953106,
        "n": 534
      },
      "user_obs": {
        "slope": -0.022674720753603533,
        "se": 0.016510587598556753,
        "n": 58,
        "at_nominal_step": -2.2674720753603532,
        "se_at_step": 1.6510587598556752,
        "residual_sd": 1.6748884293510669,
        "sigma_data_used": 3.5
      },
      "gate": {
        "score": 0.9508966252752653,
        "tier": "recommended"
      }
    },
    {
      "action": "training_load",
      "outcome": "resting_hr",
      "nominal_step": 100.0,
      "dose_multiplier": 1.4165122067858007,
      "dose_multiplier_raw": 1.4165122067858007,
      "direction_conflict": false,
      "scaled_effect": 0.8877723407741434,
      "posterior": {
        "mean": 0.6267311615962577,
        "variance": 0.02275784878475381,
        "sd": 0.15085704751437307,
        "contraction": 0.9165122067858007,
        "prior_mean": 1.305251261157877,
        "prior_variance": 0.2725889367606766,
        "source": "pop+cohort+user",
        "lam_js": 0.8768472906403941,
        "n_cohort": 534,
        "z_like": 4.154470552902378
      },
      "cohort_prior": {
        "mean": 1.306352479669686,
        "variance": 0.273049088182262,