{
  "pid": 875,
  "cohort": "cohort_b",
  "age": 36,
  "is_female": true,
  "effects_bayesian": [
    {
      "action": "active_energy",
      "outcome": "deep_sleep",
      "nominal_step": 100.0,
      "dose_multiplier": 0.5439765337290721,
      "dose_multiplier_raw": 0.5439765337290721,
      "direction_conflict": false,
      "scaled_effect": 0.3887051979599125,
      "posterior": {
        "mean": 0.7145624376390975,
        "variance": 0.07328409730019991,
        "sd": 0.2707103568395563,
        "contraction": 0.043976533729072065,
        "prior_mean": 0.6921665440115441,
        "prior_variance": 0.07665512394382158,
        "source": "pop+cohort+user",
        "lam_js": 0.8472505091649695,
        "n_cohort": 416,
        "z_like": 2.6395829327749065
      },
      "cohort_prior": {
        "mean": 0.6841722046703297,
        "variance": 0.07489465690295352,
        "n": 416
      },
      "user_obs": {
        "slope": 0.018551074335736627,
        "se": 0.008216679098471671,
        "n": 49,
        "at_nominal_step": 1.8551074335736626,
        "se_at_step": 0.8216679098471671,
        "residual_sd": 2.141905127480452,
        "sigma_data_used": 12.0
      },
      "gate": {
        "score": 0.043976533729072065,
        "tier": "not_exposed"
      }
    },
    {
      "action": "bedtime",
      "outcome": "deep_sleep",
      "nominal_step": -0.5,
      "dose_multiplier": 0.746445308843454,
      "dose_multiplier_raw": 0.746445308843454,
      "direction_conflict": false,
      "scaled_effect": 0.5925536836799861,
      "posterior": {
        "mean": 0.7938340246227706,
        "variance": 0.7118649664067237,
        "sd": 0.8437209055171762,
        "contraction": 0.24644530884345395,
        "prior_mean": 0.6072164646464647,
        "prior_variance": 0.9446759137205589,
        "source": "pop+cohort+user",
        "lam_js": 0.8472505091649695,
        "n_cohort": 416,
        "z_like": 0.9408727689829774
      },
      "cohort_prior": {
        "mean": 0.6215986538461539,
        "variance": 0.9384823525592582,
        "n": 416
      },
      "user_obs": {
        "slope": -2.679012669702035,
        "se": 0.9481608162961018,
        "n": 49,
        "at_nominal_step": 1.3395063348510174,
        "se_at_step": 0.4740804081480509,
        "residual_sd": 2.1550671715967376,
        "sigma_data_used": 12.0
      },
      "gate": {
        "score": 0.24644530884345395,
        "tier": "not_exposed"
      }
    },
    {
      "action": "bedtime",
      "outcome": "sleep_quality",
      "nominal_step": -0.5,
      "dose_multiplier": 0.9662885639398574,
      "dose_multiplier_raw": 0.9662885639398574,
      "direction_conflict": false,
      "scaled_effect": 0.22948569220849369,
      "posterior": {
        "mean": 0.23749188469416374,
        "variance": 0.4733493096316035,
        "sd": 0.6880038587330768,
        "contraction": 0.4662885639398574,
        "prior_mean": 0.4607862962962966,
        "prior_variance": 0.8869011935098631,
        "source": "pop+cohort+user",
        "lam_js": 0.8472505091649695,
        "n_cohort": 416,
        "z_like": 0.3451897568299873
      },
      "cohort_prior": {
        "mean": 0.4770937500000001,
        "variance": 0.9009695161433738,
        "n": 416
      },
      "user_obs": {
        "slope": 0.05263768028460938,
        "se": 0.529987181154024,
        "n": 49,
        "at_nominal_step": -0.02631884014230469,
        "se_at_step": 0.264993590577012,
        "residual_sd": 1.2046036451219946,
        "sigma_data_used": 7.0
      },
      "gate": {
        "score": 0.4662885639398574,
        "tier": "possible"
      }
    },
    {
      "action": "running_volume",
      "outcome": "hrv_daily",
      "nominal_step": 30.0,
      "dose_multiplier": 1.1042942482395492,
      "dose_multiplier_raw": 1.1042942482395492,
      "direction_conflict": false,
      "scaled_effect": 0.2337597269997498,
      "posterior": {
        "mean": 0.21168246359374449,
        "variance": 0.11932175358304244,
        "sd": 0.34542980992242467,
        "contraction": 0.6042942482395494,
        "prior_mean": 0.14166006734006745,
        "prior_variance": 0.3015416203888705,
        "source": "pop+cohort+user",
        "lam_js": 0.8472505091649695,
        "n_cohort": 416,
        "z_like": 0.6128089050602881
      },
      "cohort_prior": {
        "mean": 0.11986480769230796,
        "variance": 0.2186938498312511,
        "n": 416
      },
      "user_obs": {
        "slope": 0.30859282538668675,
        "se": 0.26238444170887143,
        "n": 49,
        "at_nominal_step": 0.30859282538668675,
        "se_at_step": 0.26238444170887143,
        "residual_sd": 1.7336043508864942,
        "sigma_data_used": 3.5
      },
      "gate": {
        "score": 0.6042942482395494,
        "tier": "possible"
      }
    },
    {
      "action": "sleep_duration",
      "outcome": "hrv_daily",
      "nominal_step": 0.5,
      "dose_multiplier": 0.5039759879681849,
      "dose_multiplier_raw": 0.5039759879681849,
      "direction_conflict": false,
      "scaled_effect": 0.06922127089161172,
      "posterior": {
        "mean": 0.13735033522268036,
        "variance": 0.0029220714791241297,
        "sd": 0.054056188166796686,
        "contraction": 0.00397598796818488,
        "prior_mean": 0.13540993265993234,
        "prior_variance": 0.0029337359780747863,
        "source": "pop+cohort+user",
        "lam_js": 0.8472505091649695,
        "n_cohort": 416,
        "z_like": 2.540880884883519
      },
      "cohort_prior": {
        "mean": 0.13603296703296702,
        "variance": 0.002960794899166767,
        "n": 416
      },
      "user_obs": {
        "slope": 0.5135767988949785,
        "se": 0.7106130510403584,
        "n": 49,
        "at_nominal_step": 0.25678839944748927,
        "se_at_step": 0.3553065255201792,
        "residual_sd": 1.7336043508864938,
        "sigma_data_used": 3.5
      },
      "gate": {
        "score": 0.00397598796818488,
        "tier": "not_exposed"
      }
    },
    {
      "action": "training_load",
      "outcome": "hrv_daily",
      "nominal_step": 100.0,
      "dose_multiplier": 0.5,
      "dose_multiplier_raw": 1.4424219101308449,
      "direction_conflict": true,
      "scaled_effect": 0.488986888485701,
      "posterior": {
        "mean": 0.977973776971402,
        "variance": 0.23552052285398178,
        "sd": 0.4853045671060409,
        "contraction": 0.9424219101308448,
        "prior_mean": -5.056217651515151,
        "prior_variance": 4.090453910318943,
        "source": "pop+cohort+user",
        "lam_js": 0.8472505091649695,
        "n_cohort": 416,
        "z_like": 2.015175300746162
      },
      "cohort_prior": {
        "mean": -5.038698533653847,
        "variance": 4.062157266087269,
        "n": 416
      },
      "user_obs": {
        "slope": 0.01348035017357417,
        "se": 0.02589133920165691,
        "n": 49,
        "at_nominal_step": 1.348035017357417,
        "se_at_step": 2.589133920165691,
        "residual_sd": 1.7336043508864942,
        "sigma_data_used": 3.5
      },
      "gate": {
        "score": 0.4712109550654224,
        "tier": "possible"
      }
    },
    {
      "action": "training_load",
      "outcome": "resting_hr",
      "nominal_step": 100.0,
      "dose_multiplier": 0.5,
      "dose_multiplier_raw": 1.4027266542346961,
      "direction_conflict": true,
      "scaled_effect": -0.39651231951781457,
      "posterior": {
        "mean": -0.7930246390356291,
        "variance": 0.026515637897317847,
        "sd": 0.16283623029693928,
        "contraction": 0.9027266542346961,
        "prior_mean": 1.305251261157877,
        "prior_variance": 0.2725889367606766,
        "source": "pop+cohort+user",
        "lam_js": 0.8472505091649695,
        "n_cohort": 416,
        "z_like": -4.870074906484341
      },
      "cohort_prior": {
        "mean": 1.3016362050919952,
        "variance": 0.2710810896650065,
        "n": 416
      },