{
  "pid": 1146,
  "cohort": "cohort_c",
  "age": 42,
  "is_female": true,
  "effects_bayesian": [
    {
      "action": "active_energy",
      "outcome": "deep_sleep",
      "nominal_step": 100.0,
      "dose_multiplier": 0.521581658224058,
      "dose_multiplier_raw": 0.521581658224058,
      "direction_conflict": false,
      "scaled_effect": 0.3381866080420655,
      "posterior": {
        "mean": 0.6483866959462545,
        "variance": 0.07500077925774322,
        "sd": 0.27386270147236774,
        "contraction": 0.021581658224057998,
        "prior_mean": 0.6921665440115441,
        "prior_variance": 0.07665512394382158,
        "source": "pop+cohort+user",
        "lam_js": 0.7603833865814696,
        "n_cohort": 238,
        "z_like": 2.367561162802871
      },
      "cohort_prior": {
        "mean": 0.6920608463385354,
        "variance": 0.07663171440556958,
        "n": 238
      },
      "user_obs": {
        "slope": -0.013543071117398595,
        "se": 0.007173970262403658,
        "n": 41,
        "at_nominal_step": -1.3543071117398595,
        "se_at_step": 0.7173970262403658,
        "residual_sd": 1.9141452388251787,
        "sigma_data_used": 12.0
      },
      "gate": {
        "score": 0.021581658224057998,
        "tier": "not_exposed"
      }
    },
    {
      "action": "bedtime",
      "outcome": "deep_sleep",
      "nominal_step": -0.5,
      "dose_multiplier": 0.716151879727341,
      "dose_multiplier_raw": 0.716151879727341,
      "direction_conflict": false,
      "scaled_effect": 0.40338225234844827,
      "posterior": {
        "mean": 0.5632635531195243,
        "variance": 0.7404824392367167,
        "sd": 0.8605128931263707,
        "contraction": 0.21615187972734096,
        "prior_mean": 0.6072164646464647,
        "prior_variance": 0.9446759137205589,
        "source": "pop+cohort+user",
        "lam_js": 0.7603833865814696,
        "n_cohort": 238,
        "z_like": 0.654567244278124
      },
      "cohort_prior": {
        "mean": 0.5855927731092442,
        "variance": 0.9363184076048073,
        "n": 238
      },
      "user_obs": {
        "slope": -0.9205761789106836,
        "se": 0.8243312948042619,
        "n": 41,
        "at_nominal_step": 0.4602880894553418,
        "se_at_step": 0.41216564740213096,
        "residual_sd": 1.855986883028082,
        "sigma_data_used": 12.0
      },
      "gate": {
        "score": 0.21615187972734096,
        "tier": "not_exposed"
      }
    },
    {
      "action": "bedtime",
      "outcome": "sleep_quality",
      "nominal_step": -0.5,
      "dose_multiplier": 0.9306327139923937,
      "dose_multiplier_raw": 0.9306327139923937,
      "direction_conflict": false,
      "scaled_effect": 0.5936956091306239,
      "posterior": {
        "mean": 0.6379483551396801,
        "variance": 0.5049725255056177,
        "sd": 0.7106141889278722,
        "contraction": 0.43063271399239367,
        "prior_mean": 0.4607862962962966,
        "prior_variance": 0.8869011935098631,
        "source": "pop+cohort+user",
        "lam_js": 0.7603833865814696,
        "n_cohort": 238,
        "z_like": 0.8977422138195332
      },
      "cohort_prior": {
        "mean": 0.42567579831932817,
        "variance": 0.8706033108101122,
        "n": 238
      },
      "user_obs": {
        "slope": -1.8331290684871797,
        "se": 0.5071481814793946,
        "n": 41,
        "at_nominal_step": 0.9165645342435899,
        "se_at_step": 0.2535740907396973,
        "residual_sd": 1.1418471899708775,
        "sigma_data_used": 7.0
      },
      "gate": {
        "score": 0.43063271399239367,
        "tier": "possible"
      }
    },
    {
      "action": "running_volume",
      "outcome": "hrv_daily",
      "nominal_step": 30.0,
      "dose_multiplier": 0.8943525280616283,
      "dose_multiplier_raw": 0.8943525280616283,
      "direction_conflict": false,
      "scaled_effect": 0.013656007376586097,
      "posterior": {
        "mean": 0.015269155001085975,
        "variance": 0.18262792007271955,
        "sd": 0.42734988015994524,
        "contraction": 0.39435252806162835,
        "prior_mean": 0.14166006734006745,
        "prior_variance": 0.3015416203888705,
        "source": "pop+cohort+user",
        "lam_js": 0.7603833865814696,
        "n_cohort": 238,
        "z_like": 0.03572986845198401
      },
      "cohort_prior": {
        "mean": 0.19654117647058833,
        "variance": 0.5699868837170512,
        "n": 238
      },
      "user_obs": {
        "slope": -0.09165729443824404,
        "se": 0.4614398892964629,
        "n": 41,
        "at_nominal_step": -0.09165729443824404,
        "se_at_step": 0.4614398892964629,
        "residual_sd": 1.6517096657152697,
        "sigma_data_used": 3.5
      },
      "gate": {
        "score": 0.39435252806162835,
        "tier": "possible"
      }
    },
    {
      "action": "sleep_duration",
      "outcome": "hrv_daily",
      "nominal_step": 0.5,
      "dose_multiplier": 0.5011224174051987,
      "dose_multiplier_raw": 0.5011224174051987,
      "direction_conflict": false,
      "scaled_effect": 0.0722995556319951,
      "posterior": {
        "mean": 0.14427523718926938,
        "variance": 0.0029304431017507376,
        "sd": 0.05413356723651913,
        "contraction": 0.0011224174051986946,
        "prior_mean": 0.13540993265993234,
        "prior_variance": 0.0029337359780747863,
        "source": "pop+cohort+user",
        "lam_js": 0.7603833865814696,
        "n_cohort": 238,
        "z_like": 2.665171437140016
      },
      "cohort_prior": {
        "mean": 0.13619087635053972,
        "variance": 0.0029676727681804804,
        "n": 238
      },
      "user_obs": {
        "slope": 1.9586870279732598,
        "se": 0.7938394977471663,
        "n": 41,
        "at_nominal_step": 0.9793435139866299,
        "se_at_step": 0.39691974887358317,
        "residual_sd": 1.651709665715269,
        "sigma_data_used": 3.5
      },
      "gate": {
        "score": 0.0011224174051986946,
        "tier": "not_exposed"
      }
    },
    {
      "action": "training_load",
      "outcome": "hrv_daily",
      "nominal_step": 100.0,
      "dose_multiplier": 0.5,
      "dose_multiplier_raw": 1.4319029361601514,
      "direction_conflict": true,
      "scaled_effect": 0.89670945117616,
      "posterior": {
        "mean": 1.79341890235232,
        "variance": 0.2785479010649476,
        "sd": 0.5277763741064463,
        "contraction": 0.9319029361601514,
        "prior_mean": -5.056217651515151,
        "prior_variance": 4.090453910318943,
        "source": "pop+cohort+user",
        "lam_js": 0.7603833865814696,
        "n_cohort": 238,
        "z_like": 3.3980659050694992
      },
      "cohort_prior": {
        "mean": -5.074865420168067,
        "variance": 4.120681445250819,
        "n": 238
      },
      "user_obs": {
        "slope": 0.022919785834866993,
        "se": 0.021617725399862397,
        "n": 41,
        "at_nominal_step": 2.2919785834866993,
        "se_at_step": 2.1617725399862397,
        "residual_sd": 1.6517096657152686,
        "sigma_data_used": 3.5
      },
      "gate": {
        "score": 0.4659514680800757,
        "tier": "possible"
      }
    },
    {
      "action": "training_load",
      "outcome": "resting_hr",
      "nominal_step": 100.0,
      "dose_multiplier": 1.3858023709377791,
      "dose_multiplier_raw": 1.3858023709377791,
      "direction_conflict": false,
      "scaled_effect": 0.8864736647261636,
      "posterior": {
        "mean": 0.6396826007205361,
        "variance": 0.031129010286660944,
        "sd": 0.17643415283516098,
        "contraction": 0.885802370937779,
        "prior_mean": 1.305251261157877,
        "prior_variance": 0.2725889367606766,
        "source": "pop+cohort+user",
        "lam_js": 0.7603833865814696,
        "n_cohort": 238,
        "z_like": 3.6256166419104763
      },
      "cohort_prior": {
        "mean": 1.3090992134188058,
        "variance": 0.2741985200917978,