{
  "pid": 927,
  "cohort": "cohort_b",
  "age": 41,
  "is_female": false,
  "effects_bayesian": [
    {
      "action": "active_energy",
      "outcome": "deep_sleep",
      "nominal_step": 100.0,
      "dose_multiplier": 0.5405585991539742,
      "dose_multiplier_raw": 0.5405585991539742,
      "direction_conflict": false,
      "scaled_effect": 0.3537180988737934,
      "posterior": {
        "mean": 0.6543566218859453,
        "variance": 0.07354609949868592,
        "sd": 0.27119384118870754,
        "contraction": 0.040558599153974195,
        "prior_mean": 0.6921665440115441,
        "prior_variance": 0.07665512394382158,
        "source": "pop+cohort+user",
        "lam_js": 0.8472505091649695,
        "n_cohort": 416,
        "z_like": 2.4128741973554546
      },
      "cohort_prior": {
        "mean": 0.6841722046703297,
        "variance": 0.07489465690295352,
        "n": 416
      },
      "user_obs": {
        "slope": -0.007614759303917279,
        "se": 0.00741812993684599,
        "n": 42,
        "at_nominal_step": -0.7614759303917279,
        "se_at_step": 0.7418129936845991,
        "residual_sd": 2.022968901881098,
        "sigma_data_used": 12.0
      },
      "gate": {
        "score": 0.040558599153974195,
        "tier": "not_exposed"
      }
    },
    {
      "action": "bedtime",
      "outcome": "deep_sleep",
      "nominal_step": -0.5,
      "dose_multiplier": 0.7194341823366189,
      "dose_multiplier_raw": 0.7194341823366189,
      "direction_conflict": false,
      "scaled_effect": 0.5678523580702696,
      "posterior": {
        "mean": 0.7893041114976864,
        "variance": 0.7373817270201897,
        "sd": 0.8587093379137027,
        "contraction": 0.21943418233661893,
        "prior_mean": 0.6072164646464647,
        "prior_variance": 0.9446759137205589,
        "source": "pop+cohort+user",
        "lam_js": 0.8472505091649695,
        "n_cohort": 416,
        "z_like": 0.9191749485516933
      },
      "cohort_prior": {
        "mean": 0.6215986538461539,
        "variance": 0.9384823525592582,
        "n": 416
      },
      "user_obs": {
        "slope": -2.8187783635917665,
        "se": 0.6658706774058577,
        "n": 42,
        "at_nominal_step": 1.4093891817958832,
        "se_at_step": 0.33293533870292885,
        "residual_sd": 2.052116773873218,
        "sigma_data_used": 12.0
      },
      "gate": {
        "score": 0.21943418233661893,
        "tier": "not_exposed"
      }
    },
    {
      "action": "bedtime",
      "outcome": "sleep_quality",
      "nominal_step": -0.5,
      "dose_multiplier": 0.9275808175341277,
      "dose_multiplier_raw": 0.9275808175341277,
      "direction_conflict": false,
      "scaled_effect": 0.8164162394608296,
      "posterior": {
        "mean": 0.8801564500128227,
        "variance": 0.5076792561169222,
        "sd": 0.7125161444605463,
        "contraction": 0.4275808175341277,
        "prior_mean": 0.4607862962962966,
        "prior_variance": 0.8869011935098631,
        "source": "pop+cohort+user",
        "lam_js": 0.8472505091649695,
        "n_cohort": 416,
        "z_like": 1.2352793082031828
      },
      "cohort_prior": {
        "mean": 0.4770937500000001,
        "variance": 0.9009695161433738,
        "n": 416
      },
      "user_obs": {
        "slope": -2.8131617210108297,
        "se": 0.37545276066635125,
        "n": 42,
        "at_nominal_step": 1.4065808605054149,
        "se_at_step": 0.18772638033317562,
        "residual_sd": 1.157090909847667,
        "sigma_data_used": 7.0
      },
      "gate": {
        "score": 0.4275808175341277,
        "tier": "possible"
      }
    },
    {
      "action": "running_volume",
      "outcome": "hrv_daily",
      "nominal_step": 30.0,
      "dose_multiplier": 1.0753392386865,
      "dose_multiplier_raw": 1.0753392386865,
      "direction_conflict": false,
      "scaled_effect": 0.23563133794662428,
      "posterior": {
        "mean": 0.21912279350509153,
        "variance": 0.1280528940820442,
        "sd": 0.35784479049169376,
        "contraction": 0.5753392386864998,
        "prior_mean": 0.14166006734006745,
        "prior_variance": 0.3015416203888705,
        "source": "pop+cohort+user",
        "lam_js": 0.8472505091649695,
        "n_cohort": 416,
        "z_like": 0.6123403199582914
      },
      "cohort_prior": {
        "mean": 0.11986480769230796,
        "variance": 0.2186938498312511,
        "n": 416
      },
      "user_obs": {
        "slope": 0.34169142606166564,
        "se": 0.37105601075475697,
        "n": 42,
        "at_nominal_step": 0.34169142606166564,
        "se_at_step": 0.37105601075475697,
        "residual_sd": 1.7719228395314006,
        "sigma_data_used": 3.5
      },
      "gate": {
        "score": 0.5753392386864998,
        "tier": "possible"
      }
    },
    {
      "action": "sleep_duration",
      "outcome": "hrv_daily",
      "nominal_step": 0.5,
      "dose_multiplier": 0.5023100901220912,
      "dose_multiplier_raw": 0.5023100901220912,
      "direction_conflict": false,
      "scaled_effect": 0.07404225436692104,
      "posterior": {
        "mean": 0.14740347809641724,
        "variance": 0.0029269587835710122,
        "sd": 0.05410137506173953,
        "contraction": 0.0023100901220911574,
        "prior_mean": 0.13540993265993234,
        "prior_variance": 0.0029337359780747863,
        "source": "pop+cohort+user",
        "lam_js": 0.8472505091649695,
        "n_cohort": 416,
        "z_like": 2.724579142918327
      },
      "cohort_prior": {
        "mean": 0.13603296703296702,
        "variance": 0.002960794899166767,
        "n": 416
      },
      "user_obs": {
        "slope": 2.556948052922265,
        "se": 1.038767220738372,
        "n": 42,
        "at_nominal_step": 1.2784740264611325,
        "se_at_step": 0.519383610369186,
        "residual_sd": 1.771922839531402,
        "sigma_data_used": 3.5
      },
      "gate": {
        "score": 0.0023100901220911574,
        "tier": "not_exposed"
      }
    },
    {
      "action": "training_load",
      "outcome": "hrv_daily",
      "nominal_step": 100.0,
      "dose_multiplier": 0.5,
      "dose_multiplier_raw": 1.4334677961692135,
      "direction_conflict": true,
      "scaled_effect": 1.217133096243522,
      "posterior": {
        "mean": 2.434266192487044,
        "variance": 0.2721469133217774,
        "sd": 0.5216770201204739,
        "contraction": 0.9334677961692135,
        "prior_mean": -5.056217651515151,
        "prior_variance": 4.090453910318943,
        "source": "pop+cohort+user",
        "lam_js": 0.8472505091649695,
        "n_cohort": 416,
        "z_like": 4.666232359487265
      },
      "cohort_prior": {
        "mean": -5.038698533653847,
        "variance": 4.062157266087269,
        "n": 416
      },
      "user_obs": {
        "slope": 0.029704569653214226,
        "se": 0.022450924762593194,
        "n": 42,
        "at_nominal_step": 2.970456965321423,
        "se_at_step": 2.2450924762593196,
        "residual_sd": 1.771922839531403,
        "sigma_data_used": 3.5
      },
      "gate": {
        "score": 0.46673389808460675,
        "tier": "possible"
      }
    },
    {
      "action": "training_load",
      "outcome": "resting_hr",
      "nominal_step": 100.0,
      "dose_multiplier": 1.3883333268028517,
      "dose_multiplier_raw": 1.3883333268028517,
      "direction_conflict": false,
      "scaled_effect": 0.9938990435060487,
      "posterior": {
        "mean": 0.7158936721593128,
        "variance": 0.030439099718412597,
        "sd": 0.1744680478437602,
        "contraction": 0.8883333268028517,
        "prior_mean": 1.305251261157877,
        "prior_variance": 0.2725889367606766,
        "source": "pop+cohort+user",
        "lam_js": 0.8472505091649695,
        "n_cohort": 416,
        "z_like": 4.103293875337051
      },
      "cohort_prior": {
        "mean": 1.3016362050919952,
        "variance": 0.2710810896650065,
        "n": 416
      },