{
  "pid": 1126,
  "cohort": "cohort_c",
  "age": 32,
  "is_female": false,
  "effects_bayesian": [
    {
      "action": "active_energy",
      "outcome": "deep_sleep",
      "nominal_step": 100.0,
      "dose_multiplier": 0.519027014531665,
      "dose_multiplier_raw": 0.519027014531665,
      "direction_conflict": false,
      "scaled_effect": 0.3599580346774162,
      "posterior": {
        "mean": 0.6935246617215447,
        "variance": 0.07519660578661591,
        "sd": 0.2742199952348769,
        "contraction": 0.019027014531665,
        "prior_mean": 0.6921665440115441,
        "prior_variance": 0.07665512394382158,
        "source": "pop+cohort+user",
        "lam_js": 0.7603833865814696,
        "n_cohort": 238,
        "z_like": 2.5290812988583196
      },
      "cohort_prior": {
        "mean": 0.6920608463385354,
        "variance": 0.07663171440556958,
        "n": 238
      },
      "user_obs": {
        "slope": 0.007686049708547721,
        "se": 0.00671024816536321,
        "n": 36,
        "at_nominal_step": 0.7686049708547721,
        "se_at_step": 0.6710248165363211,
        "residual_sd": 2.126990621065508,
        "sigma_data_used": 12.0
      },
      "gate": {
        "score": 0.019027014531665,
        "tier": "not_exposed"
      }
    },
    {
      "action": "bedtime",
      "outcome": "deep_sleep",
      "nominal_step": -0.5,
      "dose_multiplier": 0.6954663577174314,
      "dose_multiplier_raw": 0.6954663577174314,
      "direction_conflict": false,
      "scaled_effect": 0.5694901901008506,
      "posterior": {
        "mean": 0.8188608748379385,
        "variance": 0.7600235536422149,
        "sd": 0.8717932975437555,
        "contraction": 0.19546635771743137,
        "prior_mean": 0.6072164646464647,
        "prior_variance": 0.9446759137205589,
        "source": "pop+cohort+user",
        "lam_js": 0.7603833865814696,
        "n_cohort": 238,
        "z_like": 0.9392832878447769
      },
      "cohort_prior": {
        "mean": 0.5855927731092442,
        "variance": 0.9363184076048073,
        "n": 238
      },
      "user_obs": {
        "slope": -3.5823866264497886,
        "se": 0.7050976637323462,
        "n": 36,
        "at_nominal_step": 1.7911933132248943,
        "se_at_step": 0.3525488318661731,
        "residual_sd": 2.152172208660894,
        "sigma_data_used": 12.0
      },
      "gate": {
        "score": 0.19546635771743137,
        "tier": "not_exposed"
      }
    },
    {
      "action": "bedtime",
      "outcome": "sleep_quality",
      "nominal_step": -0.5,
      "dose_multiplier": 0.8997006014037559,
      "dose_multiplier_raw": 0.8997006014037559,
      "direction_conflict": false,
      "scaled_effect": 0.5848191019713628,
      "posterior": {
        "mean": 0.6500152395795891,
        "variance": 0.532406253078262,
        "sd": 0.7296617388065938,
        "contraction": 0.39970060140375585,
        "prior_mean": 0.4607862962962966,
        "prior_variance": 0.8869011935098631,
        "source": "pop+cohort+user",
        "lam_js": 0.7603833865814696,
        "n_cohort": 238,
        "z_like": 0.8908446270496909
      },
      "cohort_prior": {
        "mean": 0.42567579831932817,
        "variance": 0.8706033108101122,
        "n": 238
      },
      "user_obs": {
        "slope": -1.97222109013075,
        "se": 0.48413719933369753,
        "n": 36,
        "at_nominal_step": 0.986110545065375,
        "se_at_step": 0.24206859966684877,
        "residual_sd": 1.4777337653758338,
        "sigma_data_used": 7.0
      },
      "gate": {
        "score": 0.39970060140375585,
        "tier": "possible"
      }
    },
    {
      "action": "running_volume",
      "outcome": "hrv_daily",
      "nominal_step": 30.0,
      "dose_multiplier": 0.8455700017720073,
      "dose_multiplier_raw": 0.8455700017720073,
      "direction_conflict": false,
      "scaled_effect": 0.09835975769404595,
      "posterior": {
        "mean": 0.11632361305145601,
        "variance": 0.19733788209675457,
        "sd": 0.44422728652881577,
        "contraction": 0.34557000177200725,
        "prior_mean": 0.14166006734006745,
        "prior_variance": 0.3015416203888705,
        "source": "pop+cohort+user",
        "lam_js": 0.7603833865814696,
        "n_cohort": 238,
        "z_like": 0.2618560736338524
      },
      "cohort_prior": {
        "mean": 0.19654117647058833,
        "variance": 0.5699868837170512,
        "n": 238
      },
      "user_obs": {
        "slope": 0.0677441431877669,
        "se": 0.5230566334568885,
        "n": 36,
        "at_nominal_step": 0.0677441431877669,
        "se_at_step": 0.5230566334568885,
        "residual_sd": 1.9290694001636186,
        "sigma_data_used": 3.5
      },
      "gate": {
        "score": 0.34557000177200725,
        "tier": "possible"
      }
    },
    {
      "action": "sleep_duration",
      "outcome": "hrv_daily",
      "nominal_step": 0.5,
      "dose_multiplier": 0.5,
      "dose_multiplier_raw": 0.5,
      "direction_conflict": false,
      "scaled_effect": 0.07323191668531977,
      "posterior": {
        "mean": 0.14646383337063953,
        "variance": 0.002933952399943096,
        "sd": 0.054165970866800646,
        "contraction": 0.0,
        "prior_mean": 0.13540993265993234,
        "prior_variance": 0.0029337359780747863,
        "source": "pop+cohort+user",
        "lam_js": 0.7603833865814696,
        "n_cohort": 238,
        "z_like": 2.7039824271000006
      },
      "cohort_prior": {
        "mean": 0.13619087635053972,
        "variance": 0.0029676727681804804,
        "n": 238
      },
      "user_obs": {
        "slope": 2.6983141924288097,
        "se": 1.2266954269241257,
        "n": 36,
        "at_nominal_step": 1.3491570962144048,
        "se_at_step": 0.6133477134620628,
        "residual_sd": 1.929069400163618,
        "sigma_data_used": 3.5
      },
      "gate": {
        "score": 0.0,
        "tier": "not_exposed"
      }
    },
    {
      "action": "training_load",
      "outcome": "hrv_daily",
      "nominal_step": 100.0,
      "dose_multiplier": 1.4231676321621594,
      "dose_multiplier_raw": 1.4231676321621594,
      "direction_conflict": false,
      "scaled_effect": -1.8305239952274168,
      "posterior": {
        "mean": -1.2862321724155417,
        "variance": 0.3142792594613588,
        "sd": 0.5606061536063967,
        "contraction": 0.9231676321621594,
        "prior_mean": -5.056217651515151,
        "prior_variance": 4.090453910318943,
        "source": "pop+cohort+user",
        "lam_js": 0.7603833865814696,
        "n_cohort": 238,
        "z_like": -2.2943597107187825
      },
      "cohort_prior": {
        "mean": -5.074865420168067,
        "variance": 4.120681445250819,
        "n": 238
      },
      "user_obs": {
        "slope": -0.009731899389552379,
        "se": 0.03601981673469211,
        "n": 36,
        "at_nominal_step": -0.9731899389552379,
        "se_at_step": 3.601981673469211,
        "residual_sd": 1.9290694001636173,
        "sigma_data_used": 3.5
      },
      "gate": {
        "score": 0.9231676321621594,
        "tier": "recommended"
      }
    },
    {
      "action": "training_load",
      "outcome": "resting_hr",
      "nominal_step": 100.0,
      "dose_multiplier": 1.371963287070203,
      "dose_multiplier_raw": 1.371963287070203,
      "direction_conflict": false,
      "scaled_effect": 0.19040778934525412,
      "posterior": {
        "mean": 0.13878490127229695,
        "variance": 0.03490139144386534,
        "sd": 0.1868191409996988,
        "contraction": 0.871963287070203,
        "prior_mean": 1.305251261157877,
        "prior_variance": 0.2725889367606766,
        "source": "pop+cohort+user",
        "lam_js": 0.7603833865814696,
        "n_cohort": 238,
        "z_like": 0.74288373519778
      },
      "cohort_prior": {
        "mean": 1.3090992134188058,
        "variance": 0.2741985200917978,
        "n": 238
      },