{
  "pid": 135,
  "cohort": "cohort_a",
  "age": 40,
  "is_female": false,
  "effects_bayesian": [
    {
      "action": "active_energy",
      "outcome": "deep_sleep",
      "nominal_step": 100.0,
      "dose_multiplier": 0.513928876738436,
      "dose_multiplier_raw": 0.513928876738436,
      "direction_conflict": false,
      "scaled_effect": 0.3500833111426324,
      "posterior": {
        "mean": 0.6811901937956432,
        "variance": 0.07558740417103856,
        "sd": 0.27493163544968513,
        "contraction": 0.013928876738436013,
        "prior_mean": 0.6921665440115441,
        "prior_variance": 0.07665512394382158,
        "source": "pop+cohort+user",
        "lam_js": 0.8768472906403941,
        "n_cohort": 534,
        "z_like": 2.4776711951735613
      },
      "cohort_prior": {
        "mean": 0.6984414526484751,
        "variance": 0.07805127404443395,
        "n": 534
      },
      "user_obs": {
        "slope": 0.00137082530443558,
        "se": 0.005306444077275965,
        "n": 56,
        "at_nominal_step": 0.137082530443558,
        "se_at_step": 0.5306444077275965,
        "residual_sd": 1.7069837941923915,
        "sigma_data_used": 12.0
      },
      "gate": {
        "score": 0.013928876738436013,
        "tier": "not_exposed"
      }
    },
    {
      "action": "bedtime",
      "outcome": "deep_sleep",
      "nominal_step": -0.5,
      "dose_multiplier": 0.7630667001950857,
      "dose_multiplier_raw": 0.7630667001950857,
      "direction_conflict": false,
      "scaled_effect": 0.6528438906011733,
      "posterior": {
        "mean": 0.8555528506672708,
        "variance": 0.696163138344314,
        "sd": 0.834363912417306,
        "contraction": 0.2630667001950857,
        "prior_mean": 0.6072164646464647,
        "prior_variance": 0.9446759137205589,
        "source": "pop+cohort+user",
        "lam_js": 0.8768472906403941,
        "n_cohort": 534,
        "z_like": 1.0253953196376586
      },
      "cohort_prior": {
        "mean": 0.6056498876404495,
        "variance": 0.9560138510611396,
        "n": 534
      },
      "user_obs": {
        "slope": -3.0564012816596167,
        "se": 0.4525512460030788,
        "n": 56,
        "at_nominal_step": 1.5282006408298083,
        "se_at_step": 0.2262756230015394,
        "residual_sd": 1.7211322743148338,
        "sigma_data_used": 12.0
      },
      "gate": {
        "score": 0.2630667001950857,
        "tier": "not_exposed"
      }
    },
    {
      "action": "bedtime",
      "outcome": "sleep_quality",
      "nominal_step": -0.5,
      "dose_multiplier": 1.0038442332442534,
      "dose_multiplier_raw": 1.0038442332442534,
      "direction_conflict": false,
      "scaled_effect": 0.8773561824613338,
      "posterior": {
        "mean": 0.8739963366884803,
        "variance": 0.4400411417024728,
        "sd": 0.6633559690712618,
        "contraction": 0.5038442332442534,
        "prior_mean": 0.4607862962962966,
        "prior_variance": 0.8869011935098631,
        "source": "pop+cohort+user",
        "lam_js": 0.8768472906403941,
        "n_cohort": 534,
        "z_like": 1.3175374571696816
      },
      "cohort_prior": {
        "mean": 0.46373086142322145,
        "variance": 0.8849888909576128,
        "n": 534
      },
      "user_obs": {
        "slope": -2.55976373492074,
        "se": 0.31331132443977944,
        "n": 56,
        "at_nominal_step": 1.27988186746037,
        "se_at_step": 0.15665566221988972,
        "residual_sd": 1.191578273542002,
        "sigma_data_used": 7.0
      },
      "gate": {
        "score": 0.5038442332442534,
        "tier": "possible"
      }
    },
    {
      "action": "running_volume",
      "outcome": "hrv_daily",
      "nominal_step": 30.0,
      "dose_multiplier": 0.5,
      "dose_multiplier_raw": 1.113011772276164,
      "direction_conflict": true,
      "scaled_effect": -0.018012440008398592,
      "posterior": {
        "mean": -0.036024880016797184,
        "variance": 0.11669305725926267,
        "sd": 0.34160365521941166,
        "contraction": 0.6130117722761642,
        "prior_mean": 0.14166006734006745,
        "prior_variance": 0.3015416203888705,
        "source": "pop+cohort+user",
        "lam_js": 0.8768472906403941,
        "n_cohort": 534,
        "z_like": -0.10545812220205443
      },
      "cohort_prior": {
        "mean": 0.13417902621722846,
        "variance": 0.24427088794406634,
        "n": 534
      },
      "user_obs": {
        "slope": -0.18568688094625294,
        "se": 0.35507830723887435,
        "n": 56,
        "at_nominal_step": -0.18568688094625294,
        "se_at_step": 0.35507830723887435,
        "residual_sd": 1.4344663143415461,
        "sigma_data_used": 3.5
      },
      "gate": {
        "score": 0.3065058861380821,
        "tier": "possible"
      }
    },
    {
      "action": "sleep_duration",
      "outcome": "hrv_daily",
      "nominal_step": 0.5,
      "dose_multiplier": 0.5237287399969176,
      "dose_multiplier_raw": 0.5237287399969176,
      "direction_conflict": false,
      "scaled_effect": 0.07607772323271553,
      "posterior": {
        "mean": 0.14526169259522265,
        "variance": 0.002864122119831447,
        "sd": 0.05351749358697067,
        "contraction": 0.023728739996917603,
        "prior_mean": 0.13540993265993234,
        "prior_variance": 0.0029337359780747863,
        "source": "pop+cohort+user",
        "lam_js": 0.8768472906403941,
        "n_cohort": 534,
        "z_like": 2.714284299565702
      },
      "cohort_prior": {
        "mean": 0.13457651150347733,
        "variance": 0.002897733991751291,
        "n": 534
      },
      "user_obs": {
        "slope": 1.8858614986663413,
        "se": 0.6901515259728537,
        "n": 56,
        "at_nominal_step": 0.9429307493331707,
        "se_at_step": 0.34507576298642684,
        "residual_sd": 1.4344663143415468,
        "sigma_data_used": 3.5
      },
      "gate": {
        "score": 0.023728739996917603,
        "tier": "not_exposed"
      }
    },
    {
      "action": "training_load",
      "outcome": "hrv_daily",
      "nominal_step": 100.0,
      "dose_multiplier": 1.4492318005692542,
      "dose_multiplier_raw": 1.4492318005692542,
      "direction_conflict": false,
      "scaled_effect": -2.624360952392824,
      "posterior": {
        "mean": -1.8108634873744713,
        "variance": 0.20766497988134625,
        "sd": 0.4557027319221888,
        "contraction": 0.9492318005692542,
        "prior_mean": -5.056217651515151,
        "prior_variance": 4.090453910318943,
        "source": "pop+cohort+user",
        "lam_js": 0.8768472906403941,
        "n_cohort": 534,
        "z_like": -3.9737823816331126
      },
      "cohort_prior": {
        "mean": -5.061554325842696,
        "variance": 4.099093150953106,
        "n": 534
      },
      "user_obs": {
        "slope": -0.016373788295271165,
        "se": 0.014850946849056345,
        "n": 56,
        "at_nominal_step": -1.6373788295271166,
        "se_at_step": 1.4850946849056346,
        "residual_sd": 1.4344663143415473,
        "sigma_data_used": 3.5
      },
      "gate": {
        "score": 0.9492318005692542,
        "tier": "recommended"
      }
    },
    {
      "action": "training_load",
      "outcome": "resting_hr",
      "nominal_step": 100.0,
      "dose_multiplier": 0.5,
      "dose_multiplier_raw": 1.4137871813838943,
      "direction_conflict": true,
      "scaled_effect": -0.46821020712644534,
      "posterior": {
        "mean": -0.9364204142528907,
        "variance": 0.023500660561705362,
        "sd": 0.15329925166714078,
        "contraction": 0.9137871813838941,
        "prior_mean": 1.305251261157877,
        "prior_variance": 0.2725889367606766,
        "source": "pop+cohort+user",
        "lam_js": 0.8768472906403941,
        "n_cohort": 534,
        "z_like": -6.108447393377651
      },
      "cohort_prior": {
        "mean": 1.306352479669686,
        "variance": 0.273049088182262,
        "n": 534
      },