{
  "pid": 1077,
  "cohort": "cohort_c",
  "age": 22,
  "is_female": false,
  "effects_bayesian": [
    {
      "action": "active_energy",
      "outcome": "deep_sleep",
      "nominal_step": 100.0,
      "dose_multiplier": 0.5169736744460943,
      "dose_multiplier_raw": 0.5169736744460943,
      "direction_conflict": false,
      "scaled_effect": 0.3403540476785307,
      "posterior": {
        "mean": 0.6583585673742465,
        "variance": 0.07535400482537415,
        "sd": 0.2745068393052788,
        "contraction": 0.016973674446094322,
        "prior_mean": 0.6921665440115441,
        "prior_variance": 0.07665512394382158,
        "source": "pop+cohort+user",
        "lam_js": 0.7603833865814696,
        "n_cohort": 238,
        "z_like": 2.398332110924517
      },
      "cohort_prior": {
        "mean": 0.6920608463385354,
        "variance": 0.07663171440556958,
        "n": 238
      },
      "user_obs": {
        "slope": -0.013220632647730109,
        "se": 0.007963727396191195,
        "n": 32,
        "at_nominal_step": -1.3220632647730108,
        "se_at_step": 0.7963727396191195,
        "residual_sd": 2.1032499858934677,
        "sigma_data_used": 12.0
      },
      "gate": {
        "score": 0.016973674446094322,
        "tier": "not_exposed"
      }
    },
    {
      "action": "bedtime",
      "outcome": "deep_sleep",
      "nominal_step": -0.5,
      "dose_multiplier": 0.6781149125834347,
      "dose_multiplier_raw": 0.6781149125834347,
      "direction_conflict": false,
      "scaled_effect": 0.39423693916313707,
      "posterior": {
        "mean": 0.581371876429027,
        "variance": 0.7764150459285453,
        "sd": 0.8811441686401523,
        "contraction": 0.1781149125834347,
        "prior_mean": 0.6072164646464647,
        "prior_variance": 0.9446759137205589,
        "source": "pop+cohort+user",
        "lam_js": 0.7603833865814696,
        "n_cohort": 238,
        "z_like": 0.6597920035335916
      },
      "cohort_prior": {
        "mean": 0.5855927731092442,
        "variance": 0.9363184076048073,
        "n": 238
      },
      "user_obs": {
        "slope": -1.0725594248817043,
        "se": 1.2262484364289548,
        "n": 32,
        "at_nominal_step": 0.5362797124408522,
        "se_at_step": 0.6131242182144774,
        "residual_sd": 2.124049080430901,
        "sigma_data_used": 12.0
      },
      "gate": {
        "score": 0.1781149125834347,
        "tier": "not_exposed"
      }
    },
    {
      "action": "bedtime",
      "outcome": "sleep_quality",
      "nominal_step": -0.5,
      "dose_multiplier": 0.8724251077798435,
      "dose_multiplier_raw": 0.8724251077798435,
      "direction_conflict": false,
      "scaled_effect": 0.26931834296044943,
      "posterior": {
        "mean": 0.3087008163323194,
        "variance": 0.5565969209268805,
        "sd": 0.7460542345747262,
        "contraction": 0.3724251077798435,
        "prior_mean": 0.4607862962962966,
        "prior_variance": 0.8869011935098631,
        "source": "pop+cohort+user",
        "lam_js": 0.7603833865814696,
        "n_cohort": 238,
        "z_like": 0.41377798292142703
      },
      "cohort_prior": {
        "mean": 0.42567579831932817,
        "variance": 0.8706033108101122,
        "n": 238
      },
      "user_obs": {
        "slope": -0.178269344064418,
        "se": 0.53029056740257,
        "n": 32,
        "at_nominal_step": 0.089134672032209,
        "se_at_step": 0.265145283701285,
        "residual_sd": 0.9185440393569607,
        "sigma_data_used": 7.0
      },
      "gate": {
        "score": 0.3724251077798435,
        "tier": "possible"
      }
    },
    {
      "action": "running_volume",
      "outcome": "hrv_daily",
      "nominal_step": 30.0,
      "dose_multiplier": 0.800496171909492,
      "dose_multiplier_raw": 0.800496171909492,
      "direction_conflict": false,
      "scaled_effect": 0.34893762779955717,
      "posterior": {
        "mean": 0.4359016820370376,
        "variance": 0.2109295177906297,
        "sd": 0.45927063676075536,
        "contraction": 0.30049617190949196,
        "prior_mean": 0.14166006734006745,
        "prior_variance": 0.3015416203888705,
        "source": "pop+cohort+user",
        "lam_js": 0.7603833865814696,
        "n_cohort": 238,
        "z_like": 0.9491172462308075
      },
      "cohort_prior": {
        "mean": 0.19654117647058833,
        "variance": 0.5699868837170512,
        "n": 238
      },
      "user_obs": {
        "slope": 0.6416686715441854,
        "se": 0.346966440848837,
        "n": 32,
        "at_nominal_step": 0.6416686715441854,
        "se_at_step": 0.346966440848837,
        "residual_sd": 1.7022432639515557,
        "sigma_data_used": 3.5
      },
      "gate": {
        "score": 0.30049617190949196,
        "tier": "possible"
      }
    },
    {
      "action": "sleep_duration",
      "outcome": "hrv_daily",
      "nominal_step": 0.5,
      "dose_multiplier": 0.5,
      "dose_multiplier_raw": 0.5,
      "direction_conflict": false,
      "scaled_effect": 0.0675271002965228,
      "posterior": {
        "mean": 0.1350542005930456,
        "variance": 0.0029367658958935707,
        "sd": 0.0541919357090478,
        "contraction": 0.0,
        "prior_mean": 0.13540993265993234,
        "prior_variance": 0.0029337359780747863,
        "source": "pop+cohort+user",
        "lam_js": 0.7603833865814696,
        "n_cohort": 238,
        "z_like": 2.4921457192107117
      },
      "cohort_prior": {
        "mean": 0.13619087635053972,
        "variance": 0.0029676727681804804,
        "n": 238
      },
      "user_obs": {
        "slope": 0.024456883291486212,
        "se": 1.8594143651413293,
        "n": 32,
        "at_nominal_step": 0.012228441645743106,
        "se_at_step": 0.9297071825706646,
        "residual_sd": 1.7022432639515557,
        "sigma_data_used": 3.5
      },
      "gate": {
        "score": 0.0,
        "tier": "not_exposed"
      }
    },
    {
      "action": "training_load",
      "outcome": "hrv_daily",
      "nominal_step": 100.0,
      "dose_multiplier": 0.5,
      "dose_multiplier_raw": 1.4143812856687525,
      "direction_conflict": true,
      "scaled_effect": 0.18714683720571137,
      "posterior": {
        "mean": 0.37429367441142275,
        "variance": 0.3502194048327315,
        "sd": 0.5917933801866421,
        "contraction": 0.9143812856687525,
        "prior_mean": -5.056217651515151,
        "prior_variance": 4.090453910318943,
        "source": "pop+cohort+user",
        "lam_js": 0.7603833865814696,
        "n_cohort": 238,
        "z_like": 0.6324735742961108
      },
      "cohort_prior": {
        "mean": -5.074865420168067,
        "variance": 4.120681445250819,
        "n": 238
      },
      "user_obs": {
        "slope": 0.00881002675342769,
        "se": 0.026648882948294653,
        "n": 32,
        "at_nominal_step": 0.881002675342769,
        "se_at_step": 2.664888294829465,
        "residual_sd": 1.702243263951553,
        "sigma_data_used": 3.5
      },
      "gate": {
        "score": 0.45719064283437627,
        "tier": "possible"
      }
    },
    {
      "action": "training_load",
      "outcome": "resting_hr",
      "nominal_step": 100.0,
      "dose_multiplier": 1.3582177362756445,
      "dose_multiplier_raw": 1.3582177362756445,
      "direction_conflict": false,
      "scaled_effect": 0.3027473007352596,
      "posterior": {
        "mean": 0.2229004176940142,
        "variance": 0.03864827652014393,
        "sd": 0.19659164916176863,
        "contraction": 0.8582177362756445,
        "prior_mean": 1.305251261157877,
        "prior_variance": 0.2725889367606766,
        "source": "pop+cohort+user",
        "lam_js": 0.7603833865814696,
        "n_cohort": 238,
        "z_like": 1.1338244459742894
      },
      "cohort_prior": {
        "mean": 1.3090992134188058,
        "variance": 0.2741985200917978,
        "n": 238
      },
      "user_obs": {
        "slope": 0.00044538573007087525,