{
  "pid": 812,
  "cohort": "cohort_b",
  "age": 42,
  "is_female": false,
  "effects_bayesian": [
    {
      "action": "active_energy",
      "outcome": "deep_sleep",
      "nominal_step": 100.0,
      "dose_multiplier": 0.5449486181512122,
      "dose_multiplier_raw": 0.5449486181512122,
      "direction_conflict": false,
      "scaled_effect": 0.36300072940381634,
      "posterior": {
        "mean": 0.6661191850257908,
        "variance": 0.0732095820483369,
        "sd": 0.2705726927247776,
        "contraction": 0.044948618151212205,
        "prior_mean": 0.6921665440115441,
        "prior_variance": 0.07665512394382158,
        "source": "pop+cohort+user",
        "lam_js": 0.8472505091649695,
        "n_cohort": 416,
        "z_like": 2.461886224798587
      },
      "cohort_prior": {
        "mean": 0.6841722046703297,
        "variance": 0.07489465690295352,
        "n": 416
      },
      "user_obs": {
        "slope": -0.0005796744354579705,
        "se": 0.006735336163449711,
        "n": 51,
        "at_nominal_step": -0.057967443545797054,
        "se_at_step": 0.6735336163449711,
        "residual_sd": 1.9856992776590783,
        "sigma_data_used": 12.0
      },
      "gate": {
        "score": 0.044948618151212205,
        "tier": "not_exposed"
      }
    },
    {
      "action": "bedtime",
      "outcome": "deep_sleep",
      "nominal_step": -0.5,
      "dose_multiplier": 0.7538227731012285,
      "dose_multiplier_raw": 0.7538227731012285,
      "direction_conflict": false,
      "scaled_effect": 0.27008155847413995,
      "posterior": {
        "mean": 0.35828256735071007,
        "variance": 0.7048956536180698,
        "sd": 0.8395806415217479,
        "contraction": 0.25382277310122847,
        "prior_mean": 0.6072164646464647,
        "prior_variance": 0.9446759137205589,
        "source": "pop+cohort+user",
        "lam_js": 0.8472505091649695,
        "n_cohort": 416,
        "z_like": 0.42673990994041916
      },
      "cohort_prior": {
        "mean": 0.6215986538461539,
        "variance": 0.9384823525592582,
        "n": 416
      },
      "user_obs": {
        "slope": 0.8530742288763804,
        "se": 0.9635169969703811,
        "n": 51,
        "at_nominal_step": -0.4265371144381902,
        "se_at_step": 0.48175849848519053,
        "residual_sd": 2.004047149802635,
        "sigma_data_used": 12.0
      },
      "gate": {
        "score": 0.25382277310122847,
        "tier": "not_exposed"
      }
    },
    {
      "action": "bedtime",
      "outcome": "sleep_quality",
      "nominal_step": -0.5,
      "dose_multiplier": 0.9764046255329304,
      "dose_multiplier_raw": 0.9764046255329304,
      "direction_conflict": false,
      "scaled_effect": 0.44101897986774896,
      "posterior": {
        "mean": 0.45167645496050046,
        "variance": 0.46437736253108775,
        "sd": 0.6814523919769361,
        "contraction": 0.4764046255329304,
        "prior_mean": 0.4607862962962966,
        "prior_variance": 0.8869011935098631,
        "source": "pop+cohort+user",
        "lam_js": 0.8472505091649695,
        "n_cohort": 416,
        "z_like": 0.6628143950748471
      },
      "cohort_prior": {
        "mean": 0.4770937500000001,
        "variance": 0.9009695161433738,
        "n": 416
      },
      "user_obs": {
        "slope": -0.8543376247016983,
        "se": 0.601553430790954,
        "n": 51,
        "at_nominal_step": 0.42716881235084914,
        "se_at_step": 0.300776715395477,
        "residual_sd": 1.2511885542457817,
        "sigma_data_used": 7.0
      },
      "gate": {
        "score": 0.4764046255329304,
        "tier": "possible"
      }
    },
    {
      "action": "running_volume",
      "outcome": "hrv_daily",
      "nominal_step": 30.0,
      "dose_multiplier": 0.5,
      "dose_multiplier_raw": 1.1118557266620634,
      "direction_conflict": true,
      "scaled_effect": -0.14278133552392291,
      "posterior": {
        "mean": -0.28556267104784583,
        "variance": 0.11704165312698206,
        "sd": 0.34211350912669625,
        "contraction": 0.6118557266620634,
        "prior_mean": 0.14166006734006745,
        "prior_variance": 0.3015416203888705,
        "source": "pop+cohort+user",
        "lam_js": 0.8472505091649695,
        "n_cohort": 416,
        "z_like": -0.834701534519329
      },
      "cohort_prior": {
        "mean": 0.11986480769230796,
        "variance": 0.2186938498312511,
        "n": 416
      },
      "user_obs": {
        "slope": -0.7156676323076289,
        "se": 0.3612882257717535,
        "n": 51,
        "at_nominal_step": -0.7156676323076289,
        "se_at_step": 0.3612882257717535,
        "residual_sd": 1.8063939170325798,
        "sigma_data_used": 3.5
      },
      "gate": {
        "score": 0.3059278633310317,
        "tier": "possible"
      }
    },
    {
      "action": "sleep_duration",
      "outcome": "hrv_daily",
      "nominal_step": 0.5,
      "dose_multiplier": 0.5044509374411273,
      "dose_multiplier_raw": 0.5044509374411273,
      "direction_conflict": false,
      "scaled_effect": 0.06706963186151277,
      "posterior": {
        "mean": 0.13295570863983225,
        "variance": 0.0029206781027675908,
        "sd": 0.05404329840755087,
        "contraction": 0.004450937441127345,
        "prior_mean": 0.13540993265993234,
        "prior_variance": 0.0029337359780747863,
        "source": "pop+cohort+user",
        "lam_js": 0.8472505091649695,
        "n_cohort": 416,
        "z_like": 2.4601701331622614
      },
      "cohort_prior": {
        "mean": 0.13603296703296702,
        "variance": 0.002960794899166767,
        "n": 416
      },
      "user_obs": {
        "slope": -0.2186176019881796,
        "se": 0.8257545897422658,
        "n": 51,
        "at_nominal_step": -0.1093088009940898,
        "se_at_step": 0.4128772948711329,
        "residual_sd": 1.8063939170325807,
        "sigma_data_used": 3.5
      },
      "gate": {
        "score": 0.004450937441127345,
        "tier": "not_exposed"
      }
    },
    {
      "action": "training_load",
      "outcome": "hrv_daily",
      "nominal_step": 100.0,
      "dose_multiplier": 1.4445539403290324,
      "dose_multiplier_raw": 1.4445539403290324,
      "direction_conflict": false,
      "scaled_effect": -2.7847517931066506,
      "posterior": {
        "mean": -1.9277589540701785,
        "variance": 0.226799551592887,
        "sd": 0.4762347652081765,
        "contraction": 0.9445539403290324,
        "prior_mean": -5.056217651515151,
        "prior_variance": 4.090453910318943,
        "source": "pop+cohort+user",
        "lam_js": 0.8472505091649695,
        "n_cohort": 416,
        "z_like": -4.047917319155601
      },
      "cohort_prior": {
        "mean": -5.038698533653847,
        "variance": 4.062157266087269,
        "n": 416
      },
      "user_obs": {
        "slope": -0.01743844855164764,
        "se": 0.019323768201999183,
        "n": 51,
        "at_nominal_step": -1.743844855164764,
        "se_at_step": 1.9323768201999183,
        "residual_sd": 1.8063939170325802,
        "sigma_data_used": 3.5
      },
      "gate": {
        "score": 0.9445539403290324,
        "tier": "recommended"
      }
    },
    {
      "action": "training_load",
      "outcome": "resting_hr",
      "nominal_step": 100.0,
      "dose_multiplier": 0.5,
      "dose_multiplier_raw": 1.4061817256122207,
      "direction_conflict": true,
      "scaled_effect": -0.03892632145585827,
      "posterior": {
        "mean": -0.07785264291171654,
        "variance": 0.02557382366408622,
        "sd": 0.1599181780289102,
        "contraction": 0.9061817256122205,
        "prior_mean": 1.305251261157877,
        "prior_variance": 0.2725889367606766,
        "source": "pop+cohort+user",
        "lam_js": 0.8472505091649695,
        "n_cohort": 416,
        "z_like": -0.4868279758517649
      },
      "cohort_prior": {
        "mean": 1.3016362050919952,
        "variance": 0.2710810896650065,