{
  "pid": 660,
  "cohort": "cohort_b",
  "age": 27,
  "is_female": true,
  "effects_bayesian": [
    {
      "action": "active_energy",
      "outcome": "deep_sleep",
      "nominal_step": 100.0,
      "dose_multiplier": 0.5459187277509553,
      "dose_multiplier_raw": 0.5459187277509553,
      "direction_conflict": false,
      "scaled_effect": 0.39130272459062326,
      "posterior": {
        "mean": 0.7167783494123563,
        "variance": 0.07313521817672951,
        "sd": 0.27043523841528033,
        "contraction": 0.04591872775095529,
        "prior_mean": 0.6921665440115441,
        "prior_variance": 0.07665512394382158,
        "source": "pop+cohort+user",
        "lam_js": 0.8472505091649695,
        "n_cohort": 416,
        "z_like": 2.6504620981074645
      },
      "cohort_prior": {
        "mean": 0.6841722046703297,
        "variance": 0.07489465690295352,
        "n": 416
      },
      "user_obs": {
        "slope": 0.018513499239607926,
        "se": 0.0073481672578890045,
        "n": 53,
        "at_nominal_step": 1.8513499239607927,
        "se_at_step": 0.7348167257889004,
        "residual_sd": 1.6565378293556392,
        "sigma_data_used": 12.0
      },
      "gate": {
        "score": 0.04591872775095529,
        "tier": "not_exposed"
      }
    },
    {
      "action": "bedtime",
      "outcome": "deep_sleep",
      "nominal_step": -0.5,
      "dose_multiplier": 0.7610571839251652,
      "dose_multiplier_raw": 0.7610571839251652,
      "direction_conflict": false,
      "scaled_effect": 0.47489622335286735,
      "posterior": {
        "mean": 0.6239954544592591,
        "variance": 0.6980614799627375,
        "sd": 0.8355007360635521,
        "contraction": 0.2610571839251652,
        "prior_mean": 0.6072164646464647,
        "prior_variance": 0.9446759137205589,
        "source": "pop+cohort+user",
        "lam_js": 0.8472505091649695,
        "n_cohort": 416,
        "z_like": 0.7468520702916472
      },
      "cohort_prior": {
        "mean": 0.6215986538461539,
        "variance": 0.9384823525592582,
        "n": 416
      },
      "user_obs": {
        "slope": -1.2745623681275837,
        "se": 0.5644407692278441,
        "n": 53,
        "at_nominal_step": 0.6372811840637919,
        "se_at_step": 0.28222038461392207,
        "residual_sd": 1.6099220001235484,
        "sigma_data_used": 12.0
      },
      "gate": {
        "score": 0.2610571839251652,
        "tier": "not_exposed"
      }
    },
    {
      "action": "bedtime",
      "outcome": "sleep_quality",
      "nominal_step": -0.5,
      "dose_multiplier": 0.9861443372628705,
      "dose_multiplier_raw": 0.9861443372628705,
      "direction_conflict": false,
      "scaled_effect": 0.30591056352743506,
      "posterior": {
        "mean": 0.3102087108024333,
        "variance": 0.4557392005733618,
        "sd": 0.6750845877172443,
        "contraction": 0.48614433726287054,
        "prior_mean": 0.4607862962962966,
        "prior_variance": 0.8869011935098631,
        "source": "pop+cohort+user",
        "lam_js": 0.8472505091649695,
        "n_cohort": 416,
        "z_like": 0.4595108767797297
      },
      "cohort_prior": {
        "mean": 0.4770937500000001,
        "variance": 0.9009695161433738,
        "n": 416
      },
      "user_obs": {
        "slope": -0.2822145425106755,
        "se": 0.4130977360559442,
        "n": 53,
        "at_nominal_step": 0.14110727125533776,
        "se_at_step": 0.2065488680279721,
        "residual_sd": 1.1782549555863795,
        "sigma_data_used": 7.0
      },
      "gate": {
        "score": 0.48614433726287054,
        "tier": "possible"
      }
    },
    {
      "action": "running_volume",
      "outcome": "hrv_daily",
      "nominal_step": 30.0,
      "dose_multiplier": 1.119133641473876,
      "dose_multiplier_raw": 1.119133641473876,
      "direction_conflict": false,
      "scaled_effect": 0.0016494138804741974,
      "posterior": {
        "mean": 0.001473831023703258,
        "variance": 0.11484705890157598,
        "sd": 0.33889092478491656,
        "contraction": 0.6191336414738758,
        "prior_mean": 0.14166006734006745,
        "prior_variance": 0.3015416203888705,
        "source": "pop+cohort+user",
        "lam_js": 0.8472505091649695,
        "n_cohort": 416,
        "z_like": 0.004348983451352828
      },
      "cohort_prior": {
        "mean": 0.11986480769230796,
        "variance": 0.2186938498312511,
        "n": 416
      },
      "user_obs": {
        "slope": -0.12177037408547173,
        "se": 0.29445568107958464,
        "n": 53,
        "at_nominal_step": -0.12177037408547173,
        "se_at_step": 0.29445568107958464,
        "residual_sd": 1.823004880064452,
        "sigma_data_used": 3.5
      },
      "gate": {
        "score": 0.6191336414738758,
        "tier": "possible"
      }
    },
    {
      "action": "sleep_duration",
      "outcome": "hrv_daily",
      "nominal_step": 0.5,
      "dose_multiplier": 0.5049254341750091,
      "dose_multiplier_raw": 0.5049254341750091,
      "direction_conflict": false,
      "scaled_effect": 0.06737121014875408,
      "posterior": {
        "mean": 0.13342803825842323,
        "variance": 0.002919286054627923,
        "sd": 0.0540304178646429,
        "contraction": 0.004925434175009125,
        "prior_mean": 0.13540993265993234,
        "prior_variance": 0.0029337359780747863,
        "source": "pop+cohort+user",
        "lam_js": 0.8472505091649695,
        "n_cohort": 416,
        "z_like": 2.4694985441846367
      },
      "cohort_prior": {
        "mean": 0.13603296703296702,
        "variance": 0.002960794899166767,
        "n": 416
      },
      "user_obs": {
        "slope": -0.1255408688933797,
        "se": 0.9569209332707512,
        "n": 53,
        "at_nominal_step": -0.06277043444668985,
        "se_at_step": 0.4784604666353756,
        "residual_sd": 1.8230048800644512,
        "sigma_data_used": 3.5
      },
      "gate": {
        "score": 0.004925434175009125,
        "tier": "not_exposed"
      }
    },
    {
      "action": "training_load",
      "outcome": "hrv_daily",
      "nominal_step": 100.0,
      "dose_multiplier": 1.4465337165119592,
      "dose_multiplier_raw": 1.4465337165119592,
      "direction_conflict": false,
      "scaled_effect": -1.5185523790271653,
      "posterior": {
        "mean": -1.0497870610917148,
        "variance": 0.2187013683638783,
        "sd": 0.4676551810510371,
        "contraction": 0.9465337165119591,
        "prior_mean": -5.056217651515151,
        "prior_variance": 4.090453910318943,
        "source": "pop+cohort+user",
        "lam_js": 0.8472505091649695,
        "n_cohort": 416,
        "z_like": -2.2447886896759246
      },
      "cohort_prior": {
        "mean": -5.038698533653847,
        "variance": 4.062157266087269,
        "n": 416
      },
      "user_obs": {
        "slope": -0.008229103131796747,
        "se": 0.024590611530256056,
        "n": 53,
        "at_nominal_step": -0.8229103131796747,
        "se_at_step": 2.4590611530256057,
        "residual_sd": 1.8230048800644496,
        "sigma_data_used": 3.5
      },
      "gate": {
        "score": 0.9465337165119591,
        "tier": "recommended"
      }
    },
    {
      "action": "training_load",
      "outcome": "resting_hr",
      "nominal_step": 100.0,
      "dose_multiplier": 0.5,
      "dose_multiplier_raw": 1.4093997731475683,
      "direction_conflict": true,
      "scaled_effect": -0.5864919718789997,
      "posterior": {
        "mean": -1.1729839437579994,
        "variance": 0.024696619507980494,
        "sd": 0.1571515813091949,
        "contraction": 0.9093997731475681,
        "prior_mean": 1.305251261157877,
        "prior_variance": 0.2725889367606766,
        "source": "pop+cohort+user",
        "lam_js": 0.8472505091649695,
        "n_cohort": 416,
        "z_like": -7.464028894816908
      },
      "cohort_prior": {
        "mean": 1.3016362050919952,