{
  "pid": 534,
  "cohort": "cohort_a",
  "age": 22,
  "is_female": false,
  "effects_bayesian": [
    {
      "action": "active_energy",
      "outcome": "deep_sleep",
      "nominal_step": 100.0,
      "dose_multiplier": 0.5170247329384988,
      "dose_multiplier_raw": 0.5170247329384988,
      "direction_conflict": false,
      "scaled_effect": 0.34580873936414275,
      "posterior": {
        "mean": 0.6688437077250566,
        "variance": 0.07535009093031049,
        "sd": 0.27449971025542175,
        "contraction": 0.01702473293849882,
        "prior_mean": 0.6921665440115441,
        "prior_variance": 0.07665512394382158,
        "source": "pop+cohort+user",
        "lam_js": 0.8768472906403941,
        "n_cohort": 534,
        "z_like": 2.4365916710902833
      },
      "cohort_prior": {
        "mean": 0.6984414526484751,
        "variance": 0.07805127404443395,
        "n": 534
      },
      "user_obs": {
        "slope": -0.0019082824594446827,
        "se": 0.007364583057760382,
        "n": 62,
        "at_nominal_step": -0.19082824594446826,
        "se_at_step": 0.7364583057760382,
        "residual_sd": 2.180894217053703,
        "sigma_data_used": 12.0
      },
      "gate": {
        "score": 0.01702473293849882,
        "tier": "not_exposed"
      }
    },
    {
      "action": "bedtime",
      "outcome": "deep_sleep",
      "nominal_step": -0.5,
      "dose_multiplier": 0.7838402023730849,
      "dose_multiplier_raw": 0.7838402023730849,
      "direction_conflict": false,
      "scaled_effect": 0.38093133653260686,
      "posterior": {
        "mean": 0.48598086112364863,
        "variance": 0.6765389111931366,
        "sd": 0.8225198545890163,
        "contraction": 0.28384020237308494,
        "prior_mean": 0.6072164646464647,
        "prior_variance": 0.9446759137205589,
        "source": "pop+cohort+user",
        "lam_js": 0.8768472906403941,
        "n_cohort": 534,
        "z_like": 0.5908439272465658
      },
      "cohort_prior": {
        "mean": 0.6056498876404495,
        "variance": 0.9560138510611396,
        "n": 534
      },
      "user_obs": {
        "slope": -0.3887054556258675,
        "se": 0.6917773134274251,
        "n": 62,
        "at_nominal_step": 0.19435272781293375,
        "se_at_step": 0.34588865671371255,
        "residual_sd": 2.192112995648411,
        "sigma_data_used": 12.0
      },
      "gate": {
        "score": 0.28384020237308494,
        "tier": "not_exposed"
      }
    },
    {
      "action": "bedtime",
      "outcome": "sleep_quality",
      "nominal_step": -0.5,
      "dose_multiplier": 1.0292115345314148,
      "dose_multiplier_raw": 1.0292115345314148,
      "direction_conflict": false,
      "scaled_effect": 0.3571412006142111,
      "posterior": {
        "mean": 0.34700466194912244,
        "variance": 0.41754285191476515,
        "sd": 0.6461755581223768,
        "contraction": 0.5292115345314148,
        "prior_mean": 0.4607862962962966,
        "prior_variance": 0.8869011935098631,
        "source": "pop+cohort+user",
        "lam_js": 0.8768472906403941,
        "n_cohort": 534,
        "z_like": 0.5370129798122207
      },
      "cohort_prior": {
        "mean": 0.46373086142322145,
        "variance": 0.8849888909576128,
        "n": 534
      },
      "user_obs": {
        "slope": -0.48623194619263777,
        "se": 0.3397073410324737,
        "n": 62,
        "at_nominal_step": 0.24311597309631888,
        "se_at_step": 0.16985367051623684,
        "residual_sd": 1.076469063873944,
        "sigma_data_used": 7.0
      },
      "gate": {
        "score": 0.5292115345314148,
        "tier": "possible"
      }
    },
    {
      "action": "running_volume",
      "outcome": "hrv_daily",
      "nominal_step": 30.0,
      "dose_multiplier": 0.5,
      "dose_multiplier_raw": 1.1339345308487236,
      "direction_conflict": true,
      "scaled_effect": -0.013758634549252352,
      "posterior": {
        "mean": -0.027517269098504705,
        "variance": 0.110383974736288,
        "sd": 0.332240838453505,
        "contraction": 0.6339345308487235,
        "prior_mean": 0.14166006734006745,
        "prior_variance": 0.3015416203888705,
        "source": "pop+cohort+user",
        "lam_js": 0.8768472906403941,
        "n_cohort": 534,
        "z_like": -0.08282325925551616
      },
      "cohort_prior": {
        "mean": 0.13417902621722846,
        "variance": 0.24427088794406634,
        "n": 534
      },
      "user_obs": {
        "slope": -0.15597535200429302,
        "se": 0.2496493056094608,
        "n": 62,
        "at_nominal_step": -0.15597535200429302,
        "se_at_step": 0.2496493056094608,
        "residual_sd": 1.5262874264654136,
        "sigma_data_used": 3.5
      },
      "gate": {
        "score": 0.31696726542436177,
        "tier": "possible"
      }
    },
    {
      "action": "sleep_duration",
      "outcome": "hrv_daily",
      "nominal_step": 0.5,
      "dose_multiplier": 0.5250963692476319,
      "dose_multiplier_raw": 0.5250963692476319,
      "direction_conflict": false,
      "scaled_effect": 0.07271712471590651,
      "posterior": {
        "mean": 0.13848338890649156,
        "variance": 0.002860109856693959,
        "sd": 0.05347999492047432,
        "contraction": 0.025096369247631922,
        "prior_mean": 0.13540993265993234,
        "prior_variance": 0.0029337359780747863,
        "source": "pop+cohort+user",
        "lam_js": 0.8768472906403941,
        "n_cohort": 534,
        "z_like": 2.589442820860749
      },
      "cohort_prior": {
        "mean": 0.13457651150347733,
        "variance": 0.002897733991751291,
        "n": 534
      },
      "user_obs": {
        "slope": 0.7949633274523904,
        "se": 0.6342166729318575,
        "n": 62,
        "at_nominal_step": 0.3974816637261952,
        "se_at_step": 0.31710833646592873,
        "residual_sd": 1.5262874264654143,
        "sigma_data_used": 3.5
      },
      "gate": {
        "score": 0.025096369247631922,
        "tier": "not_exposed"
      }
    },
    {
      "action": "training_load",
      "outcome": "hrv_daily",
      "nominal_step": 100.0,
      "dose_multiplier": 1.45391887156191,
      "dose_multiplier_raw": 1.45391887156191,
      "direction_conflict": false,
      "scaled_effect": -1.5489122943721005,
      "posterior": {
        "mean": -1.0653361234029113,
        "variance": 0.18849273201149463,
        "sd": 0.4341574967814038,
        "contraction": 0.95391887156191,
        "prior_mean": -5.056217651515151,
        "prior_variance": 4.090453910318943,
        "source": "pop+cohort+user",
        "lam_js": 0.8768472906403941,
        "n_cohort": 534,
        "z_like": -2.4538010544576703
      },
      "cohort_prior": {
        "mean": -5.061554325842696,
        "variance": 4.099093150953106,
        "n": 534
      },
      "user_obs": {
        "slope": -0.008726957454318908,
        "se": 0.016469627175630535,
        "n": 62,
        "at_nominal_step": -0.8726957454318908,
        "se_at_step": 1.6469627175630535,
        "residual_sd": 1.5262874264654143,
        "sigma_data_used": 3.5
      },
      "gate": {
        "score": 0.95391887156191,
        "tier": "recommended"
      }
    },
    {
      "action": "training_load",
      "outcome": "resting_hr",
      "nominal_step": 100.0,
      "dose_multiplier": 1.4214761874837119,
      "dose_multiplier_raw": 1.4214761874837119,
      "direction_conflict": false,
      "scaled_effect": 0.5676701701613641,
      "posterior": {
        "mean": 0.39935257105238625,
        "variance": 0.021404722564209666,
        "sd": 0.14630352888501927,
        "contraction": 0.921476187483712,
        "prior_mean": 1.305251261157877,
        "prior_variance": 0.2725889367606766,
        "source": "pop+cohort+user",
        "lam_js": 0.8768472906403941,
        "n_cohort": 534,
        "z_like": 2.72961680484303
      },
      "cohort_prior": {
        "mean": 1.306352479669686,
        "variance": 0.273049088182262,