{
  "pid": 1012,
  "cohort": "cohort_c",
  "age": 28,
  "is_female": true,
  "effects_bayesian": [
    {
      "action": "active_energy",
      "outcome": "deep_sleep",
      "nominal_step": 100.0,
      "dose_multiplier": 0.5174878149178698,
      "dose_multiplier_raw": 0.5174878149178698,
      "direction_conflict": false,
      "scaled_effect": 0.35741651365261956,
      "posterior": {
        "mean": 0.6906761924613528,
        "variance": 0.07531459332378566,
        "sd": 0.2744350439061777,
        "contraction": 0.01748781491786977,
        "prior_mean": 0.6921665440115441,
        "prior_variance": 0.07665512394382158,
        "source": "pop+cohort+user",
        "lam_js": 0.7603833865814696,
        "n_cohort": 238,
        "z_like": 2.516720104803661
      },
      "cohort_prior": {
        "mean": 0.6920608463385354,
        "variance": 0.07663171440556958,
        "n": 238
      },
      "user_obs": {
        "slope": 0.006103935928375201,
        "se": 0.006659523838284907,
        "n": 33,
        "at_nominal_step": 0.6103935928375201,
        "se_at_step": 0.6659523838284908,
        "residual_sd": 1.7277142345226855,
        "sigma_data_used": 12.0
      },
      "gate": {
        "score": 0.01748781491786977,
        "tier": "not_exposed"
      }
    },
    {
      "action": "bedtime",
      "outcome": "deep_sleep",
      "nominal_step": -0.5,
      "dose_multiplier": 0.682522563841356,
      "dose_multiplier_raw": 0.682522563841356,
      "direction_conflict": false,
      "scaled_effect": 0.47357210219602947,
      "posterior": {
        "mean": 0.6938555987521982,
        "variance": 0.7722512439491069,
        "sd": 0.8787782677951856,
        "contraction": 0.182522563841356,
        "prior_mean": 0.6072164646464647,
        "prior_variance": 0.9446759137205589,
        "source": "pop+cohort+user",
        "lam_js": 0.7603833865814696,
        "n_cohort": 238,
        "z_like": 0.7895684545010996
      },
      "cohort_prior": {
        "mean": 0.5855927731092442,
        "variance": 0.9363184076048073,
        "n": 238
      },
      "user_obs": {
        "slope": -2.3464797754393634,
        "se": 0.7649597600825978,
        "n": 33,
        "at_nominal_step": 1.1732398877196817,
        "se_at_step": 0.3824798800412989,
        "residual_sd": 1.7614522149390615,
        "sigma_data_used": 12.0
      },
      "gate": {
        "score": 0.182522563841356,
        "tier": "not_exposed"
      }
    },
    {
      "action": "bedtime",
      "outcome": "sleep_quality",
      "nominal_step": -0.5,
      "dose_multiplier": 0.8794737405424626,
      "dose_multiplier_raw": 0.8794737405424626,
      "direction_conflict": false,
      "scaled_effect": 0.419364879356365,
      "posterior": {
        "mean": 0.4768361578342285,
        "variance": 0.5503454801171008,
        "sd": 0.7418527347911449,
        "contraction": 0.37947374054246263,
        "prior_mean": 0.4607862962962966,
        "prior_variance": 0.8869011935098631,
        "source": "pop+cohort+user",
        "lam_js": 0.7603833865814696,
        "n_cohort": 238,
        "z_like": 0.6427639010705717
      },
      "cohort_prior": {
        "mean": 0.42567579831932817,
        "variance": 0.8706033108101122,
        "n": 238
      },
      "user_obs": {
        "slope": -1.0988446940127155,
        "se": 0.58607583788402,
        "n": 33,
        "at_nominal_step": 0.5494223470063577,
        "se_at_step": 0.29303791894201,
        "residual_sd": 1.3495410303041355,
        "sigma_data_used": 7.0
      },
      "gate": {
        "score": 0.37947374054246263,
        "tier": "possible"
      }
    },
    {
      "action": "running_volume",
      "outcome": "hrv_daily",
      "nominal_step": 30.0,
      "dose_multiplier": 0.5,
      "dose_multiplier_raw": 0.8123368620394839,
      "direction_conflict": true,
      "scaled_effect": -0.07547346092151866,
      "posterior": {
        "mean": -0.15094692184303732,
        "variance": 0.20735905690230944,
        "sd": 0.4553669475294726,
        "contraction": 0.31233686203948385,
        "prior_mean": 0.14166006734006745,
        "prior_variance": 0.3015416203888705,
        "source": "pop+cohort+user",
        "lam_js": 0.7603833865814696,
        "n_cohort": 238,
        "z_like": -0.3314841418815704
      },
      "cohort_prior": {
        "mean": 0.19654117647058833,
        "variance": 0.5699868837170512,
        "n": 238
      },
      "user_obs": {
        "slope": -0.41513722547086934,
        "se": 0.34862907974927904,
        "n": 33,
        "at_nominal_step": -0.41513722547086934,
        "se_at_step": 0.34862907974927904,
        "residual_sd": 1.619913589746708,
        "sigma_data_used": 3.5
      },
      "gate": {
        "score": 0.15616843101974193,
        "tier": "not_exposed"
      }
    },
    {
      "action": "sleep_duration",
      "outcome": "hrv_daily",
      "nominal_step": 0.5,
      "dose_multiplier": 0.5,
      "dose_multiplier_raw": 0.5,
      "direction_conflict": false,
      "scaled_effect": 0.06516805072052198,
      "posterior": {
        "mean": 0.13033610144104396,
        "variance": 0.0029360620161550176,
        "sd": 0.05418544099806716,
        "contraction": 0.0,
        "prior_mean": 0.13540993265993234,
        "prior_variance": 0.0029337359780747863,
        "source": "pop+cohort+user",
        "lam_js": 0.7603833865814696,
        "n_cohort": 238,
        "z_like": 2.4053712406934764
      },
      "cohort_prior": {
        "mean": 0.13619087635053972,
        "variance": 0.0029676727681804804,
        "n": 238
      },
      "user_obs": {
        "slope": -1.161136325128294,
        "se": 1.061975269783721,
        "n": 33,
        "at_nominal_step": -0.580568162564147,
        "se_at_step": 0.5309876348918605,
        "residual_sd": 1.6199135897467087,
        "sigma_data_used": 3.5
      },
      "gate": {
        "score": 0.0,
        "tier": "not_exposed"
      }
    },
    {
      "action": "training_load",
      "outcome": "hrv_daily",
      "nominal_step": 100.0,
      "dose_multiplier": 1.4167610327360245,
      "dose_multiplier_raw": 1.4167610327360245,
      "direction_conflict": false,
      "scaled_effect": -1.7975395488406138,
      "posterior": {
        "mean": -1.2687669319710442,
        "variance": 0.3404851591358391,
        "sd": 0.5835110617082071,
        "contraction": 0.9167610327360245,
        "prior_mean": -5.056217651515151,
        "prior_variance": 4.090453910318943,
        "source": "pop+cohort+user",
        "lam_js": 0.7603833865814696,
        "n_cohort": 238,
        "z_like": -2.1743665462943853
      },
      "cohort_prior": {
        "mean": -5.074865420168067,
        "variance": 4.120681445250819,
        "n": 238
      },
      "user_obs": {
        "slope": -0.009256901692391522,
        "se": 0.027288568655031247,
        "n": 33,
        "at_nominal_step": -0.9256901692391523,
        "se_at_step": 2.7288568655031247,
        "residual_sd": 1.6199135897467078,
        "sigma_data_used": 3.5
      },
      "gate": {
        "score": 0.9167610327360245,
        "tier": "recommended"
      }
    },
    {
      "action": "training_load",
      "outcome": "resting_hr",
      "nominal_step": 100.0,
      "dose_multiplier": 1.3619235804720524,
      "dose_multiplier_raw": 1.3619235804720524,
      "direction_conflict": false,
      "scaled_effect": 2.268238066008248,
      "posterior": {
        "mean": 1.6654664758958506,
        "variance": 0.03763810439084435,
        "sd": 0.19400542361192985,
        "contraction": 0.8619235804720524,
        "prior_mean": 1.305251261157877,
        "prior_variance": 0.2725889367606766,
        "source": "pop+cohort+user",
        "lam_js": 0.7603833865814696,
        "n_cohort": 238,
        "z_like": 8.584638743024486
      },
      "cohort_prior": {
        "mean": 1.3090992134188058,
        "variance": 0.2741985200917978,
        "n": 238
      },