{
  "pid": 1170,
  "cohort": "cohort_c",
  "age": 36,
  "is_female": true,
  "effects_bayesian": [
    {
      "action": "active_energy",
      "outcome": "deep_sleep",
      "nominal_step": 100.0,
      "dose_multiplier": 0.5200504711762448,
      "dose_multiplier_raw": 0.5200504711762448,
      "direction_conflict": false,
      "scaled_effect": 0.33676534830999133,
      "posterior": {
        "mean": 0.6475628174094313,
        "variance": 0.07511815259067452,
        "sd": 0.2740769099918388,
        "contraction": 0.02005047117624481,
        "prior_mean": 0.6921665440115441,
        "prior_variance": 0.07665512394382158,
        "source": "pop+cohort+user",
        "lam_js": 0.7603833865814696,
        "n_cohort": 238,
        "z_like": 2.3627047511179025
      },
      "cohort_prior": {
        "mean": 0.6920608463385354,
        "variance": 0.07663171440556958,
        "n": 238
      },
      "user_obs": {
        "slope": -0.015539765891811053,
        "se": 0.011645574705153788,
        "n": 38,
        "at_nominal_step": -1.5539765891811053,
        "se_at_step": 1.164557470515379,
        "residual_sd": 2.122841722572216,
        "sigma_data_used": 12.0
      },
      "gate": {
        "score": 0.02005047117624481,
        "tier": "not_exposed"
      }
    },
    {
      "action": "bedtime",
      "outcome": "deep_sleep",
      "nominal_step": -0.5,
      "dose_multiplier": 0.703870210382233,
      "dose_multiplier_raw": 0.703870210382233,
      "direction_conflict": false,
      "scaled_effect": 0.39948831038161736,
      "posterior": {
        "mean": 0.5675596217727091,
        "variance": 0.7520846364473204,
        "sd": 0.8672281340266357,
        "contraction": 0.20387021038223296,
        "prior_mean": 0.6072164646464647,
        "prior_variance": 0.9446759137205589,
        "source": "pop+cohort+user",
        "lam_js": 0.7603833865814696,
        "n_cohort": 238,
        "z_like": 0.6544525016012422
      },
      "cohort_prior": {
        "mean": 0.5855927731092442,
        "variance": 0.9363184076048073,
        "n": 238
      },
      "user_obs": {
        "slope": -0.9476094670946175,
        "se": 1.235691360760394,
        "n": 38,
        "at_nominal_step": 0.47380473354730873,
        "se_at_step": 0.617845680380197,
        "residual_sd": 2.14391484191588,
        "sigma_data_used": 12.0
      },
      "gate": {
        "score": 0.20387021038223296,
        "tier": "not_exposed"
      }
    },
    {
      "action": "bedtime",
      "outcome": "sleep_quality",
      "nominal_step": -0.5,
      "dose_multiplier": 0.9124681775728452,
      "dose_multiplier_raw": 0.9124681775728452,
      "direction_conflict": false,
      "scaled_effect": 0.35761579237242136,
      "posterior": {
        "mean": 0.3919213854927799,
        "variance": 0.5210826745356686,
        "sd": 0.7218605644691145,
        "contraction": 0.41246817757284515,
        "prior_mean": 0.4607862962962966,
        "prior_variance": 0.8869011935098631,
        "source": "pop+cohort+user",
        "lam_js": 0.7603833865814696,
        "n_cohort": 238,
        "z_like": 0.542932256980979
      },
      "cohort_prior": {
        "mean": 0.42567579831932817,
        "variance": 0.8706033108101122,
        "n": 238
      },
      "user_obs": {
        "slope": -0.6594820599346953,
        "se": 0.9222806043476899,
        "n": 38,
        "at_nominal_step": 0.32974102996734767,
        "se_at_step": 0.46114030217384494,
        "residual_sd": 1.6001496319076112,
        "sigma_data_used": 7.0
      },
      "gate": {
        "score": 0.41246817757284515,
        "tier": "possible"
      }
    },
    {
      "action": "running_volume",
      "outcome": "hrv_daily",
      "nominal_step": 30.0,
      "dose_multiplier": 0.5,
      "dose_multiplier_raw": 0.8659965958957723,
      "direction_conflict": true,
      "scaled_effect": -0.0034513137255819957,
      "posterior": {
        "mean": -0.006902627451163991,
        "variance": 0.1911784138056487,
        "sd": 0.43723953824608397,
        "contraction": 0.36599659589577227,
        "prior_mean": 0.14166006734006745,
        "prior_variance": 0.3015416203888705,
        "source": "pop+cohort+user",
        "lam_js": 0.7603833865814696,
        "n_cohort": 238,
        "z_like": -0.015786832725267184
      },
      "cohort_prior": {
        "mean": 0.19654117647058833,
        "variance": 0.5699868837170512,
        "n": 238
      },
      "user_obs": {
        "slope": -0.13748530776465842,
        "se": 0.3074491495083506,
        "n": 38,
        "at_nominal_step": -0.13748530776465842,
        "se_at_step": 0.3074491495083506,
        "residual_sd": 1.6307957007720495,
        "sigma_data_used": 3.5
      },
      "gate": {
        "score": 0.18299829794788613,
        "tier": "not_exposed"
      }
    },
    {
      "action": "sleep_duration",
      "outcome": "hrv_daily",
      "nominal_step": 0.5,
      "dose_multiplier": 0.5004050485570352,
      "dose_multiplier_raw": 0.5004050485570352,
      "direction_conflict": false,
      "scaled_effect": 0.06683798114634548,
      "posterior": {
        "mean": 0.13356775943623883,
        "variance": 0.002932547672550145,
        "sd": 0.05415300243338448,
        "contraction": 0.0004050485570351592,
        "prior_mean": 0.13540993265993234,
        "prior_variance": 0.0029337359780747863,
        "source": "pop+cohort+user",
        "lam_js": 0.7603833865814696,
        "n_cohort": 238,
        "z_like": 2.4664885312784874
      },
      "cohort_prior": {
        "mean": 0.13619087635053972,
        "variance": 0.0029676727681804804,
        "n": 238
      },
      "user_obs": {
        "slope": -0.2635583530652576,
        "se": 0.9750149488528812,
        "n": 38,
        "at_nominal_step": -0.1317791765326288,
        "se_at_step": 0.4875074744264406,
        "residual_sd": 1.6307957007720477,
        "sigma_data_used": 3.5
      },
      "gate": {
        "score": 0.0004050485570351592,
        "tier": "not_exposed"
      }
    },
    {
      "action": "training_load",
      "outcome": "hrv_daily",
      "nominal_step": 100.0,
      "dose_multiplier": 1.4269175579991635,
      "dose_multiplier_raw": 1.4269175579991635,
      "direction_conflict": false,
      "scaled_effect": -2.5656895595655804,
      "posterior": {
        "mean": -1.7980643276709083,
        "variance": 0.2989403606579791,
        "sd": 0.5467543878726343,
        "contraction": 0.9269175579991635,
        "prior_mean": -5.056217651515151,
        "prior_variance": 4.090453910318943,
        "source": "pop+cohort+user",
        "lam_js": 0.7603833865814696,
        "n_cohort": 238,
        "z_like": -3.288614353269287
      },
      "cohort_prior": {
        "mean": -5.074865420168067,
        "variance": 4.120681445250819,
        "n": 238
      },
      "user_obs": {
        "slope": -0.01541610465871104,
        "se": 0.03203926633833995,
        "n": 38,
        "at_nominal_step": -1.541610465871104,
        "se_at_step": 3.203926633833995,
        "residual_sd": 1.6307957007720486,
        "sigma_data_used": 3.5
      },
      "gate": {
        "score": 0.9269175579991635,
        "tier": "recommended"
      }
    },
    {
      "action": "training_load",
      "outcome": "resting_hr",
      "nominal_step": 100.0,
      "dose_multiplier": 1.3778828144254271,
      "dose_multiplier_raw": 1.3778828144254271,
      "direction_conflict": false,
      "scaled_effect": 3.074323877959034,
      "posterior": {
        "mean": 2.2311940070469762,
        "variance": 0.033287793775979076,
        "sd": 0.18244942799575742,
        "contraction": 0.877882814425427,
        "prior_mean": 1.305251261157877,
        "prior_variance": 0.2725889367606766,
        "source": "pop+cohort+user",
        "lam_js": 0.7603833865814696,
        "n_cohort": 238,
        "z_like": 12.229109356806859
      },
      "cohort_prior": {
        "mean": 1.3090992134188058,
        "variance": 0.2741985200917978,