{
  "pid": 596,
  "cohort": "cohort_b",
  "age": 27,
  "is_female": false,
  "effects_bayesian": [
    {
      "action": "active_energy",
      "outcome": "deep_sleep",
      "nominal_step": 100.0,
      "dose_multiplier": 0.5444628231696331,
      "dose_multiplier_raw": 0.5444628231696331,
      "direction_conflict": false,
      "scaled_effect": 0.36072282547997947,
      "posterior": {
        "mean": 0.6625297635199465,
        "variance": 0.07324682072286114,
        "sd": 0.2706414985231591,
        "contraction": 0.044462823169633126,
        "prior_mean": 0.6921665440115441,
        "prior_variance": 0.07665512394382158,
        "source": "pop+cohort+user",
        "lam_js": 0.8472505091649695,
        "n_cohort": 416,
        "z_like": 2.4479976911717145
      },
      "cohort_prior": {
        "mean": 0.6841722046703297,
        "variance": 0.07489465690295352,
        "n": 416
      },
      "user_obs": {
        "slope": -0.00213582044886311,
        "se": 0.007492632232313818,
        "n": 50,
        "at_nominal_step": -0.213582044886311,
        "se_at_step": 0.7492632232313818,
        "residual_sd": 2.2109172392102856,
        "sigma_data_used": 12.0
      },
      "gate": {
        "score": 0.044462823169633126,
        "tier": "not_exposed"
      }
    },
    {
      "action": "bedtime",
      "outcome": "deep_sleep",
      "nominal_step": -0.5,
      "dose_multiplier": 0.7501521865416325,
      "dose_multiplier_raw": 0.7501521865416325,
      "direction_conflict": false,
      "scaled_effect": 0.31134740138549,
      "posterior": {
        "mean": 0.4150456493646581,
        "variance": 0.7083631683301466,
        "sd": 0.8416431359728104,
        "contraction": 0.2501521865416325,
        "prior_mean": 0.6072164646464647,
        "prior_variance": 0.9446759137205589,
        "source": "pop+cohort+user",
        "lam_js": 0.8472505091649695,
        "n_cohort": 416,
        "z_like": 0.49313733056817366
      },
      "cohort_prior": {
        "mean": 0.6215986538461539,
        "variance": 0.9384823525592582,
        "n": 416
      },
      "user_obs": {
        "slope": 0.4229024303280862,
        "se": 0.6846641769491969,
        "n": 50,
        "at_nominal_step": -0.2114512151640431,
        "se_at_step": 0.34233208847459845,
        "residual_sd": 2.2184662700112394,
        "sigma_data_used": 12.0
      },
      "gate": {
        "score": 0.2501521865416325,
        "tier": "not_exposed"
      }
    },
    {
      "action": "bedtime",
      "outcome": "sleep_quality",
      "nominal_step": -0.5,
      "dose_multiplier": 0.971394988779228,
      "dose_multiplier_raw": 0.971394988779228,
      "direction_conflict": false,
      "scaled_effect": 0.5168343885277252,
      "posterior": {
        "mean": 0.5320537932538046,
        "variance": 0.46882041534699725,
        "sd": 0.6847046190489715,
        "contraction": 0.47139498877922803,
        "prior_mean": 0.4607862962962966,
        "prior_variance": 0.8869011935098631,
        "source": "pop+cohort+user",
        "lam_js": 0.8472505091649695,
        "n_cohort": 416,
        "z_like": 0.7770559427403995
      },
      "cohort_prior": {
        "mean": 0.4770937500000001,
        "variance": 0.9009695161433738,
        "n": 416
      },
      "user_obs": {
        "slope": -1.1893912840247811,
        "se": 0.3938118782720387,
        "n": 50,
        "at_nominal_step": 0.5946956420123906,
        "se_at_step": 0.19690593913601934,
        "residual_sd": 1.2760392585007652,
        "sigma_data_used": 7.0
      },
      "gate": {
        "score": 0.47139498877922803,
        "tier": "possible"
      }
    },
    {
      "action": "running_volume",
      "outcome": "hrv_daily",
      "nominal_step": 30.0,
      "dose_multiplier": 0.5,
      "dose_multiplier_raw": 1.1081114586851646,
      "direction_conflict": true,
      "scaled_effect": -0.13048179190093806,
      "posterior": {
        "mean": -0.2609635838018761,
        "variance": 0.11817070575990628,
        "sd": 0.34375966278768993,
        "contraction": 0.6081114586851646,
        "prior_mean": 0.14166006734006745,
        "prior_variance": 0.3015416203888705,
        "source": "pop+cohort+user",
        "lam_js": 0.8472505091649695,
        "n_cohort": 416,
        "z_like": -0.759145449718021
      },
      "cohort_prior": {
        "mean": 0.11986480769230796,
        "variance": 0.2186938498312511,
        "n": 416
      },
      "user_obs": {
        "slope": -0.6732691359409906,
        "se": 0.38335444296895804,
        "n": 50,
        "at_nominal_step": -0.6732691359409906,
        "se_at_step": 0.38335444296895804,
        "residual_sd": 1.7057935777290465,
        "sigma_data_used": 3.5
      },
      "gate": {
        "score": 0.3040557293425823,
        "tier": "possible"
      }
    },
    {
      "action": "sleep_duration",
      "outcome": "hrv_daily",
      "nominal_step": 0.5,
      "dose_multiplier": 0.5042135193375271,
      "dose_multiplier_raw": 0.5042135193375271,
      "direction_conflict": false,
      "scaled_effect": 0.07119877021729189,
      "posterior": {
        "mean": 0.14120757870760403,
        "variance": 0.002921374624799969,
        "sd": 0.054049742134444724,
        "contraction": 0.004213519337527116,
        "prior_mean": 0.13540993265993234,
        "prior_variance": 0.0029337359780747863,
        "source": "pop+cohort+user",
        "lam_js": 0.8472505091649695,
        "n_cohort": 416,
        "z_like": 2.612548610432972
      },
      "cohort_prior": {
        "mean": 0.13603296703296702,
        "variance": 0.002960794899166767,
        "n": 416
      },
      "user_obs": {
        "slope": 1.1557718664100114,
        "se": 1.3145013771771161,
        "n": 50,
        "at_nominal_step": 0.5778859332050057,
        "se_at_step": 0.6572506885885581,
        "residual_sd": 1.7057935777290478,
        "sigma_data_used": 3.5
      },
      "gate": {
        "score": 0.004213519337527116,
        "tier": "not_exposed"
      }
    },
    {
      "action": "training_load",
      "outcome": "hrv_daily",
      "nominal_step": 100.0,
      "dose_multiplier": 0.5,
      "dose_multiplier_raw": 1.4435080339977748,
      "direction_conflict": true,
      "scaled_effect": 1.5826687728309239,
      "posterior": {
        "mean": 3.1653375456618478,
        "variance": 0.2310777832354069,
        "sd": 0.4807055057261222,
        "contraction": 0.9435080339977748,
        "prior_mean": -5.056217651515151,
        "prior_variance": 4.090453910318943,
        "source": "pop+cohort+user",
        "lam_js": 0.8472505091649695,
        "n_cohort": 416,
        "z_like": 6.5847748943097635
      },
      "cohort_prior": {
        "mean": -5.038698533653847,
        "variance": 4.062157266087269,
        "n": 416
      },
      "user_obs": {
        "slope": 0.03659784148874585,
        "se": 0.0241402501962624,
        "n": 50,
        "at_nominal_step": 3.659784148874585,
        "se_at_step": 2.4140250196262403,
        "residual_sd": 1.7057935777290474,
        "sigma_data_used": 3.5
      },
      "gate": {
        "score": 0.4717540169988874,
        "tier": "possible"
      }
    },
    {
      "action": "training_load",
      "outcome": "resting_hr",
      "nominal_step": 100.0,
      "dose_multiplier": 1.4044854249881205,
      "dose_multiplier_raw": 1.4044854249881205,
      "direction_conflict": false,
      "scaled_effect": 1.4081381885704698,
      "posterior": {
        "mean": 1.0026007842568962,
        "variance": 0.026036216447636103,
        "sd": 0.161357418322295,
        "contraction": 0.9044854249881206,
        "prior_mean": 1.305251261157877,
        "prior_variance": 0.2725889367606766,
        "source": "pop+cohort+user",
        "lam_js": 0.8472505091649695,
        "n_cohort": 416,
        "z_like": 6.213540069501505
      },
      "cohort_prior": {
        "mean": 1.3016362050919952,
        "variance": 0.2710810896650065,
        "n": 416
      },