{
  "pid": 865,
  "cohort": "cohort_b",
  "age": 34,
  "is_female": true,
  "effects_bayesian": [
    {
      "action": "active_energy",
      "outcome": "deep_sleep",
      "nominal_step": 100.0,
      "dose_multiplier": 0.547853046505958,
      "dose_multiplier_raw": 0.547853046505958,
      "direction_conflict": false,
      "scaled_effect": 0.36707851143510317,
      "posterior": {
        "mean": 0.6700309759637544,
        "variance": 0.07298694273281792,
        "sd": 0.270160957084509,
        "contraction": 0.04785304650595801,
        "prior_mean": 0.6921665440115441,
        "prior_variance": 0.07665512394382158,
        "source": "pop+cohort+user",
        "lam_js": 0.8472505091649695,
        "n_cohort": 416,
        "z_like": 2.4801177164698975
      },
      "cohort_prior": {
        "mean": 0.6841722046703297,
        "variance": 0.07489465690295352,
        "n": 416
      },
      "user_obs": {
        "slope": 0.0015365202572285921,
        "se": 0.007203111734594867,
        "n": 57,
        "at_nominal_step": 0.15365202572285921,
        "se_at_step": 0.7203111734594867,
        "residual_sd": 2.1530842561780896,
        "sigma_data_used": 12.0
      },
      "gate": {
        "score": 0.04785304650595801,
        "tier": "not_exposed"
      }
    },
    {
      "action": "bedtime",
      "outcome": "deep_sleep",
      "nominal_step": -0.5,
      "dose_multiplier": 0.7751131720344738,
      "dose_multiplier_raw": 0.7751131720344738,
      "direction_conflict": false,
      "scaled_effect": 0.4173658620813476,
      "posterior": {
        "mean": 0.5384579660617417,
        "variance": 0.6847831265523311,
        "sd": 0.827516239449312,
        "contraction": 0.27511317203447383,
        "prior_mean": 0.6072164646464647,
        "prior_variance": 0.9446759137205589,
        "source": "pop+cohort+user",
        "lam_js": 0.8472505091649695,
        "n_cohort": 416,
        "z_like": 0.6506917210713228
      },
      "cohort_prior": {
        "mean": 0.6215986538461539,
        "variance": 0.9384823525592582,
        "n": 416
      },
      "user_obs": {
        "slope": -0.6415644326304291,
        "se": 0.659595507434054,
        "n": 57,
        "at_nominal_step": 0.32078221631521453,
        "se_at_step": 0.329797753717027,
        "residual_sd": 2.173398169312634,
        "sigma_data_used": 12.0
      },
      "gate": {
        "score": 0.27511317203447383,
        "tier": "not_exposed"
      }
    },
    {
      "action": "bedtime",
      "outcome": "sleep_quality",
      "nominal_step": -0.5,
      "dose_multiplier": 1.004575706366948,
      "dose_multiplier_raw": 1.004575706366948,
      "direction_conflict": false,
      "scaled_effect": 0.4585265211036956,
      "posterior": {
        "mean": 0.45643799486447717,
        "variance": 0.43939239731693475,
        "sd": 0.6628668020929505,
        "contraction": 0.5045757063669479,
        "prior_mean": 0.4607862962962966,
        "prior_variance": 0.8869011935098631,
        "source": "pop+cohort+user",
        "lam_js": 0.8472505091649695,
        "n_cohort": 416,
        "z_like": 0.6885817684990554
      },
      "cohort_prior": {
        "mean": 0.4770937500000001,
        "variance": 0.9009695161433738,
        "n": 416
      },
      "user_obs": {
        "slope": -0.8781285550183693,
        "se": 0.40014989221859226,
        "n": 57,
        "at_nominal_step": 0.43906427750918464,
        "se_at_step": 0.20007494610929613,
        "residual_sd": 1.318512684511404,
        "sigma_data_used": 7.0
      },
      "gate": {
        "score": 0.5045757063669479,
        "tier": "possible"
      }
    },
    {
      "action": "running_volume",
      "outcome": "hrv_daily",
      "nominal_step": 30.0,
      "dose_multiplier": 1.1329002776959824,
      "dose_multiplier_raw": 1.1329002776959824,
      "direction_conflict": false,
      "scaled_effect": 0.27545503547356065,
      "posterior": {
        "mean": 0.24314146699104255,
        "variance": 0.11069584510785781,
        "sd": 0.3327098512335603,
        "contraction": 0.6329002776959826,
        "prior_mean": 0.14166006734006745,
        "prior_variance": 0.3015416203888705,
        "source": "pop+cohort+user",
        "lam_js": 0.8472505091649695,
        "n_cohort": 416,
        "z_like": 0.7307913068686347
      },
      "cohort_prior": {
        "mean": 0.11986480769230796,
        "variance": 0.2186938498312511,
        "n": 416
      },
      "user_obs": {
        "slope": 0.35606797394923373,
        "se": 0.291972699323756,
        "n": 57,
        "at_nominal_step": 0.35606797394923373,
        "se_at_step": 0.291972699323756,
        "residual_sd": 1.7287966199865161,
        "sigma_data_used": 3.5
      },
      "gate": {
        "score": 0.6329002776959826,
        "tier": "possible"
      }
    },
    {
      "action": "sleep_duration",
      "outcome": "hrv_daily",
      "nominal_step": 0.5,
      "dose_multiplier": 0.5058730720125288,
      "dose_multiplier_raw": 0.5058730720125288,
      "direction_conflict": false,
      "scaled_effect": 0.07336548316755145,
      "posterior": {
        "mean": 0.14502745298475667,
        "variance": 0.0029165059354098063,
        "sd": 0.05400468438394772,
        "contraction": 0.005873072012528846,
        "prior_mean": 0.13540993265993234,
        "prior_variance": 0.0029337359780747863,
        "source": "pop+cohort+user",
        "lam_js": 0.8472505091649695,
        "n_cohort": 416,
        "z_like": 2.685460615854732
      },
      "cohort_prior": {
        "mean": 0.13603296703296702,
        "variance": 0.002960794899166767,
        "n": 416
      },
      "user_obs": {
        "slope": 1.6114773980830939,
        "se": 0.947397257146221,
        "n": 57,
        "at_nominal_step": 0.8057386990415469,
        "se_at_step": 0.4736986285731105,
        "residual_sd": 1.7287966199865157,
        "sigma_data_used": 3.5
      },
      "gate": {
        "score": 0.005873072012528846,
        "tier": "not_exposed"
      }
    },
    {
      "action": "training_load",
      "outcome": "hrv_daily",
      "nominal_step": 100.0,
      "dose_multiplier": 1.450097395801169,
      "dose_multiplier_raw": 1.450097395801169,
      "direction_conflict": false,
      "scaled_effect": -3.4468913555998646,
      "posterior": {
        "mean": -2.3770067897373752,
        "variance": 0.20412430248020696,
        "sd": 0.45180117582871226,
        "contraction": 0.9500973958011689,
        "prior_mean": -5.056217651515151,
        "prior_variance": 4.090453910318943,
        "source": "pop+cohort+user",
        "lam_js": 0.8472505091649695,
        "n_cohort": 416,
        "z_like": -5.261178847924359
      },
      "cohort_prior": {
        "mean": -5.038698533653847,
        "variance": 4.062157266087269,
        "n": 416
      },
      "user_obs": {
        "slope": -0.022361948372246997,
        "se": 0.019610053161626357,
        "n": 57,
        "at_nominal_step": -2.2361948372246996,
        "se_at_step": 1.9610053161626357,
        "residual_sd": 1.7287966199865157,
        "sigma_data_used": 3.5
      },
      "gate": {
        "score": 0.9500973958011689,
        "tier": "recommended"
      }
    },
    {
      "action": "training_load",
      "outcome": "resting_hr",
      "nominal_step": 100.0,
      "dose_multiplier": 0.5,
      "dose_multiplier_raw": 1.4152160949358203,
      "direction_conflict": true,
      "scaled_effect": -0.39276980058252153,
      "posterior": {
        "mean": -0.7855396011650431,
        "variance": 0.023111154535862873,
        "sd": 0.1520235328357517,
        "contraction": 0.9152160949358203,
        "prior_mean": 1.305251261157877,
        "prior_variance": 0.2725889367606766,
        "source": "pop+cohort+user",
        "lam_js": 0.8472505091649695,
        "n_cohort": 416,
        "z_like": -5.167223695648165
      },
      "cohort_prior": {
        "mean": 1.3016362050919952,
        "variance": 0.2710810896650065,