{
  "pid": 324,
  "cohort": "cohort_a",
  "age": 41,
  "is_female": false,
  "effects_bayesian": [
    {
      "action": "active_energy",
      "outcome": "deep_sleep",
      "nominal_step": 100.0,
      "dose_multiplier": 0.5113340610468459,
      "dose_multiplier_raw": 0.5113340610468459,
      "direction_conflict": false,
      "scaled_effect": 0.3518364989221055,
      "posterior": {
        "mean": 0.6880756157761061,
        "variance": 0.07578631008948877,
        "sd": 0.27529313483900897,
        "contraction": 0.011334061046845867,
        "prior_mean": 0.6921665440115441,
        "prior_variance": 0.07665512394382158,
        "source": "pop+cohort+user",
        "lam_js": 0.8768472906403941,
        "n_cohort": 534,
        "z_like": 2.499428894870523
      },
      "cohort_prior": {
        "mean": 0.6984414526484751,
        "variance": 0.07805127404443395,
        "n": 534
      },
      "user_obs": {
        "slope": 0.0034026507061447053,
        "se": 0.007758533045623842,
        "n": 51,
        "at_nominal_step": 0.34026507061447053,
        "se_at_step": 0.7758533045623842,
        "residual_sd": 2.339980645002594,
        "sigma_data_used": 12.0
      },
      "gate": {
        "score": 0.011334061046845867,
        "tier": "not_exposed"
      }
    },
    {
      "action": "bedtime",
      "outcome": "deep_sleep",
      "nominal_step": -0.5,
      "dose_multiplier": 0.7448120468796667,
      "dose_multiplier_raw": 0.7448120468796667,
      "direction_conflict": false,
      "scaled_effect": 0.6054213748047916,
      "posterior": {
        "mean": 0.8128512117132883,
        "variance": 0.7134078696447095,
        "sd": 0.8446347551721451,
        "contraction": 0.24481204687966673,
        "prior_mean": 0.6072164646464647,
        "prior_variance": 0.9446759137205589,
        "source": "pop+cohort+user",
        "lam_js": 0.8768472906403941,
        "n_cohort": 534,
        "z_like": 0.9623700738523612
      },
      "cohort_prior": {
        "mean": 0.6056498876404495,
        "variance": 0.9560138510611396,
        "n": 534
      },
      "user_obs": {
        "slope": -2.8502834635622887,
        "se": 1.1652621350776706,
        "n": 51,
        "at_nominal_step": 1.4251417317811443,
        "se_at_step": 0.5826310675388353,
        "residual_sd": 2.3390139159104386,
        "sigma_data_used": 12.0
      },
      "gate": {
        "score": 0.24481204687966673,
        "tier": "not_exposed"
      }
    },
    {
      "action": "bedtime",
      "outcome": "sleep_quality",
      "nominal_step": -0.5,
      "dose_multiplier": 0.9805183881875824,
      "dose_multiplier_raw": 0.9805183881875824,
      "direction_conflict": false,
      "scaled_effect": 0.4832991012236249,
      "posterior": {
        "mean": 0.4929016192311992,
        "variance": 0.4607288615228606,
        "sd": 0.6787701094795355,
        "contraction": 0.4805183881875824,
        "prior_mean": 0.4607862962962966,
        "prior_variance": 0.8869011935098631,
        "source": "pop+cohort+user",
        "lam_js": 0.8768472906403941,
        "n_cohort": 534,
        "z_like": 0.7261687165469679
      },
      "cohort_prior": {
        "mean": 0.46373086142322145,
        "variance": 0.8849888909576128,
        "n": 534
      },
      "user_obs": {
        "slope": -1.0499117995509226,
        "se": 0.597734461722233,
        "n": 51,
        "at_nominal_step": 0.5249558997754613,
        "se_at_step": 0.2988672308611165,
        "residual_sd": 1.1998237837654848,
        "sigma_data_used": 7.0
      },
      "gate": {
        "score": 0.4805183881875824,
        "tier": "possible"
      }
    },
    {
      "action": "running_volume",
      "outcome": "hrv_daily",
      "nominal_step": 30.0,
      "dose_multiplier": 1.0936577650560966,
      "dose_multiplier_raw": 1.0936577650560966,
      "direction_conflict": false,
      "scaled_effect": 0.08851567932109032,
      "posterior": {
        "mean": 0.08093544630623102,
        "variance": 0.12252909595741975,
        "sd": 0.3500415631856019,
        "contraction": 0.5936577650560966,
        "prior_mean": 0.14166006734006745,
        "prior_variance": 0.3015416203888705,
        "source": "pop+cohort+user",
        "lam_js": 0.8768472906403941,
        "n_cohort": 534,
        "z_like": 0.23121667487045464
      },
      "cohort_prior": {
        "mean": 0.13417902621722846,
        "variance": 0.24427088794406634,
        "n": 534
      },
      "user_obs": {
        "slope": 0.028919889030580813,
        "se": 0.3085936956052015,
        "n": 51,
        "at_nominal_step": 0.028919889030580813,
        "se_at_step": 0.3085936956052015,
        "residual_sd": 2.215628042965142,
        "sigma_data_used": 3.5
      },
      "gate": {
        "score": 0.5936577650560966,
        "tier": "possible"
      }
    },
    {
      "action": "sleep_duration",
      "outcome": "hrv_daily",
      "nominal_step": 0.5,
      "dose_multiplier": 0.5225861143928368,
      "dose_multiplier_raw": 0.5225861143928368,
      "direction_conflict": false,
      "scaled_effect": 0.06879089718833177,
      "posterior": {
        "mean": 0.13163552435421294,
        "variance": 0.0028674742816756082,
        "sd": 0.05354880280338309,
        "contraction": 0.022586114392836754,
        "prior_mean": 0.13540993265993234,
        "prior_variance": 0.0029337359780747863,
        "source": "pop+cohort+user",
        "lam_js": 0.8768472906403941,
        "n_cohort": 534,
        "z_like": 2.458234684303652
      },
      "cohort_prior": {
        "mean": 0.13457651150347733,
        "variance": 0.002897733991751291,
        "n": 534
      },
      "user_obs": {
        "slope": -0.24054468228443382,
        "se": 1.1133609538350446,
        "n": 51,
        "at_nominal_step": -0.12027234114221691,
        "se_at_step": 0.5566804769175223,
        "residual_sd": 2.2156280429651427,
        "sigma_data_used": 3.5
      },
      "gate": {
        "score": 0.022586114392836754,
        "tier": "not_exposed"
      }
    },
    {
      "action": "training_load",
      "outcome": "hrv_daily",
      "nominal_step": 100.0,
      "dose_multiplier": 1.4445301047839205,
      "dose_multiplier_raw": 1.4445301047839205,
      "direction_conflict": false,
      "scaled_effect": -3.2339706844226916,
      "posterior": {
        "mean": -2.2387700150468266,
        "variance": 0.2268970497915945,
        "sd": 0.47633711779746335,
        "contraction": 0.9445301047839205,
        "prior_mean": -5.056217651515151,
        "prior_variance": 4.090453910318943,
        "source": "pop+cohort+user",
        "lam_js": 0.8768472906403941,
        "n_cohort": 534,
        "z_like": -4.69996968827179
      },
      "cohort_prior": {
        "mean": -5.061554325842696,
        "variance": 4.099093150953106,
        "n": 534
      },
      "user_obs": {
        "slope": -0.0207335777649386,
        "se": 0.03215898978401345,
        "n": 51,
        "at_nominal_step": -2.07335777649386,
        "se_at_step": 3.215898978401345,
        "residual_sd": 2.215628042965142,
        "sigma_data_used": 3.5
      },
      "gate": {
        "score": 0.9445301047839205,
        "tier": "recommended"
      }
    },
    {
      "action": "training_load",
      "outcome": "resting_hr",
      "nominal_step": 100.0,
      "dose_multiplier": 0.5,
      "dose_multiplier_raw": 1.4061272069179176,
      "direction_conflict": true,
      "scaled_effect": -0.04993229086722327,
      "posterior": {
        "mean": -0.09986458173444654,
        "variance": 0.025588684856999812,
        "sd": 0.15996463627002006,
        "contraction": 0.9061272069179177,
        "prior_mean": 1.305251261157877,
        "prior_variance": 0.2725889367606766,
        "source": "pop+cohort+user",
        "lam_js": 0.8768472906403941,
        "n_cohort": 534,
        "z_like": -0.624291618841775
      },
      "cohort_prior": {
        "mean": 1.306352479669686,
        "variance": 0.273049088182262,