{
  "pid": 1109,
  "cohort": "cohort_c",
  "age": 35,
  "is_female": false,
  "effects_bayesian": [
    {
      "action": "active_energy",
      "outcome": "deep_sleep",
      "nominal_step": 100.0,
      "dose_multiplier": 0.5241230309025994,
      "dose_multiplier_raw": 0.5241230309025994,
      "direction_conflict": false,
      "scaled_effect": 0.35841597220183025,
      "posterior": {
        "mean": 0.6838393870702404,
        "variance": 0.07480597002008219,
        "sd": 0.2735068006834239,
        "contraction": 0.024123030902599374,
        "prior_mean": 0.6921665440115441,
        "prior_variance": 0.07665512394382158,
        "source": "pop+cohort+user",
        "lam_js": 0.7603833865814696,
        "n_cohort": 238,
        "z_like": 2.5002646565332185
      },
      "cohort_prior": {
        "mean": 0.6920608463385354,
        "variance": 0.07663171440556958,
        "n": 238
      },
      "user_obs": {
        "slope": 0.003469796755162173,
        "se": 0.007004875290553449,
        "n": 46,
        "at_nominal_step": 0.34697967551621733,
        "se_at_step": 0.700487529055345,
        "residual_sd": 1.9947594459554614,
        "sigma_data_used": 12.0
      },
      "gate": {
        "score": 0.024123030902599374,
        "tier": "not_exposed"
      }
    },
    {
      "action": "bedtime",
      "outcome": "deep_sleep",
      "nominal_step": -0.5,
      "dose_multiplier": 0.7358003661487973,
      "dose_multiplier_raw": 0.7358003661487973,
      "direction_conflict": false,
      "scaled_effect": 0.23783989436658723,
      "posterior": {
        "mean": 0.32323970645930616,
        "variance": 0.7219209873733015,
        "sd": 0.8496593360714054,
        "contraction": 0.2358003661487973,
        "prior_mean": 0.6072164646464647,
        "prior_variance": 0.9446759137205589,
        "source": "pop+cohort+user",
        "lam_js": 0.7603833865814696,
        "n_cohort": 238,
        "z_like": 0.3804344785451061
      },
      "cohort_prior": {
        "mean": 0.5855927731092442,
        "variance": 0.9363184076048073,
        "n": 238
      },
      "user_obs": {
        "slope": 1.138647919925176,
        "se": 0.6856967528286065,
        "n": 46,
        "at_nominal_step": -0.569323959962588,
        "se_at_step": 0.34284837641430327,
        "residual_sd": 2.017299768089744,
        "sigma_data_used": 12.0
      },
      "gate": {
        "score": 0.2358003661487973,
        "tier": "not_exposed"
      }
    },
    {
      "action": "bedtime",
      "outcome": "sleep_quality",
      "nominal_step": -0.5,
      "dose_multiplier": 0.9585333062204582,
      "dose_multiplier_raw": 0.9585333062204582,
      "direction_conflict": false,
      "scaled_effect": 0.22132649431985135,
      "posterior": {
        "mean": 0.23090120383250126,
        "variance": 0.4802274569589152,
        "sd": 0.6929844565059993,
        "contraction": 0.4585333062204582,
        "prior_mean": 0.4607862962962966,
        "prior_variance": 0.8869011935098631,
        "source": "pop+cohort+user",
        "lam_js": 0.7603833865814696,
        "n_cohort": 238,
        "z_like": 0.33319824371919704
      },
      "cohort_prior": {
        "mean": 0.42567579831932817,
        "variance": 0.8706033108101122,
        "n": 238
      },
      "user_obs": {
        "slope": 0.03322439735723338,
        "se": 0.37777746288543335,
        "n": 46,
        "at_nominal_step": -0.01661219867861669,
        "se_at_step": 0.18888873144271667,
        "residual_sd": 1.1114102336412919,
        "sigma_data_used": 7.0
      },
      "gate": {
        "score": 0.4585333062204582,
        "tier": "possible"
      }
    },
    {
      "action": "running_volume",
      "outcome": "hrv_daily",
      "nominal_step": 30.0,
      "dose_multiplier": 0.9363668732161652,
      "dose_multiplier_raw": 0.9363668732161652,
      "direction_conflict": false,
      "scaled_effect": 0.00398652551539957,
      "posterior": {
        "mean": 0.0042574397166646235,
        "variance": 0.16995884635524325,
        "sd": 0.41226065341631046,
        "contraction": 0.4363668732161652,
        "prior_mean": 0.14166006734006745,
        "prior_variance": 0.3015416203888705,
        "source": "pop+cohort+user",
        "lam_js": 0.7603833865814696,
        "n_cohort": 238,
        "z_like": 0.010327058091486992
      },
      "cohort_prior": {
        "mean": 0.19654117647058833,
        "variance": 0.5699868837170512,
        "n": 238
      },
      "user_obs": {
        "slope": -0.09728884088002739,
        "se": 0.33533213809465917,
        "n": 46,
        "at_nominal_step": -0.09728884088002739,
        "se_at_step": 0.33533213809465917,
        "residual_sd": 1.6514147638336263,
        "sigma_data_used": 3.5
      },
      "gate": {
        "score": 0.4363668732161652,
        "tier": "possible"
      }
    },
    {
      "action": "sleep_duration",
      "outcome": "hrv_daily",
      "nominal_step": 0.5,
      "dose_multiplier": 0.5023157467674887,
      "dose_multiplier_raw": 0.5023157467674887,
      "direction_conflict": false,
      "scaled_effect": 0.06718810215104785,
      "posterior": {
        "mean": 0.1337567109600245,
        "variance": 0.0029269421884668945,
        "sd": 0.054101221691075466,
        "contraction": 0.002315746767488691,
        "prior_mean": 0.13540993265993234,
        "prior_variance": 0.0029337359780747863,
        "source": "pop+cohort+user",
        "lam_js": 0.7603833865814696,
        "n_cohort": 238,
        "z_like": 2.472341784142908
      },
      "cohort_prior": {
        "mean": 0.13619087635053972,
        "variance": 0.0029676727681804804,
        "n": 238
      },
      "user_obs": {
        "slope": -0.1368807080959272,
        "se": 0.8676692687541036,
        "n": 46,
        "at_nominal_step": -0.0684403540479636,
        "se_at_step": 0.4338346343770518,
        "residual_sd": 1.6514147638336283,
        "sigma_data_used": 3.5
      },
      "gate": {
        "score": 0.002315746767488691,
        "tier": "not_exposed"
      }
    },
    {
      "action": "training_load",
      "outcome": "hrv_daily",
      "nominal_step": 100.0,
      "dose_multiplier": 0.5,
      "dose_multiplier_raw": 1.438854726962091,
      "direction_conflict": true,
      "scaled_effect": 0.3665724683607338,
      "posterior": {
        "mean": 0.7331449367214676,
        "variance": 0.25011192119543346,
        "sd": 0.5001119086718826,
        "contraction": 0.9388547269620912,
        "prior_mean": -5.056217651515151,
        "prior_variance": 4.090453910318943,
        "source": "pop+cohort+user",
        "lam_js": 0.7603833865814696,
        "n_cohort": 238,
        "z_like": 1.4659617657744584
      },
      "cohort_prior": {
        "mean": -5.074865420168067,
        "variance": 4.120681445250819,
        "n": 238
      },
      "user_obs": {
        "slope": 0.011088704449629878,
        "se": 0.02188846243262859,
        "n": 46,
        "at_nominal_step": 1.1088704449629878,
        "se_at_step": 2.188846243262859,
        "residual_sd": 1.6514147638336296,
        "sigma_data_used": 3.5
      },
      "gate": {
        "score": 0.4694273634810456,
        "tier": "possible"
      }
    },
    {
      "action": "training_load",
      "outcome": "resting_hr",
      "nominal_step": 100.0,
      "dose_multiplier": 0.5,
      "dose_multiplier_raw": 1.3969416251428322,
      "direction_conflict": true,
      "scaled_effect": -0.2708481319972561,
      "posterior": {
        "mean": -0.5416962639945122,
        "variance": 0.02809257282659859,
        "sd": 0.1676083912774017,
        "contraction": 0.8969416251428323,
        "prior_mean": 1.305251261157877,
        "prior_variance": 0.2725889367606766,
        "source": "pop+cohort+user",
        "lam_js": 0.7603833865814696,
        "n_cohort": 238,
        "z_like": -3.2319161341867018
      },
      "cohort_prior": {
        "mean": 1.3090992134188058,
        "variance": 0.2741985200917978,