{
  "pid": 1183,
  "cohort": "cohort_c",
  "age": 34,
  "is_female": false,
  "effects_bayesian": [
    {
      "action": "active_energy",
      "outcome": "deep_sleep",
      "nominal_step": 100.0,
      "dose_multiplier": 0.5174878149178698,
      "dose_multiplier_raw": 0.5174878149178698,
      "direction_conflict": false,
      "scaled_effect": 0.35430655820843115,
      "posterior": {
        "mean": 0.6846664752186734,
        "variance": 0.07531459332378566,
        "sd": 0.2744350439061777,
        "contraction": 0.01748781491786977,
        "prior_mean": 0.6921665440115441,
        "prior_variance": 0.07665512394382158,
        "source": "pop+cohort+user",
        "lam_js": 0.7603833865814696,
        "n_cohort": 238,
        "z_like": 2.494821599579474
      },
      "cohort_prior": {
        "mean": 0.6920608463385354,
        "variance": 0.07663171440556958,
        "n": 238
      },
      "user_obs": {
        "slope": 0.0026219785097661152,
        "se": 0.008716314477393714,
        "n": 33,
        "at_nominal_step": 0.2621978509766115,
        "se_at_step": 0.8716314477393714,
        "residual_sd": 1.7948581946768603,
        "sigma_data_used": 12.0
      },
      "gate": {
        "score": 0.01748781491786977,
        "tier": "not_exposed"
      }
    },
    {
      "action": "bedtime",
      "outcome": "deep_sleep",
      "nominal_step": -0.5,
      "dose_multiplier": 0.682522563841356,
      "dose_multiplier_raw": 0.682522563841356,
      "direction_conflict": false,
      "scaled_effect": 0.41156838744357654,
      "posterior": {
        "mean": 0.6030106684344586,
        "variance": 0.7722512439491069,
        "sd": 0.8787782677951856,
        "contraction": 0.182522563841356,
        "prior_mean": 0.6072164646464647,
        "prior_variance": 0.9446759137205589,
        "source": "pop+cohort+user",
        "lam_js": 0.7603833865814696,
        "n_cohort": 238,
        "z_like": 0.6861920583759823
      },
      "cohort_prior": {
        "mean": 0.5855927731092442,
        "variance": 0.9363184076048073,
        "n": 238
      },
      "user_obs": {
        "slope": -1.3198339927551337,
        "se": 0.8440501779716267,
        "n": 33,
        "at_nominal_step": 0.6599169963775668,
        "se_at_step": 0.42202508898581337,
        "residual_sd": 1.8303888924823288,
        "sigma_data_used": 12.0
      },
      "gate": {
        "score": 0.182522563841356,
        "tier": "not_exposed"
      }
    },
    {
      "action": "bedtime",
      "outcome": "sleep_quality",
      "nominal_step": -0.5,
      "dose_multiplier": 0.8794737405424626,
      "dose_multiplier_raw": 0.8794737405424626,
      "direction_conflict": false,
      "scaled_effect": 0.22493505676325243,
      "posterior": {
        "mean": 0.2557609697641588,
        "variance": 0.5503454801171008,
        "sd": 0.7418527347911449,
        "contraction": 0.37947374054246263,
        "prior_mean": 0.4607862962962966,
        "prior_variance": 0.8869011935098631,
        "source": "pop+cohort+user",
        "lam_js": 0.7603833865814696,
        "n_cohort": 238,
        "z_like": 0.3447597586010971
      },
      "cohort_prior": {
        "mean": 0.42567579831932817,
        "variance": 0.8706033108101122,
        "n": 238
      },
      "user_obs": {
        "slope": 0.09409018018154548,
        "se": 0.5102665716278496,
        "n": 33,
        "at_nominal_step": -0.04704509009077274,
        "se_at_step": 0.2551332858139248,
        "residual_sd": 1.1065530098662584,
        "sigma_data_used": 7.0
      },
      "gate": {
        "score": 0.37947374054246263,
        "tier": "possible"
      }
    },
    {
      "action": "running_volume",
      "outcome": "hrv_daily",
      "nominal_step": 30.0,
      "dose_multiplier": 0.8123368620394839,
      "dose_multiplier_raw": 0.8123368620394839,
      "direction_conflict": false,
      "scaled_effect": 0.2044332232908573,
      "posterior": {
        "mean": 0.2516606507029602,
        "variance": 0.20735905690230944,
        "sd": 0.4553669475294726,
        "contraction": 0.31233686203948385,
        "prior_mean": 0.14166006734006745,
        "prior_variance": 0.3015416203888705,
        "source": "pop+cohort+user",
        "lam_js": 0.7603833865814696,
        "n_cohort": 238,
        "z_like": 0.5526546273687816
      },
      "cohort_prior": {
        "mean": 0.19654117647058833,
        "variance": 0.5699868837170512,
        "n": 238
      },
      "user_obs": {
        "slope": 0.30560684644720765,
        "se": 0.27862743644897425,
        "n": 33,
        "at_nominal_step": 0.30560684644720765,
        "se_at_step": 0.27862743644897425,
        "residual_sd": 1.567843424636629,
        "sigma_data_used": 3.5
      },
      "gate": {
        "score": 0.31233686203948385,
        "tier": "possible"
      }
    },
    {
      "action": "sleep_duration",
      "outcome": "hrv_daily",
      "nominal_step": 0.5,
      "dose_multiplier": 0.5,
      "dose_multiplier_raw": 0.5,
      "direction_conflict": false,
      "scaled_effect": 0.06929783126858396,
      "posterior": {
        "mean": 0.13859566253716793,
        "variance": 0.0029360620161550176,
        "sd": 0.05418544099806716,
        "contraction": 0.0,
        "prior_mean": 0.13540993265993234,
        "prior_variance": 0.0029337359780747863,
        "source": "pop+cohort+user",
        "lam_js": 0.7603833865814696,
        "n_cohort": 238,
        "z_like": 2.557802612367993
      },
      "cohort_prior": {
        "mean": 0.13619087635053972,
        "variance": 0.0029676727681804804,
        "n": 238
      },
      "user_obs": {
        "slope": 0.9274089289590196,
        "se": 1.1119960072933521,
        "n": 33,
        "at_nominal_step": 0.4637044644795098,
        "se_at_step": 0.5559980036466761,
        "residual_sd": 1.5678434246366288,
        "sigma_data_used": 3.5
      },
      "gate": {
        "score": 0.0,
        "tier": "not_exposed"
      }
    },
    {
      "action": "training_load",
      "outcome": "hrv_daily",
      "nominal_step": 100.0,
      "dose_multiplier": 0.5,
      "dose_multiplier_raw": 1.4167610327360245,
      "direction_conflict": true,
      "scaled_effect": 0.37329576745261067,
      "posterior": {
        "mean": 0.7465915349052213,
        "variance": 0.3404851591358391,
        "sd": 0.5835110617082071,
        "contraction": 0.9167610327360245,
        "prior_mean": -5.056217651515151,
        "prior_variance": 4.090453910318943,
        "source": "pop+cohort+user",
        "lam_js": 0.7603833865814696,
        "n_cohort": 238,
        "z_like": 1.2794813738742197
      },
      "cohort_prior": {
        "mean": -5.074865420168067,
        "variance": 4.120681445250819,
        "n": 238
      },
      "user_obs": {
        "slope": 0.012715436056211397,
        "se": 0.03340041649998868,
        "n": 33,
        "at_nominal_step": 1.2715436056211398,
        "se_at_step": 3.340041649998868,
        "residual_sd": 1.5678434246366266,
        "sigma_data_used": 3.5
      },
      "gate": {
        "score": 0.45838051636801225,
        "tier": "possible"
      }
    },
    {
      "action": "training_load",
      "outcome": "resting_hr",
      "nominal_step": 100.0,
      "dose_multiplier": 1.3619235804720524,
      "dose_multiplier_raw": 1.3619235804720524,
      "direction_conflict": false,
      "scaled_effect": 1.4179794217568729,
      "posterior": {
        "mean": 1.041159314728504,
        "variance": 0.03763810439084435,
        "sd": 0.19400542361192985,
        "contraction": 0.8619235804720524,
        "prior_mean": 1.305251261157877,
        "prior_variance": 0.2725889367606766,
        "source": "pop+cohort+user",
        "lam_js": 0.7603833865814696,
        "n_cohort": 238,
        "z_like": 5.366650557208859
      },
      "cohort_prior": {
        "mean": 1.3090992134188058,
        "variance": 0.2741985200917978,
        "n": 238
      },