{
  "pid": 502,
  "cohort": "cohort_a",
  "age": 43,
  "is_female": false,
  "effects_bayesian": [
    {
      "action": "active_energy",
      "outcome": "deep_sleep",
      "nominal_step": 100.0,
      "dose_multiplier": 0.5102923069618106,
      "dose_multiplier_raw": 0.5102923069618106,
      "direction_conflict": false,
      "scaled_effect": 0.35222000807163734,
      "posterior": {
        "mean": 0.6902318597916799,
        "variance": 0.07586616587799613,
        "sd": 0.27543813439318116,
        "contraction": 0.010292306961810604,
        "prior_mean": 0.6921665440115441,
        "prior_variance": 0.07665512394382158,
        "source": "pop+cohort+user",
        "lam_js": 0.8768472906403941,
        "n_cohort": 534,
        "z_like": 2.5059415295283367
      },
      "cohort_prior": {
        "mean": 0.6984414526484751,
        "variance": 0.07805127404443395,
        "n": 534
      },
      "user_obs": {
        "slope": 0.004095936638622982,
        "se": 0.007831268096011465,
        "n": 49,
        "at_nominal_step": 0.40959366386229823,
        "se_at_step": 0.7831268096011466,
        "residual_sd": 1.8251466307502562,
        "sigma_data_used": 12.0
      },
      "gate": {
        "score": 0.010292306961810604,
        "tier": "not_exposed"
      }
    },
    {
      "action": "bedtime",
      "outcome": "deep_sleep",
      "nominal_step": -0.5,
      "dose_multiplier": 0.7372544261165398,
      "dose_multiplier_raw": 0.7372544261165398,
      "direction_conflict": false,
      "scaled_effect": 0.5192606432622736,
      "posterior": {
        "mean": 0.7043167526269862,
        "variance": 0.7205473719446699,
        "sd": 0.8488506181564986,
        "contraction": 0.2372544261165398,
        "prior_mean": 0.6072164646464647,
        "prior_variance": 0.9446759137205589,
        "source": "pop+cohort+user",
        "lam_js": 0.8768472906403941,
        "n_cohort": 534,
        "z_like": 0.8297299166213655
      },
      "cohort_prior": {
        "mean": 0.6056498876404495,
        "variance": 0.9560138510611396,
        "n": 534
      },
      "user_obs": {
        "slope": -2.0149438353285203,
        "se": 1.0070569368221935,
        "n": 49,
        "at_nominal_step": 1.0074719176642601,
        "se_at_step": 0.5035284684110968,
        "residual_sd": 1.8379201193344454,
        "sigma_data_used": 12.0
      },
      "gate": {
        "score": 0.2372544261165398,
        "tier": "not_exposed"
      }
    },
    {
      "action": "bedtime",
      "outcome": "sleep_quality",
      "nominal_step": -0.5,
      "dose_multiplier": 0.9705621723683219,
      "dose_multiplier_raw": 0.9705621723683219,
      "direction_conflict": false,
      "scaled_effect": 0.7047142074036727,
      "posterior": {
        "mean": 0.7260886808354183,
        "variance": 0.4695590412158045,
        "sd": 0.6852437823255345,
        "contraction": 0.4705621723683219,
        "prior_mean": 0.4607862962962966,
        "prior_variance": 0.8869011935098631,
        "source": "pop+cohort+user",
        "lam_js": 0.8768472906403941,
        "n_cohort": 534,
        "z_like": 1.0596063759546523
      },
      "cohort_prior": {
        "mean": 0.46373086142322145,
        "variance": 0.8849888909576128,
        "n": 534
      },
      "user_obs": {
        "slope": -2.0457456905435487,
        "se": 0.7038288779179155,
        "n": 49,
        "at_nominal_step": 1.0228728452717744,
        "se_at_step": 0.35191443895895774,
        "residual_sd": 1.2845165034817883,
        "sigma_data_used": 7.0
      },
      "gate": {
        "score": 0.4705621723683219,
        "tier": "possible"
      }
    },
    {
      "action": "running_volume",
      "outcome": "hrv_daily",
      "nominal_step": 30.0,
      "dose_multiplier": 0.5,
      "dose_multiplier_raw": 1.08536305651141,
      "direction_conflict": true,
      "scaled_effect": -0.004671884894052935,
      "posterior": {
        "mean": -0.00934376978810587,
        "variance": 0.12503029581263794,
        "sd": 0.353596232746671,
        "contraction": 0.5853630565114101,
        "prior_mean": 0.14166006734006745,
        "prior_variance": 0.3015416203888705,
        "source": "pop+cohort+user",
        "lam_js": 0.8768472906403941,
        "n_cohort": 534,
        "z_like": -0.02642496984632775
      },
      "cohort_prior": {
        "mean": 0.13417902621722846,
        "variance": 0.24427088794406634,
        "n": 534
      },
      "user_obs": {
        "slope": -0.1537178764167803,
        "se": 0.24288389002989216,
        "n": 49,
        "at_nominal_step": -0.1537178764167803,
        "se_at_step": 0.24288389002989216,
        "residual_sd": 1.5712348892544643,
        "sigma_data_used": 3.5
      },
      "gate": {
        "score": 0.29268152825570504,
        "tier": "not_exposed"
      }
    },
    {
      "action": "sleep_duration",
      "outcome": "hrv_daily",
      "nominal_step": 0.5,
      "dose_multiplier": 0.5221283148976842,
      "dose_multiplier_raw": 0.5221283148976842,
      "direction_conflict": false,
      "scaled_effect": 0.061193572617030824,
      "posterior": {
        "mean": 0.11720025685452869,
        "variance": 0.002868817344525282,
        "sd": 0.05356134188503199,
        "contraction": 0.022128314897684187,
        "prior_mean": 0.13540993265993234,
        "prior_variance": 0.0029337359780747863,
        "source": "pop+cohort+user",
        "lam_js": 0.8768472906403941,
        "n_cohort": 534,
        "z_like": 2.1881501233874228
      },
      "cohort_prior": {
        "mean": 0.13457651150347733,
        "variance": 0.002897733991751291,
        "n": 534
      },
      "user_obs": {
        "slope": -2.7770002910435228,
        "se": 0.9818706414237695,
        "n": 49,
        "at_nominal_step": -1.3885001455217614,
        "se_at_step": 0.4909353207118847,
        "residual_sd": 1.5712348892544636,
        "sigma_data_used": 3.5
      },
      "gate": {
        "score": 0.022128314897684187,
        "tier": "not_exposed"
      }
    },
    {
      "action": "training_load",
      "outcome": "hrv_daily",
      "nominal_step": 100.0,
      "dose_multiplier": 1.442396205853531,
      "dose_multiplier_raw": 1.442396205853531,
      "direction_conflict": false,
      "scaled_effect": -2.273733848988903,
      "posterior": {
        "mean": -1.5763587284559115,
        "variance": 0.23562566501563198,
        "sd": 0.4854128809741579,
        "contraction": 0.9423962058535309,
        "prior_mean": -5.056217651515151,
        "prior_variance": 4.090453910318943,
        "source": "pop+cohort+user",
        "lam_js": 0.8768472906403941,
        "n_cohort": 534,
        "z_like": -3.2474596168366463
      },
      "cohort_prior": {
        "mean": -5.061554325842696,
        "variance": 4.099093150953106,
        "n": 534
      },
      "user_obs": {
        "slope": -0.013637845939095844,
        "se": 0.019152131495778425,
        "n": 49,
        "at_nominal_step": -1.3637845939095843,
        "se_at_step": 1.9152131495778424,
        "residual_sd": 1.571234889254464,
        "sigma_data_used": 3.5
      },
      "gate": {
        "score": 0.9423962058535309,
        "tier": "recommended"
      }
    },
    {
      "action": "training_load",
      "outcome": "resting_hr",
      "nominal_step": 100.0,
      "dose_multiplier": 0.5,
      "dose_multiplier_raw": 1.402668044795352,
      "direction_conflict": true,
      "scaled_effect": -0.2943983902099512,
      "posterior": {
        "mean": -0.5887967804199024,
        "variance": 0.02653161418207283,
        "sd": 0.16288527920617268,
        "contraction": 0.9026680447953519,
        "prior_mean": 1.305251261157877,
        "prior_variance": 0.2725889367606766,
        "source": "pop+cohort+user",
        "lam_js": 0.8768472906403941,
        "n_cohort": 534,
        "z_like": -3.614794309770808
      },
      "cohort_prior": {
        "mean": 1.306352479669686,
        "variance": 0.273049088182262,