{
  "pid": 161,
  "cohort": "cohort_a",
  "age": 37,
  "is_female": true,
  "effects_bayesian": [
    {
      "action": "active_energy",
      "outcome": "deep_sleep",
      "nominal_step": 100.0,
      "dose_multiplier": 0.5175388200166048,
      "dose_multiplier_raw": 0.5175388200166048,
      "direction_conflict": false,
      "scaled_effect": 0.34989373191884227,
      "posterior": {
        "mean": 0.6760724382136517,
        "variance": 0.07531068352162036,
        "sd": 0.27442792044837633,
        "contraction": 0.017538820016604784,
        "prior_mean": 0.6921665440115441,
        "prior_variance": 0.07665512394382158,
        "source": "pop+cohort+user",
        "lam_js": 0.8768472906403941,
        "n_cohort": 534,
        "z_like": 2.4635701684764624
      },
      "cohort_prior": {
        "mean": 0.6984414526484751,
        "variance": 0.07805127404443395,
        "n": 534
      },
      "user_obs": {
        "slope": 0.00042212674361008506,
        "se": 0.006945234824098623,
        "n": 63,
        "at_nominal_step": 0.042212674361008506,
        "se_at_step": 0.6945234824098623,
        "residual_sd": 1.9575357761950574,
        "sigma_data_used": 12.0
      },
      "gate": {
        "score": 0.017538820016604784,
        "tier": "not_exposed"
      }
    },
    {
      "action": "bedtime",
      "outcome": "deep_sleep",
      "nominal_step": -0.5,
      "dose_multiplier": 0.7871891210946215,
      "dose_multiplier_raw": 0.7871891210946215,
      "direction_conflict": false,
      "scaled_effect": 0.5748562359578483,
      "posterior": {
        "mean": 0.7302644568543899,
        "variance": 0.6733752683398931,
        "sd": 0.8205944603395109,
        "contraction": 0.28718912109462147,
        "prior_mean": 0.6072164646464647,
        "prior_variance": 0.9446759137205589,
        "source": "pop+cohort+user",
        "lam_js": 0.8768472906403941,
        "n_cohort": 534,
        "z_like": 0.8899212609261973
      },
      "cohort_prior": {
        "mean": 0.6056498876404495,
        "variance": 0.9560138510611396,
        "n": 534
      },
      "user_obs": {
        "slope": -2.0563626956732666,
        "se": 0.9242112521239685,
        "n": 63,
        "at_nominal_step": 1.0281813478366333,
        "se_at_step": 0.46210562606198424,
        "residual_sd": 1.969675911789158,
        "sigma_data_used": 12.0
      },
      "gate": {
        "score": 0.28718912109462147,
        "tier": "not_exposed"
      }
    },
    {
      "action": "bedtime",
      "outcome": "sleep_quality",
      "nominal_step": -0.5,
      "dose_multiplier": 1.0331893599589028,
      "dose_multiplier_raw": 1.0331893599589028,
      "direction_conflict": false,
      "scaled_effect": 0.917887029443911,
      "posterior": {
        "mean": 0.888401550593225,
        "variance": 0.41401491379555205,
        "sd": 0.6434399069031638,
        "contraction": 0.5331893599589029,
        "prior_mean": 0.4607862962962966,
        "prior_variance": 0.8869011935098631,
        "source": "pop+cohort+user",
        "lam_js": 0.8768472906403941,
        "n_cohort": 534,
        "z_like": 1.3807063271363542
      },
      "cohort_prior": {
        "mean": 0.46373086142322145,
        "variance": 0.8849888909576128,
        "n": 534
      },
      "user_obs": {
        "slope": -2.5236908713806057,
        "se": 0.7142918915664032,
        "n": 63,
        "at_nominal_step": 1.2618454356903028,
        "se_at_step": 0.3571459457832016,
        "residual_sd": 1.522296476667372,
        "sigma_data_used": 7.0
      },
      "gate": {
        "score": 0.5331893599589029,
        "tier": "possible"
      }
    },
    {
      "action": "running_volume",
      "outcome": "hrv_daily",
      "nominal_step": 30.0,
      "dose_multiplier": 1.1372036656572548,
      "dose_multiplier_raw": 1.1372036656572548,
      "direction_conflict": false,
      "scaled_effect": 0.29769476843483694,
      "posterior": {
        "mean": 0.26177788326313756,
        "variance": 0.10939819452885381,
        "sd": 0.3307539788556652,
        "contraction": 0.6372036656572548,
        "prior_mean": 0.14166006734006745,
        "prior_variance": 0.3015416203888705,
        "source": "pop+cohort+user",
        "lam_js": 0.8768472906403941,
        "n_cohort": 534,
        "z_like": 0.7914580020135524
      },
      "cohort_prior": {
        "mean": 0.13417902621722846,
        "variance": 0.24427088794406634,
        "n": 534
      },
      "user_obs": {
        "slope": 0.3602571162164047,
        "se": 0.2596282236304386,
        "n": 63,
        "at_nominal_step": 0.3602571162164047,
        "se_at_step": 0.2596282236304386,
        "residual_sd": 1.6778728170985224,
        "sigma_data_used": 3.5
      },
      "gate": {
        "score": 0.6372036656572548,
        "tier": "possible"
      }
    },
    {
      "action": "sleep_duration",
      "outcome": "hrv_daily",
      "nominal_step": 0.5,
      "dose_multiplier": 0.5253239350125751,
      "dose_multiplier_raw": 0.5253239350125751,
      "direction_conflict": false,
      "scaled_effect": 0.07117783144541062,
      "posterior": {
        "mean": 0.13549321990003516,
        "variance": 0.0028594422388219668,
        "sd": 0.05347375280286551,
        "contraction": 0.025323935012575127,
        "prior_mean": 0.13540993265993234,
        "prior_variance": 0.0029337359780747863,
        "source": "pop+cohort+user",
        "lam_js": 0.8768472906403941,
        "n_cohort": 534,
        "z_like": 2.5338266494880166
      },
      "cohort_prior": {
        "mean": 0.13457651150347733,
        "variance": 0.002897733991751291,
        "n": 534
      },
      "user_obs": {
        "slope": 0.38007321380774034,
        "se": 0.793078466695102,
        "n": 63,
        "at_nominal_step": 0.19003660690387017,
        "se_at_step": 0.396539233347551,
        "residual_sd": 1.6778728170985238,
        "sigma_data_used": 3.5
      },
      "gate": {
        "score": 0.025323935012575127,
        "tier": "not_exposed"
      }
    },
    {
      "action": "training_load",
      "outcome": "hrv_daily",
      "nominal_step": 100.0,
      "dose_multiplier": 0.5,
      "dose_multiplier_raw": 1.4546171842900362,
      "direction_conflict": true,
      "scaled_effect": 0.046885005816737636,
      "posterior": {
        "mean": 0.09377001163347527,
        "variance": 0.18563631598210553,
        "sd": 0.43085533068781395,
        "contraction": 0.9546171842900362,
        "prior_mean": -5.056217651515151,
        "prior_variance": 4.090453910318943,
        "source": "pop+cohort+user",
        "lam_js": 0.8768472906403941,
        "n_cohort": 534,
        "z_like": 0.21763688401808
      },
      "cohort_prior": {
        "mean": -5.061554325842696,
        "variance": 4.099093150953106,
        "n": 534
      },
      "user_obs": {
        "slope": 0.0033835022676612057,
        "se": 0.01767325813258228,
        "n": 63,
        "at_nominal_step": 0.3383502267661206,
        "se_at_step": 1.767325813258228,
        "residual_sd": 1.677872817098522,
        "sigma_data_used": 3.5
      },
      "gate": {
        "score": 0.4773085921450181,
        "tier": "possible"
      }
    },
    {
      "action": "training_load",
      "outcome": "resting_hr",
      "nominal_step": 100.0,
      "dose_multiplier": 0.5,
      "dose_multiplier_raw": 1.4226263003823798,
      "direction_conflict": true,
      "scaled_effect": -0.37032831042880815,
      "posterior": {
        "mean": -0.7406566208576163,
        "variance": 0.021091214512007066,
        "sd": 0.1452281464179966,
        "contraction": 0.9226263003823798,
        "prior_mean": 1.305251261157877,
        "prior_variance": 0.2725889367606766,
        "source": "pop+cohort+user",
        "lam_js": 0.8768472906403941,
        "n_cohort": 534,
        "z_like": -5.099952310386539
      },
      "cohort_prior": {
        "mean": 1.306352479669686,
        "variance": 0.273049088182262,
        "n": 534
      },