{
  "pid": 739,
  "cohort": "cohort_b",
  "age": 39,
  "is_female": true,
  "effects_bayesian": [
    {
      "action": "active_energy",
      "outcome": "deep_sleep",
      "nominal_step": 100.0,
      "dose_multiplier": 0.5420264162478856,
      "dose_multiplier_raw": 0.5420264162478856,
      "direction_conflict": false,
      "scaled_effect": 0.3602609439406074,
      "posterior": {
        "mean": 0.6646556941531957,
        "variance": 0.07343358379742528,
        "sd": 0.2709863166239677,
        "contraction": 0.04202641624788561,
        "prior_mean": 0.6921665440115441,
        "prior_variance": 0.07665512394382158,
        "source": "pop+cohort+user",
        "lam_js": 0.8472505091649695,
        "n_cohort": 416,
        "z_like": 2.452727881000355
      },
      "cohort_prior": {
        "mean": 0.6841722046703297,
        "variance": 0.07489465690295352,
        "n": 416
      },
      "user_obs": {
        "slope": -0.0021828656456570963,
        "se": 0.009029385951830584,
        "n": 45,
        "at_nominal_step": -0.21828656456570963,
        "se_at_step": 0.9029385951830584,
        "residual_sd": 2.1064322703184084,
        "sigma_data_used": 12.0
      },
      "gate": {
        "score": 0.04202641624788561,
        "tier": "not_exposed"
      }
    },
    {
      "action": "bedtime",
      "outcome": "deep_sleep",
      "nominal_step": -0.5,
      "dose_multiplier": 0.7312439051876609,
      "dose_multiplier_raw": 0.7312439051876609,
      "direction_conflict": false,
      "scaled_effect": 0.4199398599640353,
      "posterior": {
        "mean": 0.5742815180883664,
        "variance": 0.726225366295095,
        "sd": 0.8521885743748827,
        "contraction": 0.23124390518766091,
        "prior_mean": 0.6072164646464647,
        "prior_variance": 0.9446759137205589,
        "source": "pop+cohort+user",
        "lam_js": 0.8472505091649695,
        "n_cohort": 416,
        "z_like": 0.6738901874032127
      },
      "cohort_prior": {
        "mean": 0.6215986538461539,
        "variance": 0.9384823525592582,
        "n": 416
      },
      "user_obs": {
        "slope": -0.841172606321108,
        "se": 1.0942784634885336,
        "n": 45,
        "at_nominal_step": 0.420586303160554,
        "se_at_step": 0.5471392317442668,
        "residual_sd": 2.108970239877201,
        "sigma_data_used": 12.0
      },
      "gate": {
        "score": 0.23124390518766091,
        "tier": "not_exposed"
      }
    },
    {
      "action": "bedtime",
      "outcome": "sleep_quality",
      "nominal_step": -0.5,
      "dose_multiplier": 0.9448366293921021,
      "dose_multiplier_raw": 0.9448366293921021,
      "direction_conflict": false,
      "scaled_effect": 0.08549684151192985,
      "posterior": {
        "mean": 0.09048849171622148,
        "variance": 0.4923750559851031,
        "sd": 0.7016944178095641,
        "contraction": 0.4448366293921021,
        "prior_mean": 0.4607862962962966,
        "prior_variance": 0.8869011935098631,
        "source": "pop+cohort+user",
        "lam_js": 0.8472505091649695,
        "n_cohort": 416,
        "z_like": 0.12895712067753623
      },
      "cohort_prior": {
        "mean": 0.4770937500000001,
        "variance": 0.9009695161433738,
        "n": 416
      },
      "user_obs": {
        "slope": 0.7497342392040839,
        "se": 0.6300042854818166,
        "n": 45,
        "at_nominal_step": -0.37486711960204194,
        "se_at_step": 0.3150021427409083,
        "residual_sd": 1.2141884661062543,
        "sigma_data_used": 7.0
      },
      "gate": {
        "score": 0.4448366293921021,
        "tier": "possible"
      }
    },
    {
      "action": "running_volume",
      "outcome": "hrv_daily",
      "nominal_step": 30.0,
      "dose_multiplier": 1.088251623481625,
      "dose_multiplier_raw": 1.088251623481625,
      "direction_conflict": false,
      "scaled_effect": 0.1551108994688617,
      "posterior": {
        "mean": 0.14253220130526248,
        "variance": 0.12415927264783753,
        "sd": 0.35236241662220097,
        "contraction": 0.5882516234816251,
        "prior_mean": 0.14166006734006745,
        "prior_variance": 0.3015416203888705,
        "source": "pop+cohort+user",
        "lam_js": 0.8472505091649695,
        "n_cohort": 416,
        "z_like": 0.4045045515114738
      },
      "cohort_prior": {
        "mean": 0.11986480769230796,
        "variance": 0.2186938498312511,
        "n": 416
      },
      "user_obs": {
        "slope": 0.16559344942097184,
        "se": 0.20568106375168524,
        "n": 45,
        "at_nominal_step": 0.16559344942097184,
        "se_at_step": 0.20568106375168524,
        "residual_sd": 1.1889286898786122,
        "sigma_data_used": 3.5
      },
      "gate": {
        "score": 0.5882516234816251,
        "tier": "possible"
      }
    },
    {
      "action": "sleep_duration",
      "outcome": "hrv_daily",
      "nominal_step": 0.5,
      "dose_multiplier": 0.5030247282107687,
      "dose_multiplier_raw": 0.5030247282107687,
      "direction_conflict": false,
      "scaled_effect": 0.06695280291400212,
      "posterior": {
        "mean": 0.1331004206336924,
        "variance": 0.0029248622240989563,
        "sd": 0.05408199537830456,
        "contraction": 0.0030247282107687123,
        "prior_mean": 0.13540993265993234,
        "prior_variance": 0.0029337359780747863,
        "source": "pop+cohort+user",
        "lam_js": 0.8472505091649695,
        "n_cohort": 416,
        "z_like": 2.4610856108886607
      },
      "cohort_prior": {
        "mean": 0.13603296703296702,
        "variance": 0.002960794899166767,
        "n": 416
      },
      "user_obs": {
        "slope": -0.2562842567279504,
        "se": 0.5617114035674723,
        "n": 45,
        "at_nominal_step": -0.1281421283639752,
        "se_at_step": 0.28085570178373614,
        "residual_sd": 1.188928689878614,
        "sigma_data_used": 3.5
      },
      "gate": {
        "score": 0.0030247282107687123,
        "tier": "not_exposed"
      }
    },
    {
      "action": "training_load",
      "outcome": "hrv_daily",
      "nominal_step": 100.0,
      "dose_multiplier": 1.4376249804252894,
      "dose_multiplier_raw": 1.4376249804252894,
      "direction_conflict": false,
      "scaled_effect": -4.074952907410714,
      "posterior": {
        "mean": -2.834503408674236,
        "variance": 0.25514214272559566,
        "sd": 0.5051159695808436,
        "contraction": 0.9376249804252894,
        "prior_mean": -5.056217651515151,
        "prior_variance": 4.090453910318943,
        "source": "pop+cohort+user",
        "lam_js": 0.8472505091649695,
        "n_cohort": 416,
        "z_like": -5.611589376250309
      },
      "cohort_prior": {
        "mean": -5.038698533653847,
        "variance": 4.062157266087269,
        "n": 416
      },
      "user_obs": {
        "slope": -0.02686767975901868,
        "se": 0.018995328499393897,
        "n": 45,
        "at_nominal_step": -2.686767975901868,
        "se_at_step": 1.8995328499393898,
        "residual_sd": 1.1889286898786116,
        "sigma_data_used": 3.5
      },
      "gate": {
        "score": 0.9376249804252894,
        "tier": "recommended"
      }
    },
    {
      "action": "training_load",
      "outcome": "resting_hr",
      "nominal_step": 100.0,
      "dose_multiplier": 0.5,
      "dose_multiplier_raw": 1.3949923640955404,
      "direction_conflict": true,
      "scaled_effect": -0.17514056104664963,
      "posterior": {
        "mean": -0.35028112209329926,
        "variance": 0.028623919822948877,
        "sd": 0.16918605091126418,
        "contraction": 0.8949923640955404,
        "prior_mean": 1.305251261157877,
        "prior_variance": 0.2725889367606766,
        "source": "pop+cohort+user",
        "lam_js": 0.8472505091649695,
        "n_cohort": 416,
        "z_like": -2.070390083618755
      },
      "cohort_prior": {
        "mean": 1.3016362050919952,
        "variance": 0.2710810896650065,