{
  "pid": 46,
  "cohort": "cohort_a",
  "age": 32,
  "is_female": false,
  "effects_bayesian": [
    {
      "action": "active_energy",
      "outcome": "deep_sleep",
      "nominal_step": 100.0,
      "dose_multiplier": 0.5246799883100602,
      "dose_multiplier_raw": 0.5246799883100602,
      "direction_conflict": false,
      "scaled_effect": 0.35989061853171217,
      "posterior": {
        "mean": 0.6859240423689161,
        "variance": 0.07476327638098185,
        "sd": 0.273428740956363,
        "contraction": 0.02467998831006024,
        "prior_mean": 0.6921665440115441,
        "prior_variance": 0.07665512394382158,
        "source": "pop+cohort+user",
        "lam_js": 0.8768472906403941,
        "n_cohort": 534,
        "z_like": 2.5086025703434887
      },
      "cohort_prior": {
        "mean": 0.6984414526484751,
        "variance": 0.07805127404443395,
        "n": 534
      },
      "user_obs": {
        "slope": 0.004038880984649482,
        "se": 0.005668602949364737,
        "n": 77,
        "at_nominal_step": 0.40388809846494816,
        "se_at_step": 0.5668602949364737,
        "residual_sd": 2.109926896502559,
        "sigma_data_used": 12.0
      },
      "gate": {
        "score": 0.02467998831006024,
        "tier": "not_exposed"
      }
    },
    {
      "action": "bedtime",
      "outcome": "deep_sleep",
      "nominal_step": -0.5,
      "dose_multiplier": 0.830987395986986,
      "dose_multiplier_raw": 0.830987395986986,
      "direction_conflict": false,
      "scaled_effect": 0.7653925603562617,
      "posterior": {
        "mean": 0.9210639825014246,
        "variance": 0.6320000929865645,
        "sd": 0.7949843350573421,
        "contraction": 0.330987395986986,
        "prior_mean": 0.6072164646464647,
        "prior_variance": 0.9446759137205589,
        "source": "pop+cohort+user",
        "lam_js": 0.8768472906403941,
        "n_cohort": 534,
        "z_like": 1.1585938764881303
      },
      "cohort_prior": {
        "mean": 0.6056498876404495,
        "variance": 0.9560138510611396,
        "n": 534
      },
      "user_obs": {
        "slope": -3.0772059884288567,
        "se": 0.9774199580201425,
        "n": 77,
        "at_nominal_step": 1.5386029942144284,
        "se_at_step": 0.48870997901007124,
        "residual_sd": 2.097772111214212,
        "sigma_data_used": 12.0
      },
      "gate": {
        "score": 0.330987395986986,
        "tier": "possible"
      }
    },
    {
      "action": "bedtime",
      "outcome": "sleep_quality",
      "nominal_step": -0.5,
      "dose_multiplier": 1.0825674464384059,
      "dose_multiplier_raw": 1.0825674464384059,
      "direction_conflict": false,
      "scaled_effect": 0.098933039097405,
      "posterior": {
        "mean": 0.09138741371070216,
        "variance": 0.3702214299636476,
        "sd": 0.6084582401148394,
        "contraction": 0.582567446438406,
        "prior_mean": 0.4607862962962966,
        "prior_variance": 0.8869011935098631,
        "source": "pop+cohort+user",
        "lam_js": 0.8768472906403941,
        "n_cohort": 534,
        "z_like": 0.15019504657123858
      },
      "cohort_prior": {
        "mean": 0.46373086142322145,
        "variance": 0.8849888909576128,
        "n": 534
      },
      "user_obs": {
        "slope": 0.3520391365457654,
        "se": 0.6046935933126758,
        "n": 77,
        "at_nominal_step": -0.1760195682728827,
        "se_at_step": 0.3023467966563379,
        "residual_sd": 1.2978140516495356,
        "sigma_data_used": 7.0
      },
      "gate": {
        "score": 0.582567446438406,
        "tier": "possible"
      }
    },
    {
      "action": "running_volume",
      "outcome": "hrv_daily",
      "nominal_step": 30.0,
      "dose_multiplier": 1.177521967924945,
      "dose_multiplier_raw": 1.177521967924945,
      "direction_conflict": false,
      "scaled_effect": 0.11806939429988005,
      "posterior": {
        "mean": 0.10026937714626635,
        "variance": 0.09724054833172628,
        "sd": 0.3118341679991567,
        "contraction": 0.6775219679249449,
        "prior_mean": 0.14166006734006745,
        "prior_variance": 0.3015416203888705,
        "source": "pop+cohort+user",
        "lam_js": 0.8768472906403941,
        "n_cohort": 534,
        "z_like": 0.3215471152171417
      },
      "cohort_prior": {
        "mean": 0.13417902621722846,
        "variance": 0.24427088794406634,
        "n": 534
      },
      "user_obs": {
        "slope": 0.07811496264565539,
        "se": 0.17142895182883178,
        "n": 77,
        "at_nominal_step": 0.07811496264565539,
        "se_at_step": 0.17142895182883178,
        "residual_sd": 1.6403876166242213,
        "sigma_data_used": 3.5
      },
      "gate": {
        "score": 0.6775219679249449,
        "tier": "possible"
      }
    },
    {
      "action": "sleep_duration",
      "outcome": "hrv_daily",
      "nominal_step": 0.5,
      "dose_multiplier": 0.5284987370085371,
      "dose_multiplier_raw": 0.5284987370085371,
      "direction_conflict": false,
      "scaled_effect": 0.06985923763516576,
      "posterior": {
        "mean": 0.1321843038463823,
        "variance": 0.0028501282079831497,
        "sd": 0.05338659202443203,
        "contraction": 0.02849873700853711,
        "prior_mean": 0.13540993265993234,
        "prior_variance": 0.0029337359780747863,
        "source": "pop+cohort+user",
        "lam_js": 0.8768472906403941,
        "n_cohort": 534,
        "z_like": 2.475983179182687
      },
      "cohort_prior": {
        "mean": 0.13457651150347733,
        "variance": 0.002897733991751291,
        "n": 534
      },
      "user_obs": {
        "slope": -0.009160592875663596,
        "se": 0.5226041732528185,
        "n": 77,
        "at_nominal_step": -0.004580296437831798,
        "se_at_step": 0.26130208662640925,
        "residual_sd": 1.6403876166242215,
        "sigma_data_used": 3.5
      },
      "gate": {
        "score": 0.02849873700853711,
        "tier": "not_exposed"
      }
    },
    {
      "action": "training_load",
      "outcome": "hrv_daily",
      "nominal_step": 100.0,
      "dose_multiplier": 1.4625602450643522,
      "dose_multiplier_raw": 1.4625602450643522,
      "direction_conflict": false,
      "scaled_effect": -0.18475986124036345,
      "posterior": {
        "mean": -0.12632632526685017,
        "variance": 0.1531455919779036,
        "sd": 0.3913382066421621,
        "contraction": 0.9625602450643522,
        "prior_mean": -5.056217651515151,
        "prior_variance": 4.090453910318943,
        "source": "pop+cohort+user",
        "lam_js": 0.8768472906403941,
        "n_cohort": 534,
        "z_like": -0.322806010562527
      },
      "cohort_prior": {
        "mean": -5.061554325842696,
        "variance": 4.099093150953106,
        "n": 534
      },
      "user_obs": {
        "slope": 0.0006524032508920955,
        "se": 0.020297085333788673,
        "n": 77,
        "at_nominal_step": 0.06524032508920954,
        "se_at_step": 2.029708533378867,
        "residual_sd": 1.6403876166242228,
        "sigma_data_used": 3.5
      },
      "gate": {
        "score": 0.9625602450643522,
        "tier": "recommended"
      }
    },
    {
      "action": "training_load",
      "outcome": "resting_hr",
      "nominal_step": 100.0,
      "dose_multiplier": 1.435792310250204,
      "dose_multiplier_raw": 1.435792310250204,
      "direction_conflict": false,
      "scaled_effect": 0.9104969447481037,
      "posterior": {
        "mean": 0.6341425136825247,
        "variance": 0.017502305880756297,
        "sd": 0.13229628067620153,
        "contraction": 0.9357923102502039,
        "prior_mean": 1.305251261157877,
        "prior_variance": 0.2725889367606766,
        "source": "pop+cohort+user",
        "lam_js": 0.8768472906403941,
        "n_cohort": 534,
        "z_like": 4.793351033311393
      },
      "cohort_prior": {
        "mean": 1.306352479669686,
        "variance": 0.273049088182262,