{
  "pid": 301,
  "cohort": "cohort_a",
  "age": 29,
  "is_female": false,
  "effects_bayesian": [
    {
      "action": "active_energy",
      "outcome": "deep_sleep",
      "nominal_step": 100.0,
      "dose_multiplier": 0.5097706062156571,
      "dose_multiplier_raw": 0.5097706062156571,
      "direction_conflict": false,
      "scaled_effect": 0.32591811366568774,
      "posterior": {
        "mean": 0.6393426958944921,
        "variance": 0.07590615691335412,
        "sd": 0.275510720142346,
        "contraction": 0.009770606215657063,
        "prior_mean": 0.6921665440115441,
        "prior_variance": 0.07665512394382158,
        "source": "pop+cohort+user",
        "lam_js": 0.8768472906403941,
        "n_cohort": 534,
        "z_like": 2.320572845819458
      },
      "cohort_prior": {
        "mean": 0.6984414526484751,
        "variance": 0.07805127404443395,
        "n": 534
      },
      "user_obs": {
        "slope": -0.016075192168601496,
        "se": 0.008226211790040985,
        "n": 48,
        "at_nominal_step": -1.6075192168601495,
        "se_at_step": 0.8226211790040985,
        "residual_sd": 2.3208944967303546,
        "sigma_data_used": 12.0
      },
      "gate": {
        "score": 0.009770606215657063,
        "tier": "not_exposed"
      }
    },
    {
      "action": "bedtime",
      "outcome": "deep_sleep",
      "nominal_step": -0.5,
      "dose_multiplier": 0.7334186052179852,
      "dose_multiplier_raw": 0.7334186052179852,
      "direction_conflict": false,
      "scaled_effect": 0.6023585962720701,
      "posterior": {
        "mean": 0.8213025848901643,
        "variance": 0.7241709795568804,
        "sd": 0.8509823614839971,
        "contraction": 0.2334186052179852,
        "prior_mean": 0.6072164646464647,
        "prior_variance": 0.9446759137205589,
        "source": "pop+cohort+user",
        "lam_js": 0.8768472906403941,
        "n_cohort": 534,
        "z_like": 0.9651229238851963
      },
      "cohort_prior": {
        "mean": 0.6056498876404495,
        "variance": 0.9560138510611396,
        "n": 534
      },
      "user_obs": {
        "slope": -2.996842246320423,
        "se": 0.8166835246676317,
        "n": 48,
        "at_nominal_step": 1.4984211231602116,
        "se_at_step": 0.40834176233381586,
        "residual_sd": 2.3407833826520528,
        "sigma_data_used": 12.0
      },
      "gate": {
        "score": 0.2334186052179852,
        "tier": "not_exposed"
      }
    },
    {
      "action": "bedtime",
      "outcome": "sleep_quality",
      "nominal_step": -0.5,
      "dose_multiplier": 0.9654395665602016,
      "dose_multiplier_raw": 0.9654395665602016,
      "direction_conflict": false,
      "scaled_effect": 0.6551444183234667,
      "posterior": {
        "mean": 0.6785970256612786,
        "variance": 0.47410228642090696,
        "sd": 0.6885508597198227,
        "contraction": 0.4654395665602016,
        "prior_mean": 0.4607862962962966,
        "prior_variance": 0.8869011935098631,
        "source": "pop+cohort+user",
        "lam_js": 0.8768472906403941,
        "n_cohort": 534,
        "z_like": 0.9855437925637122
      },
      "cohort_prior": {
        "mean": 0.46373086142322145,
        "variance": 0.8849888909576128,
        "n": 534
      },
      "user_obs": {
        "slope": -1.8535943767850849,
        "se": 0.4717621240504372,
        "n": 48,
        "at_nominal_step": 0.9267971883925424,
        "se_at_step": 0.2358810620252186,
        "residual_sd": 1.352167525347493,
        "sigma_data_used": 7.0
      },
      "gate": {
        "score": 0.4654395665602016,
        "tier": "possible"
      }
    },
    {
      "action": "running_volume",
      "outcome": "hrv_daily",
      "nominal_step": 30.0,
      "dose_multiplier": 0.5,
      "dose_multiplier_raw": 1.0810874021416246,
      "direction_conflict": true,
      "scaled_effect": -0.11287459351481897,
      "posterior": {
        "mean": -0.22574918702963795,
        "variance": 0.12631958355952583,
        "sd": 0.3554146642437898,
        "contraction": 0.5810874021416246,
        "prior_mean": 0.14166006734006745,
        "prior_variance": 0.3015416203888705,
        "source": "pop+cohort+user",
        "lam_js": 0.8768472906403941,
        "n_cohort": 534,
        "z_like": -0.63517127946862
      },
      "cohort_prior": {
        "mean": 0.13417902621722846,
        "variance": 0.24427088794406634,
        "n": 534
      },
      "user_obs": {
        "slope": -0.5939378926875661,
        "se": 0.3760093698871793,
        "n": 48,
        "at_nominal_step": -0.5939378926875661,
        "se_at_step": 0.3760093698871793,
        "residual_sd": 1.781073870774413,
        "sigma_data_used": 3.5
      },
      "gate": {
        "score": 0.2905437010708123,
        "tier": "not_exposed"
      }
    },
    {
      "action": "sleep_duration",
      "outcome": "hrv_daily",
      "nominal_step": 0.5,
      "dose_multiplier": 0.521899254294911,
      "dose_multiplier_raw": 0.521899254294911,
      "direction_conflict": false,
      "scaled_effect": 0.06750570402108995,
      "posterior": {
        "mean": 0.12934623582149116,
        "variance": 0.002869489347856797,
        "sd": 0.05356761472995412,
        "contraction": 0.02189925429491102,
        "prior_mean": 0.13540993265993234,
        "prior_variance": 0.0029337359780747863,
        "source": "pop+cohort+user",
        "lam_js": 0.8768472906403941,
        "n_cohort": 534,
        "z_like": 2.4146349706544408
      },
      "cohort_prior": {
        "mean": 0.13457651150347733,
        "variance": 0.002897733991751291,
        "n": 534
      },
      "user_obs": {
        "slope": -0.6792453486366993,
        "se": 1.0554284547216926,
        "n": 48,
        "at_nominal_step": -0.33962267431834964,
        "se_at_step": 0.5277142273608463,
        "residual_sd": 1.7810738707744138,
        "sigma_data_used": 3.5
      },
      "gate": {
        "score": 0.02189925429491102,
        "tier": "not_exposed"
      }
    },
    {
      "action": "training_load",
      "outcome": "hrv_daily",
      "nominal_step": 100.0,
      "dose_multiplier": 1.4412664814147256,
      "dose_multiplier_raw": 1.4412664814147256,
      "direction_conflict": false,
      "scaled_effect": -0.9259012171267713,
      "posterior": {
        "mean": -0.6424219456057291,
        "variance": 0.24024675076392543,
        "sd": 0.49014972280306907,
        "contraction": 0.9412664814147257,
        "prior_mean": -5.056217651515151,
        "prior_variance": 4.090453910318943,
        "source": "pop+cohort+user",
        "lam_js": 0.8768472906403941,
        "n_cohort": 534,
        "z_like": -1.3106647126756399
      },
      "cohort_prior": {
        "mean": -5.061554325842696,
        "variance": 4.099093150953106,
        "n": 534
      },
      "user_obs": {
        "slope": -0.003672574297808581,
        "se": 0.021020694865046572,
        "n": 48,
        "at_nominal_step": -0.36725742978085807,
        "se_at_step": 2.102069486504657,
        "residual_sd": 1.7810738707744131,
        "sigma_data_used": 3.5
      },
      "gate": {
        "score": 0.9412664814147257,
        "tier": "recommended"
      }
    },
    {
      "action": "training_load",
      "outcome": "resting_hr",
      "nominal_step": 100.0,
      "dose_multiplier": 0.5,
      "dose_multiplier_raw": 1.400841068041583,
      "direction_conflict": true,
      "scaled_effect": -0.604735200889008,
      "posterior": {
        "mean": -1.209470401778016,
        "variance": 0.02702962783286915,
        "sd": 0.1644068971572335,
        "contraction": 0.900841068041583,
        "prior_mean": 1.305251261157877,
        "prior_variance": 0.2725889367606766,
        "source": "pop+cohort+user",
        "lam_js": 0.8768472906403941,
        "n_cohort": 534,
        "z_like": -7.3565672893961205
      },
      "cohort_prior": {
        "mean": 1.306352479669686,
        "variance": 0.273049088182262,
        "n": 534
      },