{
  "pid": 557,
  "cohort": "cohort_b",
  "age": 37,
  "is_female": true,
  "effects_bayesian": [
    {
      "action": "active_energy",
      "outcome": "deep_sleep",
      "nominal_step": 100.0,
      "dose_multiplier": 0.5449486181512122,
      "dose_multiplier_raw": 0.5449486181512122,
      "direction_conflict": false,
      "scaled_effect": 0.35965425252628774,
      "posterior": {
        "mean": 0.6599782815239491,
        "variance": 0.0732095820483369,
        "sd": 0.2705726927247776,
        "contraction": 0.044948618151212205,
        "prior_mean": 0.6921665440115441,
        "prior_variance": 0.07665512394382158,
        "source": "pop+cohort+user",
        "lam_js": 0.8472505091649695,
        "n_cohort": 416,
        "z_like": 2.439190277768603
      },
      "cohort_prior": {
        "mean": 0.6841722046703297,
        "variance": 0.07489465690295352,
        "n": 416
      },
      "user_obs": {
        "slope": -0.002948083210256233,
        "se": 0.007144308604856173,
        "n": 51,
        "at_nominal_step": -0.2948083210256233,
        "se_at_step": 0.7144308604856173,
        "residual_sd": 2.1298033541725285,
        "sigma_data_used": 12.0
      },
      "gate": {
        "score": 0.044948618151212205,
        "tier": "not_exposed"
      }
    },
    {
      "action": "bedtime",
      "outcome": "deep_sleep",
      "nominal_step": -0.5,
      "dose_multiplier": 0.7538227731012285,
      "dose_multiplier_raw": 0.7538227731012285,
      "direction_conflict": false,
      "scaled_effect": 0.44022621293096403,
      "posterior": {
        "mean": 0.5839916604268567,
        "variance": 0.7048956536180698,
        "sd": 0.8395806415217479,
        "contraction": 0.25382277310122847,
        "prior_mean": 0.6072164646464647,
        "prior_variance": 0.9446759137205589,
        "source": "pop+cohort+user",
        "lam_js": 0.8472505091649695,
        "n_cohort": 416,
        "z_like": 0.6955754236643263
      },
      "cohort_prior": {
        "mean": 0.6215986538461539,
        "variance": 0.9384823525592582,
        "n": 416
      },
      "user_obs": {
        "slope": -0.9551260615698434,
        "se": 0.983823235434806,
        "n": 51,
        "at_nominal_step": 0.4775630307849217,
        "se_at_step": 0.491911617717403,
        "residual_sd": 2.1492815299804495,
        "sigma_data_used": 12.0
      },
      "gate": {
        "score": 0.25382277310122847,
        "tier": "not_exposed"
      }
    },
    {
      "action": "bedtime",
      "outcome": "sleep_quality",
      "nominal_step": -0.5,
      "dose_multiplier": 0.9764046255329304,
      "dose_multiplier_raw": 0.9764046255329304,
      "direction_conflict": false,
      "scaled_effect": 0.4531392164220752,
      "posterior": {
        "mean": 0.46408958394144,
        "variance": 0.46437736253108775,
        "sd": 0.6814523919769361,
        "contraction": 0.4764046255329304,
        "prior_mean": 0.4607862962962966,
        "prior_variance": 0.8869011935098631,
        "source": "pop+cohort+user",
        "lam_js": 0.8472505091649695,
        "n_cohort": 416,
        "z_like": 0.6810300901506664
      },
      "cohort_prior": {
        "mean": 0.4770937500000001,
        "variance": 0.9009695161433738,
        "n": 416
      },
      "user_obs": {
        "slope": -0.905702486865235,
        "se": 0.5881441761373586,
        "n": 51,
        "at_nominal_step": 0.4528512434326175,
        "se_at_step": 0.2940720880686793,
        "residual_sd": 1.284872494578686,
        "sigma_data_used": 7.0
      },
      "gate": {
        "score": 0.4764046255329304,
        "tier": "possible"
      }
    },
    {
      "action": "running_volume",
      "outcome": "hrv_daily",
      "nominal_step": 30.0,
      "dose_multiplier": 1.1118557266620634,
      "dose_multiplier_raw": 1.1118557266620634,
      "direction_conflict": false,
      "scaled_effect": 0.24366076288829014,
      "posterior": {
        "mean": 0.2191478238096517,
        "variance": 0.11704165312698206,
        "sd": 0.34211350912669625,
        "contraction": 0.6118557266620634,
        "prior_mean": 0.14166006734006745,
        "prior_variance": 0.3015416203888705,
        "source": "pop+cohort+user",
        "lam_js": 0.8472505091649695,
        "n_cohort": 416,
        "z_like": 0.6405705064645484
      },
      "cohort_prior": {
        "mean": 0.11986480769230796,
        "variance": 0.2186938498312511,
        "n": 416
      },
      "user_obs": {
        "slope": 0.3201130352501231,
        "se": 0.5058370007709896,
        "n": 51,
        "at_nominal_step": 0.3201130352501231,
        "se_at_step": 0.5058370007709896,
        "residual_sd": 1.8690635716198178,
        "sigma_data_used": 3.5
      },
      "gate": {
        "score": 0.6118557266620634,
        "tier": "possible"
      }
    },
    {
      "action": "sleep_duration",
      "outcome": "hrv_daily",
      "nominal_step": 0.5,
      "dose_multiplier": 0.5044509374411273,
      "dose_multiplier_raw": 0.5044509374411273,
      "direction_conflict": false,
      "scaled_effect": 0.06335276061676694,
      "posterior": {
        "mean": 0.12558755651863687,
        "variance": 0.0029206781027675908,
        "sd": 0.05404329840755087,
        "contraction": 0.004450937441127345,
        "prior_mean": 0.13540993265993234,
        "prior_variance": 0.0029337359780747863,
        "source": "pop+cohort+user",
        "lam_js": 0.8472505091649695,
        "n_cohort": 416,
        "z_like": 2.3238321904698904
      },
      "cohort_prior": {
        "mean": 0.13603296703296702,
        "variance": 0.002960794899166767,
        "n": 416
      },
      "user_obs": {
        "slope": -1.4305287969397147,
        "se": 0.6463981579337094,
        "n": 51,
        "at_nominal_step": -0.7152643984698573,
        "se_at_step": 0.3231990789668547,
        "residual_sd": 1.8690635716198167,
        "sigma_data_used": 3.5
      },
      "gate": {
        "score": 0.004450937441127345,
        "tier": "not_exposed"
      }
    },
    {
      "action": "training_load",
      "outcome": "hrv_daily",
      "nominal_step": 100.0,
      "dose_multiplier": 0.5,
      "dose_multiplier_raw": 1.4445539403290324,
      "direction_conflict": true,
      "scaled_effect": 0.5188209273901478,
      "posterior": {
        "mean": 1.0376418547802957,
        "variance": 0.226799551592887,
        "sd": 0.4762347652081765,
        "contraction": 0.9445539403290324,
        "prior_mean": -5.056217651515151,
        "prior_variance": 4.090453910318943,
        "source": "pop+cohort+user",
        "lam_js": 0.8472505091649695,
        "n_cohort": 416,
        "z_like": 2.1788452473155995
      },
      "cohort_prior": {
        "mean": -5.038698533653847,
        "variance": 4.062157266087269,
        "n": 416
      },
      "user_obs": {
        "slope": 0.013967153455082374,
        "se": 0.024765796330894627,
        "n": 51,
        "at_nominal_step": 1.3967153455082375,
        "se_at_step": 2.4765796330894627,
        "residual_sd": 1.8690635716198165,
        "sigma_data_used": 3.5
      },
      "gate": {
        "score": 0.4722769701645162,
        "tier": "possible"
      }
    },
    {
      "action": "training_load",
      "outcome": "resting_hr",
      "nominal_step": 100.0,
      "dose_multiplier": 0.5,
      "dose_multiplier_raw": 1.4061817256122207,
      "direction_conflict": true,
      "scaled_effect": -0.5578981779882042,
      "posterior": {
        "mean": -1.1157963559764084,
        "variance": 0.02557382366408622,
        "sd": 0.1599181780289102,
        "contraction": 0.9061817256122205,
        "prior_mean": 1.305251261157877,
        "prior_variance": 0.2725889367606766,
        "source": "pop+cohort+user",
        "lam_js": 0.8472505091649695,
        "n_cohort": 416,
        "z_like": -6.977295325204952
      },
      "cohort_prior": {
        "mean": 1.3016362050919952,
        "variance": 0.2710810896650065,
        "n": 416
      },