{
  "pid": 797,
  "cohort": "cohort_b",
  "age": 24,
  "is_female": true,
  "effects_bayesian": [
    {
      "action": "active_energy",
      "outcome": "deep_sleep",
      "nominal_step": 100.0,
      "dose_multiplier": 0.541048371042292,
      "dose_multiplier_raw": 0.541048371042292,
      "direction_conflict": false,
      "scaled_effect": 0.37096561963117586,
      "posterior": {
        "mean": 0.6856422447341195,
        "variance": 0.07350855597388271,
        "sd": 0.2711246133678806,
        "contraction": 0.041048371042291976,
        "prior_mean": 0.6921665440115441,
        "prior_variance": 0.07665512394382158,
        "source": "pop+cohort+user",
        "lam_js": 0.8472505091649695,
        "n_cohort": 416,
        "z_like": 2.528882332803156
      },
      "cohort_prior": {
        "mean": 0.6841722046703297,
        "variance": 0.07489465690295352,
        "n": 416
      },
      "user_obs": {
        "slope": 0.006967329009636716,
        "se": 0.005491374832556836,
        "n": 43,
        "at_nominal_step": 0.6967329009636716,
        "se_at_step": 0.5491374832556837,
        "residual_sd": 1.5374511745051673,
        "sigma_data_used": 12.0
      },
      "gate": {
        "score": 0.041048371042291976,
        "tier": "not_exposed"
      }
    },
    {
      "action": "bedtime",
      "outcome": "deep_sleep",
      "nominal_step": -0.5,
      "dose_multiplier": 0.7234108673077974,
      "dose_multiplier_raw": 0.7234108673077974,
      "direction_conflict": false,
      "scaled_effect": 0.20080814429114266,
      "posterior": {
        "mean": 0.27758519171609664,
        "variance": 0.7336250485114629,
        "sd": 0.8565191466111326,
        "contraction": 0.22341086730779736,
        "prior_mean": 0.6072164646464647,
        "prior_variance": 0.9446759137205589,
        "source": "pop+cohort+user",
        "lam_js": 0.8472505091649695,
        "n_cohort": 416,
        "z_like": 0.3240852149241245
      },
      "cohort_prior": {
        "mean": 0.6215986538461539,
        "variance": 0.9384823525592582,
        "n": 416
      },
      "user_obs": {
        "slope": 1.8818317469604375,
        "se": 0.6870844922758808,
        "n": 43,
        "at_nominal_step": -0.9409158734802188,
        "se_at_step": 0.3435422461379404,
        "residual_sd": 1.5449055802979457,
        "sigma_data_used": 12.0
      },
      "gate": {
        "score": 0.22341086730779736,
        "tier": "not_exposed"
      }
    },
    {
      "action": "bedtime",
      "outcome": "sleep_quality",
      "nominal_step": -0.5,
      "dose_multiplier": 0.9334507219430569,
      "dose_multiplier_raw": 0.9334507219430569,
      "direction_conflict": false,
      "scaled_effect": 0.13089824715314557,
      "posterior": {
        "mean": 0.14023048466947433,
        "variance": 0.5024732308908542,
        "sd": 0.7088534622126453,
        "contraction": 0.4334507219430569,
        "prior_mean": 0.4607862962962966,
        "prior_variance": 0.8869011935098631,
        "source": "pop+cohort+user",
        "lam_js": 0.8472505091649695,
        "n_cohort": 416,
        "z_like": 0.19782718452379838
      },
      "cohort_prior": {
        "mean": 0.4770937500000001,
        "variance": 0.9009695161433738,
        "n": 416
      },
      "user_obs": {
        "slope": 0.5674081843781981,
        "se": 0.5681060726641594,
        "n": 43,
        "at_nominal_step": -0.28370409218909903,
        "se_at_step": 0.2840530363320797,
        "residual_sd": 1.2773832792424669,
        "sigma_data_used": 7.0
      },
      "gate": {
        "score": 0.4334507219430569,
        "tier": "possible"
      }
    },
    {
      "action": "running_volume",
      "outcome": "hrv_daily",
      "nominal_step": 30.0,
      "dose_multiplier": 1.079732420712348,
      "dose_multiplier_raw": 1.079732420712348,
      "direction_conflict": false,
      "scaled_effect": 0.27026720218189715,
      "posterior": {
        "mean": 0.25030942574049014,
        "variance": 0.12672816685530672,
        "sd": 0.35598899822228597,
        "contraction": 0.579732420712348,
        "prior_mean": 0.14166006734006745,
        "prior_variance": 0.3015416203888705,
        "source": "pop+cohort+user",
        "lam_js": 0.8472505091649695,
        "n_cohort": 416,
        "z_like": 0.7031380941278202
      },
      "cohort_prior": {
        "mean": 0.11986480769230796,
        "variance": 0.2186938498312511,
        "n": 416
      },
      "user_obs": {
        "slope": 0.4089482471553325,
        "se": 0.33242797213444936,
        "n": 43,
        "at_nominal_step": 0.4089482471553325,
        "se_at_step": 0.33242797213444936,
        "residual_sd": 1.7700155978578185,
        "sigma_data_used": 3.5
      },
      "gate": {
        "score": 0.579732420712348,
        "tier": "possible"
      }
    },
    {
      "action": "sleep_duration",
      "outcome": "hrv_daily",
      "nominal_step": 0.5,
      "dose_multiplier": 0.5025484166260212,
      "dose_multiplier_raw": 0.5025484166260212,
      "direction_conflict": false,
      "scaled_effect": 0.06885608132063882,
      "posterior": {
        "mean": 0.13701382601684542,
        "variance": 0.002926259596531904,
        "sd": 0.054094912852614,
        "contraction": 0.0025484166260212326,
        "prior_mean": 0.13540993265993234,
        "prior_variance": 0.0029337359780747863,
        "source": "pop+cohort+user",
        "lam_js": 0.8472505091649695,
        "n_cohort": 416,
        "z_like": 2.5328412375882876
      },
      "cohort_prior": {
        "mean": 0.13603296703296702,
        "variance": 0.002960794899166767,
        "n": 416
      },
      "user_obs": {
        "slope": 0.4813871690979018,
        "se": 0.9546348429460385,
        "n": 43,
        "at_nominal_step": 0.2406935845489509,
        "se_at_step": 0.47731742147301925,
        "residual_sd": 1.770015597857819,
        "sigma_data_used": 3.5
      },
      "gate": {
        "score": 0.0025484166260212326,
        "tier": "not_exposed"
      }
    },
    {
      "action": "training_load",
      "outcome": "hrv_daily",
      "nominal_step": 100.0,
      "dose_multiplier": 0.5,
      "dose_multiplier_raw": 1.4349137569964086,
      "direction_conflict": true,
      "scaled_effect": 0.6435164021847711,
      "posterior": {
        "mean": 1.2870328043695423,
        "variance": 0.26623227720200965,
        "sd": 0.5159770122805953,
        "contraction": 0.9349137569964086,
        "prior_mean": -5.056217651515151,
        "prior_variance": 4.090453910318943,
        "source": "pop+cohort+user",
        "lam_js": 0.8472505091649695,
        "n_cohort": 416,
        "z_like": 2.494360744252762
      },
      "cohort_prior": {
        "mean": -5.038698533653847,
        "variance": 4.062157266087269,
        "n": 416
      },
      "user_obs": {
        "slope": 0.01730382255730475,
        "se": 0.02703127809179123,
        "n": 43,
        "at_nominal_step": 1.730382255730475,
        "se_at_step": 2.703127809179123,
        "residual_sd": 1.7700155978578176,
        "sigma_data_used": 3.5
      },
      "gate": {
        "score": 0.4674568784982043,
        "tier": "possible"
      }
    },
    {
      "action": "training_load",
      "outcome": "resting_hr",
      "nominal_step": 100.0,
      "dose_multiplier": 0.5,
      "dose_multiplier_raw": 1.3906449036653836,
      "direction_conflict": true,
      "scaled_effect": -0.09561530132432604,
      "posterior": {
        "mean": -0.19123060264865208,
        "variance": 0.029808989439214433,
        "sd": 0.17265280026461904,
        "contraction": 0.8906449036653836,
        "prior_mean": 1.305251261157877,
        "prior_variance": 0.2725889367606766,
        "source": "pop+cohort+user",
        "lam_js": 0.8472505091649695,
        "n_cohort": 416,
        "z_like": -1.1076020913391469
      },
      "cohort_prior": {
        "mean": 1.3016362050919952,
        "variance": 0.2710810896650065,
        "n": 416
      },