{
  "pid": 1172,
  "cohort": "cohort_c",
  "age": 42,
  "is_female": false,
  "effects_bayesian": [
    {
      "action": "active_energy",
      "outcome": "deep_sleep",
      "nominal_step": 100.0,
      "dose_multiplier": 0.5276588535315166,
      "dose_multiplier_raw": 0.5276588535315166,
      "direction_conflict": false,
      "scaled_effect": 0.36038779175677416,
      "posterior": {
        "mean": 0.68299392561078,
        "variance": 0.07453493109821917,
        "sd": 0.27301086260114116,
        "contraction": 0.027658853531516647,
        "prior_mean": 0.6921665440115441,
        "prior_variance": 0.07665512394382158,
        "source": "pop+cohort+user",
        "lam_js": 0.7603833865814696,
        "n_cohort": 238,
        "z_like": 2.501709708923227
      },
      "cohort_prior": {
        "mean": 0.6920608463385354,
        "variance": 0.07663171440556958,
        "n": 238
      },
      "user_obs": {
        "slope": 0.003606514360281865,
        "se": 0.006983016762036649,
        "n": 53,
        "at_nominal_step": 0.3606514360281865,
        "se_at_step": 0.6983016762036649,
        "residual_sd": 1.8683765831424963,
        "sigma_data_used": 12.0
      },
      "gate": {
        "score": 0.027658853531516647,
        "tier": "not_exposed"
      }
    },
    {
      "action": "bedtime",
      "outcome": "deep_sleep",
      "nominal_step": -0.5,
      "dose_multiplier": 0.7617094770050612,
      "dose_multiplier_raw": 0.7617094770050612,
      "direction_conflict": false,
      "scaled_effect": 0.15697283549051788,
      "posterior": {
        "mean": 0.20607966715566395,
        "variance": 0.6974452744014731,
        "sd": 0.8351318904229876,
        "contraction": 0.2617094770050612,
        "prior_mean": 0.6072164646464647,
        "prior_variance": 0.9446759137205589,
        "source": "pop+cohort+user",
        "lam_js": 0.7603833865814696,
        "n_cohort": 238,
        "z_like": 0.24676301973247153
      },
      "cohort_prior": {
        "mean": 0.5855927731092442,
        "variance": 0.9363184076048073,
        "n": 238
      },
      "user_obs": {
        "slope": 1.8156981591052292,
        "se": 0.8072856384448579,
        "n": 53,
        "at_nominal_step": -0.9078490795526146,
        "se_at_step": 0.40364281922242895,
        "residual_sd": 1.8475104582771533,
        "sigma_data_used": 12.0
      },
      "gate": {
        "score": 0.2617094770050612,
        "tier": "not_exposed"
      }
    },
    {
      "action": "bedtime",
      "outcome": "sleep_quality",
      "nominal_step": -0.5,
      "dose_multiplier": 0.9932952402495893,
      "dose_multiplier_raw": 0.9932952402495893,
      "direction_conflict": false,
      "scaled_effect": 0.320632706141728,
      "posterior": {
        "mean": 0.3227969823565865,
        "variance": 0.4493970561797677,
        "sd": 0.6703708348218677,
        "contraction": 0.49329524024958926,
        "prior_mean": 0.4607862962962966,
        "prior_variance": 0.8869011935098631,
        "source": "pop+cohort+user",
        "lam_js": 0.7603833865814696,
        "n_cohort": 238,
        "z_like": 0.48152002681077377
      },
      "cohort_prior": {
        "mean": 0.42567579831932817,
        "variance": 0.8706033108101122,
        "n": 238
      },
      "user_obs": {
        "slope": -0.41026422109002636,
        "se": 0.5648701462060994,
        "n": 53,
        "at_nominal_step": 0.20513211054501318,
        "se_at_step": 0.2824350731030497,
        "residual_sd": 1.2927314112693673,
        "sigma_data_used": 7.0
      },
      "gate": {
        "score": 0.49329524024958926,
        "tier": "possible"
      }
    },
    {
      "action": "running_volume",
      "outcome": "hrv_daily",
      "nominal_step": 30.0,
      "dose_multiplier": 0.9862608780682122,
      "dose_multiplier_raw": 0.9862608780682122,
      "direction_conflict": false,
      "scaled_effect": 0.32160359307744796,
      "posterior": {
        "mean": 0.3260836967470234,
        "variance": 0.1549137272844668,
        "sd": 0.39359081199193,
        "contraction": 0.48626087806821217,
        "prior_mean": 0.14166006734006745,
        "prior_variance": 0.3015416203888705,
        "source": "pop+cohort+user",
        "lam_js": 0.7603833865814696,
        "n_cohort": 238,
        "z_like": 0.8284840164249293
      },
      "cohort_prior": {
        "mean": 0.19654117647058833,
        "variance": 0.5699868837170512,
        "n": 238
      },
      "user_obs": {
        "slope": 0.3962893577720131,
        "se": 0.3021839927714106,
        "n": 53,
        "at_nominal_step": 0.3962893577720131,
        "se_at_step": 0.3021839927714106,
        "residual_sd": 1.7923656162838002,
        "sigma_data_used": 3.5
      },
      "gate": {
        "score": 0.48626087806821217,
        "tier": "possible"
      }
    },
    {
      "action": "sleep_duration",
      "outcome": "hrv_daily",
      "nominal_step": 0.5,
      "dose_multiplier": 0.5039816257389818,
      "dose_multiplier_raw": 0.5039816257389818,
      "direction_conflict": false,
      "scaled_effect": 0.06952701498968003,
      "posterior": {
        "mean": 0.13795545599055017,
        "variance": 0.002922054939393107,
        "sd": 0.054056035180108306,
        "contraction": 0.003981625738981753,
        "prior_mean": 0.13540993265993234,
        "prior_variance": 0.0029337359780747863,
        "source": "pop+cohort+user",
        "lam_js": 0.7603833865814696,
        "n_cohort": 238,
        "z_like": 2.5520823998818805
      },
      "cohort_prior": {
        "mean": 0.13619087635053972,
        "variance": 0.0029676727681804804,
        "n": 238
      },
      "user_obs": {
        "slope": 0.5807642021728374,
        "se": 0.8090260311571549,
        "n": 53,
        "at_nominal_step": 0.2903821010864187,
        "se_at_step": 0.40451301557857744,
        "residual_sd": 1.7923656162837989,
        "sigma_data_used": 3.5
      },
      "gate": {
        "score": 0.003981625738981753,
        "tier": "not_exposed"
      }
    },
    {
      "action": "training_load",
      "outcome": "hrv_daily",
      "nominal_step": 100.0,
      "dose_multiplier": 1.446500879934566,
      "dose_multiplier_raw": 1.446500879934566,
      "direction_conflict": false,
      "scaled_effect": -4.666342887416804,
      "posterior": {
        "mean": -3.2259523323814996,
        "variance": 0.2188356848702772,
        "sd": 0.46779876535779485,
        "contraction": 0.946500879934566,
        "prior_mean": -5.056217651515151,
        "prior_variance": 4.090453910318943,
        "source": "pop+cohort+user",
        "lam_js": 0.7603833865814696,
        "n_cohort": 238,
        "z_like": -6.89602575140218
      },
      "cohort_prior": {
        "mean": -5.074865420168067,
        "variance": 4.120681445250819,
        "n": 238
      },
      "user_obs": {
        "slope": -0.031223128670892785,
        "se": 0.02157471385815164,
        "n": 53,
        "at_nominal_step": -3.1223128670892786,
        "se_at_step": 2.157471385815164,
        "residual_sd": 1.7923656162837998,
        "sigma_data_used": 3.5
      },
      "gate": {
        "score": 0.946500879934566,
        "tier": "recommended"
      }
    },
    {
      "action": "training_load",
      "outcome": "resting_hr",
      "nominal_step": 100.0,
      "dose_multiplier": 1.4093243880743125,
      "dose_multiplier_raw": 1.4093243880743125,
      "direction_conflict": false,
      "scaled_effect": 1.652174990060378,
      "posterior": {
        "mean": 1.172317036475821,
        "variance": 0.024717168644946903,
        "sd": 0.157216947702679,
        "contraction": 0.9093243880743124,
        "prior_mean": 1.305251261157877,
        "prior_variance": 0.2725889367606766,
        "source": "pop+cohort+user",
        "lam_js": 0.7603833865814696,
        "n_cohort": 238,
        "z_like": 7.456683605719466
      },
      "cohort_prior": {
        "mean": 1.3090992134188058,
        "variance": 0.2741985200917978,