{
  "pid": 280,
  "cohort": "cohort_a",
  "age": 37,
  "is_female": false,
  "effects_bayesian": [
    {
      "action": "active_energy",
      "outcome": "deep_sleep",
      "nominal_step": 100.0,
      "dose_multiplier": 0.513411003813398,
      "dose_multiplier_raw": 0.513411003813398,
      "direction_conflict": false,
      "scaled_effect": 0.3528964518330482,
      "posterior": {
        "mean": 0.687356619184014,
        "variance": 0.07562710178429449,
        "sd": 0.2750038213994389,
        "contraction": 0.013411003813397993,
        "prior_mean": 0.6921665440115441,
        "prior_variance": 0.07665512394382158,
        "source": "pop+cohort+user",
        "lam_js": 0.8768472906403941,
        "n_cohort": 534,
        "z_like": 2.4994438829474985
      },
      "cohort_prior": {
        "mean": 0.6984414526484751,
        "variance": 0.07805127404443395,
        "n": 534
      },
      "user_obs": {
        "slope": 0.003406689914075306,
        "se": 0.005105964552440846,
        "n": 55,
        "at_nominal_step": 0.3406689914075306,
        "se_at_step": 0.5105964552440846,
        "residual_sd": 1.8237256809106868,
        "sigma_data_used": 12.0
      },
      "gate": {
        "score": 0.013411003813397993,
        "tier": "not_exposed"
      }
    },
    {
      "action": "bedtime",
      "outcome": "deep_sleep",
      "nominal_step": -0.5,
      "dose_multiplier": 0.7594867137133707,
      "dose_multiplier_raw": 0.7594867137133707,
      "direction_conflict": false,
      "scaled_effect": 0.38492381093123074,
      "posterior": {
        "mean": 0.5068209936803456,
        "variance": 0.6995450653450354,
        "sd": 0.8363881068888027,
        "contraction": 0.25948671371337073,
        "prior_mean": 0.6072164646464647,
        "prior_variance": 0.9446759137205589,
        "source": "pop+cohort+user",
        "lam_js": 0.8768472906403941,
        "n_cohort": 534,
        "z_like": 0.6059638934437014
      },
      "cohort_prior": {
        "mean": 0.6056498876404495,
        "variance": 0.9560138510611396,
        "n": 534
      },
      "user_obs": {
        "slope": -0.4704692405391898,
        "se": 0.8984760241263472,
        "n": 55,
        "at_nominal_step": 0.2352346202695949,
        "se_at_step": 0.4492380120631736,
        "residual_sd": 1.8411936940576017,
        "sigma_data_used": 12.0
      },
      "gate": {
        "score": 0.25948671371337073,
        "tier": "not_exposed"
      }
    },
    {
      "action": "bedtime",
      "outcome": "sleep_quality",
      "nominal_step": -0.5,
      "dose_multiplier": 0.9993481637417531,
      "dose_multiplier_raw": 0.9993481637417531,
      "direction_conflict": false,
      "scaled_effect": 0.4694293197024124,
      "posterior": {
        "mean": 0.46973551033983807,
        "variance": 0.44402871111034375,
        "sd": 0.6663547937175388,
        "contraction": 0.49934816374175306,
        "prior_mean": 0.4607862962962966,
        "prior_variance": 0.8869011935098631,
        "source": "pop+cohort+user",
        "lam_js": 0.8768472906403941,
        "n_cohort": 534,
        "z_like": 0.7049330398288608
      },
      "cohort_prior": {
        "mean": 0.46373086142322145,
        "variance": 0.8849888909576128,
        "n": 534
      },
      "user_obs": {
        "slope": -0.9522873655405153,
        "se": 0.5605950250795826,
        "n": 55,
        "at_nominal_step": 0.47614368277025765,
        "se_at_step": 0.2802975125397913,
        "residual_sd": 1.1487941774520225,
        "sigma_data_used": 7.0
      },
      "gate": {
        "score": 0.49934816374175306,
        "tier": "possible"
      }
    },
    {
      "action": "running_volume",
      "outcome": "hrv_daily",
      "nominal_step": 30.0,
      "dose_multiplier": 0.5,
      "dose_multiplier_raw": 1.1092898818113839,
      "direction_conflict": true,
      "scaled_effect": -0.13614841835637073,
      "posterior": {
        "mean": -0.27229683671274146,
        "variance": 0.11781536214092239,
        "sd": 0.3432424247393122,
        "contraction": 0.6092898818113839,
        "prior_mean": 0.14166006734006745,
        "prior_variance": 0.3015416203888705,
        "source": "pop+cohort+user",
        "lam_js": 0.8768472906403941,
        "n_cohort": 534,
        "z_like": -0.7933076364891288
      },
      "cohort_prior": {
        "mean": 0.13417902621722846,
        "variance": 0.24427088794406634,
        "n": 534
      },
      "user_obs": {
        "slope": -0.6350747890405644,
        "se": 0.45976314438891225,
        "n": 55,
        "at_nominal_step": -0.6350747890405644,
        "se_at_step": 0.45976314438891225,
        "residual_sd": 2.349268982950406,
        "sigma_data_used": 3.5
      },
      "gate": {
        "score": 0.30464494090569194,
        "tier": "possible"
      }
    },
    {
      "action": "sleep_duration",
      "outcome": "hrv_daily",
      "nominal_step": 0.5,
      "dose_multiplier": 0.5235004286481572,
      "dose_multiplier_raw": 0.5235004286481572,
      "direction_conflict": false,
      "scaled_effect": 0.07601881312419144,
      "posterior": {
        "mean": 0.1452125136181759,
        "variance": 0.002864791925049508,
        "sd": 0.05352375103680149,
        "contraction": 0.023500428648157157,
        "prior_mean": 0.13540993265993234,
        "prior_variance": 0.0029337359780747863,
        "source": "pop+cohort+user",
        "lam_js": 0.8768472906403941,
        "n_cohort": 534,
        "z_like": 2.7130481478835757
      },
      "cohort_prior": {
        "mean": 0.13457651150347733,
        "variance": 0.002897733991751291,
        "n": 534
      },
      "user_obs": {
        "slope": 1.907220668867958,
        "se": 1.2981308585061142,
        "n": 55,
        "at_nominal_step": 0.953610334433979,
        "se_at_step": 0.6490654292530571,
        "residual_sd": 2.3492689829504063,
        "sigma_data_used": 3.5
      },
      "gate": {
        "score": 0.023500428648157157,
        "tier": "not_exposed"
      }
    },
    {
      "action": "training_load",
      "outcome": "hrv_daily",
      "nominal_step": 100.0,
      "dose_multiplier": 0.5,
      "dose_multiplier_raw": 1.4483563244181767,
      "direction_conflict": true,
      "scaled_effect": 1.9159473533418283,
      "posterior": {
        "mean": 3.8318947066836566,
        "variance": 0.21124607472691176,
        "sd": 0.45961513761723705,
        "contraction": 0.9483563244181767,
        "prior_mean": -5.056217651515151,
        "prior_variance": 4.090453910318943,
        "source": "pop+cohort+user",
        "lam_js": 0.8768472906403941,
        "n_cohort": 534,
        "z_like": 8.33718124809636
      },
      "cohort_prior": {
        "mean": -5.061554325842696,
        "variance": 4.099093150953106,
        "n": 534
      },
      "user_obs": {
        "slope": 0.04315216840076322,
        "se": 0.026512582350349145,
        "n": 55,
        "at_nominal_step": 4.315216840076322,
        "se_at_step": 2.6512582350349145,
        "residual_sd": 2.3492689829504063,
        "sigma_data_used": 3.5
      },
      "gate": {
        "score": 0.47417816220908837,
        "tier": "possible"
      }
    },
    {
      "action": "training_load",
      "outcome": "resting_hr",
      "nominal_step": 100.0,
      "dose_multiplier": 1.412356853723333,
      "dose_multiplier_raw": 1.412356853723333,
      "direction_conflict": false,
      "scaled_effect": 0.999803206726504,
      "posterior": {
        "mean": 0.7078970191497762,
        "variance": 0.02389055205791707,
        "sd": 0.15456568848847752,
        "contraction": 0.9123568537233331,
        "prior_mean": 1.305251261157877,
        "prior_variance": 0.2725889367606766,
        "source": "pop+cohort+user",
        "lam_js": 0.8768472906403941,
        "n_cohort": 534,
        "z_like": 4.579910496775927
      },
      "cohort_prior": {
        "mean": 1.306352479669686,
        "variance": 0.273049088182262,
        "n": 534
      },