{
  "pid": 663,
  "cohort": "cohort_b",
  "age": 38,
  "is_female": false,
  "effects_bayesian": [
    {
      "action": "active_energy",
      "outcome": "deep_sleep",
      "nominal_step": 100.0,
      "dose_multiplier": 0.5434897490742284,
      "dose_multiplier_raw": 0.5434897490742284,
      "direction_conflict": false,
      "scaled_effect": 0.34047446560115,
      "posterior": {
        "mean": 0.6264597744136089,
        "variance": 0.0733214118382509,
        "sd": 0.270779267740813,
        "contraction": 0.04348974907422842,
        "prior_mean": 0.6921665440115441,
        "prior_variance": 0.07665512394382158,
        "source": "pop+cohort+user",
        "lam_js": 0.8472505091649695,
        "n_cohort": 416,
        "z_like": 2.313544089399228
      },
      "cohort_prior": {
        "mean": 0.6841722046703297,
        "variance": 0.07489465690295352,
        "n": 416
      },
      "user_obs": {
        "slope": -0.017259170866198995,
        "se": 0.007421837652803641,
        "n": 48,
        "at_nominal_step": -1.7259170866198996,
        "se_at_step": 0.7421837652803641,
        "residual_sd": 1.8079064109391736,
        "sigma_data_used": 12.0
      },
      "gate": {
        "score": 0.04348974907422842,
        "tier": "not_exposed"
      }
    },
    {
      "action": "bedtime",
      "outcome": "deep_sleep",
      "nominal_step": -0.5,
      "dose_multiplier": 0.7427015991163366,
      "dose_multiplier_raw": 0.7427015991163366,
      "direction_conflict": false,
      "scaled_effect": 0.33714431581051735,
      "posterior": {
        "mean": 0.453943166692586,
        "variance": 0.7154015588138929,
        "sd": 0.845814139639373,
        "contraction": 0.2427015991163366,
        "prior_mean": 0.6072164646464647,
        "prior_variance": 0.9446759137205589,
        "source": "pop+cohort+user",
        "lam_js": 0.8472505091649695,
        "n_cohort": 416,
        "z_like": 0.5366937550679068
      },
      "cohort_prior": {
        "mean": 0.6215986538461539,
        "variance": 0.9384823525592582,
        "n": 416
      },
      "user_obs": {
        "slope": 0.14888098680537676,
        "se": 0.8960993690587413,
        "n": 48,
        "at_nominal_step": -0.07444049340268838,
        "se_at_step": 0.44804968452937066,
        "residual_sd": 1.8258574590985677,
        "sigma_data_used": 12.0
      },
      "gate": {
        "score": 0.2427015991163366,
        "tier": "not_exposed"
      }
    },
    {
      "action": "bedtime",
      "outcome": "sleep_quality",
      "nominal_step": -0.5,
      "dose_multiplier": 0.9610825186800368,
      "dose_multiplier_raw": 0.9610825186800368,
      "direction_conflict": false,
      "scaled_effect": 0.24176248435943465,
      "posterior": {
        "mean": 0.25155226493087646,
        "variance": 0.47796655738600474,
        "sd": 0.6913512547077677,
        "contraction": 0.4610825186800368,
        "prior_mean": 0.4607862962962966,
        "prior_variance": 0.8869011935098631,
        "source": "pop+cohort+user",
        "lam_js": 0.8472505091649695,
        "n_cohort": 416,
        "z_like": 0.36385594618933165
      },
      "cohort_prior": {
        "mean": 0.4770937500000001,
        "variance": 0.9009695161433738,
        "n": 416
      },
      "user_obs": {
        "slope": 0.003569923089276985,
        "se": 0.48563154659239943,
        "n": 48,
        "at_nominal_step": -0.0017849615446384926,
        "se_at_step": 0.24281577329619972,
        "residual_sd": 0.9895040799444882,
        "sigma_data_used": 7.0
      },
      "gate": {
        "score": 0.4610825186800368,
        "tier": "possible"
      }
    },
    {
      "action": "running_volume",
      "outcome": "hrv_daily",
      "nominal_step": 30.0,
      "dose_multiplier": 1.100401942859436,
      "dose_multiplier_raw": 1.100401942859436,
      "direction_conflict": false,
      "scaled_effect": 0.020735310243945936,
      "posterior": {
        "mean": 0.01884339661384498,
        "variance": 0.12049544565441013,
        "sd": 0.34712453911299634,
        "contraction": 0.600401942859436,
        "prior_mean": 0.14166006734006745,
        "prior_variance": 0.3015416203888705,
        "source": "pop+cohort+user",
        "lam_js": 0.8472505091649695,
        "n_cohort": 416,
        "z_like": 0.054284253893416214
      },
      "cohort_prior": {
        "mean": 0.11986480769230796,
        "variance": 0.2186938498312511,
        "n": 416
      },
      "user_obs": {
        "slope": -0.09781971931311745,
        "se": 0.25575913239423226,
        "n": 48,
        "at_nominal_step": -0.09781971931311745,
        "se_at_step": 0.25575913239423226,
        "residual_sd": 1.55953688690569,
        "sigma_data_used": 3.5
      },
      "gate": {
        "score": 0.600401942859436,
        "tier": "possible"
      }
    },
    {
      "action": "sleep_duration",
      "outcome": "hrv_daily",
      "nominal_step": 0.5,
      "dose_multiplier": 0.5037383432520277,
      "dose_multiplier_raw": 0.5037383432520277,
      "direction_conflict": false,
      "scaled_effect": 0.06670833505692497,
      "posterior": {
        "mean": 0.13242655825298136,
        "variance": 0.0029227686659779196,
        "sd": 0.05406263650598183,
        "contraction": 0.0037383432520277093,
        "prior_mean": 0.13540993265993234,
        "prior_variance": 0.0029337359780747863,
        "source": "pop+cohort+user",
        "lam_js": 0.8472505091649695,
        "n_cohort": 416,
        "z_like": 2.4495024070520284
      },
      "cohort_prior": {
        "mean": 0.13603296703296702,
        "variance": 0.002960794899166767,
        "n": 416
      },
      "user_obs": {
        "slope": -0.34130865533789556,
        "se": 0.6710427011548545,
        "n": 48,
        "at_nominal_step": -0.17065432766894778,
        "se_at_step": 0.33552135057742727,
        "residual_sd": 1.55953688690569,
        "sigma_data_used": 3.5
      },
      "gate": {
        "score": 0.0037383432520277093,
        "tier": "not_exposed"
      }
    },
    {
      "action": "training_load",
      "outcome": "hrv_daily",
      "nominal_step": 100.0,
      "dose_multiplier": 0.5,
      "dose_multiplier_raw": 1.4412932035683412,
      "direction_conflict": true,
      "scaled_effect": 0.07028437833039171,
      "posterior": {
        "mean": 0.14056875666078342,
        "variance": 0.24013744502617643,
        "sd": 0.49003820772076173,
        "contraction": 0.9412932035683413,
        "prior_mean": -5.056217651515151,
        "prior_variance": 4.090453910318943,
        "source": "pop+cohort+user",
        "lam_js": 0.8472505091649695,
        "n_cohort": 416,
        "z_like": 0.2868526462754587
      },
      "cohort_prior": {
        "mean": -5.038698533653847,
        "variance": 4.062157266087269,
        "n": 416
      },
      "user_obs": {
        "slope": 0.004657845474818003,
        "se": 0.024465517406217562,
        "n": 48,
        "at_nominal_step": 0.4657845474818003,
        "se_at_step": 2.4465517406217563,
        "residual_sd": 1.5595368869056905,
        "sigma_data_used": 3.5
      },
      "gate": {
        "score": 0.47064660178417067,
        "tier": "possible"
      }
    },
    {
      "action": "training_load",
      "outcome": "resting_hr",
      "nominal_step": 100.0,
      "dose_multiplier": 1.4009018977092427,
      "dose_multiplier_raw": 1.4009018977092427,
      "direction_conflict": false,
      "scaled_effect": 0.11984094116658806,
      "posterior": {
        "mean": 0.08554556272823399,
        "variance": 0.02701304633843833,
        "sd": 0.16435646120076428,
        "contraction": 0.9009018977092426,
        "prior_mean": 1.305251261157877,
        "prior_variance": 0.2725889367606766,
        "source": "pop+cohort+user",
        "lam_js": 0.8472505091649695,
        "n_cohort": 416,
        "z_like": 0.5204879814474626
      },
      "cohort_prior": {
        "mean": 1.3016362050919952,
        "variance": 0.2710810896650065,