{
  "pid": 538,
  "cohort": "cohort_b",
  "age": 35,
  "is_female": true,
  "effects_bayesian": [
    {
      "action": "active_energy",
      "outcome": "deep_sleep",
      "nominal_step": 100.0,
      "dose_multiplier": 0.5425146910927915,
      "dose_multiplier_raw": 0.5425146910927915,
      "direction_conflict": false,
      "scaled_effect": 0.36314709616127594,
      "posterior": {
        "mean": 0.6693774419818678,
        "variance": 0.07339615502867036,
        "sd": 0.2709172475658764,
        "contraction": 0.04251469109279149,
        "prior_mean": 0.6921665440115441,
        "prior_variance": 0.07665512394382158,
        "source": "pop+cohort+user",
        "lam_js": 0.8472505091649695,
        "n_cohort": 416,
        "z_like": 2.470781938012646
      },
      "cohort_prior": {
        "mean": 0.6841722046703297,
        "variance": 0.07489465690295352,
        "n": 416
      },
      "user_obs": {
        "slope": 2.2960880802808115e-05,
        "se": 0.006574166204628886,
        "n": 46,
        "at_nominal_step": 0.0022960880802808115,
        "se_at_step": 0.6574166204628886,
        "residual_sd": 2.0038400882938783,
        "sigma_data_used": 12.0
      },
      "gate": {
        "score": 0.04251469109279149,
        "tier": "not_exposed"
      }
    },
    {
      "action": "bedtime",
      "outcome": "deep_sleep",
      "nominal_step": -0.5,
      "dose_multiplier": 0.7351014657309121,
      "dose_multiplier_raw": 0.7351014657309121,
      "direction_conflict": false,
      "scaled_effect": 0.5546356126110212,
      "posterior": {
        "mean": 0.7545021176900342,
        "variance": 0.722581221764167,
        "sd": 0.85004777616565,
        "contraction": 0.23510146573091206,
        "prior_mean": 0.6072164646464647,
        "prior_variance": 0.9446759137205589,
        "source": "pop+cohort+user",
        "lam_js": 0.8472505091649695,
        "n_cohort": 416,
        "z_like": 0.8875996606842523
      },
      "cohort_prior": {
        "mean": 0.6215986538461539,
        "variance": 0.9384823525592582,
        "n": 416
      },
      "user_obs": {
        "slope": -2.4093924965778846,
        "se": 0.7375653264594189,
        "n": 46,
        "at_nominal_step": 1.2046962482889423,
        "se_at_step": 0.36878266322970943,
        "residual_sd": 2.030013464543635,
        "sigma_data_used": 12.0
      },
      "gate": {
        "score": 0.23510146573091206,
        "tier": "not_exposed"
      }
    },
    {
      "action": "bedtime",
      "outcome": "sleep_quality",
      "nominal_step": -0.5,
      "dose_multiplier": 0.9503596740100808,
      "dose_multiplier_raw": 0.9503596740100808,
      "direction_conflict": false,
      "scaled_effect": 0.48694087977407335,
      "posterior": {
        "mean": 0.5123753596566306,
        "variance": 0.48747666112160953,
        "sd": 0.6981952886704476,
        "contraction": 0.4503596740100808,
        "prior_mean": 0.4607862962962966,
        "prior_variance": 0.8869011935098631,
        "source": "pop+cohort+user",
        "lam_js": 0.8472505091649695,
        "n_cohort": 416,
        "z_like": 0.7338567990516403
      },
      "cohort_prior": {
        "mean": 0.4770937500000001,
        "variance": 0.9009695161433738,
        "n": 416
      },
      "user_obs": {
        "slope": -1.1142842333069507,
        "se": 0.39466600290690435,
        "n": 46,
        "at_nominal_step": 0.5571421166534753,
        "se_at_step": 0.19733300145345217,
        "residual_sd": 1.0862458837979478,
        "sigma_data_used": 7.0
      },
      "gate": {
        "score": 0.4503596740100808,
        "tier": "possible"
      }
    },
    {
      "action": "running_volume",
      "outcome": "hrv_daily",
      "nominal_step": 30.0,
      "dose_multiplier": 1.0923830054863364,
      "dose_multiplier_raw": 1.0923830054863364,
      "direction_conflict": false,
      "scaled_effect": 0.0026086290104235005,
      "posterior": {
        "mean": 0.002388016837795935,
        "variance": 0.12291348902369147,
        "sd": 0.3505902009807055,
        "contraction": 0.5923830054863364,
        "prior_mean": 0.14166006734006745,
        "prior_variance": 0.3015416203888705,
        "source": "pop+cohort+user",
        "lam_js": 0.8472505091649695,
        "n_cohort": 416,
        "z_like": 0.00681141923281352
      },
      "cohort_prior": {
        "mean": 0.11986480769230796,
        "variance": 0.2186938498312511,
        "n": 416
      },
      "user_obs": {
        "slope": -0.13854425218215866,
        "se": 0.2855626739139521,
        "n": 46,
        "at_nominal_step": -0.13854425218215866,
        "se_at_step": 0.2855626739139521,
        "residual_sd": 1.4684737648033908,
        "sigma_data_used": 3.5
      },
      "gate": {
        "score": 0.5923830054863364,
        "tier": "possible"
      }
    },
    {
      "action": "sleep_duration",
      "outcome": "hrv_daily",
      "nominal_step": 0.5,
      "dose_multiplier": 0.5032627134545865,
      "dose_multiplier_raw": 0.5032627134545865,
      "direction_conflict": false,
      "scaled_effect": 0.07129303238922456,
      "posterior": {
        "mean": 0.1416616619575134,
        "variance": 0.0029241640382269172,
        "sd": 0.05407554011035782,
        "contraction": 0.0032627134545865077,
        "prior_mean": 0.13540993265993234,
        "prior_variance": 0.0029337359780747863,
        "source": "pop+cohort+user",
        "lam_js": 0.8472505091649695,
        "n_cohort": 416,
        "z_like": 2.619699436536539
      },
      "cohort_prior": {
        "mean": 0.13603296703296702,
        "variance": 0.002960794899166767,
        "n": 416
      },
      "user_obs": {
        "slope": 1.3144228775659719,
        "se": 0.5717624395682511,
        "n": 46,
        "at_nominal_step": 0.6572114387829859,
        "se_at_step": 0.28588121978412556,
        "residual_sd": 1.46847376480339,
        "sigma_data_used": 3.5
      },
      "gate": {
        "score": 0.0032627134545865077,
        "tier": "not_exposed"
      }
    },
    {
      "action": "training_load",
      "outcome": "hrv_daily",
      "nominal_step": 100.0,
      "dose_multiplier": 0.5,
      "dose_multiplier_raw": 1.4388976165908927,
      "direction_conflict": true,
      "scaled_effect": 0.21799774386107834,
      "posterior": {
        "mean": 0.4359954877221567,
        "variance": 0.24993648314559033,
        "sd": 0.49993647911068695,
        "contraction": 0.9388976165908927,
        "prior_mean": -5.056217651515151,
        "prior_variance": 4.090453910318943,
        "source": "pop+cohort+user",
        "lam_js": 0.8472505091649695,
        "n_cohort": 416,
        "z_like": 0.8721017688041652
      },
      "cohort_prior": {
        "mean": -5.038698533653847,
        "variance": 4.062157266087269,
        "n": 416
      },
      "user_obs": {
        "slope": 0.007946980299891236,
        "se": 0.020978244812880246,
        "n": 46,
        "at_nominal_step": 0.7946980299891236,
        "se_at_step": 2.0978244812880247,
        "residual_sd": 1.4684737648033894,
        "sigma_data_used": 3.5
      },
      "gate": {
        "score": 0.46944880829544633,
        "tier": "possible"
      }
    },
    {
      "action": "training_load",
      "outcome": "resting_hr",
      "nominal_step": 100.0,
      "dose_multiplier": 1.3970389943528558,
      "dose_multiplier_raw": 1.3970389943528558,
      "direction_conflict": false,
      "scaled_effect": 2.2239107174672434,
      "posterior": {
        "mean": 1.5918744762721642,
        "variance": 0.028066031057165063,
        "sd": 0.16752919464130742,
        "contraction": 0.8970389943528557,
        "prior_mean": 1.305251261157877,
        "prior_variance": 0.2725889367606766,
        "source": "pop+cohort+user",
        "lam_js": 0.8472505091649695,
        "n_cohort": 416,
        "z_like": 9.502072039924068
      },
      "cohort_prior": {
        "mean": 1.3016362050919952,
        "variance": 0.2710810896650065,