{
  "pid": 2,
  "cohort": "cohort_a",
  "age": 27,
  "is_female": true,
  "effects_bayesian": [
    {
      "action": "active_energy",
      "outcome": "deep_sleep",
      "nominal_step": 100.0,
      "dose_multiplier": 0.5201012105587862,
      "dose_multiplier_raw": 0.5201012105587862,
      "direction_conflict": false,
      "scaled_effect": 0.35440749444839553,
      "posterior": {
        "mean": 0.6814202452396281,
        "variance": 0.07511426315701697,
        "sd": 0.27406981438497924,
        "contraction": 0.02010121055878622,
        "prior_mean": 0.6921665440115441,
        "prior_variance": 0.07665512394382158,
        "source": "pop+cohort+user",
        "lam_js": 0.8768472906403941,
        "n_cohort": 534,
        "z_like": 2.4863016993270683
      },
      "cohort_prior": {
        "mean": 0.6984414526484751,
        "variance": 0.07805127404443395,
        "n": 534
      },
      "user_obs": {
        "slope": 0.002395872190374515,
        "se": 0.006431071388219266,
        "n": 68,
        "at_nominal_step": 0.2395872190374515,
        "se_at_step": 0.6431071388219266,
        "residual_sd": 2.1635369356016523,
        "sigma_data_used": 12.0
      },
      "gate": {
        "score": 0.02010121055878622,
        "tier": "not_exposed"
      }
    },
    {
      "action": "bedtime",
      "outcome": "deep_sleep",
      "nominal_step": -0.5,
      "dose_multiplier": 0.8034746402280242,
      "dose_multiplier_raw": 0.8034746402280242,
      "direction_conflict": false,
      "scaled_effect": 0.614493573464111,
      "posterior": {
        "mean": 0.7647952314832479,
        "variance": 0.6579907306721323,
        "sd": 0.8111662780664223,
        "contraction": 0.3034746402280242,
        "prior_mean": 0.6072164646464647,
        "prior_variance": 0.9446759137205589,
        "source": "pop+cohort+user",
        "lam_js": 0.8768472906403941,
        "n_cohort": 534,
        "z_like": 0.942834104625615
      },
      "cohort_prior": {
        "mean": 0.6056498876404495,
        "variance": 0.9560138510611396,
        "n": 534
      },
      "user_obs": {
        "slope": -2.23481589715157,
        "se": 0.694019280034874,
        "n": 68,
        "at_nominal_step": 1.117407948575785,
        "se_at_step": 0.347009640017437,
        "residual_sd": 2.1625568763911494,
        "sigma_data_used": 12.0
      },
      "gate": {
        "score": 0.3034746402280242,
        "tier": "possible"
      }
    },
    {
      "action": "bedtime",
      "outcome": "sleep_quality",
      "nominal_step": -0.5,
      "dose_multiplier": 1.0521110639633122,
      "dose_multiplier_raw": 1.0521110639633122,
      "direction_conflict": false,
      "scaled_effect": 0.4265719542700615,
      "posterior": {
        "mean": 0.40544384417283946,
        "variance": 0.3972332319308011,
        "sd": 0.6302644142983175,
        "contraction": 0.5521110639633122,
        "prior_mean": 0.4607862962962966,
        "prior_variance": 0.8869011935098631,
        "source": "pop+cohort+user",
        "lam_js": 0.8768472906403941,
        "n_cohort": 534,
        "z_like": 0.643291664537694
      },
      "cohort_prior": {
        "mean": 0.46373086142322145,
        "variance": 0.8849888909576128,
        "n": 534
      },
      "user_obs": {
        "slope": -0.7165847018420395,
        "se": 0.39208549590038255,
        "n": 68,
        "at_nominal_step": 0.35829235092101974,
        "se_at_step": 0.19604274795019128,
        "residual_sd": 1.2217343374812288,
        "sigma_data_used": 7.0
      },
      "gate": {
        "score": 0.5521110639633122,
        "tier": "possible"
      }
    },
    {
      "action": "running_volume",
      "outcome": "hrv_daily",
      "nominal_step": 30.0,
      "dose_multiplier": 1.1527109298428846,
      "dose_multiplier_raw": 1.1527109298428846,
      "direction_conflict": false,
      "scaled_effect": 0.01835682337162061,
      "posterior": {
        "mean": 0.01592491482155258,
        "variance": 0.10472210895852073,
        "sd": 0.32360795564775713,
        "contraction": 0.6527109298428846,
        "prior_mean": 0.14166006734006745,
        "prior_variance": 0.3015416203888705,
        "source": "pop+cohort+user",
        "lam_js": 0.8768472906403941,
        "n_cohort": 534,
        "z_like": 0.049210517058136345
      },
      "cohort_prior": {
        "mean": 0.13417902621722846,
        "variance": 0.24427088794406634,
        "n": 534
      },
      "user_obs": {
        "slope": -0.06990987507853354,
        "se": 0.17976551948898742,
        "n": 68,
        "at_nominal_step": -0.06990987507853354,
        "se_at_step": 0.17976551948898742,
        "residual_sd": 1.4506175478064924,
        "sigma_data_used": 3.5
      },
      "gate": {
        "score": 0.6527109298428846,
        "tier": "possible"
      }
    },
    {
      "action": "sleep_duration",
      "outcome": "hrv_daily",
      "nominal_step": 0.5,
      "dose_multiplier": 0.5264601721166671,
      "dose_multiplier_raw": 0.5264601721166671,
      "direction_conflict": false,
      "scaled_effect": 0.07252402039693129,
      "posterior": {
        "mean": 0.13775784805400149,
        "variance": 0.002856108819150069,
        "sd": 0.053442574967436485,
        "contraction": 0.02646017211666707,
        "prior_mean": 0.13540993265993234,
        "prior_variance": 0.0029337359780747863,
        "source": "pop+cohort+user",
        "lam_js": 0.8768472906403941,
        "n_cohort": 534,
        "z_like": 2.577679839303024
      },
      "cohort_prior": {
        "mean": 0.13457651150347733,
        "variance": 0.002897733991751291,
        "n": 534
      },
      "user_obs": {
        "slope": 0.6577317896383909,
        "se": 0.4638538349041763,
        "n": 68,
        "at_nominal_step": 0.3288658948191954,
        "se_at_step": 0.23192691745208815,
        "residual_sd": 1.4506175478064915,
        "sigma_data_used": 3.5
      },
      "gate": {
        "score": 0.02646017211666707,
        "tier": "not_exposed"
      }
    },
    {
      "action": "training_load",
      "outcome": "hrv_daily",
      "nominal_step": 100.0,
      "dose_multiplier": 0.5,
      "dose_multiplier_raw": 1.4578136415046399,
      "direction_conflict": true,
      "scaled_effect": 0.43403274427179345,
      "posterior": {
        "mean": 0.8680654885435869,
        "variance": 0.17256135506946266,
        "sd": 0.41540504940294437,
        "contraction": 0.9578136415046399,
        "prior_mean": -5.056217651515151,
        "prior_variance": 4.090453910318943,
        "source": "pop+cohort+user",
        "lam_js": 0.8768472906403941,
        "n_cohort": 534,
        "z_like": 2.089684489370663
      },
      "cohort_prior": {
        "mean": -5.061554325842696,
        "variance": 4.099093150953106,
        "n": 534
      },
      "user_obs": {
        "slope": 0.011286994743342011,
        "se": 0.01449793978281856,
        "n": 68,
        "at_nominal_step": 1.1286994743342011,
        "se_at_step": 1.4497939782818559,
        "residual_sd": 1.4506175478064913,
        "sigma_data_used": 3.5
      },
      "gate": {
        "score": 0.47890682075231994,
        "tier": "possible"
      }
    },
    {
      "action": "training_load",
      "outcome": "resting_hr",
      "nominal_step": 100.0,
      "dose_multiplier": 0.5,
      "dose_multiplier_raw": 1.4279059887708034,
      "direction_conflict": true,
      "scaled_effect": -0.41322169778506823,
      "posterior": {
        "mean": -0.8264433955701365,
        "variance": 0.019652029867778958,
        "sd": 0.14018569780037818,
        "contraction": 0.9279059887708034,
        "prior_mean": 1.305251261157877,
        "prior_variance": 0.2725889367606766,
        "source": "pop+cohort+user",
        "lam_js": 0.8768472906403941,
        "n_cohort": 534,
        "z_like": -5.895347446548909
      },
      "cohort_prior": {
        "mean": 1.306352479669686,
        "variance": 0.273049088182262,
        "n": 534
      },