{
  "pid": 449,
  "cohort": "cohort_a",
  "age": 34,
  "is_female": false,
  "effects_bayesian": [
    {
      "action": "active_energy",
      "outcome": "deep_sleep",
      "nominal_step": 100.0,
      "dose_multiplier": 0.5123736243629097,
      "dose_multiplier_raw": 0.5123736243629097,
      "direction_conflict": false,
      "scaled_effect": 0.35444440530954835,
      "posterior": {
        "mean": 0.6917694207040184,
        "variance": 0.07570662223464845,
        "sd": 0.2751483640413812,
        "contraction": 0.012373624362909674,
        "prior_mean": 0.6921665440115441,
        "prior_variance": 0.07665512394382158,
        "source": "pop+cohort+user",
        "lam_js": 0.8768472906403941,
        "n_cohort": 534,
        "z_like": 2.5141687580594847
      },
      "cohort_prior": {
        "mean": 0.6984414526484751,
        "variance": 0.07805127404443395,
        "n": 534
      },
      "user_obs": {
        "slope": 0.004859543353218847,
        "se": 0.006630232969857146,
        "n": 53,
        "at_nominal_step": 0.48595433532188476,
        "se_at_step": 0.6630232969857146,
        "residual_sd": 1.7751361181154475,
        "sigma_data_used": 12.0
      },
      "gate": {
        "score": 0.012373624362909674,
        "tier": "not_exposed"
      }
    },
    {
      "action": "bedtime",
      "outcome": "deep_sleep",
      "nominal_step": -0.5,
      "dose_multiplier": 0.7522213685522634,
      "dose_multiplier_raw": 0.7522213685522634,
      "direction_conflict": false,
      "scaled_effect": 0.3065687153368637,
      "posterior": {
        "mean": 0.40755119191427713,
        "variance": 0.7064084619235996,
        "sd": 0.8404810895693011,
        "contraction": 0.2522213685522634,
        "prior_mean": 0.6072164646464647,
        "prior_variance": 0.9446759137205589,
        "source": "pop+cohort+user",
        "lam_js": 0.8768472906403941,
        "n_cohort": 534,
        "z_like": 0.4849022743904018
      },
      "cohort_prior": {
        "mean": 0.6056498876404495,
        "variance": 0.9560138510611396,
        "n": 534
      },
      "user_obs": {
        "slope": 0.3136488734987248,
        "se": 0.7581771309359909,
        "n": 53,
        "at_nominal_step": -0.1568244367493624,
        "se_at_step": 0.37908856546799546,
        "residual_sd": 1.7362961762868676,
        "sigma_data_used": 12.0
      },
      "gate": {
        "score": 0.2522213685522634,
        "tier": "not_exposed"
      }
    },
    {
      "action": "bedtime",
      "outcome": "sleep_quality",
      "nominal_step": -0.5,
      "dose_multiplier": 0.9901070573694882,
      "dose_multiplier_raw": 0.9901070573694882,
      "direction_conflict": false,
      "scaled_effect": 0.23723839402641325,
      "posterior": {
        "mean": 0.2396088304397174,
        "variance": 0.452224659381257,
        "sd": 0.6724765121409498,
        "contraction": 0.49010705736948823,
        "prior_mean": 0.4607862962962966,
        "prior_variance": 0.8869011935098631,
        "source": "pop+cohort+user",
        "lam_js": 0.8768472906403941,
        "n_cohort": 534,
        "z_like": 0.35630810312895483
      },
      "cohort_prior": {
        "mean": 0.46373086142322145,
        "variance": 0.8849888909576128,
        "n": 534
      },
      "user_obs": {
        "slope": -0.011828820475090573,
        "se": 0.5580934253871834,
        "n": 53,
        "at_nominal_step": 0.0059144102375452865,
        "se_at_step": 0.2790467126935917,
        "residual_sd": 1.2780858733028917,
        "sigma_data_used": 7.0
      },
      "gate": {
        "score": 0.49010705736948823,
        "tier": "possible"
      }
    },
    {
      "action": "running_volume",
      "outcome": "hrv_daily",
      "nominal_step": 30.0,
      "dose_multiplier": 1.1016271151675208,
      "dose_multiplier_raw": 1.1016271151675208,
      "direction_conflict": false,
      "scaled_effect": 0.08656022452068889,
      "posterior": {
        "mean": 0.07857488557507589,
        "variance": 0.1201260052113747,
        "sd": 0.34659198665199215,
        "contraction": 0.6016271151675208,
        "prior_mean": 0.14166006734006745,
        "prior_variance": 0.3015416203888705,
        "source": "pop+cohort+user",
        "lam_js": 0.8768472906403941,
        "n_cohort": 534,
        "z_like": 0.2267071617381961
      },
      "cohort_prior": {
        "mean": 0.13417902621722846,
        "variance": 0.24427088794406634,
        "n": 534
      },
      "user_obs": {
        "slope": 0.026340831940592453,
        "se": 0.32235458146943385,
        "n": 53,
        "at_nominal_step": 0.026340831940592453,
        "se_at_step": 0.32235458146943385,
        "residual_sd": 1.8404932925876527,
        "sigma_data_used": 3.5
      },
      "gate": {
        "score": 0.6016271151675208,
        "tier": "possible"
      }
    },
    {
      "action": "sleep_duration",
      "outcome": "hrv_daily",
      "nominal_step": 0.5,
      "dose_multiplier": 0.5230434854426014,
      "dose_multiplier_raw": 0.5230434854426014,
      "direction_conflict": false,
      "scaled_effect": 0.06812481544312075,
      "posterior": {
        "mean": 0.13024694378034987,
        "variance": 0.002866132475771584,
        "sd": 0.05353627252407085,
        "contraction": 0.023043485442601375,
        "prior_mean": 0.13540993265993234,
        "prior_variance": 0.0029337359780747863,
        "source": "pop+cohort+user",
        "lam_js": 0.8768472906403941,
        "n_cohort": 534,
        "z_like": 2.4328728475033174
      },
      "cohort_prior": {
        "mean": 0.13457651150347733,
        "variance": 0.002897733991751291,
        "n": 534
      },
      "user_obs": {
        "slope": -0.44548997345155456,
        "se": 0.9353661911635794,
        "n": 53,
        "at_nominal_step": -0.22274498672577728,
        "se_at_step": 0.4676830955817897,
        "residual_sd": 1.840493292587651,
        "sigma_data_used": 3.5
      },
      "gate": {
        "score": 0.023043485442601375,
        "tier": "not_exposed"
      }
    },
    {
      "action": "training_load",
      "outcome": "hrv_daily",
      "nominal_step": 100.0,
      "dose_multiplier": 1.4465115530785195,
      "dose_multiplier_raw": 1.4465115530785195,
      "direction_conflict": false,
      "scaled_effect": -2.322046015473916,
      "posterior": {
        "mean": -1.6052730519379894,
        "variance": 0.21879202686685764,
        "sd": 0.4677520997995174,
        "contraction": 0.9465115530785194,
        "prior_mean": -5.056217651515151,
        "prior_variance": 4.090453910318943,
        "source": "pop+cohort+user",
        "lam_js": 0.8768472906403941,
        "n_cohort": 534,
        "z_like": -3.4318884995407255
      },
      "cohort_prior": {
        "mean": -5.061554325842696,
        "variance": 4.099093150953106,
        "n": 534
      },
      "user_obs": {
        "slope": -0.014103730397069521,
        "se": 0.019749897388168954,
        "n": 53,
        "at_nominal_step": -1.410373039706952,
        "se_at_step": 1.9749897388168953,
        "residual_sd": 1.8404932925876543,
        "sigma_data_used": 3.5
      },
      "gate": {
        "score": 0.9465115530785194,
        "tier": "recommended"
      }
    },
    {
      "action": "training_load",
      "outcome": "resting_hr",
      "nominal_step": 100.0,
      "dose_multiplier": 0.5,
      "dose_multiplier_raw": 1.4093489313990026,
      "direction_conflict": true,
      "scaled_effect": -0.10968868408349491,
      "posterior": {
        "mean": -0.21937736816698983,
        "variance": 0.024710478406165012,
        "sd": 0.157195669171148,
        "contraction": 0.9093489313990026,
        "prior_mean": 1.305251261157877,
        "prior_variance": 0.2725889367606766,
        "source": "pop+cohort+user",
        "lam_js": 0.8768472906403941,
        "n_cohort": 534,
        "z_like": -1.395568779494434
      },
      "cohort_prior": {
        "mean": 1.306352479669686,