{
  "pid": 766,
  "cohort": "cohort_b",
  "age": 22,
  "is_female": true,
  "effects_bayesian": [
    {
      "action": "active_energy",
      "outcome": "deep_sleep",
      "nominal_step": 100.0,
      "dose_multiplier": 0.5444628231696331,
      "dose_multiplier_raw": 0.5444628231696331,
      "direction_conflict": false,
      "scaled_effect": 0.362718237925413,
      "posterior": {
        "mean": 0.6661946830709584,
        "variance": 0.07324682072286114,
        "sd": 0.2706414985231591,
        "contraction": 0.044462823169633126,
        "prior_mean": 0.6921665440115441,
        "prior_variance": 0.07665512394382158,
        "source": "pop+cohort+user",
        "lam_js": 0.8472505091649695,
        "n_cohort": 416,
        "z_like": 2.4615392935165534
      },
      "cohort_prior": {
        "mean": 0.6841722046703297,
        "variance": 0.07489465690295352,
        "n": 416
      },
      "user_obs": {
        "slope": -0.0006948065996954383,
        "se": 0.0068214741652303365,
        "n": 50,
        "at_nominal_step": -0.06948065996954383,
        "se_at_step": 0.6821474165230337,
        "residual_sd": 1.7522602619942313,
        "sigma_data_used": 12.0
      },
      "gate": {
        "score": 0.044462823169633126,
        "tier": "not_exposed"
      }
    },
    {
      "action": "bedtime",
      "outcome": "deep_sleep",
      "nominal_step": -0.5,
      "dose_multiplier": 0.7501521865416325,
      "dose_multiplier_raw": 0.7501521865416325,
      "direction_conflict": false,
      "scaled_effect": 0.25049226732375346,
      "posterior": {
        "mean": 0.3339219318663566,
        "variance": 0.7083631683301466,
        "sd": 0.8416431359728104,
        "contraction": 0.2501521865416325,
        "prior_mean": 0.6072164646464647,
        "prior_variance": 0.9446759137205589,
        "source": "pop+cohort+user",
        "lam_js": 0.8472505091649695,
        "n_cohort": 416,
        "z_like": 0.3967500209936294
      },
      "cohort_prior": {
        "mean": 0.6215986538461539,
        "variance": 0.9384823525592582,
        "n": 416
      },
      "user_obs": {
        "slope": 1.0825536285852426,
        "se": 0.9364701711920631,
        "n": 50,
        "at_nominal_step": -0.5412768142926213,
        "se_at_step": 0.46823508559603155,
        "residual_sd": 1.7716366702540285,
        "sigma_data_used": 12.0
      },
      "gate": {
        "score": 0.2501521865416325,
        "tier": "not_exposed"
      }
    },
    {
      "action": "bedtime",
      "outcome": "sleep_quality",
      "nominal_step": -0.5,
      "dose_multiplier": 0.971394988779228,
      "dose_multiplier_raw": 0.971394988779228,
      "direction_conflict": false,
      "scaled_effect": 0.07020431614210806,
      "posterior": {
        "mean": 0.07227164742772171,
        "variance": 0.46882041534699725,
        "sd": 0.6847046190489715,
        "contraction": 0.47139498877922803,
        "prior_mean": 0.4607862962962966,
        "prior_variance": 0.8869011935098631,
        "source": "pop+cohort+user",
        "lam_js": 0.8472505091649695,
        "n_cohort": 416,
        "z_like": 0.10555156985519429
      },
      "cohort_prior": {
        "mean": 0.4770937500000001,
        "variance": 0.9009695161433738,
        "n": 416
      },
      "user_obs": {
        "slope": 0.7328223745935615,
        "se": 0.6250963276811925,
        "n": 50,
        "at_nominal_step": -0.36641118729678074,
        "se_at_step": 0.31254816384059625,
        "residual_sd": 1.1825721850290527,
        "sigma_data_used": 7.0
      },
      "gate": {
        "score": 0.47139498877922803,
        "tier": "possible"
      }
    },
    {
      "action": "running_volume",
      "outcome": "hrv_daily",
      "nominal_step": 30.0,
      "dose_multiplier": 1.1081114586851646,
      "dose_multiplier_raw": 1.1081114586851646,
      "direction_conflict": false,
      "scaled_effect": 0.07866216711936588,
      "posterior": {
        "mean": 0.07098759470703686,
        "variance": 0.11817070575990628,
        "sd": 0.34375966278768993,
        "contraction": 0.6081114586851646,
        "prior_mean": 0.14166006734006745,
        "prior_variance": 0.3015416203888705,
        "source": "pop+cohort+user",
        "lam_js": 0.8472505091649695,
        "n_cohort": 416,
        "z_like": 0.20650356162025807
      },
      "cohort_prior": {
        "mean": 0.11986480769230796,
        "variance": 0.2186938498312511,
        "n": 416
      },
      "user_obs": {
        "slope": 0.014955904365717863,
        "se": 0.25786821044042657,
        "n": 50,
        "at_nominal_step": 0.014955904365717863,
        "se_at_step": 0.25786821044042657,
        "residual_sd": 1.649667513880014,
        "sigma_data_used": 3.5
      },
      "gate": {
        "score": 0.6081114586851646,
        "tier": "possible"
      }
    },
    {
      "action": "sleep_duration",
      "outcome": "hrv_daily",
      "nominal_step": 0.5,
      "dose_multiplier": 0.5042135193375271,
      "dose_multiplier_raw": 0.5042135193375271,
      "direction_conflict": false,
      "scaled_effect": 0.0639654315459463,
      "posterior": {
        "mean": 0.1268617938487425,
        "variance": 0.002921374624799969,
        "sd": 0.054049742134444724,
        "contraction": 0.004213519337527116,
        "prior_mean": 0.13540993265993234,
        "prior_variance": 0.0029337359780747863,
        "source": "pop+cohort+user",
        "lam_js": 0.8472505091649695,
        "n_cohort": 416,
        "z_like": 2.347130417998724
      },
      "cohort_prior": {
        "mean": 0.13603296703296702,
        "variance": 0.002960794899166767,
        "n": 416
      },
      "user_obs": {
        "slope": -1.250435992441182,
        "se": 0.750383024713688,
        "n": 50,
        "at_nominal_step": -0.625217996220591,
        "se_at_step": 0.375191512356844,
        "residual_sd": 1.6496675138800145,
        "sigma_data_used": 3.5
      },
      "gate": {
        "score": 0.004213519337527116,
        "tier": "not_exposed"
      }
    },
    {
      "action": "training_load",
      "outcome": "hrv_daily",
      "nominal_step": 100.0,
      "dose_multiplier": 1.4435080339977748,
      "dose_multiplier_raw": 1.4435080339977748,
      "direction_conflict": false,
      "scaled_effect": -0.07180318904285136,
      "posterior": {
        "mean": -0.049742147152443246,
        "variance": 0.2310777832354069,
        "sd": 0.4807055057261222,
        "contraction": 0.9435080339977748,
        "prior_mean": -5.056217651515151,
        "prior_variance": 4.090453910318943,
        "source": "pop+cohort+user",
        "lam_js": 0.8472505091649695,
        "n_cohort": 416,
        "z_like": -0.10347738180636401
      },
      "cohort_prior": {
        "mean": -5.038698533653847,
        "variance": 4.062157266087269,
        "n": 416
      },
      "user_obs": {
        "slope": 0.0025099896100107258,
        "se": 0.020559037798047408,
        "n": 50,
        "at_nominal_step": 0.25099896100107255,
        "se_at_step": 2.0559037798047406,
        "residual_sd": 1.6496675138800143,
        "sigma_data_used": 3.5
      },
      "gate": {
        "score": 0.9435080339977748,
        "tier": "recommended"
      }
    },
    {
      "action": "training_load",
      "outcome": "resting_hr",
      "nominal_step": 100.0,
      "dose_multiplier": 1.4044854249881205,
      "dose_multiplier_raw": 1.4044854249881205,
      "direction_conflict": false,
      "scaled_effect": 0.6372918671640223,
      "posterior": {
        "mean": 0.45375470319986605,
        "variance": 0.026036216447636103,
        "sd": 0.161357418322295,
        "contraction": 0.9044854249881206,
        "prior_mean": 1.305251261157877,
        "prior_variance": 0.2725889367606766,
        "source": "pop+cohort+user",
        "lam_js": 0.8472505091649695,
        "n_cohort": 416,
        "z_like": 2.8121093403560615
      },
      "cohort_prior": {
        "mean": 1.3016362050919952,