{
  "pid": 639,
  "cohort": "cohort_b",
  "age": 36,
  "is_female": false,
  "effects_bayesian": [
    {
      "action": "active_energy",
      "outcome": "deep_sleep",
      "nominal_step": 100.0,
      "dose_multiplier": 0.5473702025026558,
      "dose_multiplier_raw": 0.5473702025026558,
      "direction_conflict": false,
      "scaled_effect": 0.3692188081133645,
      "posterior": {
        "mean": 0.6745321656627319,
        "variance": 0.07302395519973658,
        "sd": 0.27022944917187797,
        "contraction": 0.04737020250265578,
        "prior_mean": 0.6921665440115441,
        "prior_variance": 0.07665512394382158,
        "source": "pop+cohort+user",
        "lam_js": 0.8472505091649695,
        "n_cohort": 416,
        "z_like": 2.496146026015467
      },
      "cohort_prior": {
        "mean": 0.6841722046703297,
        "variance": 0.07489465690295352,
        "n": 416
      },
      "user_obs": {
        "slope": 0.003029335872261417,
        "se": 0.008207617897615826,
        "n": 56,
        "at_nominal_step": 0.3029335872261417,
        "se_at_step": 0.8207617897615825,
        "residual_sd": 2.409122783578508,
        "sigma_data_used": 12.0
      },
      "gate": {
        "score": 0.04737020250265578,
        "tier": "not_exposed"
      }
    },
    {
      "action": "bedtime",
      "outcome": "deep_sleep",
      "nominal_step": -0.5,
      "dose_multiplier": 0.7716495463338675,
      "dose_multiplier_raw": 0.7716495463338675,
      "direction_conflict": false,
      "scaled_effect": 0.45164821367633395,
      "posterior": {
        "mean": 0.5853022474025023,
        "variance": 0.6880551303258373,
        "sd": 0.8294908862222884,
        "contraction": 0.2716495463338675,
        "prior_mean": 0.6072164646464647,
        "prior_variance": 0.9446759137205589,
        "source": "pop+cohort+user",
        "lam_js": 0.8472505091649695,
        "n_cohort": 416,
        "z_like": 0.7056162486222325
      },
      "cohort_prior": {
        "mean": 0.6215986538461539,
        "variance": 0.9384823525592582,
        "n": 416
      },
      "user_obs": {
        "slope": -0.9839271355385819,
        "se": 0.6878482421156136,
        "n": 56,
        "at_nominal_step": 0.49196356776929095,
        "se_at_step": 0.3439241210578068,
        "residual_sd": 2.4334279450634377,
        "sigma_data_used": 12.0
      },
      "gate": {
        "score": 0.2716495463338675,
        "tier": "not_exposed"
      }
    },
    {
      "action": "bedtime",
      "outcome": "sleep_quality",
      "nominal_step": -0.5,
      "dose_multiplier": 1.0000929439219317,
      "dose_multiplier_raw": 1.0000929439219317,
      "direction_conflict": false,
      "scaled_effect": 0.527522579198925,
      "posterior": {
        "mean": 0.5274735537381253,
        "variance": 0.44336816467964074,
        "sd": 0.6658589675596783,
        "contraction": 0.5000929439219318,
        "prior_mean": 0.4607862962962966,
        "prior_variance": 0.8869011935098631,
        "source": "pop+cohort+user",
        "lam_js": 0.8472505091649695,
        "n_cohort": 416,
        "z_like": 0.7921700832103759
      },
      "cohort_prior": {
        "mean": 0.4770937500000001,
        "variance": 0.9009695161433738,
        "n": 416
      },
      "user_obs": {
        "slope": -1.157889558264699,
        "se": 0.4027501584158079,
        "n": 56,
        "at_nominal_step": 0.5789447791323495,
        "se_at_step": 0.20137507920790396,
        "residual_sd": 1.4248251727057903,
        "sigma_data_used": 7.0
      },
      "gate": {
        "score": 0.5000929439219318,
        "tier": "possible"
      }
    },
    {
      "action": "running_volume",
      "outcome": "hrv_daily",
      "nominal_step": 30.0,
      "dose_multiplier": 0.5,
      "dose_multiplier_raw": 1.129552770006843,
      "direction_conflict": true,
      "scaled_effect": -0.04912566803548138,
      "posterior": {
        "mean": -0.09825133607096276,
        "variance": 0.11170525800070509,
        "sd": 0.33422336543201925,
        "contraction": 0.6295527700068432,
        "prior_mean": 0.14166006734006745,
        "prior_variance": 0.3015416203888705,
        "source": "pop+cohort+user",
        "lam_js": 0.8472505091649695,
        "n_cohort": 416,
        "z_like": -0.29396908245467057
      },
      "cohort_prior": {
        "mean": 0.11986480769230796,
        "variance": 0.2186938498312511,
        "n": 416
      },
      "user_obs": {
        "slope": -0.31045765205006914,
        "se": 0.3117424851381637,
        "n": 56,
        "at_nominal_step": -0.31045765205006914,
        "se_at_step": 0.3117424851381637,
        "residual_sd": 1.506882498332549,
        "sigma_data_used": 3.5
      },
      "gate": {
        "score": 0.3147763850034216,
        "tier": "possible"
      }
    },
    {
      "action": "sleep_duration",
      "outcome": "hrv_daily",
      "nominal_step": 0.5,
      "dose_multiplier": 0.5056363318051618,
      "dose_multiplier_raw": 0.5056363318051618,
      "direction_conflict": false,
      "scaled_effect": 0.06769675446667003,
      "posterior": {
        "mean": 0.13388427652140275,
        "variance": 0.002917200468673616,
        "sd": 0.054011114306905535,
        "contraction": 0.005636331805161765,
        "prior_mean": 0.13540993265993234,
        "prior_variance": 0.0029337359780747863,
        "source": "pop+cohort+user",
        "lam_js": 0.8472505091649695,
        "n_cohort": 416,
        "z_like": 2.478828260432411
      },
      "cohort_prior": {
        "mean": 0.13603296703296702,
        "variance": 0.002960794899166767,
        "n": 416
      },
      "user_obs": {
        "slope": -0.03609638718248084,
        "se": 0.7024031523933449,
        "n": 56,
        "at_nominal_step": -0.01804819359124042,
        "se_at_step": 0.35120157619667247,
        "residual_sd": 1.5068824983325506,
        "sigma_data_used": 3.5
      },
      "gate": {
        "score": 0.005636331805161765,
        "tier": "not_exposed"
      }
    },
    {
      "action": "training_load",
      "outcome": "hrv_daily",
      "nominal_step": 100.0,
      "dose_multiplier": 1.4492517674276229,
      "dose_multiplier_raw": 1.4492517674276229,
      "direction_conflict": false,
      "scaled_effect": -1.921372320384434,
      "posterior": {
        "mean": -1.3257684852058593,
        "variance": 0.2075833063674553,
        "sd": 0.4556131103990043,
        "contraction": 0.9492517674276229,
        "prior_mean": -5.056217651515151,
        "prior_variance": 4.090453910318943,
        "source": "pop+cohort+user",
        "lam_js": 0.8472505091649695,
        "n_cohort": 416,
        "z_like": -2.90985587320965
      },
      "cohort_prior": {
        "mean": -5.038698533653847,
        "variance": 4.062157266087269,
        "n": 416
      },
      "user_obs": {
        "slope": -0.011258919366816503,
        "se": 0.019398936438337084,
        "n": 56,
        "at_nominal_step": -1.1258919366816504,
        "se_at_step": 1.9398936438337084,
        "residual_sd": 1.5068824983325508,
        "sigma_data_used": 3.5
      },
      "gate": {
        "score": 0.9492517674276229,
        "tier": "recommended"
      }
    },
    {
      "action": "training_load",
      "outcome": "resting_hr",
      "nominal_step": 100.0,
      "dose_multiplier": 0.5,
      "dose_multiplier_raw": 1.4138331678711005,
      "direction_conflict": true,
      "scaled_effect": -0.6413576105577015,
      "posterior": {
        "mean": -1.282715221115403,
        "variance": 0.023488125154052453,
        "sd": 0.1532583607965727,
        "contraction": 0.9138331678711004,
        "prior_mean": 1.305251261157877,
        "prior_variance": 0.2725889367606766,
        "source": "pop+cohort+user",
        "lam_js": 0.8472505091649695,
        "n_cohort": 416,
        "z_like": -8.369626390680333
      },
      "cohort_prior": {
        "mean": 1.3016362050919952,
        "variance": 0.2710810896650065,