{
  "pid": 509,
  "cohort": "cohort_a",
  "age": 38,
  "is_female": true,
  "effects_bayesian": [
    {
      "action": "active_energy",
      "outcome": "deep_sleep",
      "nominal_step": 100.0,
      "dose_multiplier": 0.513411003813398,
      "dose_multiplier_raw": 0.513411003813398,
      "direction_conflict": false,
      "scaled_effect": 0.3504310152868377,
      "posterior": {
        "mean": 0.6825545473002829,
        "variance": 0.07562710178429449,
        "sd": 0.2750038213994389,
        "contraction": 0.013411003813397993,
        "prior_mean": 0.6921665440115441,
        "prior_variance": 0.07665512394382158,
        "source": "pop+cohort+user",
        "lam_js": 0.8768472906403941,
        "n_cohort": 534,
        "z_like": 2.4819820460199447
      },
      "cohort_prior": {
        "mean": 0.6984414526484751,
        "variance": 0.07805127404443395,
        "n": 534
      },
      "user_obs": {
        "slope": 0.001744230689940637,
        "se": 0.008470574703459658,
        "n": 55,
        "at_nominal_step": 0.1744230689940637,
        "se_at_step": 0.8470574703459658,
        "residual_sd": 1.8428520629818865,
        "sigma_data_used": 12.0
      },
      "gate": {
        "score": 0.013411003813397993,
        "tier": "not_exposed"
      }
    },
    {
      "action": "bedtime",
      "outcome": "deep_sleep",
      "nominal_step": -0.5,
      "dose_multiplier": 0.7594867137133707,
      "dose_multiplier_raw": 0.7594867137133707,
      "direction_conflict": false,
      "scaled_effect": 0.3631216434874957,
      "posterior": {
        "mean": 0.47811454358704863,
        "variance": 0.6995450653450354,
        "sd": 0.8363881068888027,
        "contraction": 0.25948671371337073,
        "prior_mean": 0.6072164646464647,
        "prior_variance": 0.9446759137205589,
        "source": "pop+cohort+user",
        "lam_js": 0.8768472906403941,
        "n_cohort": 534,
        "z_like": 0.5716419681833349
      },
      "cohort_prior": {
        "mean": 0.6056498876404495,
        "variance": 0.9560138510611396,
        "n": 534
      },
      "user_obs": {
        "slope": -0.2555904302319691,
        "se": 0.7480572498716465,
        "n": 55,
        "at_nominal_step": 0.12779521511598455,
        "se_at_step": 0.37402862493582323,
        "residual_sd": 1.8619798884870629,
        "sigma_data_used": 12.0
      },
      "gate": {
        "score": 0.25948671371337073,
        "tier": "not_exposed"
      }
    },
    {
      "action": "bedtime",
      "outcome": "sleep_quality",
      "nominal_step": -0.5,
      "dose_multiplier": 0.9993481637417531,
      "dose_multiplier_raw": 0.9993481637417531,
      "direction_conflict": false,
      "scaled_effect": 0.15730562630554384,
      "posterior": {
        "mean": 0.15740823069765908,
        "variance": 0.44402871111034375,
        "sd": 0.6663547937175388,
        "contraction": 0.49934816374175306,
        "prior_mean": 0.4607862962962966,
        "prior_variance": 0.8869011935098631,
        "source": "pop+cohort+user",
        "lam_js": 0.8768472906403941,
        "n_cohort": 534,
        "z_like": 0.23622285332336465
      },
      "cohort_prior": {
        "mean": 0.46373086142322145,
        "variance": 0.8849888909576128,
        "n": 534
      },
      "user_obs": {
        "slope": 0.30103344822539946,
        "se": 0.474602740437501,
        "n": 55,
        "at_nominal_step": -0.15051672411269973,
        "se_at_step": 0.2373013702187505,
        "residual_sd": 1.1813277097001602,
        "sigma_data_used": 7.0
      },
      "gate": {
        "score": 0.49934816374175306,
        "tier": "possible"
      }
    },
    {
      "action": "running_volume",
      "outcome": "hrv_daily",
      "nominal_step": 30.0,
      "dose_multiplier": 1.1092898818113839,
      "dose_multiplier_raw": 1.1092898818113839,
      "direction_conflict": false,
      "scaled_effect": 0.13009686151756042,
      "posterior": {
        "mean": 0.11727940879179605,
        "variance": 0.11781536214092239,
        "sd": 0.3432424247393122,
        "contraction": 0.6092898818113839,
        "prior_mean": 0.14166006734006745,
        "prior_variance": 0.3015416203888705,
        "source": "pop+cohort+user",
        "lam_js": 0.8768472906403941,
        "n_cohort": 534,
        "z_like": 0.3416809821247129
      },
      "cohort_prior": {
        "mean": 0.13417902621722846,
        "variance": 0.24427088794406634,
        "n": 534
      },
      "user_obs": {
        "slope": 0.10141027626669885,
        "se": 0.240550206370169,
        "n": 55,
        "at_nominal_step": 0.10141027626669885,
        "se_at_step": 0.240550206370169,
        "residual_sd": 1.3517326978848483,
        "sigma_data_used": 3.5
      },
      "gate": {
        "score": 0.6092898818113839,
        "tier": "possible"
      }
    },
    {
      "action": "sleep_duration",
      "outcome": "hrv_daily",
      "nominal_step": 0.5,
      "dose_multiplier": 0.5235004286481572,
      "dose_multiplier_raw": 0.5235004286481572,
      "direction_conflict": false,
      "scaled_effect": 0.06461109246179272,
      "posterior": {
        "mean": 0.12342127900188905,
        "variance": 0.002864791925049508,
        "sd": 0.05352375103680149,
        "contraction": 0.023500428648157157,
        "prior_mean": 0.13540993265993234,
        "prior_variance": 0.0029337359780747863,
        "source": "pop+cohort+user",
        "lam_js": 0.8768472906403941,
        "n_cohort": 534,
        "z_like": 2.3059160953989926
      },
      "cohort_prior": {
        "mean": 0.13457651150347733,
        "variance": 0.002897733991751291,
        "n": 534
      },
      "user_obs": {
        "slope": -1.4811596271019367,
        "se": 0.6541155678169915,
        "n": 55,
        "at_nominal_step": -0.7405798135509684,
        "se_at_step": 0.32705778390849577,
        "residual_sd": 1.3517326978848507,
        "sigma_data_used": 3.5
      },
      "gate": {
        "score": 0.023500428648157157,
        "tier": "not_exposed"
      }
    },
    {
      "action": "training_load",
      "outcome": "hrv_daily",
      "nominal_step": 100.0,
      "dose_multiplier": 1.4483563244181767,
      "dose_multiplier_raw": 1.4483563244181767,
      "direction_conflict": false,
      "scaled_effect": -8.006331482463485,
      "posterior": {
        "mean": -5.527874147737595,
        "variance": 0.21124607472691176,
        "sd": 0.45961513761723705,
        "contraction": 0.9483563244181767,
        "prior_mean": -5.056217651515151,
        "prior_variance": 4.090453910318943,
        "source": "pop+cohort+user",
        "lam_js": 0.8768472906403941,
        "n_cohort": 534,
        "z_like": -12.027180341351494
      },
      "cohort_prior": {
        "mean": -5.061554325842696,
        "variance": 4.099093150953106,
        "n": 534
      },
      "user_obs": {
        "slope": -0.05553254292454206,
        "se": 0.015310057313557298,
        "n": 55,
        "at_nominal_step": -5.553254292454206,
        "se_at_step": 1.53100573135573,
        "residual_sd": 1.3517326978848523,
        "sigma_data_used": 3.5
      },
      "gate": {
        "score": 0.9483563244181767,
        "tier": "recommended"
      }
    },
    {
      "action": "training_load",
      "outcome": "resting_hr",
      "nominal_step": 100.0,
      "dose_multiplier": 1.412356853723333,
      "dose_multiplier_raw": 1.412356853723333,
      "direction_conflict": false,
      "scaled_effect": 0.9775664881400292,
      "posterior": {
        "mean": 0.6921526139537005,
        "variance": 0.02389055205791707,
        "sd": 0.15456568848847752,
        "contraction": 0.9123568537233331,
        "prior_mean": 1.305251261157877,
        "prior_variance": 0.2725889367606766,
        "source": "pop+cohort+user",
        "lam_js": 0.8768472906403941,
        "n_cohort": 534,
        "z_like": 4.478048270106847
      },
      "cohort_prior": {
        "mean": 1.306352479669686,