{
  "pid": 968,
  "cohort": "cohort_c",
  "age": 38,
  "is_female": false,
  "effects_bayesian": [
    {
      "action": "active_energy",
      "outcome": "deep_sleep",
      "nominal_step": 100.0,
      "dose_multiplier": 0.5159437775386527,
      "dose_multiplier_raw": 0.5159437775386527,
      "direction_conflict": false,
      "scaled_effect": 0.3264792521623381,
      "posterior": {
        "mean": 0.632780675677166,
        "variance": 0.07543295170046344,
        "sd": 0.27465059930840025,
        "contraction": 0.015943777538652726,
        "prior_mean": 0.6921665440115441,
        "prior_variance": 0.07665512394382158,
        "source": "pop+cohort+user",
        "lam_js": 0.7603833865814696,
        "n_cohort": 238,
        "z_like": 2.303947915171406
      },
      "cohort_prior": {
        "mean": 0.6920608463385354,
        "variance": 0.07663171440556958,
        "n": 238
      },
      "user_obs": {
        "slope": -0.030816808869732232,
        "se": 0.010338247618074491,
        "n": 30,
        "at_nominal_step": -3.0816808869732233,
        "se_at_step": 1.0338247618074492,
        "residual_sd": 1.9993040351902434,
        "sigma_data_used": 12.0
      },
      "gate": {
        "score": 0.015943777538652726,
        "tier": "not_exposed"
      }
    },
    {
      "action": "bedtime",
      "outcome": "deep_sleep",
      "nominal_step": -0.5,
      "dose_multiplier": 0.6691554653960174,
      "dose_multiplier_raw": 0.6691554653960174,
      "direction_conflict": false,
      "scaled_effect": 0.5058770864593746,
      "posterior": {
        "mean": 0.7559933567306187,
        "variance": 0.7848788198867498,
        "sd": 0.8859338687998951,
        "contraction": 0.16915546539601745,
        "prior_mean": 0.6072164646464647,
        "prior_variance": 0.9446759137205589,
        "source": "pop+cohort+user",
        "lam_js": 0.7603833865814696,
        "n_cohort": 238,
        "z_like": 0.8533293323063756
      },
      "cohort_prior": {
        "mean": 0.5855927731092442,
        "variance": 0.9363184076048073,
        "n": 238
      },
      "user_obs": {
        "slope": -3.2023752010404465,
        "se": 1.1066295039727951,
        "n": 30,
        "at_nominal_step": 1.6011876005202232,
        "se_at_step": 0.5533147519863976,
        "residual_sd": 2.0023607592573613,
        "sigma_data_used": 12.0
      },
      "gate": {
        "score": 0.16915546539601745,
        "tier": "not_exposed"
      }
    },
    {
      "action": "bedtime",
      "outcome": "sleep_quality",
      "nominal_step": -0.5,
      "dose_multiplier": 0.8578362771317033,
      "dose_multiplier_raw": 0.8578362771317033,
      "direction_conflict": false,
      "scaled_effect": 0.5052540440660807,
      "posterior": {
        "mean": 0.5889865671751128,
        "variance": 0.5695357722406293,
        "sd": 0.7546759385594782,
        "contraction": 0.3578362771317033,
        "prior_mean": 0.4607862962962966,
        "prior_variance": 0.8869011935098631,
        "source": "pop+cohort+user",
        "lam_js": 0.7603833865814696,
        "n_cohort": 238,
        "z_like": 0.7804496434580483
      },
      "cohort_prior": {
        "mean": 0.42567579831932817,
        "variance": 0.8706033108101122,
        "n": 238
      },
      "user_obs": {
        "slope": -1.7566191629172594,
        "se": 0.8160436999305101,
        "n": 30,
        "at_nominal_step": 0.8783095814586297,
        "se_at_step": 0.40802184996525503,
        "residual_sd": 1.4765681528586934,
        "sigma_data_used": 7.0
      },
      "gate": {
        "score": 0.3578362771317033,
        "tier": "possible"
      }
    },
    {
      "action": "running_volume",
      "outcome": "hrv_daily",
      "nominal_step": 30.0,
      "dose_multiplier": 0.5,
      "dose_multiplier_raw": 0.7755478718180951,
      "direction_conflict": true,
      "scaled_effect": -0.0737937525172309,
      "posterior": {
        "mean": -0.1475875050344618,
        "variance": 0.2184524686261373,
        "sd": 0.467388990698473,
        "contraction": 0.27554787181809515,
        "prior_mean": 0.14166006734006745,
        "prior_variance": 0.3015416203888705,
        "source": "pop+cohort+user",
        "lam_js": 0.7603833865814696,
        "n_cohort": 238,
        "z_like": -0.31577017852710837
      },
      "cohort_prior": {
        "mean": 0.19654117647058833,
        "variance": 0.5699868837170512,
        "n": 238
      },
      "user_obs": {
        "slope": -0.4352768035018534,
        "se": 0.328514092493709,
        "n": 30,
        "at_nominal_step": -0.4352768035018534,
        "se_at_step": 0.328514092493709,
        "residual_sd": 1.5028472391589178,
        "sigma_data_used": 3.5
      },
      "gate": {
        "score": 0.13777393590904757,
        "tier": "not_exposed"
      }
    },
    {
      "action": "sleep_duration",
      "outcome": "hrv_daily",
      "nominal_step": 0.5,
      "dose_multiplier": 0.5,
      "dose_multiplier_raw": 0.5,
      "direction_conflict": false,
      "scaled_effect": 0.07090633316187152,
      "posterior": {
        "mean": 0.14181266632374304,
        "variance": 0.002938174668328203,
        "sd": 0.054204932140241656,
        "contraction": 0.0,
        "prior_mean": 0.13540993265993234,
        "prior_variance": 0.0029337359780747863,
        "source": "pop+cohort+user",
        "lam_js": 0.7603833865814696,
        "n_cohort": 238,
        "z_like": 2.6162317841638165
      },
      "cohort_prior": {
        "mean": 0.13619087635053972,
        "variance": 0.0029676727681804804,
        "n": 238
      },
      "user_obs": {
        "slope": 1.8865980060003082,
        "se": 0.8063089603137669,
        "n": 30,
        "at_nominal_step": 0.9432990030001541,
        "se_at_step": 0.40315448015688343,
        "residual_sd": 1.5028472391589176,
        "sigma_data_used": 3.5
      },
      "gate": {
        "score": 0.0,
        "tier": "not_exposed"
      }
    },
    {
      "action": "training_load",
      "outcome": "hrv_daily",
      "nominal_step": 100.0,
      "dose_multiplier": 0.5,
      "dose_multiplier_raw": 1.4091888225644873,
      "direction_conflict": true,
      "scaled_effect": 1.39899903889065,
      "posterior": {
        "mean": 2.7979980777813,
        "variance": 0.3714589358417602,
        "sd": 0.6094743110597527,
        "contraction": 0.9091888225644873,
        "prior_mean": -5.056217651515151,
        "prior_variance": 4.090453910318943,
        "source": "pop+cohort+user",
        "lam_js": 0.7603833865814696,
        "n_cohort": 238,
        "z_like": 4.590838411082736
      },
      "cohort_prior": {
        "mean": -5.074865420168067,
        "variance": 4.120681445250819,
        "n": 238
      },
      "user_obs": {
        "slope": 0.03579086654727247,
        "se": 0.03431040108599247,
        "n": 30,
        "at_nominal_step": 3.579086654727247,
        "se_at_step": 3.431040108599247,
        "residual_sd": 1.5028472391589167,
        "sigma_data_used": 3.5
      },
      "gate": {
        "score": 0.45459441128224365,
        "tier": "possible"
      }
    },
    {
      "action": "training_load",
      "outcome": "resting_hr",
      "nominal_step": 100.0,
      "dose_multiplier": 1.3501754286902394,
      "dose_multiplier_raw": 1.3501754286902394,
      "direction_conflict": false,
      "scaled_effect": 1.5689482021706875,
      "posterior": {
        "mean": 1.1620328505701458,
        "variance": 0.040840520593951816,
        "sd": 0.2020903772918241,
        "contraction": 0.8501754286902394,
        "prior_mean": 1.305251261157877,
        "prior_variance": 0.2725889367606766,
        "source": "pop+cohort+user",
        "lam_js": 0.7603833865814696,
        "n_cohort": 238,
        "z_like": 5.750065223996975
      },
      "cohort_prior": {
        "mean": 1.3090992134188058,
        "variance": 0.2741985200917978,
        "n": 238
      },
      "user_obs": {
        "slope": 0.011364132624117746,