{
  "pid": 286,
  "cohort": "cohort_a",
  "age": 37,
  "is_female": true,
  "effects_bayesian": [
    {
      "action": "active_energy",
      "outcome": "deep_sleep",
      "nominal_step": 100.0,
      "dose_multiplier": 0.5159949430702274,
      "dose_multiplier_raw": 0.5159949430702274,
      "direction_conflict": false,
      "scaled_effect": 0.3315239256101443,
      "posterior": {
        "mean": 0.6424945245345624,
        "variance": 0.07542902960029893,
        "sd": 0.2746434590524576,
        "contraction": 0.01599494307022742,
        "prior_mean": 0.6921665440115441,
        "prior_variance": 0.07665512394382158,
        "source": "pop+cohort+user",
        "lam_js": 0.8768472906403941,
        "n_cohort": 534,
        "z_like": 2.3393767568731514
      },
      "cohort_prior": {
        "mean": 0.6984414526484751,
        "variance": 0.07805127404443395,
        "n": 534
      },
      "user_obs": {
        "slope": -0.010578619867345858,
        "se": 0.008215638649385097,
        "n": 60,
        "at_nominal_step": -1.0578619867345858,
        "se_at_step": 0.8215638649385096,
        "residual_sd": 2.054933310565097,
        "sigma_data_used": 12.0
      },
      "gate": {
        "score": 0.01599494307022742,
        "tier": "not_exposed"
      }
    },
    {
      "action": "bedtime",
      "outcome": "deep_sleep",
      "nominal_step": -0.5,
      "dose_multiplier": 0.777047066393277,
      "dose_multiplier_raw": 0.777047066393277,
      "direction_conflict": false,
      "scaled_effect": 0.28279316585605213,
      "posterior": {
        "mean": 0.3639331233417534,
        "variance": 0.6829562231318896,
        "sd": 0.8264116547652808,
        "contraction": 0.27704706639327703,
        "prior_mean": 0.6072164646464647,
        "prior_variance": 0.9446759137205589,
        "source": "pop+cohort+user",
        "lam_js": 0.8768472906403941,
        "n_cohort": 534,
        "z_like": 0.4403775300641403
      },
      "cohort_prior": {
        "mean": 0.6056498876404495,
        "variance": 0.9560138510611396,
        "n": 534
      },
      "user_obs": {
        "slope": 0.4885207427162663,
        "se": 0.6071527723529645,
        "n": 60,
        "at_nominal_step": -0.24426037135813314,
        "se_at_step": 0.30357638617648225,
        "residual_sd": 2.0652623498430898,
        "sigma_data_used": 12.0
      },
      "gate": {
        "score": 0.27704706639327703,
        "tier": "not_exposed"
      }
    },
    {
      "action": "bedtime",
      "outcome": "sleep_quality",
      "nominal_step": -0.5,
      "dose_multiplier": 1.0210489804651262,
      "dose_multiplier_raw": 1.0210489804651262,
      "direction_conflict": false,
      "scaled_effect": 0.23690127939348207,
      "posterior": {
        "mean": 0.2320175465877892,
        "variance": 0.4247822308582454,
        "sd": 0.6517531978120594,
        "contraction": 0.5210489804651262,
        "prior_mean": 0.4607862962962966,
        "prior_variance": 0.8869011935098631,
        "source": "pop+cohort+user",
        "lam_js": 0.8768472906403941,
        "n_cohort": 534,
        "z_like": 0.35598988599775794
      },
      "cohort_prior": {
        "mean": 0.46373086142322145,
        "variance": 0.8849888909576128,
        "n": 534
      },
      "user_obs": {
        "slope": -0.037168216198817716,
        "se": 0.3529246262553523,
        "n": 60,
        "at_nominal_step": 0.018584108099408858,
        "se_at_step": 0.17646231312767616,
        "residual_sd": 1.200491830273472,
        "sigma_data_used": 7.0
      },
      "gate": {
        "score": 0.5210489804651262,
        "tier": "possible"
      }
    },
    {
      "action": "running_volume",
      "outcome": "hrv_daily",
      "nominal_step": 30.0,
      "dose_multiplier": 0.5,
      "dose_multiplier_raw": 1.1272162696448673,
      "direction_conflict": true,
      "scaled_effect": -0.07113204746027821,
      "posterior": {
        "mean": -0.14226409492055642,
        "variance": 0.1124098101058945,
        "sd": 0.3352757225119267,
        "contraction": 0.6272162696448673,
        "prior_mean": 0.14166006734006745,
        "prior_variance": 0.3015416203888705,
        "source": "pop+cohort+user",
        "lam_js": 0.8768472906403941,
        "n_cohort": 534,
        "z_like": -0.4243197027649256
      },
      "cohort_prior": {
        "mean": 0.13417902621722846,
        "variance": 0.24427088794406634,
        "n": 534
      },
      "user_obs": {
        "slope": -0.36866860839961485,
        "se": 0.15781741934713148,
        "n": 60,
        "at_nominal_step": -0.36866860839961485,
        "se_at_step": 0.15781741934713148,
        "residual_sd": 1.3009781204431885,
        "sigma_data_used": 3.5
      },
      "gate": {
        "score": 0.31360813482243366,
        "tier": "possible"
      }
    },
    {
      "action": "sleep_duration",
      "outcome": "hrv_daily",
      "nominal_step": 0.5,
      "dose_multiplier": 0.5246409187787313,
      "dose_multiplier_raw": 0.5246409187787313,
      "direction_conflict": false,
      "scaled_effect": 0.07442095894817799,
      "posterior": {
        "mean": 0.14185122868688255,
        "variance": 0.0028614460281208036,
        "sd": 0.05349248571641445,
        "contraction": 0.024640918778731313,
        "prior_mean": 0.13540993265993234,
        "prior_variance": 0.0029337359780747863,
        "source": "pop+cohort+user",
        "lam_js": 0.8768472906403941,
        "n_cohort": 534,
        "z_like": 2.6517972905371034
      },
      "cohort_prior": {
        "mean": 0.13457651150347733,
        "variance": 0.002897733991751291,
        "n": 534
      },
      "user_obs": {
        "slope": 1.2928264831124532,
        "se": 0.6012264671351076,
        "n": 60,
        "at_nominal_step": 0.6464132415562266,
        "se_at_step": 0.3006132335675538,
        "residual_sd": 1.3009781204431892,
        "sigma_data_used": 3.5
      },
      "gate": {
        "score": 0.024640918778731313,
        "tier": "not_exposed"
      }
    },
    {
      "action": "training_load",
      "outcome": "hrv_daily",
      "nominal_step": 100.0,
      "dose_multiplier": 0.5,
      "dose_multiplier_raw": 1.4524557287741793,
      "direction_conflict": true,
      "scaled_effect": 1.3702623806757688,
      "posterior": {
        "mean": 2.7405247613515376,
        "variance": 0.19447765014892257,
        "sd": 0.4409962019665505,
        "contraction": 0.9524557287741793,
        "prior_mean": -5.056217651515151,
        "prior_variance": 4.090453910318943,
        "source": "pop+cohort+user",
        "lam_js": 0.8768472906403941,
        "n_cohort": 534,
        "z_like": 6.2143953828414285
      },
      "cohort_prior": {
        "mean": -5.061554325842696,
        "variance": 4.099093150953106,
        "n": 534
      },
      "user_obs": {
        "slope": 0.031291972140373055,
        "se": 0.014783351116123009,
        "n": 60,
        "at_nominal_step": 3.1291972140373057,
        "se_at_step": 1.478335111612301,
        "residual_sd": 1.3009781204431892,
        "sigma_data_used": 3.5
      },
      "gate": {
        "score": 0.47622786438708964,
        "tier": "possible"
      }
    },
    {
      "action": "training_load",
      "outcome": "resting_hr",
      "nominal_step": 100.0,
      "dose_multiplier": 1.4190702444779641,
      "dose_multiplier_raw": 1.4190702444779641,
      "direction_conflict": false,
      "scaled_effect": 0.6110145578057318,
      "posterior": {
        "mean": 0.4305738635443707,
        "variance": 0.022060556010053273,
        "sd": 0.14852796373091928,
        "contraction": 0.919070244477964,
        "prior_mean": 1.305251261157877,
        "prior_variance": 0.2725889367606766,
        "source": "pop+cohort+user",
        "lam_js": 0.8768472906403941,
        "n_cohort": 534,
        "z_like": 2.8989414028756224
      },
      "cohort_prior": {
        "mean": 1.306352479669686,
        "variance": 0.273049088182262,