{
  "pid": 695,
  "cohort": "cohort_b",
  "age": 29,
  "is_female": false,
  "effects_bayesian": [
    {
      "action": "active_energy",
      "outcome": "deep_sleep",
      "nominal_step": 100.0,
      "dose_multiplier": 0.547853046505958,
      "dose_multiplier_raw": 0.547853046505958,
      "direction_conflict": false,
      "scaled_effect": 0.36733464481976136,
      "posterior": {
        "mean": 0.67049849802335,
        "variance": 0.07298694273281792,
        "sd": 0.270160957084509,
        "contraction": 0.04785304650595801,
        "prior_mean": 0.6921665440115441,
        "prior_variance": 0.07665512394382158,
        "source": "pop+cohort+user",
        "lam_js": 0.8472505091649695,
        "n_cohort": 416,
        "z_like": 2.481848248019093
      },
      "cohort_prior": {
        "mean": 0.6841722046703297,
        "variance": 0.07489465690295352,
        "n": 416
      },
      "user_obs": {
        "slope": 0.0016983448681604156,
        "se": 0.00786325255716457,
        "n": 57,
        "at_nominal_step": 0.16983448681604155,
        "se_at_step": 0.7863252557164571,
        "residual_sd": 2.2884102266024633,
        "sigma_data_used": 12.0
      },
      "gate": {
        "score": 0.04785304650595801,
        "tier": "not_exposed"
      }
    },
    {
      "action": "bedtime",
      "outcome": "deep_sleep",
      "nominal_step": -0.5,
      "dose_multiplier": 0.7751131720344738,
      "dose_multiplier_raw": 0.7751131720344738,
      "direction_conflict": false,
      "scaled_effect": 0.38751067555879976,
      "posterior": {
        "mean": 0.49994076934814996,
        "variance": 0.6847831265523311,
        "sd": 0.827516239449312,
        "contraction": 0.27511317203447383,
        "prior_mean": 0.6072164646464647,
        "prior_variance": 0.9446759137205589,
        "source": "pop+cohort+user",
        "lam_js": 0.8472505091649695,
        "n_cohort": 416,
        "z_like": 0.6041461732289943
      },
      "cohort_prior": {
        "mean": 0.6215986538461539,
        "variance": 0.9384823525592582,
        "n": 416
      },
      "user_obs": {
        "slope": -0.3573675870868805,
        "se": 0.8282552841108147,
        "n": 57,
        "at_nominal_step": 0.17868379354344024,
        "se_at_step": 0.41412764205540736,
        "residual_sd": 2.297438820339541,
        "sigma_data_used": 12.0
      },
      "gate": {
        "score": 0.27511317203447383,
        "tier": "not_exposed"
      }
    },
    {
      "action": "bedtime",
      "outcome": "sleep_quality",
      "nominal_step": -0.5,
      "dose_multiplier": 1.004575706366948,
      "dose_multiplier_raw": 1.004575706366948,
      "direction_conflict": false,
      "scaled_effect": 0.5441714949702783,
      "posterior": {
        "mean": 0.5416928674676761,
        "variance": 0.43939239731693475,
        "sd": 0.6628668020929505,
        "contraction": 0.5045757063669479,
        "prior_mean": 0.4607862962962966,
        "prior_variance": 0.8869011935098631,
        "source": "pop+cohort+user",
        "lam_js": 0.8472505091649695,
        "n_cohort": 416,
        "z_like": 0.8171971590028689
      },
      "cohort_prior": {
        "mean": 0.4770937500000001,
        "variance": 0.9009695161433738,
        "n": 416
      },
      "user_obs": {
        "slope": -1.2117222944453185,
        "se": 0.5590366889692353,
        "n": 57,
        "at_nominal_step": 0.6058611472226593,
        "se_at_step": 0.27951834448461765,
        "residual_sd": 1.5506723782762677,
        "sigma_data_used": 7.0
      },
      "gate": {
        "score": 0.5045757063669479,
        "tier": "possible"
      }
    },
    {
      "action": "running_volume",
      "outcome": "hrv_daily",
      "nominal_step": 30.0,
      "dose_multiplier": 0.5,
      "dose_multiplier_raw": 1.1329002776959824,
      "direction_conflict": true,
      "scaled_effect": -0.17116683392925733,
      "posterior": {
        "mean": -0.34233366785851466,
        "variance": 0.11069584510785781,
        "sd": 0.3327098512335603,
        "contraction": 0.6329002776959826,
        "prior_mean": 0.14166006734006745,
        "prior_variance": 0.3015416203888705,
        "source": "pop+cohort+user",
        "lam_js": 0.8472505091649695,
        "n_cohort": 416,
        "z_like": -1.028925553569493
      },
      "cohort_prior": {
        "mean": 0.11986480769230796,
        "variance": 0.2186938498312511,
        "n": 416
      },
      "user_obs": {
        "slope": -0.7806124172803167,
        "se": 0.4138211881152065,
        "n": 57,
        "at_nominal_step": -0.7806124172803167,
        "se_at_step": 0.4138211881152065,
        "residual_sd": 1.6561461826851285,
        "sigma_data_used": 3.5
      },
      "gate": {
        "score": 0.3164501388479913,
        "tier": "possible"
      }
    },
    {
      "action": "sleep_duration",
      "outcome": "hrv_daily",
      "nominal_step": 0.5,
      "dose_multiplier": 0.5058730720125288,
      "dose_multiplier_raw": 0.5058730720125288,
      "direction_conflict": false,
      "scaled_effect": 0.06606688544150832,
      "posterior": {
        "mean": 0.1305997276721463,
        "variance": 0.0029165059354098063,
        "sd": 0.05400468438394772,
        "contraction": 0.005873072012528846,
        "prior_mean": 0.13540993265993234,
        "prior_variance": 0.0029337359780747863,
        "source": "pop+cohort+user",
        "lam_js": 0.8472505091649695,
        "n_cohort": 416,
        "z_like": 2.418303692761986
      },
      "cohort_prior": {
        "mean": 0.13603296703296702,
        "variance": 0.002960794899166767,
        "n": 416
      },
      "user_obs": {
        "slope": -0.5148308769150394,
        "se": 0.8274259257033763,
        "n": 57,
        "at_nominal_step": -0.2574154384575197,
        "se_at_step": 0.4137129628516881,
        "residual_sd": 1.6561461826851285,
        "sigma_data_used": 3.5
      },
      "gate": {
        "score": 0.005873072012528846,
        "tier": "not_exposed"
      }
    },
    {
      "action": "training_load",
      "outcome": "hrv_daily",
      "nominal_step": 100.0,
      "dose_multiplier": 1.450097395801169,
      "dose_multiplier_raw": 1.450097395801169,
      "direction_conflict": false,
      "scaled_effect": -0.304995611279673,
      "posterior": {
        "mean": -0.21032767327408722,
        "variance": 0.20412430248020696,
        "sd": 0.45180117582871226,
        "contraction": 0.9500973958011689,
        "prior_mean": -5.056217651515151,
        "prior_variance": 4.090453910318943,
        "source": "pop+cohort+user",
        "lam_js": 0.8472505091649695,
        "n_cohort": 416,
        "z_like": -0.4655314871376675
      },
      "cohort_prior": {
        "mean": -5.038698533653847,
        "variance": 4.062157266087269,
        "n": 416
      },
      "user_obs": {
        "slope": 0.00044993364327827523,
        "se": 0.018137115288020957,
        "n": 57,
        "at_nominal_step": 0.04499336432782752,
        "se_at_step": 1.8137115288020957,
        "residual_sd": 1.6561461826851283,
        "sigma_data_used": 3.5
      },
      "gate": {
        "score": 0.9500973958011689,
        "tier": "recommended"
      }
    },
    {
      "action": "training_load",
      "outcome": "resting_hr",
      "nominal_step": 100.0,
      "dose_multiplier": 1.4152160949358203,
      "dose_multiplier_raw": 1.4152160949358203,
      "direction_conflict": false,
      "scaled_effect": 0.2748741508380334,
      "posterior": {
        "mean": 0.19422768849339497,
        "variance": 0.023111154535862873,
        "sd": 0.1520235328357517,
        "contraction": 0.9152160949358203,
        "prior_mean": 1.305251261157877,
        "prior_variance": 0.2725889367606766,
        "source": "pop+cohort+user",
        "lam_js": 0.8472505091649695,
        "n_cohort": 416,
        "z_like": 1.2776159379432472
      },
      "cohort_prior": {
        "mean": 1.3016362050919952,
        "variance": 0.2710810896650065,