{
  "pid": 893,
  "cohort": "cohort_b",
  "age": 30,
  "is_female": true,
  "effects_bayesian": [
    {
      "action": "active_energy",
      "outcome": "deep_sleep",
      "nominal_step": 100.0,
      "dose_multiplier": 0.5468868685400723,
      "dose_multiplier_raw": 0.5468868685400723,
      "direction_conflict": false,
      "scaled_effect": 0.38069598759384915,
      "posterior": {
        "mean": 0.6961146984752555,
        "variance": 0.07306100522454467,
        "sd": 0.27029799337868693,
        "contraction": 0.04688686854007229,
        "prior_mean": 0.6921665440115441,
        "prior_variance": 0.07665512394382158,
        "source": "pop+cohort+user",
        "lam_js": 0.8472505091649695,
        "n_cohort": 416,
        "z_like": 2.575360215493721
      },
      "cohort_prior": {
        "mean": 0.6841722046703297,
        "variance": 0.07489465690295352,
        "n": 416
      },
      "user_obs": {
        "slope": 0.010695993345335442,
        "se": 0.007073616493043611,
        "n": 55,
        "at_nominal_step": 1.0695993345335442,
        "se_at_step": 0.7073616493043611,
        "residual_sd": 2.15431312076249,
        "sigma_data_used": 12.0
      },
      "gate": {
        "score": 0.04688686854007229,
        "tier": "not_exposed"
      }
    },
    {
      "action": "bedtime",
      "outcome": "deep_sleep",
      "nominal_step": -0.5,
      "dose_multiplier": 0.7681526621992207,
      "dose_multiplier_raw": 0.7681526621992207,
      "direction_conflict": false,
      "scaled_effect": 0.534814745438425,
      "posterior": {
        "mean": 0.6962349696312327,
        "variance": 0.6913585525409097,
        "sd": 0.8314797366989226,
        "contraction": 0.26815266219922074,
        "prior_mean": 0.6072164646464647,
        "prior_variance": 0.9446759137205589,
        "source": "pop+cohort+user",
        "lam_js": 0.8472505091649695,
        "n_cohort": 416,
        "z_like": 0.8373444822544583
      },
      "cohort_prior": {
        "mean": 0.6215986538461539,
        "variance": 0.9384823525592582,
        "n": 416
      },
      "user_obs": {
        "slope": -1.8207396797685476,
        "se": 0.7442669603533327,
        "n": 55,
        "at_nominal_step": 0.9103698398842738,
        "se_at_step": 0.37213348017666636,
        "residual_sd": 2.0914122447982,
        "sigma_data_used": 12.0
      },
      "gate": {
        "score": 0.26815266219922074,
        "tier": "not_exposed"
      }
    },
    {
      "action": "bedtime",
      "outcome": "sleep_quality",
      "nominal_step": -0.5,
      "dose_multiplier": 0.9955283177197801,
      "dose_multiplier_raw": 0.9955283177197801,
      "direction_conflict": false,
      "scaled_effect": 0.8875850072776712,
      "posterior": {
        "mean": 0.8915718332459402,
        "variance": 0.44741653710625545,
        "sd": 0.6688920220082277,
        "contraction": 0.4955283177197801,
        "prior_mean": 0.4607862962962966,
        "prior_variance": 0.8869011935098631,
        "source": "pop+cohort+user",
        "lam_js": 0.8472505091649695,
        "n_cohort": 416,
        "z_like": 1.3329084574355612
      },
      "cohort_prior": {
        "mean": 0.4770937500000001,
        "variance": 0.9009695161433738,
        "n": 416
      },
      "user_obs": {
        "slope": -2.609767845094317,
        "se": 0.525840622556617,
        "n": 55,
        "at_nominal_step": 1.3048839225471585,
        "se_at_step": 0.2629203112783085,
        "residual_sd": 1.477627753763412,
        "sigma_data_used": 7.0
      },
      "gate": {
        "score": 0.4955283177197801,
        "tier": "possible"
      }
    },
    {
      "action": "running_volume",
      "outcome": "hrv_daily",
      "nominal_step": 30.0,
      "dose_multiplier": 1.1261436500042739,
      "dose_multiplier_raw": 1.1261436500042739,
      "direction_conflict": false,
      "scaled_effect": 0.3887759512150051,
      "posterior": {
        "mean": 0.3452276725207567,
        "variance": 0.11273324957037997,
        "sd": 0.33575772451334607,
        "contraction": 0.6261436500042739,
        "prior_mean": 0.14166006734006745,
        "prior_variance": 0.3015416203888705,
        "source": "pop+cohort+user",
        "lam_js": 0.8472505091649695,
        "n_cohort": 416,
        "z_like": 1.0282047062986759
      },
      "cohort_prior": {
        "mean": 0.11986480769230796,
        "variance": 0.2186938498312511,
        "n": 416
      },
      "user_obs": {
        "slope": 0.5618662821092463,
        "se": 0.40373792586675805,
        "n": 55,
        "at_nominal_step": 0.5618662821092463,
        "se_at_step": 0.40373792586675805,
        "residual_sd": 1.8275735319469284,
        "sigma_data_used": 3.5
      },
      "gate": {
        "score": 0.6261436500042739,
        "tier": "possible"
      }
    },
    {
      "action": "sleep_duration",
      "outcome": "hrv_daily",
      "nominal_step": 0.5,
      "dose_multiplier": 0.505399478816873,
      "dose_multiplier_raw": 0.505399478816873,
      "direction_conflict": false,
      "scaled_effect": 0.06781152032623723,
      "posterior": {
        "mean": 0.13417410022856027,
        "variance": 0.0029178953328068734,
        "sd": 0.054017546527095006,
        "contraction": 0.005399478816872971,
        "prior_mean": 0.13540993265993234,
        "prior_variance": 0.0029337359780747863,
        "source": "pop+cohort+user",
        "lam_js": 0.8472505091649695,
        "n_cohort": 416,
        "z_like": 2.483898452538177
      },
      "cohort_prior": {
        "mean": 0.13603296703296702,
        "variance": 0.002960794899166767,
        "n": 416
      },
      "user_obs": {
        "slope": 0.0026241414284624513,
        "se": 0.6111287699243261,
        "n": 55,
        "at_nominal_step": 0.0013120707142312256,
        "se_at_step": 0.30556438496216304,
        "residual_sd": 1.8275735319469288,
        "sigma_data_used": 3.5
      },
      "gate": {
        "score": 0.005399478816872971,
        "tier": "not_exposed"
      }
    },
    {
      "action": "training_load",
      "outcome": "hrv_daily",
      "nominal_step": 100.0,
      "dose_multiplier": 0.5,
      "dose_multiplier_raw": 1.4483769857141442,
      "direction_conflict": true,
      "scaled_effect": 0.12523577367746208,
      "posterior": {
        "mean": 0.25047154735492416,
        "variance": 0.21116156064802916,
        "sd": 0.4595231883681488,
        "contraction": 0.9483769857141443,
        "prior_mean": -5.056217651515151,
        "prior_variance": 4.090453910318943,
        "source": "pop+cohort+user",
        "lam_js": 0.8472505091649695,
        "n_cohort": 416,
        "z_like": 0.5450683527949799
      },
      "cohort_prior": {
        "mean": -5.038698533653847,
        "variance": 4.062157266087269,
        "n": 416
      },
      "user_obs": {
        "slope": 0.005403158181256676,
        "se": 0.026554062818483114,
        "n": 55,
        "at_nominal_step": 0.5403158181256676,
        "se_at_step": 2.6554062818483115,
        "residual_sd": 1.8275735319469275,
        "sigma_data_used": 3.5
      },
      "gate": {
        "score": 0.47418849285707215,
        "tier": "possible"
      }
    },
    {
      "action": "training_load",
      "outcome": "resting_hr",
      "nominal_step": 100.0,
      "dose_multiplier": 1.412404378340203,
      "dose_multiplier_raw": 1.412404378340203,
      "direction_conflict": false,
      "scaled_effect": 0.9323827739549083,
      "posterior": {
        "mean": 0.6601386885040703,
        "variance": 0.02387759737313458,
        "sd": 0.15452377607712858,
        "contraction": 0.9124043783402029,
        "prior_mean": 1.305251261157877,
        "prior_variance": 0.2725889367606766,
        "source": "pop+cohort+user",
        "lam_js": 0.8472505091649695,
        "n_cohort": 416,
        "z_like": 4.272084887276962
      },
      "cohort_prior": {
        "mean": 1.3016362050919952,
        "variance": 0.2710810896650065,