{
  "pid": 327,
  "cohort": "cohort_a",
  "age": 32,
  "is_female": false,
  "effects_bayesian": [
    {
      "action": "active_energy",
      "outcome": "deep_sleep",
      "nominal_step": 100.0,
      "dose_multiplier": 0.5221415194265673,
      "dose_multiplier_raw": 0.5221415194265673,
      "direction_conflict": false,
      "scaled_effect": 0.34822802181224927,
      "posterior": {
        "mean": 0.6669226806454399,
        "variance": 0.07495786302787354,
        "sd": 0.27378433671025365,
        "contraction": 0.02214151942656728,
        "prior_mean": 0.6921665440115441,
        "prior_variance": 0.07665512394382158,
        "source": "pop+cohort+user",
        "lam_js": 0.8768472906403941,
        "n_cohort": 534,
        "z_like": 2.4359416928633326
      },
      "cohort_prior": {
        "mean": 0.6984414526484751,
        "variance": 0.07805127404443395,
        "n": 534
      },
      "user_obs": {
        "slope": -0.0012268554935314785,
        "se": 0.009358924392019722,
        "n": 72,
        "at_nominal_step": -0.12268554935314785,
        "se_at_step": 0.9358924392019722,
        "residual_sd": 2.512377644054887,
        "sigma_data_used": 12.0
      },
      "gate": {
        "score": 0.02214151942656728,
        "tier": "not_exposed"
      }
    },
    {
      "action": "bedtime",
      "outcome": "deep_sleep",
      "nominal_step": -0.5,
      "dose_multiplier": 0.8159768865670348,
      "dose_multiplier_raw": 0.8159768865670348,
      "direction_conflict": false,
      "scaled_effect": 0.7179315520223111,
      "posterior": {
        "mean": 0.8798430002628891,
        "variance": 0.6461801596882679,
        "sd": 0.8038533197594372,
        "contraction": 0.3159768865670348,
        "prior_mean": 0.6072164646464647,
        "prior_variance": 0.9446759137205589,
        "source": "pop+cohort+user",
        "lam_js": 0.8768472906403941,
        "n_cohort": 534,
        "z_like": 1.0945317741876002
      },
      "cohort_prior": {
        "mean": 0.6056498876404495,
        "variance": 0.9560138510611396,
        "n": 534
      },
      "user_obs": {
        "slope": -2.907808177769522,
        "se": 0.9059087853840025,
        "n": 72,
        "at_nominal_step": 1.453904088884761,
        "se_at_step": 0.4529543926920013,
        "residual_sd": 2.5303268558078917,
        "sigma_data_used": 12.0
      },
      "gate": {
        "score": 0.3159768865670348,
        "tier": "possible"
      }
    },
    {
      "action": "bedtime",
      "outcome": "sleep_quality",
      "nominal_step": -0.5,
      "dose_multiplier": 1.0661786759338665,
      "dose_multiplier_raw": 1.0661786759338665,
      "direction_conflict": false,
      "scaled_effect": 0.4808307397040257,
      "posterior": {
        "mean": 0.45098514025603237,
        "variance": 0.3847566500842829,
        "sd": 0.6202875543522398,
        "contraction": 0.5661786759338665,
        "prior_mean": 0.4607862962962966,
        "prior_variance": 0.8869011935098631,
        "source": "pop+cohort+user",
        "lam_js": 0.8768472906403941,
        "n_cohort": 534,
        "z_like": 0.7270581798581978
      },
      "cohort_prior": {
        "mean": 0.46373086142322145,
        "variance": 0.8849888909576128,
        "n": 534
      },
      "user_obs": {
        "slope": -0.882930170532148,
        "se": 0.5146576292617089,
        "n": 72,
        "at_nominal_step": 0.441465085266074,
        "se_at_step": 0.25732881463085444,
        "residual_sd": 1.4375089875249596,
        "sigma_data_used": 7.0
      },
      "gate": {
        "score": 0.5661786759338665,
        "tier": "possible"
      }
    },
    {
      "action": "running_volume",
      "outcome": "hrv_daily",
      "nominal_step": 30.0,
      "dose_multiplier": 1.1641938137689052,
      "dose_multiplier_raw": 1.1641938137689052,
      "direction_conflict": false,
      "scaled_effect": 0.21355970587202117,
      "posterior": {
        "mean": 0.18343999370745084,
        "variance": 0.10125954153273116,
        "sd": 0.31821304425295194,
        "contraction": 0.6641938137689052,
        "prior_mean": 0.14166006734006745,
        "prior_variance": 0.3015416203888705,
        "source": "pop+cohort+user",
        "lam_js": 0.8768472906403941,
        "n_cohort": 534,
        "z_like": 0.5764691203596037
      },
      "cohort_prior": {
        "mean": 0.13417902621722846,
        "variance": 0.24427088794406634,
        "n": 534
      },
      "user_obs": {
        "slope": 0.21632187304120504,
        "se": 0.2804902260946893,
        "n": 72,
        "at_nominal_step": 0.21632187304120504,
        "se_at_step": 0.2804902260946893,
        "residual_sd": 1.8832245293141758,
        "sigma_data_used": 3.5
      },
      "gate": {
        "score": 0.6641938137689052,
        "tier": "possible"
      }
    },
    {
      "action": "sleep_duration",
      "outcome": "hrv_daily",
      "nominal_step": 0.5,
      "dose_multiplier": 0.5273672561843914,
      "dose_multiplier_raw": 0.5273672561843914,
      "direction_conflict": false,
      "scaled_effect": 0.07082705359172581,
      "posterior": {
        "mean": 0.13430309288478365,
        "variance": 0.0028534476739854476,
        "sd": 0.05341767192592212,
        "contraction": 0.027367256184391398,
        "prior_mean": 0.13540993265993234,
        "prior_variance": 0.0029337359780747863,
        "source": "pop+cohort+user",
        "lam_js": 0.8768472906403941,
        "n_cohort": 534,
        "z_like": 2.5142071535994828
      },
      "cohort_prior": {
        "mean": 0.13457651150347733,
        "variance": 0.002897733991751291,
        "n": 534
      },
      "user_obs": {
        "slope": 0.22451299265343055,
        "se": 0.7789718504059691,
        "n": 72,
        "at_nominal_step": 0.11225649632671528,
        "se_at_step": 0.38948592520298453,
        "residual_sd": 1.8832245293141745,
        "sigma_data_used": 3.5
      },
      "gate": {
        "score": 0.027367256184391398,
        "tier": "not_exposed"
      }
    },
    {
      "action": "training_load",
      "outcome": "hrv_daily",
      "nominal_step": 100.0,
      "dose_multiplier": 0.5,
      "dose_multiplier_raw": 1.4600639033662883,
      "direction_conflict": true,
      "scaled_effect": 0.399323095489342,
      "posterior": {
        "mean": 0.798646190978684,
        "variance": 0.16335676263824128,
        "sd": 0.4041741736408219,
        "contraction": 0.9600639033662883,
        "prior_mean": -5.056217651515151,
        "prior_variance": 4.090453910318943,
        "source": "pop+cohort+user",
        "lam_js": 0.8768472906403941,
        "n_cohort": 534,
        "z_like": 1.975995110683193
      },
      "cohort_prior": {
        "mean": -5.061554325842696,
        "variance": 4.099093150953106,
        "n": 534
      },
      "user_obs": {
        "slope": 0.010419184114141094,
        "se": 0.017866146168841527,
        "n": 72,
        "at_nominal_step": 1.0419184114141093,
        "se_at_step": 1.7866146168841528,
        "residual_sd": 1.8832245293141763,
        "sigma_data_used": 3.5
      },
      "gate": {
        "score": 0.48003195168314416,
        "tier": "possible"
      }
    },
    {
      "action": "training_load",
      "outcome": "resting_hr",
      "nominal_step": 100.0,
      "dose_multiplier": 0.5,
      "dose_multiplier_raw": 1.431637810414053,
      "direction_conflict": true,
      "scaled_effect": -0.34677645490872083,
      "posterior": {
        "mean": -0.6935529098174417,
        "variance": 0.018634776573865107,
        "sd": 0.13650925453559956,
        "contraction": 0.9316378104140529,
        "prior_mean": 1.305251261157877,
        "prior_variance": 0.2725889367606766,
        "source": "pop+cohort+user",
        "lam_js": 0.8768472906403941,
        "n_cohort": 534,
        "z_like": -5.08062923775306
      },
      "cohort_prior": {
        "mean": 1.306352479669686,
        "variance": 0.273049088182262,
        "n": 534
      },