{
  "pid": 261,
  "cohort": "cohort_a",
  "age": 30,
  "is_female": false,
  "effects_bayesian": [
    {
      "action": "active_energy",
      "outcome": "deep_sleep",
      "nominal_step": 100.0,
      "dose_multiplier": 0.513928876738436,
      "dose_multiplier_raw": 0.513928876738436,
      "direction_conflict": false,
      "scaled_effect": 0.3304756856776278,
      "posterior": {
        "mean": 0.643037783311451,
        "variance": 0.07558740417103856,
        "sd": 0.27493163544968513,
        "contraction": 0.013928876738436013,
        "prior_mean": 0.6921665440115441,
        "prior_variance": 0.07665512394382158,
        "source": "pop+cohort+user",
        "lam_js": 0.8768472906403941,
        "n_cohort": 534,
        "z_like": 2.3389006589208337
      },
      "cohort_prior": {
        "mean": 0.6984414526484751,
        "variance": 0.07805127404443395,
        "n": 534
      },
      "user_obs": {
        "slope": -0.011608347543718941,
        "se": 0.007893794040890478,
        "n": 56,
        "at_nominal_step": -1.1608347543718942,
        "se_at_step": 0.7893794040890477,
        "residual_sd": 1.8474919969618127,
        "sigma_data_used": 12.0
      },
      "gate": {
        "score": 0.013928876738436013,
        "tier": "not_exposed"
      }
    },
    {
      "action": "bedtime",
      "outcome": "deep_sleep",
      "nominal_step": -0.5,
      "dose_multiplier": 0.7630667001950857,
      "dose_multiplier_raw": 0.7630667001950857,
      "direction_conflict": false,
      "scaled_effect": 0.2875093712941452,
      "posterior": {
        "mean": 0.37678144154454724,
        "variance": 0.696163138344314,
        "sd": 0.834363912417306,
        "contraction": 0.2630667001950857,
        "prior_mean": 0.6072164646464647,
        "prior_variance": 0.9446759137205589,
        "source": "pop+cohort+user",
        "lam_js": 0.8768472906403941,
        "n_cohort": 534,
        "z_like": 0.4515792640802764
      },
      "cohort_prior": {
        "mean": 0.6056498876404495,
        "variance": 0.9560138510611396,
        "n": 534
      },
      "user_obs": {
        "slope": 0.48048946360241807,
        "se": 0.7484835116711529,
        "n": 56,
        "at_nominal_step": -0.24024473180120903,
        "se_at_step": 0.37424175583557645,
        "residual_sd": 1.7896145707490227,
        "sigma_data_used": 12.0
      },
      "gate": {
        "score": 0.2630667001950857,
        "tier": "not_exposed"
      }
    },
    {
      "action": "bedtime",
      "outcome": "sleep_quality",
      "nominal_step": -0.5,
      "dose_multiplier": 1.0038442332442534,
      "dose_multiplier_raw": 1.0038442332442534,
      "direction_conflict": false,
      "scaled_effect": 0.2650296882942146,
      "posterior": {
        "mean": 0.2640147539999147,
        "variance": 0.4400411417024728,
        "sd": 0.6633559690712618,
        "contraction": 0.5038442332442534,
        "prior_mean": 0.4607862962962966,
        "prior_variance": 0.8869011935098631,
        "source": "pop+cohort+user",
        "lam_js": 0.8768472906403941,
        "n_cohort": 534,
        "z_like": 0.3979986105643267
      },
      "cohort_prior": {
        "mean": 0.46373086142322145,
        "variance": 0.8849888909576128,
        "n": 534
      },
      "user_obs": {
        "slope": -0.1339274470339542,
        "se": 0.5253151277049996,
        "n": 56,
        "at_nominal_step": 0.0669637235169771,
        "se_at_step": 0.2626575638524998,
        "residual_sd": 1.2560217988994127,
        "sigma_data_used": 7.0
      },
      "gate": {
        "score": 0.5038442332442534,
        "tier": "possible"
      }
    },
    {
      "action": "running_volume",
      "outcome": "hrv_daily",
      "nominal_step": 30.0,
      "dose_multiplier": 1.113011772276164,
      "dose_multiplier_raw": 1.113011772276164,
      "direction_conflict": false,
      "scaled_effect": 0.0014270142572564517,
      "posterior": {
        "mean": 0.001282119644016107,
        "variance": 0.11669305725926267,
        "sd": 0.34160365521941166,
        "contraction": 0.6130117722761642,
        "prior_mean": 0.14166006734006745,
        "prior_variance": 0.3015416203888705,
        "source": "pop+cohort+user",
        "lam_js": 0.8768472906403941,
        "n_cohort": 534,
        "z_like": 0.003753237485683819
      },
      "cohort_prior": {
        "mean": 0.13417902621722846,
        "variance": 0.24427088794406634,
        "n": 534
      },
      "user_obs": {
        "slope": -0.11575207619029025,
        "se": 0.2616013307175715,
        "n": 56,
        "at_nominal_step": -0.11575207619029025,
        "se_at_step": 0.2616013307175715,
        "residual_sd": 1.5354953525515767,
        "sigma_data_used": 3.5
      },
      "gate": {
        "score": 0.6130117722761642,
        "tier": "possible"
      }
    },
    {
      "action": "sleep_duration",
      "outcome": "hrv_daily",
      "nominal_step": 0.5,
      "dose_multiplier": 0.5237287399969176,
      "dose_multiplier_raw": 0.5237287399969176,
      "direction_conflict": false,
      "scaled_effect": 0.06496752613218708,
      "posterior": {
        "mean": 0.12404804466634663,
        "variance": 0.002864122119831447,
        "sd": 0.05351749358697067,
        "contraction": 0.023728739996917603,
        "prior_mean": 0.13540993265993234,
        "prior_variance": 0.0029337359780747863,
        "source": "pop+cohort+user",
        "lam_js": 0.8768472906403941,
        "n_cohort": 534,
        "z_like": 2.317897127688866
      },
      "cohort_prior": {
        "mean": 0.13457651150347733,
        "variance": 0.002897733991751291,
        "n": 534
      },
      "user_obs": {
        "slope": -1.3545628200528077,
        "se": 0.8500753401382358,
        "n": 56,
        "at_nominal_step": -0.6772814100264039,
        "se_at_step": 0.4250376700691179,
        "residual_sd": 1.5354953525515762,
        "sigma_data_used": 3.5
      },
      "gate": {
        "score": 0.023728739996917603,
        "tier": "not_exposed"
      }
    },
    {
      "action": "training_load",
      "outcome": "hrv_daily",
      "nominal_step": 100.0,
      "dose_multiplier": 0.5,
      "dose_multiplier_raw": 1.4492318005692542,
      "direction_conflict": true,
      "scaled_effect": 0.14344422323122127,
      "posterior": {
        "mean": 0.28688844646244255,
        "variance": 0.20766497988134625,
        "sd": 0.4557027319221888,
        "contraction": 0.9492318005692542,
        "prior_mean": -5.056217651515151,
        "prior_variance": 4.090453910318943,
        "source": "pop+cohort+user",
        "lam_js": 0.8768472906403941,
        "n_cohort": 534,
        "z_like": 0.6295517370552625
      },
      "cohort_prior": {
        "mean": -5.061554325842696,
        "variance": 4.099093150953106,
        "n": 534
      },
      "user_obs": {
        "slope": 0.005723497235925163,
        "se": 0.01976463091490546,
        "n": 56,
        "at_nominal_step": 0.5723497235925163,
        "se_at_step": 1.9764630914905459,
        "residual_sd": 1.5354953525515755,
        "sigma_data_used": 3.5
      },
      "gate": {
        "score": 0.4746159002846271,
        "tier": "possible"
      }
    },
    {
      "action": "training_load",
      "outcome": "resting_hr",
      "nominal_step": 100.0,
      "dose_multiplier": 0.5,
      "dose_multiplier_raw": 1.4137871813838943,
      "direction_conflict": true,
      "scaled_effect": -0.2672191669330086,
      "posterior": {
        "mean": -0.5344383338660172,
        "variance": 0.023500660561705362,
        "sd": 0.15329925166714078,
        "contraction": 0.9137871813838941,
        "prior_mean": 1.305251261157877,
        "prior_variance": 0.2725889367606766,
        "source": "pop+cohort+user",
        "lam_js": 0.8768472906403941,
        "n_cohort": 534,
        "z_like": -3.486242287903956
      },
      "cohort_prior": {
        "mean": 1.306352479669686,
        "variance": 0.273049088182262,
        "n": 534
      },