{
  "pid": 283,
  "cohort": "cohort_a",
  "age": 30,
  "is_female": true,
  "effects_bayesian": [
    {
      "action": "active_energy",
      "outcome": "deep_sleep",
      "nominal_step": 100.0,
      "dose_multiplier": 0.5123736243629097,
      "dose_multiplier_raw": 0.5123736243629097,
      "direction_conflict": false,
      "scaled_effect": 0.34495132145782836,
      "posterior": {
        "mean": 0.6732417615890048,
        "variance": 0.07570662223464845,
        "sd": 0.2751483640413812,
        "contraction": 0.012373624362909674,
        "prior_mean": 0.6921665440115441,
        "prior_variance": 0.07665512394382158,
        "source": "pop+cohort+user",
        "lam_js": 0.8768472906403941,
        "n_cohort": 534,
        "z_like": 2.446831780863331
      },
      "cohort_prior": {
        "mean": 0.6984414526484751,
        "variance": 0.07805127404443395,
        "n": 534
      },
      "user_obs": {
        "slope": -0.001789716480484177,
        "se": 0.00946169010217053,
        "n": 53,
        "at_nominal_step": -0.1789716480484177,
        "se_at_step": 0.946169010217053,
        "residual_sd": 1.947531605791131,
        "sigma_data_used": 12.0
      },
      "gate": {
        "score": 0.012373624362909674,
        "tier": "not_exposed"
      }
    },
    {
      "action": "bedtime",
      "outcome": "deep_sleep",
      "nominal_step": -0.5,
      "dose_multiplier": 0.7522213685522634,
      "dose_multiplier_raw": 0.7522213685522634,
      "direction_conflict": false,
      "scaled_effect": 0.469118285762661,
      "posterior": {
        "mean": 0.6236439236837065,
        "variance": 0.7064084619235996,
        "sd": 0.8404810895693011,
        "contraction": 0.2522213685522634,
        "prior_mean": 0.6072164646464647,
        "prior_variance": 0.9446759137205589,
        "source": "pop+cohort+user",
        "lam_js": 0.8768472906403941,
        "n_cohort": 534,
        "z_like": 0.7420082752882502
      },
      "cohort_prior": {
        "mean": 0.6056498876404495,
        "variance": 0.9560138510611396,
        "n": 534
      },
      "user_obs": {
        "slope": -1.3486185161002526,
        "se": 0.8970934833349382,
        "n": 53,
        "at_nominal_step": 0.6743092580501263,
        "se_at_step": 0.4485467416674691,
        "residual_sd": 1.969051904885736,
        "sigma_data_used": 12.0
      },
      "gate": {
        "score": 0.2522213685522634,
        "tier": "not_exposed"
      }
    },
    {
      "action": "bedtime",
      "outcome": "sleep_quality",
      "nominal_step": -0.5,
      "dose_multiplier": 0.9901070573694882,
      "dose_multiplier_raw": 0.9901070573694882,
      "direction_conflict": false,
      "scaled_effect": 0.6931289889165883,
      "posterior": {
        "mean": 0.7000545888018312,
        "variance": 0.452224659381257,
        "sd": 0.6724765121409498,
        "contraction": 0.49010705736948823,
        "prior_mean": 0.4607862962962966,
        "prior_variance": 0.8869011935098631,
        "source": "pop+cohort+user",
        "lam_js": 0.8768472906403941,
        "n_cohort": 534,
        "z_like": 1.0410097247457486
      },
      "cohort_prior": {
        "mean": 0.46373086142322145,
        "variance": 0.8849888909576128,
        "n": 534
      },
      "user_obs": {
        "slope": -1.8944998613331734,
        "se": 0.6422451276107946,
        "n": 53,
        "at_nominal_step": 0.9472499306665867,
        "se_at_step": 0.3211225638053973,
        "residual_sd": 1.4096791643435251,
        "sigma_data_used": 7.0
      },
      "gate": {
        "score": 0.49010705736948823,
        "tier": "possible"
      }
    },
    {
      "action": "running_volume",
      "outcome": "hrv_daily",
      "nominal_step": 30.0,
      "dose_multiplier": 1.1016271151675208,
      "dose_multiplier_raw": 1.1016271151675208,
      "direction_conflict": false,
      "scaled_effect": 0.22717554053941538,
      "posterior": {
        "mean": 0.20621818164385827,
        "variance": 0.1201260052113747,
        "sd": 0.34659198665199215,
        "contraction": 0.6016271151675208,
        "prior_mean": 0.14166006734006745,
        "prior_variance": 0.3015416203888705,
        "source": "pop+cohort+user",
        "lam_js": 0.8768472906403941,
        "n_cohort": 534,
        "z_like": 0.5949883135957176
      },
      "cohort_prior": {
        "mean": 0.13417902621722846,
        "variance": 0.24427088794406634,
        "n": 534
      },
      "user_obs": {
        "slope": 0.2719367783679571,
        "se": 0.31265390247991404,
        "n": 53,
        "at_nominal_step": 0.2719367783679571,
        "se_at_step": 0.31265390247991404,
        "residual_sd": 2.0497165003066407,
        "sigma_data_used": 3.5
      },
      "gate": {
        "score": 0.6016271151675208,
        "tier": "possible"
      }
    },
    {
      "action": "sleep_duration",
      "outcome": "hrv_daily",
      "nominal_step": 0.5,
      "dose_multiplier": 0.5230434854426014,
      "dose_multiplier_raw": 0.5230434854426014,
      "direction_conflict": false,
      "scaled_effect": 0.06972163654825884,
      "posterior": {
        "mean": 0.13329988516970082,
        "variance": 0.002866132475771584,
        "sd": 0.05353627252407085,
        "contraction": 0.023043485442601375,
        "prior_mean": 0.13540993265993234,
        "prior_variance": 0.0029337359780747863,
        "source": "pop+cohort+user",
        "lam_js": 0.8768472906403941,
        "n_cohort": 534,
        "z_like": 2.4898985096462747
      },
      "cohort_prior": {
        "mean": 0.13457651150347733,
        "variance": 0.002897733991751291,
        "n": 534
      },
      "user_obs": {
        "slope": 0.04690365146221956,
        "se": 1.1267335969876853,
        "n": 53,
        "at_nominal_step": 0.02345182573110978,
        "se_at_step": 0.5633667984938426,
        "residual_sd": 2.0497165003066407,
        "sigma_data_used": 3.5
      },
      "gate": {
        "score": 0.023043485442601375,
        "tier": "not_exposed"
      }
    },
    {
      "action": "training_load",
      "outcome": "hrv_daily",
      "nominal_step": 100.0,
      "dose_multiplier": 1.4465115530785195,
      "dose_multiplier_raw": 1.4465115530785195,
      "direction_conflict": false,
      "scaled_effect": -4.789641570728061,
      "posterior": {
        "mean": -3.311167173559429,
        "variance": 0.21879202686685764,
        "sd": 0.4677520997995174,
        "contraction": 0.9465115530785194,
        "prior_mean": -5.056217651515151,
        "prior_variance": 4.090453910318943,
        "source": "pop+cohort+user",
        "lam_js": 0.8768472906403941,
        "n_cohort": 534,
        "z_like": -7.078893232074477
      },
      "cohort_prior": {
        "mean": -5.061554325842696,
        "variance": 4.099093150953106,
        "n": 534
      },
      "user_obs": {
        "slope": -0.03212480979889203,
        "se": 0.024754427365236767,
        "n": 53,
        "at_nominal_step": -3.2124809798892033,
        "se_at_step": 2.475442736523677,
        "residual_sd": 2.04971650030664,
        "sigma_data_used": 3.5
      },
      "gate": {
        "score": 0.9465115530785194,
        "tier": "recommended"
      }
    },
    {
      "action": "training_load",
      "outcome": "resting_hr",
      "nominal_step": 100.0,
      "dose_multiplier": 1.4093489313990026,
      "dose_multiplier_raw": 1.4093489313990026,
      "direction_conflict": false,
      "scaled_effect": 0.42225627186607867,
      "posterior": {
        "mean": 0.29961087879558845,
        "variance": 0.024710478406165012,
        "sd": 0.157195669171148,
        "contraction": 0.9093489313990026,
        "prior_mean": 1.305251261157877,
        "prior_variance": 0.2725889367606766,
        "source": "pop+cohort+user",
        "lam_js": 0.8768472906403941,
        "n_cohort": 534,
        "z_like": 1.905974130046705
      },
      "cohort_prior": {
        "mean": 1.306352479669686,
        "variance": 0.273049088182262,