{
  "pid": 1169,
  "cohort": "cohort_c",
  "age": 22,
  "is_female": false,
  "effects_bayesian": [
    {
      "action": "active_energy",
      "outcome": "deep_sleep",
      "nominal_step": 100.0,
      "dose_multiplier": 0.5246297220121386,
      "dose_multiplier_raw": 0.5246297220121386,
      "direction_conflict": false,
      "scaled_effect": 0.3556286773479439,
      "posterior": {
        "mean": 0.6778660499523043,
        "variance": 0.07476712955027923,
        "sd": 0.2734357868865727,
        "contraction": 0.024629722012138644,
        "prior_mean": 0.6921665440115441,
        "prior_variance": 0.07665512394382158,
        "source": "pop+cohort+user",
        "lam_js": 0.7603833865814696,
        "n_cohort": 238,
        "z_like": 2.4790685142961855
      },
      "cohort_prior": {
        "mean": 0.6920608463385354,
        "variance": 0.07663171440556958,
        "n": 238
      },
      "user_obs": {
        "slope": 0.0010936970920265507,
        "se": 0.00601573410065804,
        "n": 47,
        "at_nominal_step": 0.10936970920265507,
        "se_at_step": 0.601573410065804,
        "residual_sd": 1.7579170032973792,
        "sigma_data_used": 12.0
      },
      "gate": {
        "score": 0.024629722012138644,
        "tier": "not_exposed"
      }
    },
    {
      "action": "bedtime",
      "outcome": "deep_sleep",
      "nominal_step": -0.5,
      "dose_multiplier": 0.7396124476251641,
      "dose_multiplier_raw": 0.7396124476251641,
      "direction_conflict": false,
      "scaled_effect": 0.2792950901537495,
      "posterior": {
        "mean": 0.3776235663022485,
        "variance": 0.7183198058214375,
        "sd": 0.8475374952304101,
        "contraction": 0.2396124476251641,
        "prior_mean": 0.6072164646464647,
        "prior_variance": 0.9446759137205589,
        "source": "pop+cohort+user",
        "lam_js": 0.7603833865814696,
        "n_cohort": 238,
        "z_like": 0.4455538172970016
      },
      "cohort_prior": {
        "mean": 0.5855927731092442,
        "variance": 0.9363184076048073,
        "n": 238
      },
      "user_obs": {
        "slope": 0.6367425125547869,
        "se": 0.7678334292681147,
        "n": 47,
        "at_nominal_step": -0.31837125627739343,
        "se_at_step": 0.38391671463405735,
        "residual_sd": 1.7425965485922281,
        "sigma_data_used": 12.0
      },
      "gate": {
        "score": 0.2396124476251641,
        "tier": "not_exposed"
      }
    },
    {
      "action": "bedtime",
      "outcome": "sleep_quality",
      "nominal_step": -0.5,
      "dose_multiplier": 0.9637884795845637,
      "dose_multiplier_raw": 0.9637884795845637,
      "direction_conflict": false,
      "scaled_effect": 0.04701595786356142,
      "posterior": {
        "mean": 0.048782444342795446,
        "variance": 0.47556663743018873,
        "sd": 0.6896133970785289,
        "contraction": 0.4637884795845637,
        "prior_mean": 0.4607862962962966,
        "prior_variance": 0.8869011935098631,
        "source": "pop+cohort+user",
        "lam_js": 0.7603833865814696,
        "n_cohort": 238,
        "z_like": 0.07073882924760003
      },
      "cohort_prior": {
        "mean": 0.42567579831932817,
        "variance": 0.8706033108101122,
        "n": 238
      },
      "user_obs": {
        "slope": 0.821185662513303,
        "se": 0.4760276809352446,
        "n": 47,
        "at_nominal_step": -0.4105928312566515,
        "se_at_step": 0.2380138404676223,
        "residual_sd": 1.0803439420745298,
        "sigma_data_used": 7.0
      },
      "gate": {
        "score": 0.4637884795845637,
        "tier": "possible"
      }
    },
    {
      "action": "running_volume",
      "outcome": "hrv_daily",
      "nominal_step": 30.0,
      "dose_multiplier": 0.9440798163249816,
      "dose_multiplier_raw": 0.9440798163249816,
      "direction_conflict": false,
      "scaled_effect": 0.026086430426493046,
      "posterior": {
        "mean": 0.027631594252316146,
        "variance": 0.16763307299224356,
        "sd": 0.4094301808516851,
        "contraction": 0.4440798163249816,
        "prior_mean": 0.14166006734006745,
        "prior_variance": 0.3015416203888705,
        "source": "pop+cohort+user",
        "lam_js": 0.7603833865814696,
        "n_cohort": 238,
        "z_like": 0.06748792723300878
      },
      "cohort_prior": {
        "mean": 0.19654117647058833,
        "variance": 0.5699868837170512,
        "n": 238
      },
      "user_obs": {
        "slope": -0.058785812158948104,
        "se": 0.2969180301716611,
        "n": 47,
        "at_nominal_step": -0.058785812158948104,
        "se_at_step": 0.2969180301716611,
        "residual_sd": 1.7609170055511296,
        "sigma_data_used": 3.5
      },
      "gate": {
        "score": 0.4440798163249816,
        "tier": "possible"
      }
    },
    {
      "action": "sleep_duration",
      "outcome": "hrv_daily",
      "nominal_step": 0.5,
      "dose_multiplier": 0.5025540705692492,
      "dose_multiplier_raw": 0.5025540705692492,
      "direction_conflict": false,
      "scaled_effect": 0.06402732420164615,
      "posterior": {
        "mean": 0.12740385154799685,
        "variance": 0.002926243009355238,
        "sd": 0.05409475953690189,
        "contraction": 0.002554070569249167,
        "prior_mean": 0.13540993265993234,
        "prior_variance": 0.0029337359780747863,
        "source": "pop+cohort+user",
        "lam_js": 0.7603833865814696,
        "n_cohort": 238,
        "z_like": 2.3551976686593017
      },
      "cohort_prior": {
        "mean": 0.13619087635053972,
        "variance": 0.0029676727681804804,
        "n": 238
      },
      "user_obs": {
        "slope": -1.2599655443618554,
        "se": 0.8303408893485881,
        "n": 47,
        "at_nominal_step": -0.6299827721809277,
        "se_at_step": 0.41517044467429404,
        "residual_sd": 1.7609170055511305,
        "sigma_data_used": 3.5
      },
      "gate": {
        "score": 0.002554070569249167,
        "tier": "not_exposed"
      }
    },
    {
      "action": "training_load",
      "outcome": "hrv_daily",
      "nominal_step": 100.0,
      "dose_multiplier": 0.5,
      "dose_multiplier_raw": 1.4400781689446864,
      "direction_conflict": true,
      "scaled_effect": 1.0324641683069848,
      "posterior": {
        "mean": 2.0649283366139697,
        "variance": 0.2451074881536781,
        "sd": 0.49508331435595576,
        "contraction": 0.9400781689446865,
        "prior_mean": -5.056217651515151,
        "prior_variance": 4.090453910318943,
        "source": "pop+cohort+user",
        "lam_js": 0.7603833865814696,
        "n_cohort": 238,
        "z_like": 4.170870390370951
      },
      "cohort_prior": {
        "mean": -5.074865420168067,
        "variance": 4.120681445250819,
        "n": 238
      },
      "user_obs": {
        "slope": 0.025170458241257694,
        "se": 0.027792915199808078,
        "n": 47,
        "at_nominal_step": 2.5170458241257694,
        "se_at_step": 2.779291519980808,
        "residual_sd": 1.7609170055511294,
        "sigma_data_used": 3.5
      },
      "gate": {
        "score": 0.47003908447234327,
        "tier": "possible"
      }
    },
    {
      "action": "training_load",
      "outcome": "resting_hr",
      "nominal_step": 100.0,
      "dose_multiplier": 1.3989136907704731,
      "dose_multiplier_raw": 1.3989136907704731,
      "direction_conflict": false,
      "scaled_effect": 2.287475951536252,
      "posterior": {
        "mean": 1.6351801877615406,
        "variance": 0.02755500955393774,
        "sd": 0.1659970167019207,
        "contraction": 0.898913690770473,
        "prior_mean": 1.305251261157877,
        "prior_variance": 0.2725889367606766,
        "source": "pop+cohort+user",
        "lam_js": 0.7603833865814696,
        "n_cohort": 238,
        "z_like": 9.850660091667903
      },
      "cohort_prior": {
        "mean": 1.3090992134188058,
        "variance": 0.2741985200917978,