{
  "pid": 26,
  "cohort": "cohort_a",
  "age": 33,
  "is_female": false,
  "effects_bayesian": [
    {
      "action": "active_energy",
      "outcome": "deep_sleep",
      "nominal_step": 100.0,
      "dose_multiplier": 0.5185653826813555,
      "dose_multiplier_raw": 0.5185653826813555,
      "direction_conflict": false,
      "scaled_effect": 0.3470688716605812,
      "posterior": {
        "mean": 0.6692866189138693,
        "variance": 0.0752319922333178,
        "sd": 0.274284509648864,
        "contraction": 0.018565382681355547,
        "prior_mean": 0.6921665440115441,
        "prior_variance": 0.07665512394382158,
        "source": "pop+cohort+user",
        "lam_js": 0.8768472906403941,
        "n_cohort": 534,
        "z_like": 2.4401181815578377
      },
      "cohort_prior": {
        "mean": 0.6984414526484751,
        "variance": 0.07805127404443395,
        "n": 534
      },
      "user_obs": {
        "slope": -0.0013810850740670188,
        "se": 0.0057744735492212245,
        "n": 65,
        "at_nominal_step": -0.13810850740670189,
        "se_at_step": 0.5774473549221224,
        "residual_sd": 1.7778111574858055,
        "sigma_data_used": 12.0
      },
      "gate": {
        "score": 0.018565382681355547,
        "tier": "not_exposed"
      }
    },
    {
      "action": "bedtime",
      "outcome": "deep_sleep",
      "nominal_step": -0.5,
      "dose_multiplier": 0.7937938675383664,
      "dose_multiplier_raw": 0.7937938675383664,
      "direction_conflict": false,
      "scaled_effect": 0.401805399455832,
      "posterior": {
        "mean": 0.506183552037093,
        "variance": 0.6671359234582558,
        "sd": 0.8167838903028486,
        "contraction": 0.29379386753836645,
        "prior_mean": 0.6072164646464647,
        "prior_variance": 0.9446759137205589,
        "source": "pop+cohort+user",
        "lam_js": 0.8768472906403941,
        "n_cohort": 534,
        "z_like": 0.6197276391548434
      },
      "cohort_prior": {
        "mean": 0.6056498876404495,
        "variance": 0.9560138510611396,
        "n": 534
      },
      "user_obs": {
        "slope": -0.5498007232195861,
        "se": 0.6473436546209042,
        "n": 65,
        "at_nominal_step": 0.27490036160979303,
        "se_at_step": 0.3236718273104521,
        "residual_sd": 1.7930457582334856,
        "sigma_data_used": 12.0
      },
      "gate": {
        "score": 0.29379386753836645,
        "tier": "not_exposed"
      }
    },
    {
      "action": "bedtime",
      "outcome": "sleep_quality",
      "nominal_step": -0.5,
      "dose_multiplier": 1.0409467032680475,
      "dose_multiplier_raw": 1.0409467032680475,
      "direction_conflict": false,
      "scaled_effect": 0.555624082105392,
      "posterior": {
        "mean": 0.5337680405356131,
        "variance": 0.40713491675620594,
        "sd": 0.6380712473981303,
        "contraction": 0.5409467032680475,
        "prior_mean": 0.4607862962962966,
        "prior_variance": 0.8869011935098631,
        "source": "pop+cohort+user",
        "lam_js": 0.8768472906403941,
        "n_cohort": 534,
        "z_like": 0.8365336045342343
      },
      "cohort_prior": {
        "mean": 0.46373086142322145,
        "variance": 0.8849888909576128,
        "n": 534
      },
      "user_obs": {
        "slope": -1.1874393578990108,
        "se": 0.47723206838356513,
        "n": 65,
        "at_nominal_step": 0.5937196789495054,
        "se_at_step": 0.23861603419178257,
        "residual_sd": 1.32186193500152,
        "sigma_data_used": 7.0
      },
      "gate": {
        "score": 0.5409467032680475,
        "tier": "possible"
      }
    },
    {
      "action": "running_volume",
      "outcome": "hrv_daily",
      "nominal_step": 30.0,
      "dose_multiplier": 0.5,
      "dose_multiplier_raw": 1.143569839700102,
      "direction_conflict": true,
      "scaled_effect": -0.039403322297265994,
      "posterior": {
        "mean": -0.07880664459453199,
        "variance": 0.10747852809229612,
        "sd": 0.3278391802275868,
        "contraction": 0.643569839700102,
        "prior_mean": 0.14166006734006745,
        "prior_variance": 0.3015416203888705,
        "source": "pop+cohort+user",
        "lam_js": 0.8768472906403941,
        "n_cohort": 534,
        "z_like": -0.2403820206597156
      },
      "cohort_prior": {
        "mean": 0.13417902621722846,
        "variance": 0.24427088794406634,
        "n": 534
      },
      "user_obs": {
        "slope": -0.23998145403535234,
        "se": 0.2424284767524359,
        "n": 65,
        "at_nominal_step": -0.23998145403535234,
        "se_at_step": 0.2424284767524359,
        "residual_sd": 1.7107724317919115,
        "sigma_data_used": 3.5
      },
      "gate": {
        "score": 0.321784919850051,
        "tier": "possible"
      }
    },
    {
      "action": "sleep_duration",
      "outcome": "hrv_daily",
      "nominal_step": 0.5,
      "dose_multiplier": 0.5257787479755134,
      "dose_multiplier_raw": 0.5257787479755134,
      "direction_conflict": false,
      "scaled_effect": 0.07550776686810062,
      "posterior": {
        "mean": 0.1436112949769076,
        "variance": 0.0028581079376693,
        "sd": 0.05346127512199181,
        "contraction": 0.025778747975513383,
        "prior_mean": 0.13540993265993234,
        "prior_variance": 0.0029337359780747863,
        "source": "pop+cohort+user",
        "lam_js": 0.8768472906403941,
        "n_cohort": 534,
        "z_like": 2.686267670368972
      },
      "cohort_prior": {
        "mean": 0.13457651150347733,
        "variance": 0.002897733991751291,
        "n": 534
      },
      "user_obs": {
        "slope": 1.4473165152555407,
        "se": 0.7207743068177843,
        "n": 65,
        "at_nominal_step": 0.7236582576277704,
        "se_at_step": 0.36038715340889216,
        "residual_sd": 1.7107724317919106,
        "sigma_data_used": 3.5
      },
      "gate": {
        "score": 0.025778747975513383,
        "tier": "not_exposed"
      }
    },
    {
      "action": "training_load",
      "outcome": "hrv_daily",
      "nominal_step": 100.0,
      "dose_multiplier": 1.4559521841688845,
      "dose_multiplier_raw": 1.4559521841688845,
      "direction_conflict": false,
      "scaled_effect": -2.7858473216105972,
      "posterior": {
        "mean": -1.9134195146668707,
        "variance": 0.18017556050739475,
        "sd": 0.42447091832938894,
        "contraction": 0.9559521841688846,
        "prior_mean": -5.056217651515151,
        "prior_variance": 4.090453910318943,
        "source": "pop+cohort+user",
        "lam_js": 0.8768472906403941,
        "n_cohort": 534,
        "z_like": -4.50777528457688
      },
      "cohort_prior": {
        "mean": -5.061554325842696,
        "variance": 4.099093150953106,
        "n": 534
      },
      "user_obs": {
        "slope": -0.017686721926144622,
        "se": 0.020566532938765727,
        "n": 65,
        "at_nominal_step": -1.7686721926144622,
        "se_at_step": 2.0566532938765727,
        "residual_sd": 1.7107724317919115,
        "sigma_data_used": 3.5
      },
      "gate": {
        "score": 0.9559521841688846,
        "tier": "recommended"
      }
    },
    {
      "action": "training_load",
      "outcome": "resting_hr",
      "nominal_step": 100.0,
      "dose_multiplier": 1.424828330664573,
      "dose_multiplier_raw": 1.424828330664573,
      "direction_conflict": false,
      "scaled_effect": 0.7427058250136325,
      "posterior": {
        "mean": 0.5212598662094382,
        "variance": 0.02049096541866919,
        "sd": 0.14314665702931798,
        "contraction": 0.924828330664573,
        "prior_mean": 1.305251261157877,
        "prior_variance": 0.2725889367606766,
        "source": "pop+cohort+user",
        "lam_js": 0.8768472906403941,
        "n_cohort": 534,
        "z_like": 3.6414393254232866
      },
      "cohort_prior": {
        "mean": 1.306352479669686,
        "variance": 0.273049088182262,