{
  "pid": 1114,
  "cohort": "cohort_c",
  "age": 22,
  "is_female": true,
  "effects_bayesian": [
    {
      "action": "active_energy",
      "outcome": "deep_sleep",
      "nominal_step": 100.0,
      "dose_multiplier": 0.5271553055296304,
      "dose_multiplier_raw": 0.5271553055296304,
      "direction_conflict": false,
      "scaled_effect": 0.36480243670195434,
      "posterior": {
        "mean": 0.6920208008443338,
        "variance": 0.07457353063271542,
        "sd": 0.27308154575641946,
        "contraction": 0.027155305529630414,
        "prior_mean": 0.6921665440115441,
        "prior_variance": 0.07665512394382158,
        "source": "pop+cohort+user",
        "lam_js": 0.7603833865814696,
        "n_cohort": 238,
        "z_like": 2.5341177812930487
      },
      "cohort_prior": {
        "mean": 0.6920608463385354,
        "variance": 0.07663171440556958,
        "n": 238
      },
      "user_obs": {
        "slope": 0.006896586189351666,
        "se": 0.006157025108342986,
        "n": 52,
        "at_nominal_step": 0.6896586189351666,
        "se_at_step": 0.6157025108342986,
        "residual_sd": 1.853762947762261,
        "sigma_data_used": 12.0
      },
      "gate": {
        "score": 0.027155305529630414,
        "tier": "not_exposed"
      }
    },
    {
      "action": "bedtime",
      "outcome": "deep_sleep",
      "nominal_step": -0.5,
      "dose_multiplier": 0.7581162595820766,
      "dose_multiplier_raw": 0.7581162595820766,
      "direction_conflict": false,
      "scaled_effect": 0.4486470131427318,
      "posterior": {
        "mean": 0.5917918359778426,
        "variance": 0.7008397003537277,
        "sd": 0.8371616930759121,
        "contraction": 0.2581162595820766,
        "prior_mean": 0.6072164646464647,
        "prior_variance": 0.9446759137205589,
        "source": "pop+cohort+user",
        "lam_js": 0.7603833865814696,
        "n_cohort": 238,
        "z_like": 0.7069026699053466
      },
      "cohort_prior": {
        "mean": 0.5855927731092442,
        "variance": 0.9363184076048073,
        "n": 238
      },
      "user_obs": {
        "slope": -1.189590562283385,
        "se": 0.5225555691298266,
        "n": 52,
        "at_nominal_step": 0.5947952811416924,
        "se_at_step": 0.2612777845649133,
        "residual_sd": 1.8742415208333552,
        "sigma_data_used": 12.0
      },
      "gate": {
        "score": 0.2581162595820766,
        "tier": "not_exposed"
      }
    },
    {
      "action": "bedtime",
      "outcome": "sleep_quality",
      "nominal_step": -0.5,
      "dose_multiplier": 0.9886050487055706,
      "dose_multiplier_raw": 0.9886050487055706,
      "direction_conflict": false,
      "scaled_effect": 0.44661148502281983,
      "posterior": {
        "mean": 0.45175925978487597,
        "variance": 0.4535567926579477,
        "sd": 0.6734662520556971,
        "contraction": 0.48860504870557064,
        "prior_mean": 0.4607862962962966,
        "prior_variance": 0.8869011935098631,
        "source": "pop+cohort+user",
        "lam_js": 0.7603833865814696,
        "n_cohort": 238,
        "z_like": 0.6707971756653287
      },
      "cohort_prior": {
        "mean": 0.42567579831932817,
        "variance": 0.8706033108101122,
        "n": 238
      },
      "user_obs": {
        "slope": -0.9416016237252048,
        "se": 0.2577076041891018,
        "n": 52,
        "at_nominal_step": 0.4708008118626024,
        "se_at_step": 0.1288538020945509,
        "residual_sd": 0.9243156528022798,
        "sigma_data_used": 7.0
      },
      "gate": {
        "score": 0.48860504870557064,
        "tier": "possible"
      }
    },
    {
      "action": "running_volume",
      "outcome": "hrv_daily",
      "nominal_step": 30.0,
      "dose_multiplier": 0.9796809132431714,
      "dose_multiplier_raw": 0.9796809132431714,
      "direction_conflict": false,
      "scaled_effect": 0.4505094446182016,
      "posterior": {
        "mean": 0.4598532425489629,
        "variance": 0.1568978605399114,
        "sd": 0.3961033457822736,
        "contraction": 0.4796809132431714,
        "prior_mean": 0.14166006734006745,
        "prior_variance": 0.3015416203888705,
        "source": "pop+cohort+user",
        "lam_js": 0.7603833865814696,
        "n_cohort": 238,
        "z_like": 1.160942585932437
      },
      "cohort_prior": {
        "mean": 0.19654117647058833,
        "variance": 0.5699868837170512,
        "n": 238
      },
      "user_obs": {
        "slope": 0.5984899938087201,
        "se": 0.2564516732976167,
        "n": 52,
        "at_nominal_step": 0.5984899938087201,
        "se_at_step": 0.2564516732976167,
        "residual_sd": 1.4503010120995452,
        "sigma_data_used": 3.5
      },
      "gate": {
        "score": 0.4796809132431714,
        "tier": "possible"
      }
    },
    {
      "action": "sleep_duration",
      "outcome": "hrv_daily",
      "nominal_step": 0.5,
      "dose_multiplier": 0.5037439837134071,
      "dose_multiplier_raw": 0.5037439837134071,
      "direction_conflict": false,
      "scaled_effect": 0.06600517810715846,
      "posterior": {
        "mean": 0.131029213729946,
        "variance": 0.002922752118353438,
        "sd": 0.05406248346453794,
        "contraction": 0.0037439837134071174,
        "prior_mean": 0.13540993265993234,
        "prior_variance": 0.0029337359780747863,
        "source": "pop+cohort+user",
        "lam_js": 0.7603833865814696,
        "n_cohort": 238,
        "z_like": 2.4236624981516814
      },
      "cohort_prior": {
        "mean": 0.13619087635053972,
        "variance": 0.0029676727681804804,
        "n": 238
      },
      "user_obs": {
        "slope": -0.5298981905999179,
        "se": 0.7059382055070809,
        "n": 52,
        "at_nominal_step": -0.26494909529995897,
        "se_at_step": 0.35296910275354043,
        "residual_sd": 1.4503010120995472,
        "sigma_data_used": 3.5
      },
      "gate": {
        "score": 0.0037439837134071174,
        "tier": "not_exposed"
      }
    },
    {
      "action": "training_load",
      "outcome": "hrv_daily",
      "nominal_step": 100.0,
      "dose_multiplier": 0.5,
      "dose_multiplier_raw": 1.445527780717165,
      "direction_conflict": true,
      "scaled_effect": 1.0702368624144307,
      "posterior": {
        "mean": 2.1404737248288614,
        "variance": 0.2228161023692237,
        "sd": 0.4720340055220849,
        "contraction": 0.9455277807171649,
        "prior_mean": -5.056217651515151,
        "prior_variance": 4.090453910318943,
        "source": "pop+cohort+user",
        "lam_js": 0.7603833865814696,
        "n_cohort": 238,
        "z_like": 4.534575263198311
      },
      "cohort_prior": {
        "mean": -5.074865420168067,
        "variance": 4.120681445250819,
        "n": 238
      },
      "user_obs": {
        "slope": 0.025534449097088976,
        "se": 0.019112732951200598,
        "n": 52,
        "at_nominal_step": 2.553444909708898,
        "se_at_step": 1.9112732951200597,
        "residual_sd": 1.450301012099547,
        "sigma_data_used": 3.5
      },
      "gate": {
        "score": 0.47276389035858246,
        "tier": "possible"
      }
    },
    {
      "action": "training_load",
      "outcome": "resting_hr",
      "nominal_step": 100.0,
      "dose_multiplier": 0.5,
      "dose_multiplier_raw": 1.4077407863077276,
      "direction_conflict": true,
      "scaled_effect": -0.21104842421625902,
      "posterior": {
        "mean": -0.42209684843251805,
        "variance": 0.025148840966752576,
        "sd": 0.1585838609908101,
        "contraction": 0.9077407863077276,
        "prior_mean": 1.305251261157877,
        "prior_variance": 0.2725889367606766,
        "source": "pop+cohort+user",
        "lam_js": 0.7603833865814696,
        "n_cohort": 238,
        "z_like": -2.661663335697057
      },
      "cohort_prior": {
        "mean": 1.3090992134188058,
        "variance": 0.2741985200917978,
        "n": 238
      },