{
  "pid": 368,
  "cohort": "cohort_a",
  "age": 51,
  "is_female": true,
  "effects_bayesian": [
    {
      "action": "active_energy",
      "outcome": "deep_sleep",
      "nominal_step": 100.0,
      "dose_multiplier": 0.5154792385865138,
      "dose_multiplier_raw": 0.5154792385865138,
      "direction_conflict": false,
      "scaled_effect": 0.35863767923466117,
      "posterior": {
        "mean": 0.6957364184405855,
        "variance": 0.07546856099141638,
        "sd": 0.27471541819019984,
        "contraction": 0.015479238586513788,
        "prior_mean": 0.6921665440115441,
        "prior_variance": 0.07665512394382158,
        "source": "pop+cohort+user",
        "lam_js": 0.8768472906403941,
        "n_cohort": 534,
        "z_like": 2.5325714261836256
      },
      "cohort_prior": {
        "mean": 0.6984414526484751,
        "variance": 0.07805127404443395,
        "n": 534
      },
      "user_obs": {
        "slope": 0.0063517868833289845,
        "se": 0.00795545070446698,
        "n": 59,
        "at_nominal_step": 0.6351786883328985,
        "se_at_step": 0.7955450704466981,
        "residual_sd": 2.3539704148488374,
        "sigma_data_used": 12.0
      },
      "gate": {
        "score": 0.015479238586513788,
        "tier": "not_exposed"
      }
    },
    {
      "action": "bedtime",
      "outcome": "deep_sleep",
      "nominal_step": -0.5,
      "dose_multiplier": 0.7736019408727779,
      "dose_multiplier_raw": 0.7736019408727779,
      "direction_conflict": false,
      "scaled_effect": 0.2838695015902731,
      "posterior": {
        "mean": 0.3669451776064722,
        "variance": 0.6862107502308491,
        "sd": 0.8283783859027523,
        "contraction": 0.2736019408727779,
        "prior_mean": 0.6072164646464647,
        "prior_variance": 0.9446759137205589,
        "source": "pop+cohort+user",
        "lam_js": 0.8768472906403941,
        "n_cohort": 534,
        "z_like": 0.4429680733480048
      },
      "cohort_prior": {
        "mean": 0.6056498876404495,
        "variance": 0.9560138510611396,
        "n": 534
      },
      "user_obs": {
        "slope": 0.4877112419472294,
        "se": 0.7826093100971998,
        "n": 59,
        "at_nominal_step": -0.2438556209736147,
        "se_at_step": 0.3913046550485999,
        "residual_sd": 2.3667780968051404,
        "sigma_data_used": 12.0
      },
      "gate": {
        "score": 0.2736019408727779,
        "tier": "not_exposed"
      }
    },
    {
      "action": "bedtime",
      "outcome": "sleep_quality",
      "nominal_step": -0.5,
      "dose_multiplier": 1.016860633157724,
      "dose_multiplier_raw": 1.016860633157724,
      "direction_conflict": false,
      "scaled_effect": 0.11219921744177452,
      "posterior": {
        "mean": 0.11033883482474383,
        "variance": 0.4284968810840142,
        "sd": 0.6545967316478246,
        "contraction": 0.5168606331577239,
        "prior_mean": 0.4607862962962966,
        "prior_variance": 0.8869011935098631,
        "source": "pop+cohort+user",
        "lam_js": 0.8768472906403941,
        "n_cohort": 534,
        "z_like": 0.1685600148766195
      },
      "cohort_prior": {
        "mean": 0.46373086142322145,
        "variance": 0.8849888909576128,
        "n": 534
      },
      "user_obs": {
        "slope": 0.44173979974007815,
        "se": 0.42471768188024955,
        "n": 59,
        "at_nominal_step": -0.22086989987003908,
        "se_at_step": 0.21235884094012478,
        "residual_sd": 1.2844371946906448,
        "sigma_data_used": 7.0
      },
      "gate": {
        "score": 0.5168606331577239,
        "tier": "possible"
      }
    },
    {
      "action": "running_volume",
      "outcome": "hrv_daily",
      "nominal_step": 30.0,
      "dose_multiplier": 0.5,
      "dose_multiplier_raw": 1.1237638093389757,
      "direction_conflict": true,
      "scaled_effect": -0.009576382871164411,
      "posterior": {
        "mean": -0.019152765742328822,
        "variance": 0.1134508705808613,
        "sd": 0.3368246881997537,
        "contraction": 0.6237638093389757,
        "prior_mean": 0.14166006734006745,
        "prior_variance": 0.3015416203888705,
        "source": "pop+cohort+user",
        "lam_js": 0.8768472906403941,
        "n_cohort": 534,
        "z_like": -0.05686271349257595
      },
      "cohort_prior": {
        "mean": 0.13417902621722846,
        "variance": 0.24427088794406634,
        "n": 534
      },
      "user_obs": {
        "slope": -0.14719919117549177,
        "se": 0.3153004448436846,
        "n": 59,
        "at_nominal_step": -0.14719919117549177,
        "se_at_step": 0.3153004448436846,
        "residual_sd": 1.715436662084913,
        "sigma_data_used": 3.5
      },
      "gate": {
        "score": 0.31188190466948784,
        "tier": "possible"
      }
    },
    {
      "action": "sleep_duration",
      "outcome": "hrv_daily",
      "nominal_step": 0.5,
      "dose_multiplier": 0.5244130339257386,
      "dose_multiplier_raw": 0.5244130339257386,
      "direction_conflict": false,
      "scaled_effect": 0.0698133359253912,
      "posterior": {
        "mean": 0.13312662235484668,
        "variance": 0.0028621145821128868,
        "sd": 0.053498734397300345,
        "contraction": 0.02441303392573857,
        "prior_mean": 0.13540993265993234,
        "prior_variance": 0.0029337359780747863,
        "source": "pop+cohort+user",
        "lam_js": 0.8768472906403941,
        "n_cohort": 534,
        "z_like": 2.4884069474653687
      },
      "cohort_prior": {
        "mean": 0.13457651150347733,
        "variance": 0.002897733991751291,
        "n": 534
      },
      "user_obs": {
        "slope": 0.044107531240744305,
        "se": 0.659291446084453,
        "n": 59,
        "at_nominal_step": 0.022053765620372152,
        "se_at_step": 0.3296457230422265,
        "residual_sd": 1.7154366620849102,
        "sigma_data_used": 3.5
      },
      "gate": {
        "score": 0.02441303392573857,
        "tier": "not_exposed"
      }
    },
    {
      "action": "training_load",
      "outcome": "hrv_daily",
      "nominal_step": 100.0,
      "dose_multiplier": 0.5,
      "dose_multiplier_raw": 1.4516887526218638,
      "direction_conflict": true,
      "scaled_effect": 0.040750011102837165,
      "posterior": {
        "mean": 0.08150002220567433,
        "variance": 0.1976149307502823,
        "sd": 0.4445390092559733,
        "contraction": 0.9516887526218639,
        "prior_mean": -5.056217651515151,
        "prior_variance": 4.090453910318943,
        "source": "pop+cohort+user",
        "lam_js": 0.8768472906403941,
        "n_cohort": 534,
        "z_like": 0.18333604140181364
      },
      "cohort_prior": {
        "mean": -5.061554325842696,
        "variance": 4.099093150953106,
        "n": 534
      },
      "user_obs": {
        "slope": 0.003420402861215052,
        "se": 0.02143052628178264,
        "n": 59,
        "at_nominal_step": 0.34204028612150517,
        "se_at_step": 2.143052628178264,
        "residual_sd": 1.7154366620849086,
        "sigma_data_used": 3.5
      },
      "gate": {
        "score": 0.47584437631093196,
        "tier": "possible"
      }
    },
    {
      "action": "training_load",
      "outcome": "resting_hr",
      "nominal_step": 100.0,
      "dose_multiplier": 1.417811124836331,
      "dose_multiplier_raw": 1.417811124836331,
      "direction_conflict": false,
      "scaled_effect": 1.3425019903848041,
      "posterior": {
        "mean": 0.9468835212728208,
        "variance": 0.022403778094420478,
        "sd": 0.14967891666637784,
        "contraction": 0.9178111248363311,
        "prior_mean": 1.305251261157877,
        "prior_variance": 0.2725889367606766,
        "source": "pop+cohort+user",
        "lam_js": 0.8768472906403941,
        "n_cohort": 534,
        "z_like": 6.326098173087044
      },
      "cohort_prior": {
        "mean": 1.306352479669686,
        "variance": 0.273049088182262,