{
  "pid": 956,
  "cohort": "cohort_c",
  "age": 33,
  "is_female": true,
  "effects_bayesian": [
    {
      "action": "active_energy",
      "outcome": "deep_sleep",
      "nominal_step": 100.0,
      "dose_multiplier": 0.5200504711762448,
      "dose_multiplier_raw": 0.5200504711762448,
      "direction_conflict": false,
      "scaled_effect": 0.35045379701648016,
      "posterior": {
        "mean": 0.6738842024771698,
        "variance": 0.07511815259067452,
        "sd": 0.2740769099918388,
        "contraction": 0.02005047117624481,
        "prior_mean": 0.6921665440115441,
        "prior_variance": 0.07665512394382158,
        "source": "pop+cohort+user",
        "lam_js": 0.7603833865814696,
        "n_cohort": 238,
        "z_like": 2.4587412434605898
      },
      "cohort_prior": {
        "mean": 0.6920608463385354,
        "variance": 0.07663171440556958,
        "n": 238
      },
      "user_obs": {
        "slope": -0.002261457972062071,
        "se": 0.010947073480350924,
        "n": 38,
        "at_nominal_step": -0.22614579720620712,
        "se_at_step": 1.0947073480350924,
        "residual_sd": 2.1469605201328084,
        "sigma_data_used": 12.0
      },
      "gate": {
        "score": 0.02005047117624481,
        "tier": "not_exposed"
      }
    },
    {
      "action": "bedtime",
      "outcome": "deep_sleep",
      "nominal_step": -0.5,
      "dose_multiplier": 0.703870210382233,
      "dose_multiplier_raw": 0.703870210382233,
      "direction_conflict": false,
      "scaled_effect": 0.3873123872253796,
      "posterior": {
        "mean": 0.5502610872181274,
        "variance": 0.7520846364473204,
        "sd": 0.8672281340266357,
        "contraction": 0.20387021038223296,
        "prior_mean": 0.6072164646464647,
        "prior_variance": 0.9446759137205589,
        "source": "pop+cohort+user",
        "lam_js": 0.7603833865814696,
        "n_cohort": 238,
        "z_like": 0.6345055765928679
      },
      "cohort_prior": {
        "mean": 0.5855927731092442,
        "variance": 0.9363184076048073,
        "n": 238
      },
      "user_obs": {
        "slope": -0.7732877530395381,
        "se": 1.2393877515600078,
        "n": 38,
        "at_nominal_step": 0.38664387651976906,
        "se_at_step": 0.6196938757800039,
        "residual_sd": 2.094790212173843,
        "sigma_data_used": 12.0
      },
      "gate": {
        "score": 0.20387021038223296,
        "tier": "not_exposed"
      }
    },
    {
      "action": "bedtime",
      "outcome": "sleep_quality",
      "nominal_step": -0.5,
      "dose_multiplier": 0.9124681775728452,
      "dose_multiplier_raw": 0.9124681775728452,
      "direction_conflict": false,
      "scaled_effect": 0.5293777625388679,
      "posterior": {
        "mean": 0.5801602461874414,
        "variance": 0.5210826745356686,
        "sd": 0.7218605644691145,
        "contraction": 0.41246817757284515,
        "prior_mean": 0.4607862962962966,
        "prior_variance": 0.8869011935098631,
        "source": "pop+cohort+user",
        "lam_js": 0.7603833865814696,
        "n_cohort": 238,
        "z_like": 0.8037012613566372
      },
      "cohort_prior": {
        "mean": 0.42567579831932817,
        "variance": 0.8706033108101122,
        "n": 238
      },
      "user_obs": {
        "slope": -1.5911156339268862,
        "se": 0.7564124959380908,
        "n": 38,
        "at_nominal_step": 0.7955578169634431,
        "se_at_step": 0.3782062479690454,
        "residual_sd": 1.2784743845198319,
        "sigma_data_used": 7.0
      },
      "gate": {
        "score": 0.41246817757284515,
        "tier": "possible"
      }
    },
    {
      "action": "running_volume",
      "outcome": "hrv_daily",
      "nominal_step": 30.0,
      "dose_multiplier": 0.8659965958957723,
      "dose_multiplier_raw": 0.8659965958957723,
      "direction_conflict": false,
      "scaled_effect": 0.31903420586559517,
      "posterior": {
        "mean": 0.368401223951223,
        "variance": 0.1911784138056487,
        "sd": 0.43723953824608397,
        "contraction": 0.36599659589577227,
        "prior_mean": 0.14166006734006745,
        "prior_variance": 0.3015416203888705,
        "source": "pop+cohort+user",
        "lam_js": 0.7603833865814696,
        "n_cohort": 238,
        "z_like": 0.8425615520247899
      },
      "cohort_prior": {
        "mean": 0.19654117647058833,
        "variance": 0.5699868837170512,
        "n": 238
      },
      "user_obs": {
        "slope": 0.49535868117309384,
        "se": 0.42850330273166687,
        "n": 38,
        "at_nominal_step": 0.49535868117309384,
        "se_at_step": 0.42850330273166687,
        "residual_sd": 1.819866365253994,
        "sigma_data_used": 3.5
      },
      "gate": {
        "score": 0.36599659589577227,
        "tier": "possible"
      }
    },
    {
      "action": "sleep_duration",
      "outcome": "hrv_daily",
      "nominal_step": 0.5,
      "dose_multiplier": 0.5004050485570352,
      "dose_multiplier_raw": 0.5004050485570352,
      "direction_conflict": false,
      "scaled_effect": 0.07397976190182874,
      "posterior": {
        "mean": 0.1478397592413512,
        "variance": 0.002932547672550145,
        "sd": 0.05415300243338448,
        "contraction": 0.0004050485570351592,
        "prior_mean": 0.13540993265993234,
        "prior_variance": 0.0029337359780747863,
        "source": "pop+cohort+user",
        "lam_js": 0.7603833865814696,
        "n_cohort": 238,
        "z_like": 2.730038088344485
      },
      "cohort_prior": {
        "mean": 0.13619087635053972,
        "variance": 0.0029676727681804804,
        "n": 238
      },
      "user_obs": {
        "slope": 2.874219822207608,
        "se": 1.021444195890973,
        "n": 38,
        "at_nominal_step": 1.437109911103804,
        "se_at_step": 0.5107220979454865,
        "residual_sd": 1.8198663652539917,
        "sigma_data_used": 3.5
      },
      "gate": {
        "score": 0.0004050485570351592,
        "tier": "not_exposed"
      }
    },
    {
      "action": "training_load",
      "outcome": "hrv_daily",
      "nominal_step": 100.0,
      "dose_multiplier": 1.4269175579991635,
      "dose_multiplier_raw": 1.4269175579991635,
      "direction_conflict": false,
      "scaled_effect": -7.437023338646848,
      "posterior": {
        "mean": -5.211950260865182,
        "variance": 0.2989403606579791,
        "sd": 0.5467543878726343,
        "contraction": 0.9269175579991635,
        "prior_mean": -5.056217651515151,
        "prior_variance": 4.090453910318943,
        "source": "pop+cohort+user",
        "lam_js": 0.7603833865814696,
        "n_cohort": 238,
        "z_like": -9.53252571258614
      },
      "cohort_prior": {
        "mean": -5.074865420168067,
        "variance": 4.120681445250819,
        "n": 238
      },
      "user_obs": {
        "slope": -0.05223043831092587,
        "se": 0.027949984722221027,
        "n": 38,
        "at_nominal_step": -5.223043831092587,
        "se_at_step": 2.794998472222103,
        "residual_sd": 1.8198663652539933,
        "sigma_data_used": 3.5
      },
      "gate": {
        "score": 0.9269175579991635,
        "tier": "recommended"
      }
    },
    {
      "action": "training_load",
      "outcome": "resting_hr",
      "nominal_step": 100.0,
      "dose_multiplier": 1.3778828144254271,
      "dose_multiplier_raw": 1.3778828144254271,
      "direction_conflict": false,
      "scaled_effect": 0.5546480348700367,
      "posterior": {
        "mean": 0.4025364342041839,
        "variance": 0.033287793775979076,
        "sd": 0.18244942799575742,
        "contraction": 0.877882814425427,
        "prior_mean": 1.305251261157877,
        "prior_variance": 0.2725889367606766,
        "source": "pop+cohort+user",
        "lam_js": 0.7603833865814696,
        "n_cohort": 238,
        "z_like": 2.2062904697818198
      },
      "cohort_prior": {
        "mean": 1.3090992134188058,
        "variance": 0.2741985200917978,