{
  "pid": 146,
  "cohort": "cohort_a",
  "age": 33,
  "is_female": false,
  "effects_bayesian": [
    {
      "action": "active_energy",
      "outcome": "deep_sleep",
      "nominal_step": 100.0,
      "dose_multiplier": 0.5097706062156571,
      "dose_multiplier_raw": 0.5097706062156571,
      "direction_conflict": false,
      "scaled_effect": 0.3516992650835852,
      "posterior": {
        "mean": 0.6899167209629183,
        "variance": 0.07590615691335412,
        "sd": 0.275510720142346,
        "contraction": 0.009770606215657063,
        "prior_mean": 0.6921665440115441,
        "prior_variance": 0.07665512394382158,
        "source": "pop+cohort+user",
        "lam_js": 0.8768472906403941,
        "n_cohort": 534,
        "z_like": 2.5041374818608304
      },
      "cohort_prior": {
        "mean": 0.6984414526484751,
        "variance": 0.07805127404443395,
        "n": 534
      },
      "user_obs": {
        "slope": 0.003912919649319634,
        "se": 0.007014207879645755,
        "n": 48,
        "at_nominal_step": 0.3912919649319634,
        "se_at_step": 0.7014207879645755,
        "residual_sd": 2.095114963880552,
        "sigma_data_used": 12.0
      },
      "gate": {
        "score": 0.009770606215657063,
        "tier": "not_exposed"
      }
    },
    {
      "action": "bedtime",
      "outcome": "deep_sleep",
      "nominal_step": -0.5,
      "dose_multiplier": 0.7334186052179852,
      "dose_multiplier_raw": 0.7334186052179852,
      "direction_conflict": false,
      "scaled_effect": 0.42814646958486846,
      "posterior": {
        "mean": 0.5837682144123078,
        "variance": 0.7241709795568804,
        "sd": 0.8509823614839971,
        "contraction": 0.2334186052179852,
        "prior_mean": 0.6072164646464647,
        "prior_variance": 0.9446759137205589,
        "source": "pop+cohort+user",
        "lam_js": 0.8768472906403941,
        "n_cohort": 534,
        "z_like": 0.6859933188207281
      },
      "cohort_prior": {
        "mean": 0.6056498876404495,
        "variance": 0.9560138510611396,
        "n": 534
      },
      "user_obs": {
        "slope": -1.028790138323466,
        "se": 1.1486282849670255,
        "n": 48,
        "at_nominal_step": 0.514395069161733,
        "se_at_step": 0.5743141424835128,
        "residual_sd": 2.121101884776778,
        "sigma_data_used": 12.0
      },
      "gate": {
        "score": 0.2334186052179852,
        "tier": "not_exposed"
      }
    },
    {
      "action": "bedtime",
      "outcome": "sleep_quality",
      "nominal_step": -0.5,
      "dose_multiplier": 0.9654395665602016,
      "dose_multiplier_raw": 0.9654395665602016,
      "direction_conflict": false,
      "scaled_effect": 0.5622071073459092,
      "posterior": {
        "mean": 0.5823327806514255,
        "variance": 0.47410228642090696,
        "sd": 0.6885508597198227,
        "contraction": 0.4654395665602016,
        "prior_mean": 0.4607862962962966,
        "prior_variance": 0.8869011935098631,
        "source": "pop+cohort+user",
        "lam_js": 0.8768472906403941,
        "n_cohort": 534,
        "z_like": 0.8457367708296548
      },
      "cohort_prior": {
        "mean": 0.46373086142322145,
        "variance": 0.8849888909576128,
        "n": 534
      },
      "user_obs": {
        "slope": -1.4390435385848184,
        "se": 0.5797158403184034,
        "n": 48,
        "at_nominal_step": 0.7195217692924092,
        "se_at_step": 0.2898579201592017,
        "residual_sd": 1.0705259287338715,
        "sigma_data_used": 7.0
      },
      "gate": {
        "score": 0.4654395665602016,
        "tier": "possible"
      }
    },
    {
      "action": "running_volume",
      "outcome": "hrv_daily",
      "nominal_step": 30.0,
      "dose_multiplier": 1.0810874021416246,
      "dose_multiplier_raw": 1.0810874021416246,
      "direction_conflict": false,
      "scaled_effect": 0.296581079036377,
      "posterior": {
        "mean": 0.2743358940718877,
        "variance": 0.12631958355952583,
        "sd": 0.3554146642437898,
        "contraction": 0.5810874021416246,
        "prior_mean": 0.14166006734006745,
        "prior_variance": 0.3015416203888705,
        "source": "pop+cohort+user",
        "lam_js": 0.8768472906403941,
        "n_cohort": 534,
        "z_like": 0.7718755630288577
      },
      "cohort_prior": {
        "mean": 0.13417902621722846,
        "variance": 0.24427088794406634,
        "n": 534
      },
      "user_obs": {
        "slope": 0.41640331076204623,
        "se": 0.2561820273484058,
        "n": 48,
        "at_nominal_step": 0.41640331076204623,
        "se_at_step": 0.2561820273484058,
        "residual_sd": 1.4197635121687666,
        "sigma_data_used": 3.5
      },
      "gate": {
        "score": 0.5810874021416246,
        "tier": "possible"
      }
    },
    {
      "action": "sleep_duration",
      "outcome": "hrv_daily",
      "nominal_step": 0.5,
      "dose_multiplier": 0.521899254294911,
      "dose_multiplier_raw": 0.521899254294911,
      "direction_conflict": false,
      "scaled_effect": 0.07400949461767901,
      "posterior": {
        "mean": 0.14180800989582995,
        "variance": 0.002869489347856797,
        "sd": 0.05356761472995412,
        "contraction": 0.02189925429491102,
        "prior_mean": 0.13540993265993234,
        "prior_variance": 0.0029337359780747863,
        "source": "pop+cohort+user",
        "lam_js": 0.8768472906403941,
        "n_cohort": 534,
        "z_like": 2.6472713151540286
      },
      "cohort_prior": {
        "mean": 0.13457651150347733,
        "variance": 0.002897733991751291,
        "n": 534
      },
      "user_obs": {
        "slope": 1.5374198529706373,
        "se": 0.7725310399299978,
        "n": 48,
        "at_nominal_step": 0.7687099264853187,
        "se_at_step": 0.3862655199649989,
        "residual_sd": 1.4197635121687657,
        "sigma_data_used": 3.5
      },
      "gate": {
        "score": 0.02189925429491102,
        "tier": "not_exposed"
      }
    },
    {
      "action": "training_load",
      "outcome": "hrv_daily",
      "nominal_step": 100.0,
      "dose_multiplier": 1.4412664814147256,
      "dose_multiplier_raw": 1.4412664814147256,
      "direction_conflict": false,
      "scaled_effect": -4.916563278895462,
      "posterior": {
        "mean": -3.4112798308258983,
        "variance": 0.24024675076392543,
        "sd": 0.49014972280306907,
        "contraction": 0.9412664814147257,
        "prior_mean": -5.056217651515151,
        "prior_variance": 4.090453910318943,
        "source": "pop+cohort+user",
        "lam_js": 0.8768472906403941,
        "n_cohort": 534,
        "z_like": -6.9596689993364995
      },
      "cohort_prior": {
        "mean": -5.061554325842696,
        "variance": 4.099093150953106,
        "n": 534
      },
      "user_obs": {
        "slope": -0.033085484311241455,
        "se": 0.02032831498326926,
        "n": 48,
        "at_nominal_step": -3.3085484311241453,
        "se_at_step": 2.0328314983269262,
        "residual_sd": 1.419763512168767,
        "sigma_data_used": 3.5
      },
      "gate": {
        "score": 0.9412664814147257,
        "tier": "recommended"
      }
    },
    {
      "action": "training_load",
      "outcome": "resting_hr",
      "nominal_step": 100.0,
      "dose_multiplier": 1.400841068041583,
      "dose_multiplier_raw": 1.400841068041583,
      "direction_conflict": false,
      "scaled_effect": 0.8381071939738899,
      "posterior": {
        "mean": 0.5982885661294813,
        "variance": 0.02702962783286915,
        "sd": 0.1644068971572335,
        "contraction": 0.900841068041583,
        "prior_mean": 1.305251261157877,
        "prior_variance": 0.2725889367606766,
        "source": "pop+cohort+user",
        "lam_js": 0.8768472906403941,
        "n_cohort": 534,
        "z_like": 3.6390721829467854
      },
      "cohort_prior": {
        "mean": 1.306352479669686,
        "variance": 0.273049088182262,