{
  "pid": 528,
  "cohort": "cohort_a",
  "age": 35,
  "is_female": false,
  "effects_bayesian": [
    {
      "action": "active_energy",
      "outcome": "deep_sleep",
      "nominal_step": 100.0,
      "dose_multiplier": 0.5128925866410221,
      "dose_multiplier_raw": 0.5128925866410221,
      "direction_conflict": false,
      "scaled_effect": 0.3558028920917928,
      "posterior": {
        "mean": 0.6937181416911807,
        "variance": 0.07566684111689757,
        "sd": 0.27507606423841674,
        "contraction": 0.012892586641022108,
        "prior_mean": 0.6921665440115441,
        "prior_variance": 0.07665512394382158,
        "source": "pop+cohort+user",
        "lam_js": 0.8768472906403941,
        "n_cohort": 534,
        "z_like": 2.5219138699393135
      },
      "cohort_prior": {
        "mean": 0.6984414526484751,
        "variance": 0.07805127404443395,
        "n": 534
      },
      "user_obs": {
        "slope": 0.005584429590739591,
        "se": 0.005632999901599788,
        "n": 54,
        "at_nominal_step": 0.5584429590739591,
        "se_at_step": 0.5632999901599789,
        "residual_sd": 1.945982788487143,
        "sigma_data_used": 12.0
      },
      "gate": {
        "score": 0.012892586641022108,
        "tier": "not_exposed"
      }
    },
    {
      "action": "bedtime",
      "outcome": "deep_sleep",
      "nominal_step": -0.5,
      "dose_multiplier": 0.7558717746297476,
      "dose_multiplier_raw": 0.7558717746297476,
      "direction_conflict": false,
      "scaled_effect": 0.4070969674240623,
      "posterior": {
        "mean": 0.538579400750177,
        "variance": 0.7029600112269011,
        "sd": 0.838427105493913,
        "contraction": 0.25587177462974764,
        "prior_mean": 0.6072164646464647,
        "prior_variance": 0.9446759137205589,
        "source": "pop+cohort+user",
        "lam_js": 0.8768472906403941,
        "n_cohort": 534,
        "z_like": 0.6423687846218935
      },
      "cohort_prior": {
        "mean": 0.6056498876404495,
        "variance": 0.9560138510611396,
        "n": 534
      },
      "user_obs": {
        "slope": -0.7013604238510589,
        "se": 0.73820968397468,
        "n": 54,
        "at_nominal_step": 0.35068021192552945,
        "se_at_step": 0.36910484198734,
        "residual_sd": 1.9279107386344918,
        "sigma_data_used": 12.0
      },
      "gate": {
        "score": 0.25587177462974764,
        "tier": "not_exposed"
      }
    },
    {
      "action": "bedtime",
      "outcome": "sleep_quality",
      "nominal_step": -0.5,
      "dose_multiplier": 0.994769864025614,
      "dose_multiplier_raw": 0.994769864025614,
      "direction_conflict": false,
      "scaled_effect": 0.5799791485221271,
      "posterior": {
        "mean": 0.5830284666798002,
        "variance": 0.44808921059283335,
        "sd": 0.6693946598179831,
        "contraction": 0.49476986402561396,
        "prior_mean": 0.4607862962962966,
        "prior_variance": 0.8869011935098631,
        "source": "pop+cohort+user",
        "lam_js": 0.8768472906403941,
        "n_cohort": 534,
        "z_like": 0.8709786642730808
      },
      "cohort_prior": {
        "mean": 0.46373086142322145,
        "variance": 0.8849888909576128,
        "n": 534
      },
      "user_obs": {
        "slope": -1.4113747081600507,
        "se": 0.47171563522788407,
        "n": 54,
        "at_nominal_step": 0.7056873540800254,
        "se_at_step": 0.23585781761394203,
        "residual_sd": 1.2319340405304424,
        "sigma_data_used": 7.0
      },
      "gate": {
        "score": 0.49476986402561396,
        "tier": "possible"
      }
    },
    {
      "action": "running_volume",
      "outcome": "hrv_daily",
      "nominal_step": 30.0,
      "dose_multiplier": 1.105495704963558,
      "dose_multiplier_raw": 1.105495704963558,
      "direction_conflict": false,
      "scaled_effect": 0.01600091138507515,
      "posterior": {
        "mean": 0.01447396974337644,
        "variance": 0.11895946437565777,
        "sd": 0.3449050077567123,
        "contraction": 0.605495704963558,
        "prior_mean": 0.14166006734006745,
        "prior_variance": 0.3015416203888705,
        "source": "pop+cohort+user",
        "lam_js": 0.8768472906403941,
        "n_cohort": 534,
        "z_like": 0.04196509014907093
      },
      "cohort_prior": {
        "mean": 0.13417902621722846,
        "variance": 0.24427088794406634,
        "n": 534
      },
      "user_obs": {
        "slope": -0.0949302444725467,
        "se": 0.3294250547480653,
        "n": 54,
        "at_nominal_step": -0.0949302444725467,
        "se_at_step": 0.3294250547480653,
        "residual_sd": 1.4200011504378642,
        "sigma_data_used": 3.5
      },
      "gate": {
        "score": 0.605495704963558,
        "tier": "possible"
      }
    },
    {
      "action": "sleep_duration",
      "outcome": "hrv_daily",
      "nominal_step": 0.5,
      "dose_multiplier": 0.5232720104883758,
      "dose_multiplier_raw": 0.5232720104883758,
      "direction_conflict": false,
      "scaled_effect": 0.06933081938434836,
      "posterior": {
        "mean": 0.13249479810632545,
        "variance": 0.0028654620436229044,
        "sd": 0.05353001068207351,
        "contraction": 0.023272010488375794,
        "prior_mean": 0.13540993265993234,
        "prior_variance": 0.0029337359780747863,
        "source": "pop+cohort+user",
        "lam_js": 0.8768472906403941,
        "n_cohort": 534,
        "z_like": 2.475149853663231
      },
      "cohort_prior": {
        "mean": 0.13457651150347733,
        "variance": 0.002897733991751291,
        "n": 534
      },
      "user_obs": {
        "slope": -0.07650157870093696,
        "se": 0.6305032972139311,
        "n": 54,
        "at_nominal_step": -0.03825078935046848,
        "se_at_step": 0.31525164860696553,
        "residual_sd": 1.4200011504378618,
        "sigma_data_used": 3.5
      },
      "gate": {
        "score": 0.023272010488375794,
        "tier": "not_exposed"
      }
    },
    {
      "action": "training_load",
      "outcome": "hrv_daily",
      "nominal_step": 100.0,
      "dose_multiplier": 1.447450124007499,
      "dose_multiplier_raw": 1.447450124007499,
      "direction_conflict": false,
      "scaled_effect": -1.607006175434984,
      "posterior": {
        "mean": -1.1102325038915526,
        "variance": 0.214952845740301,
        "sd": 0.4636300742405533,
        "contraction": 0.9474501240074991,
        "prior_mean": -5.056217651515151,
        "prior_variance": 4.090453910318943,
        "source": "pop+cohort+user",
        "lam_js": 0.8768472906403941,
        "n_cohort": 534,
        "z_like": -2.394651610360184
      },
      "cohort_prior": {
        "mean": -5.061554325842696,
        "variance": 4.099093150953106,
        "n": 534
      },
      "user_obs": {
        "slope": -0.008915381106576688,
        "se": 0.016380197677230635,
        "n": 54,
        "at_nominal_step": -0.8915381106576689,
        "se_at_step": 1.6380197677230635,
        "residual_sd": 1.4200011504378622,
        "sigma_data_used": 3.5
      },
      "gate": {
        "score": 0.9474501240074991,
        "tier": "recommended"
      }
    },
    {
      "action": "training_load",
      "outcome": "resting_hr",
      "nominal_step": 100.0,
      "dose_multiplier": 1.4108782652203857,
      "dose_multiplier_raw": 1.4108782652203857,
      "direction_conflict": false,
      "scaled_effect": 2.643289635511739,
      "posterior": {
        "mean": 1.8735065247453115,
        "variance": 0.024293598925842062,
        "sd": 0.15586403987399422,
        "contraction": 0.9108782652203857,
        "prior_mean": 1.305251261157877,
        "prior_variance": 0.2725889367606766,
        "source": "pop+cohort+user",
        "lam_js": 0.8768472906403941,
        "n_cohort": 534,
        "z_like": 12.020133228035908
      },
      "cohort_prior": {
        "mean": 1.306352479669686,
        "variance": 0.273049088182262,