{
  "pid": 1009,
  "cohort": "cohort_c",
  "age": 32,
  "is_female": true,
  "effects_bayesian": [
    {
      "action": "active_energy",
      "outcome": "deep_sleep",
      "nominal_step": 100.0,
      "dose_multiplier": 0.5231080677276212,
      "dose_multiplier_raw": 0.5231080677276212,
      "direction_conflict": false,
      "scaled_effect": 0.35379342196887237,
      "posterior": {
        "mean": 0.6763295077931969,
        "variance": 0.07488377214805855,
        "sd": 0.2736489944217931,
        "contraction": 0.023108067727621195,
        "prior_mean": 0.6921665440115441,
        "prior_variance": 0.07665512394382158,
        "source": "pop+cohort+user",
        "lam_js": 0.7603833865814696,
        "n_cohort": 238,
        "z_like": 2.4715219919672937
      },
      "cohort_prior": {
        "mean": 0.6920608463385354,
        "variance": 0.07663171440556958,
        "n": 238
      },
      "user_obs": {
        "slope": 3.4554150650602244e-05,
        "se": 0.005277193856824934,
        "n": 44,
        "at_nominal_step": 0.0034554150650602244,
        "se_at_step": 0.5277193856824934,
        "residual_sd": 1.7043110353063995,
        "sigma_data_used": 12.0
      },
      "gate": {
        "score": 0.023108067727621195,
        "tier": "not_exposed"
      }
    },
    {
      "action": "bedtime",
      "outcome": "deep_sleep",
      "nominal_step": -0.5,
      "dose_multiplier": 0.7280603742485884,
      "dose_multiplier_raw": 0.7280603742485884,
      "direction_conflict": false,
      "scaled_effect": 0.4318978360421361,
      "posterior": {
        "mean": 0.5932170618238718,
        "variance": 0.729232771293821,
        "sd": 0.8539512698590132,
        "contraction": 0.22806037424858838,
        "prior_mean": 0.6072164646464647,
        "prior_variance": 0.9446759137205589,
        "source": "pop+cohort+user",
        "lam_js": 0.7603833865814696,
        "n_cohort": 238,
        "z_like": 0.6946732006403733
      },
      "cohort_prior": {
        "mean": 0.5855927731092442,
        "variance": 0.9363184076048073,
        "n": 238
      },
      "user_obs": {
        "slope": -1.2034752800629358,
        "se": 0.7587450586659229,
        "n": 44,
        "at_nominal_step": 0.6017376400314679,
        "se_at_step": 0.37937252933296145,
        "residual_sd": 1.7270979953809174,
        "sigma_data_used": 12.0
      },
      "gate": {
        "score": 0.22806037424858838,
        "tier": "not_exposed"
      }
    },
    {
      "action": "bedtime",
      "outcome": "sleep_quality",
      "nominal_step": -0.5,
      "dose_multiplier": 0.9477077593541938,
      "dose_multiplier_raw": 0.9477077593541938,
      "direction_conflict": false,
      "scaled_effect": 0.45091296286968424,
      "posterior": {
        "mean": 0.475793258437553,
        "variance": 0.48982864739500204,
        "sd": 0.6998775945799394,
        "contraction": 0.4477077593541938,
        "prior_mean": 0.4607862962962966,
        "prior_variance": 0.8869011935098631,
        "source": "pop+cohort+user",
        "lam_js": 0.7603833865814696,
        "n_cohort": 238,
        "z_like": 0.6798235321751086
      },
      "cohort_prior": {
        "mean": 0.42567579831932817,
        "variance": 0.8706033108101122,
        "n": 238
      },
      "user_obs": {
        "slope": -1.0578094893114958,
        "se": 0.6617003212398471,
        "n": 44,
        "at_nominal_step": 0.5289047446557479,
        "se_at_step": 0.33085016061992356,
        "residual_sd": 1.5061993291470461,
        "sigma_data_used": 7.0
      },
      "gate": {
        "score": 0.4477077593541938,
        "tier": "possible"
      }
    },
    {
      "action": "running_volume",
      "outcome": "hrv_daily",
      "nominal_step": 30.0,
      "dose_multiplier": 0.5,
      "dose_multiplier_raw": 0.9202805971478379,
      "direction_conflict": true,
      "scaled_effect": -0.08882759585805203,
      "posterior": {
        "mean": -0.17765519171610406,
        "variance": 0.17480952810690933,
        "sd": 0.4181022938311979,
        "contraction": 0.42028059714783794,
        "prior_mean": 0.14166006734006745,
        "prior_variance": 0.3015416203888705,
        "source": "pop+cohort+user",
        "lam_js": 0.7603833865814696,
        "n_cohort": 238,
        "z_like": -0.4249084358954259
      },
      "cohort_prior": {
        "mean": 0.19654117647058833,
        "variance": 0.5699868837170512,
        "n": 238
      },
      "user_obs": {
        "slope": -0.3916263763409986,
        "se": 0.3444411031034489,
        "n": 44,
        "at_nominal_step": -0.3916263763409986,
        "se_at_step": 0.3444411031034489,
        "residual_sd": 1.6967085384733591,
        "sigma_data_used": 3.5
      },
      "gate": {
        "score": 0.21014029857391897,
        "tier": "not_exposed"
      }
    },
    {
      "action": "sleep_duration",
      "outcome": "hrv_daily",
      "nominal_step": 0.5,
      "dose_multiplier": 0.5018387573385845,
      "dose_multiplier_raw": 0.5018387573385845,
      "direction_conflict": false,
      "scaled_effect": 0.06594086610576688,
      "posterior": {
        "mean": 0.1313985122541609,
        "variance": 0.002928341549515632,
        "sd": 0.05411415295018145,
        "contraction": 0.001838757338584518,
        "prior_mean": 0.13540993265993234,
        "prior_variance": 0.0029337359780747863,
        "source": "pop+cohort+user",
        "lam_js": 0.7603833865814696,
        "n_cohort": 238,
        "z_like": 2.4281727624033764
      },
      "cohort_prior": {
        "mean": 0.13619087635053972,
        "variance": 0.0029676727681804804,
        "n": 238
      },
      "user_obs": {
        "slope": -0.6036689407035243,
        "se": 1.3423734489651173,
        "n": 44,
        "at_nominal_step": -0.30183447035176214,
        "se_at_step": 0.6711867244825587,
        "residual_sd": 1.6967085384733587,
        "sigma_data_used": 3.5
      },
      "gate": {
        "score": 0.001838757338584518,
        "tier": "not_exposed"
      }
    },
    {
      "action": "training_load",
      "outcome": "hrv_daily",
      "nominal_step": 100.0,
      "dose_multiplier": 1.4362515860160183,
      "dose_multiplier_raw": 1.4362515860160183,
      "direction_conflict": false,
      "scaled_effect": -3.114948905364498,
      "posterior": {
        "mean": -2.1688045017272883,
        "variance": 0.26075994925740803,
        "sd": 0.5106465991832395,
        "contraction": 0.9362515860160184,
        "prior_mean": -5.056217651515151,
        "prior_variance": 4.090453910318943,
        "source": "pop+cohort+user",
        "lam_js": 0.7603833865814696,
        "n_cohort": 238,
        "z_like": -4.247173104053197
      },
      "cohort_prior": {
        "mean": -5.074865420168067,
        "variance": 4.120681445250819,
        "n": 238
      },
      "user_obs": {
        "slope": -0.019724146074341035,
        "se": 0.028030596538164095,
        "n": 44,
        "at_nominal_step": -1.9724146074341036,
        "se_at_step": 2.8030596538164096,
        "residual_sd": 1.6967085384733598,
        "sigma_data_used": 3.5
      },
      "gate": {
        "score": 0.9362515860160184,
        "tier": "recommended"
      }
    },
    {
      "action": "training_load",
      "outcome": "resting_hr",
      "nominal_step": 100.0,
      "dose_multiplier": 0.5,
      "dose_multiplier_raw": 1.3927572866209967,
      "direction_conflict": true,
      "scaled_effect": -0.12633541810863677,
      "posterior": {
        "mean": -0.25267083621727354,
        "variance": 0.029233177215312517,
        "sd": 0.1709771248305238,
        "contraction": 0.8927572866209966,
        "prior_mean": 1.305251261157877,
        "prior_variance": 0.2725889367606766,
        "source": "pop+cohort+user",
        "lam_js": 0.7603833865814696,
        "n_cohort": 238,
        "z_like": -1.477804919621419
      },
      "cohort_prior": {
        "mean": 1.3090992134188058,
        "variance": 0.2741985200917978,