{
  "pid": 772,
  "cohort": "cohort_b",
  "age": 37,
  "is_female": false,
  "effects_bayesian": [
    {
      "action": "active_energy",
      "outcome": "deep_sleep",
      "nominal_step": 100.0,
      "dose_multiplier": 0.5434897490742284,
      "dose_multiplier_raw": 0.5434897490742284,
      "direction_conflict": false,
      "scaled_effect": 0.3540153286284527,
      "posterior": {
        "mean": 0.6513744357303457,
        "variance": 0.0733214118382509,
        "sd": 0.270779267740813,
        "contraction": 0.04348974907422842,
        "prior_mean": 0.6921665440115441,
        "prior_variance": 0.07665512394382158,
        "source": "pop+cohort+user",
        "lam_js": 0.8472505091649695,
        "n_cohort": 416,
        "z_like": 2.4055550528847514
      },
      "cohort_prior": {
        "mean": 0.6841722046703297,
        "variance": 0.07489465690295352,
        "n": 416
      },
      "user_obs": {
        "slope": -0.007065152219218024,
        "se": 0.007598497221362599,
        "n": 48,
        "at_nominal_step": -0.7065152219218024,
        "se_at_step": 0.7598497221362599,
        "residual_sd": 1.731895923747007,
        "sigma_data_used": 12.0
      },
      "gate": {
        "score": 0.04348974907422842,
        "tier": "not_exposed"
      }
    },
    {
      "action": "bedtime",
      "outcome": "deep_sleep",
      "nominal_step": -0.5,
      "dose_multiplier": 0.7427015991163366,
      "dose_multiplier_raw": 0.7427015991163366,
      "direction_conflict": false,
      "scaled_effect": 0.3945583287400383,
      "posterior": {
        "mean": 0.5312474474398362,
        "variance": 0.7154015588138929,
        "sd": 0.845814139639373,
        "contraction": 0.2427015991163366,
        "prior_mean": 0.6072164646464647,
        "prior_variance": 0.9446759137205589,
        "source": "pop+cohort+user",
        "lam_js": 0.8472505091649695,
        "n_cohort": 416,
        "z_like": 0.6280900525809872
      },
      "cohort_prior": {
        "mean": 0.6215986538461539,
        "variance": 0.9384823525592582,
        "n": 416
      },
      "user_obs": {
        "slope": -0.49946214128691513,
        "se": 0.8466989700899964,
        "n": 48,
        "at_nominal_step": 0.24973107064345756,
        "se_at_step": 0.4233494850449982,
        "residual_sd": 1.7334595698419204,
        "sigma_data_used": 12.0
      },
      "gate": {
        "score": 0.2427015991163366,
        "tier": "not_exposed"
      }
    },
    {
      "action": "bedtime",
      "outcome": "sleep_quality",
      "nominal_step": -0.5,
      "dose_multiplier": 0.9610825186800368,
      "dose_multiplier_raw": 0.9610825186800368,
      "direction_conflict": false,
      "scaled_effect": 0.37212932623844863,
      "posterior": {
        "mean": 0.387198101105341,
        "variance": 0.47796655738600474,
        "sd": 0.6913512547077677,
        "contraction": 0.4610825186800368,
        "prior_mean": 0.4607862962962966,
        "prior_variance": 0.8869011935098631,
        "source": "pop+cohort+user",
        "lam_js": 0.8472505091649695,
        "n_cohort": 416,
        "z_like": 0.5600598805147299
      },
      "cohort_prior": {
        "mean": 0.4770937500000001,
        "variance": 0.9009695161433738,
        "n": 416
      },
      "user_obs": {
        "slope": -0.5758504943226312,
        "se": 0.6155039592958663,
        "n": 48,
        "at_nominal_step": 0.2879252471613156,
        "se_at_step": 0.30775197964793316,
        "residual_sd": 1.2601305377796834,
        "sigma_data_used": 7.0
      },
      "gate": {
        "score": 0.4610825186800368,
        "tier": "possible"
      }
    },
    {
      "action": "running_volume",
      "outcome": "hrv_daily",
      "nominal_step": 30.0,
      "dose_multiplier": 1.100401942859436,
      "dose_multiplier_raw": 1.100401942859436,
      "direction_conflict": false,
      "scaled_effect": 0.04492482962100852,
      "posterior": {
        "mean": 0.04082583633419408,
        "variance": 0.12049544565441013,
        "sd": 0.34712453911299634,
        "contraction": 0.600401942859436,
        "prior_mean": 0.14166006734006745,
        "prior_variance": 0.3015416203888705,
        "source": "pop+cohort+user",
        "lam_js": 0.8472505091649695,
        "n_cohort": 416,
        "z_like": 0.11761149597350826
      },
      "cohort_prior": {
        "mean": 0.11986480769230796,
        "variance": 0.2186938498312511,
        "n": 416
      },
      "user_obs": {
        "slope": -0.0512610981705313,
        "se": 0.3118712993864525,
        "n": 48,
        "at_nominal_step": -0.0512610981705313,
        "se_at_step": 0.3118712993864525,
        "residual_sd": 1.7338022438114864,
        "sigma_data_used": 3.5
      },
      "gate": {
        "score": 0.600401942859436,
        "tier": "possible"
      }
    },
    {
      "action": "sleep_duration",
      "outcome": "hrv_daily",
      "nominal_step": 0.5,
      "dose_multiplier": 0.5037383432520277,
      "dose_multiplier_raw": 0.5037383432520277,
      "direction_conflict": false,
      "scaled_effect": 0.06898666423230661,
      "posterior": {
        "mean": 0.13694940072844836,
        "variance": 0.0029227686659779196,
        "sd": 0.05406263650598183,
        "contraction": 0.0037383432520277093,
        "prior_mean": 0.13540993265993234,
        "prior_variance": 0.0029337359780747863,
        "source": "pop+cohort+user",
        "lam_js": 0.8472505091649695,
        "n_cohort": 416,
        "z_like": 2.5331617098121995
      },
      "cohort_prior": {
        "mean": 0.13603296703296702,
        "variance": 0.002960794899166767,
        "n": 416
      },
      "user_obs": {
        "slope": 0.44853633207367627,
        "se": 0.9251446455655014,
        "n": 48,
        "at_nominal_step": 0.22426816603683813,
        "se_at_step": 0.4625723227827507,
        "residual_sd": 1.7338022438114857,
        "sigma_data_used": 3.5
      },
      "gate": {
        "score": 0.0037383432520277093,
        "tier": "not_exposed"
      }
    },
    {
      "action": "training_load",
      "outcome": "hrv_daily",
      "nominal_step": 100.0,
      "dose_multiplier": 1.4412932035683412,
      "dose_multiplier_raw": 1.4412932035683412,
      "direction_conflict": false,
      "scaled_effect": -1.5149345102263614,
      "posterior": {
        "mean": -1.051093910993058,
        "variance": 0.24013744502617643,
        "sd": 0.49003820772076173,
        "contraction": 0.9412932035683413,
        "prior_mean": -5.056217651515151,
        "prior_variance": 4.090453910318943,
        "source": "pop+cohort+user",
        "lam_js": 0.8472505091649695,
        "n_cohort": 416,
        "z_like": -2.1449223640781954
      },
      "cohort_prior": {
        "mean": -5.038698533653847,
        "variance": 4.062157266087269,
        "n": 416
      },
      "user_obs": {
        "slope": -0.008006661856570469,
        "se": 0.029637293254649283,
        "n": 48,
        "at_nominal_step": -0.800666185657047,
        "se_at_step": 2.963729325464928,
        "residual_sd": 1.7338022438114853,
        "sigma_data_used": 3.5
      },
      "gate": {
        "score": 0.9412932035683413,
        "tier": "recommended"
      }
    },
    {
      "action": "training_load",
      "outcome": "resting_hr",
      "nominal_step": 100.0,
      "dose_multiplier": 0.5,
      "dose_multiplier_raw": 1.4009018977092427,
      "direction_conflict": true,
      "scaled_effect": -0.5202454668559918,
      "posterior": {
        "mean": -1.0404909337119836,
        "variance": 0.02701304633843833,
        "sd": 0.16435646120076428,
        "contraction": 0.9009018977092426,
        "prior_mean": 1.305251261157877,
        "prior_variance": 0.2725889367606766,
        "source": "pop+cohort+user",
        "lam_js": 0.8472505091649695,
        "n_cohort": 416,
        "z_like": -6.33069686527873
      },
      "cohort_prior": {
        "mean": 1.3016362050919952,
        "variance": 0.2710810896650065,