{
  "pid": 815,
  "cohort": "cohort_b",
  "age": 42,
  "is_female": false,
  "effects_bayesian": [
    {
      "action": "active_energy",
      "outcome": "deep_sleep",
      "nominal_step": 100.0,
      "dose_multiplier": 0.5492986461989972,
      "dose_multiplier_raw": 0.5492986461989972,
      "direction_conflict": false,
      "scaled_effect": 0.34541426609465214,
      "posterior": {
        "mean": 0.6288278124929462,
        "variance": 0.07287613010917485,
        "sd": 0.2699557928794543,
        "contraction": 0.049298646198997154,
        "prior_mean": 0.6921665440115441,
        "prior_variance": 0.07665512394382158,
        "source": "pop+cohort+user",
        "lam_js": 0.8472505091649695,
        "n_cohort": 416,
        "z_like": 2.3293732865874897
      },
      "cohort_prior": {
        "mean": 0.6841722046703297,
        "variance": 0.07489465690295352,
        "n": 416
      },
      "user_obs": {
        "slope": -0.011774560779380563,
        "se": 0.006224871625450552,
        "n": 60,
        "at_nominal_step": -1.1774560779380563,
        "se_at_step": 0.6224871625450552,
        "residual_sd": 1.8876826872937136,
        "sigma_data_used": 12.0
      },
      "gate": {
        "score": 0.049298646198997154,
        "tier": "not_exposed"
      }
    },
    {
      "action": "bedtime",
      "outcome": "deep_sleep",
      "nominal_step": -0.5,
      "dose_multiplier": 0.7853091765470236,
      "dose_multiplier_raw": 0.7853091765470236,
      "direction_conflict": false,
      "scaled_effect": 0.45888744401604614,
      "posterior": {
        "mean": 0.5843398469297887,
        "variance": 0.6751512066731391,
        "sd": 0.8216758525557016,
        "contraction": 0.2853091765470236,
        "prior_mean": 0.6072164646464647,
        "prior_variance": 0.9446759137205589,
        "source": "pop+cohort+user",
        "lam_js": 0.8472505091649695,
        "n_cohort": 416,
        "z_like": 0.7111561634825774
      },
      "cohort_prior": {
        "mean": 0.6215986538461539,
        "variance": 0.9384823525592582,
        "n": 416
      },
      "user_obs": {
        "slope": -0.9895300888494916,
        "se": 0.5952246538228422,
        "n": 60,
        "at_nominal_step": 0.4947650444247458,
        "se_at_step": 0.2976123269114211,
        "residual_sd": 1.9053014869665508,
        "sigma_data_used": 12.0
      },
      "gate": {
        "score": 0.2853091765470236,
        "tier": "not_exposed"
      }
    },
    {
      "action": "bedtime",
      "outcome": "sleep_quality",
      "nominal_step": -0.5,
      "dose_multiplier": 1.0175542568759257,
      "dose_multiplier_raw": 1.0175542568759257,
      "direction_conflict": false,
      "scaled_effect": 0.4038623448842191,
      "posterior": {
        "mean": 0.39689514554648814,
        "variance": 0.42788170538049425,
        "sd": 0.6541266738029372,
        "contraction": 0.5175542568759257,
        "prior_mean": 0.4607862962962966,
        "prior_variance": 0.8869011935098631,
        "source": "pop+cohort+user",
        "lam_js": 0.8472505091649695,
        "n_cohort": 416,
        "z_like": 0.6067557882008296
      },
      "cohort_prior": {
        "mean": 0.4770937500000001,
        "variance": 0.9009695161433738,
        "n": 416
      },
      "user_obs": {
        "slope": -0.652575721704742,
        "se": 0.31045926787835065,
        "n": 60,
        "at_nominal_step": 0.326287860852371,
        "se_at_step": 0.15522963393917533,
        "residual_sd": 0.9937735289224476,
        "sigma_data_used": 7.0
      },
      "gate": {
        "score": 0.5175542568759257,
        "tier": "possible"
      }
    },
    {
      "action": "running_volume",
      "outcome": "hrv_daily",
      "nominal_step": 30.0,
      "dose_multiplier": 1.142589388636886,
      "dose_multiplier_raw": 1.142589388636886,
      "direction_conflict": false,
      "scaled_effect": 0.45576369628566155,
      "posterior": {
        "mean": 0.39888668739466376,
        "variance": 0.10777417489461022,
        "sd": 0.32828977275359983,
        "contraction": 0.6425893886368861,
        "prior_mean": 0.14166006734006745,
        "prior_variance": 0.3015416203888705,
        "source": "pop+cohort+user",
        "lam_js": 0.8472505091649695,
        "n_cohort": 416,
        "z_like": 1.21504451402466
      },
      "cohort_prior": {
        "mean": 0.11986480769230796,
        "variance": 0.2186938498312511,
        "n": 416
      },
      "user_obs": {
        "slope": 0.6454643388391956,
        "se": 0.2527612847862139,
        "n": 60,
        "at_nominal_step": 0.6454643388391956,
        "se_at_step": 0.2527612847862139,
        "residual_sd": 1.7632152364394462,
        "sigma_data_used": 3.5
      },
      "gate": {
        "score": 0.6425893886368861,
        "tier": "possible"
      }
    },
    {
      "action": "sleep_duration",
      "outcome": "hrv_daily",
      "nominal_step": 0.5,
      "dose_multiplier": 0.5065826167540577,
      "dose_multiplier_raw": 0.5065826167540577,
      "direction_conflict": false,
      "scaled_effect": 0.0714210109500385,
      "posterior": {
        "mean": 0.14098590948041334,
        "variance": 0.0029144243184735293,
        "sd": 0.05398540838479903,
        "contraction": 0.006582616754057691,
        "prior_mean": 0.13540993265993234,
        "prior_variance": 0.0029337359780747863,
        "source": "pop+cohort+user",
        "lam_js": 0.8472505091649695,
        "n_cohort": 416,
        "z_like": 2.611555857380742
      },
      "cohort_prior": {
        "mean": 0.13603296703296702,
        "variance": 0.002960794899166767,
        "n": 416
      },
      "user_obs": {
        "slope": 0.9791548458868898,
        "se": 0.7787977726450775,
        "n": 60,
        "at_nominal_step": 0.4895774229434449,
        "se_at_step": 0.3893988863225388,
        "residual_sd": 1.763215236439446,
        "sigma_data_used": 3.5
      },
      "gate": {
        "score": 0.006582616754057691,
        "tier": "not_exposed"
      }
    },
    {
      "action": "training_load",
      "outcome": "hrv_daily",
      "nominal_step": 100.0,
      "dose_multiplier": 1.4524732406815812,
      "dose_multiplier_raw": 1.4524732406815812,
      "direction_conflict": false,
      "scaled_effect": -4.95400217622371,
      "posterior": {
        "mean": -3.4107355904877235,
        "variance": 0.19440601849881323,
        "sd": 0.44091497876440217,
        "contraction": 0.9524732406815812,
        "prior_mean": -5.056217651515151,
        "prior_variance": 4.090453910318943,
        "source": "pop+cohort+user",
        "lam_js": 0.8472505091649695,
        "n_cohort": 416,
        "z_like": -7.7355856678895245
      },
      "cohort_prior": {
        "mean": -5.038698533653847,
        "variance": 4.062157266087269,
        "n": 416
      },
      "user_obs": {
        "slope": -0.03328865216871808,
        "se": 0.018755427092599523,
        "n": 60,
        "at_nominal_step": -3.3288652168718085,
        "se_at_step": 1.8755427092599524,
        "residual_sd": 1.7632152364394456,
        "sigma_data_used": 3.5
      },
      "gate": {
        "score": 0.9524732406815812,
        "tier": "recommended"
      }
    },
    {
      "action": "training_load",
      "outcome": "resting_hr",
      "nominal_step": 100.0,
      "dose_multiplier": 0.5,
      "dose_multiplier_raw": 1.4191107689346505,
      "direction_conflict": true,
      "scaled_effect": -0.38338658663454106,
      "posterior": {
        "mean": -0.7667731732690821,
        "variance": 0.022049509491492342,
        "sd": 0.14849077241193254,
        "contraction": 0.9191107689346504,
        "prior_mean": 1.305251261157877,
        "prior_variance": 0.2725889367606766,
        "source": "pop+cohort+user",
        "lam_js": 0.8472505091649695,
        "n_cohort": 416,
        "z_like": -5.163776582304754
      },
      "cohort_prior": {
        "mean": 1.3016362050919952,
        "variance": 0.2710810896650065,