{
  "pid": 1010,
  "cohort": "cohort_c",
  "age": 40,
  "is_female": false,
  "effects_bayesian": [
    {
      "action": "active_energy",
      "outcome": "deep_sleep",
      "nominal_step": 100.0,
      "dose_multiplier": 0.5236158130816639,
      "dose_multiplier_raw": 0.5236158130816639,
      "direction_conflict": false,
      "scaled_effect": 0.3599736025756634,
      "posterior": {
        "mean": 0.6874765688551147,
        "variance": 0.07484485086501251,
        "sd": 0.2735778698378444,
        "contraction": 0.02361581308166394,
        "prior_mean": 0.6921665440115441,
        "prior_variance": 0.07665512394382158,
        "source": "pop+cohort+user",
        "lam_js": 0.7603833865814696,
        "n_cohort": 238,
        "z_like": 2.5129100144781344
      },
      "cohort_prior": {
        "mean": 0.6920608463385354,
        "variance": 0.07663171440556958,
        "n": 238
      },
      "user_obs": {
        "slope": 0.004950020196309909,
        "se": 0.007365882336994156,
        "n": 45,
        "at_nominal_step": 0.4950020196309909,
        "se_at_step": 0.7365882336994156,
        "residual_sd": 2.141244675356338,
        "sigma_data_used": 12.0
      },
      "gate": {
        "score": 0.02361581308166394,
        "tier": "not_exposed"
      }
    },
    {
      "action": "bedtime",
      "outcome": "deep_sleep",
      "nominal_step": -0.5,
      "dose_multiplier": 0.7319498695618661,
      "dose_multiplier_raw": 0.7319498695618661,
      "direction_conflict": false,
      "scaled_effect": 0.32953312837844595,
      "posterior": {
        "mean": 0.45021270182847273,
        "variance": 0.7255584587548386,
        "sd": 0.8517971934415132,
        "contraction": 0.23194986956186614,
        "prior_mean": 0.6072164646464647,
        "prior_variance": 0.9446759137205589,
        "source": "pop+cohort+user",
        "lam_js": 0.7603833865814696,
        "n_cohort": 238,
        "z_like": 0.5285444766605534
      },
      "cohort_prior": {
        "mean": 0.5855927731092442,
        "variance": 0.9363184076048073,
        "n": 238
      },
      "user_obs": {
        "slope": 0.058315077932779465,
        "se": 1.300248845182312,
        "n": 45,
        "at_nominal_step": -0.029157538966389732,
        "se_at_step": 0.650124422591156,
        "residual_sd": 2.1654937211470626,
        "sigma_data_used": 12.0
      },
      "gate": {
        "score": 0.23194986956186614,
        "tier": "not_exposed"
      }
    },
    {
      "action": "bedtime",
      "outcome": "sleep_quality",
      "nominal_step": -0.5,
      "dose_multiplier": 0.9531741060479709,
      "dose_multiplier_raw": 0.9531741060479709,
      "direction_conflict": false,
      "scaled_effect": 0.9449772623074145,
      "posterior": {
        "mean": 0.9914004758537326,
        "variance": 0.4849805379881524,
        "sd": 0.6964054408088383,
        "contraction": 0.4531741060479709,
        "prior_mean": 0.4607862962962966,
        "prior_variance": 0.8869011935098631,
        "source": "pop+cohort+user",
        "lam_js": 0.7603833865814696,
        "n_cohort": 238,
        "z_like": 1.4235966834237728
      },
      "cohort_prior": {
        "mean": 0.42567579831932817,
        "variance": 0.8706033108101122,
        "n": 238
      },
      "user_obs": {
        "slope": -3.3707541347864503,
        "se": 0.696986514176774,
        "n": 45,
        "at_nominal_step": 1.6853770673932251,
        "se_at_step": 0.348493257088387,
        "residual_sd": 1.1607931249209116,
        "sigma_data_used": 7.0
      },
      "gate": {
        "score": 0.4531741060479709,
        "tier": "possible"
      }
    },
    {
      "action": "running_volume",
      "outcome": "hrv_daily",
      "nominal_step": 30.0,
      "dose_multiplier": 0.9284368972518966,
      "dose_multiplier_raw": 0.9284368972518966,
      "direction_conflict": false,
      "scaled_effect": 0.07717133727239632,
      "posterior": {
        "mean": 0.0831196363488113,
        "variance": 0.1723500641571536,
        "sd": 0.41515065236267373,
        "contraction": 0.4284368972518966,
        "prior_mean": 0.14166006734006745,
        "prior_variance": 0.3015416203888705,
        "source": "pop+cohort+user",
        "lam_js": 0.7603833865814696,
        "n_cohort": 238,
        "z_like": 0.20021559854420837
      },
      "cohort_prior": {
        "mean": 0.19654117647058833,
        "variance": 0.5699868837170512,
        "n": 238
      },
      "user_obs": {
        "slope": 0.02501526222635122,
        "se": 0.5359599005311987,
        "n": 45,
        "at_nominal_step": 0.02501526222635122,
        "se_at_step": 0.5359599005311987,
        "residual_sd": 2.9563487511400877,
        "sigma_data_used": 3.5
      },
      "gate": {
        "score": 0.4284368972518966,
        "tier": "possible"
      }
    },
    {
      "action": "sleep_duration",
      "outcome": "hrv_daily",
      "nominal_step": 0.5,
      "dose_multiplier": 0.5020773090511649,
      "dose_multiplier_raw": 0.5020773090511649,
      "direction_conflict": false,
      "scaled_effect": 0.06146621619539388,
      "posterior": {
        "mean": 0.12242380822099666,
        "variance": 0.0029276417017738035,
        "sd": 0.054107686161707226,
        "contraction": 0.0020773090511648773,
        "prior_mean": 0.13540993265993234,
        "prior_variance": 0.0029337359780747863,
        "source": "pop+cohort+user",
        "lam_js": 0.7603833865814696,
        "n_cohort": 238,
        "z_like": 2.2625955184096878
      },
      "cohort_prior": {
        "mean": 0.13619087635053972,
        "variance": 0.0029676727681804804,
        "n": 238
      },
      "user_obs": {
        "slope": -2.253412007038127,
        "se": 1.4650474114196723,
        "n": 45,
        "at_nominal_step": -1.1267060035190635,
        "se_at_step": 0.7325237057098362,
        "residual_sd": 2.9563487511400903,
        "sigma_data_used": 3.5
      },
      "gate": {
        "score": 0.0020773090511648773,
        "tier": "not_exposed"
      }
    },
    {
      "action": "training_load",
      "outcome": "hrv_daily",
      "nominal_step": 100.0,
      "dose_multiplier": 1.4375802849330408,
      "dose_multiplier_raw": 1.4375802849330408,
      "direction_conflict": false,
      "scaled_effect": -18.615513694158842,
      "posterior": {
        "mean": -12.949199352038908,
        "variance": 0.2553249675766379,
        "sd": 0.505296910317724,
        "contraction": 0.9375802849330407,
        "prior_mean": -5.056217651515151,
        "prior_variance": 4.090453910318943,
        "source": "pop+cohort+user",
        "lam_js": 0.7603833865814696,
        "n_cohort": 238,
        "z_like": -25.626911797059325
      },
      "cohort_prior": {
        "mean": -5.074865420168067,
        "variance": 4.120681445250819,
        "n": 238
      },
      "user_obs": {
        "slope": -0.13470613803332362,
        "se": 0.043368552331357446,
        "n": 45,
        "at_nominal_step": -13.470613803332363,
        "se_at_step": 4.336855233135744,
        "residual_sd": 2.956348751140089,
        "sigma_data_used": 3.5
      },
      "gate": {
        "score": 0.9375802849330407,
        "tier": "recommended"
      }
    },
    {
      "action": "training_load",
      "outcome": "resting_hr",
      "nominal_step": 100.0,
      "dose_multiplier": 1.394891083552537,
      "dose_multiplier_raw": 1.394891083552537,
      "direction_conflict": false,
      "scaled_effect": 1.7178170346235977,
      "posterior": {
        "mean": 1.231506212118459,
        "variance": 0.02865152777848073,
        "sd": 0.16926762176648177,
        "contraction": 0.894891083552537,
        "prior_mean": 1.305251261157877,
        "prior_variance": 0.2725889367606766,
        "source": "pop+cohort+user",
        "lam_js": 0.7603833865814696,
        "n_cohort": 238,
        "z_like": 7.2754978138549165
      },
      "cohort_prior": {
        "mean": 1.3090992134188058,