{
  "pid": 960,
  "cohort": "cohort_c",
  "age": 32,
  "is_female": false,
  "effects_bayesian": [
    {
      "action": "active_energy",
      "outcome": "deep_sleep",
      "nominal_step": 100.0,
      "dose_multiplier": 0.5195390099383235,
      "dose_multiplier_raw": 0.5195390099383235,
      "direction_conflict": false,
      "scaled_effect": 0.35511390834743245,
      "posterior": {
        "mean": 0.6835173135306807,
        "variance": 0.07515735871525983,
        "sd": 0.27414842460838584,
        "contraction": 0.01953900993832347,
        "prior_mean": 0.6921665440115441,
        "prior_variance": 0.07665512394382158,
        "source": "pop+cohort+user",
        "lam_js": 0.7603833865814696,
        "n_cohort": 238,
        "z_like": 2.493238159245555
      },
      "cohort_prior": {
        "mean": 0.6920608463385354,
        "variance": 0.07663171440556958,
        "n": 238
      },
      "user_obs": {
        "slope": 0.0024836281387283984,
        "se": 0.00951143511716174,
        "n": 37,
        "at_nominal_step": 0.24836281387283984,
        "se_at_step": 0.9511435117161741,
        "residual_sd": 2.42496978892722,
        "sigma_data_used": 12.0
      },
      "gate": {
        "score": 0.01953900993832347,
        "tier": "not_exposed"
      }
    },
    {
      "action": "bedtime",
      "outcome": "deep_sleep",
      "nominal_step": -0.5,
      "dose_multiplier": 0.6996903451334442,
      "dose_multiplier_raw": 0.6996903451334442,
      "direction_conflict": false,
      "scaled_effect": 0.31742108374431377,
      "posterior": {
        "mean": 0.4536593736816185,
        "variance": 0.7560332544704488,
        "sd": 0.8695017276983691,
        "contraction": 0.1996903451334442,
        "prior_mean": 0.6072164646464647,
        "prior_variance": 0.9446759137205589,
        "source": "pop+cohort+user",
        "lam_js": 0.7603833865814696,
        "n_cohort": 238,
        "z_like": 0.5217463740785037
      },
      "cohort_prior": {
        "mean": 0.5855927731092442,
        "variance": 0.9363184076048073,
        "n": 238
      },
      "user_obs": {
        "slope": 0.2301249092191146,
        "se": 1.3303092685038445,
        "n": 37,
        "at_nominal_step": -0.1150624546095573,
        "se_at_step": 0.6651546342519222,
        "residual_sd": 2.447363928399343,
        "sigma_data_used": 12.0
      },
      "gate": {
        "score": 0.1996903451334442,
        "tier": "not_exposed"
      }
    },
    {
      "action": "bedtime",
      "outcome": "sleep_quality",
      "nominal_step": -0.5,
      "dose_multiplier": 0.9061530065604688,
      "dose_multiplier_raw": 0.9061530065604688,
      "direction_conflict": false,
      "scaled_effect": 0.4052684297733437,
      "posterior": {
        "mean": 0.44724061702519946,
        "variance": 0.5266836072437641,
        "sd": 0.7257297067391992,
        "contraction": 0.4061530065604688,
        "prior_mean": 0.4607862962962966,
        "prior_variance": 0.8869011935098631,
        "source": "pop+cohort+user",
        "lam_js": 0.7603833865814696,
        "n_cohort": 238,
        "z_like": 0.6162633455294416
      },
      "cohort_prior": {
        "mean": 0.42567579831932817,
        "variance": 0.8706033108101122,
        "n": 238
      },
      "user_obs": {
        "slope": -0.9343168363017097,
        "se": 0.7713736356535658,
        "n": 37,
        "at_nominal_step": 0.46715841815085485,
        "se_at_step": 0.3856868178267829,
        "residual_sd": 1.4190925793819185,
        "sigma_data_used": 7.0
      },
      "gate": {
        "score": 0.4061530065604688,
        "tier": "possible"
      }
    },
    {
      "action": "running_volume",
      "outcome": "hrv_daily",
      "nominal_step": 30.0,
      "dose_multiplier": 0.8559452186299543,
      "dose_multiplier_raw": 0.8559452186299543,
      "direction_conflict": false,
      "scaled_effect": 0.2609111679730444,
      "posterior": {
        "mean": 0.30482227401265805,
        "variance": 0.1942093223935233,
        "sd": 0.44069186785499376,
        "contraction": 0.3559452186299543,
        "prior_mean": 0.14166006734006745,
        "prior_variance": 0.3015416203888705,
        "source": "pop+cohort+user",
        "lam_js": 0.7603833865814696,
        "n_cohort": 238,
        "z_like": 0.6916902630773243
      },
      "cohort_prior": {
        "mean": 0.19654117647058833,
        "variance": 0.5699868837170512,
        "n": 238
      },
      "user_obs": {
        "slope": 0.39040285230558425,
        "se": 0.3626733362485292,
        "n": 37,
        "at_nominal_step": 0.39040285230558425,
        "se_at_step": 0.3626733362485292,
        "residual_sd": 1.6943291042796553,
        "sigma_data_used": 3.5
      },
      "gate": {
        "score": 0.3559452186299543,
        "tier": "possible"
      }
    },
    {
      "action": "sleep_duration",
      "outcome": "hrv_daily",
      "nominal_step": 0.5,
      "dose_multiplier": 0.5001656965766728,
      "dose_multiplier_raw": 0.5001656965766728,
      "direction_conflict": false,
      "scaled_effect": 0.06361718783550221,
      "posterior": {
        "mean": 0.1271922250384679,
        "variance": 0.0029332498680663577,
        "sd": 0.0541594854856133,
        "contraction": 0.00016569657667275806,
        "prior_mean": 0.13540993265993234,
        "prior_variance": 0.0029337359780747863,
        "source": "pop+cohort+user",
        "lam_js": 0.7603833865814696,
        "n_cohort": 238,
        "z_like": 2.3484755052234516
      },
      "cohort_prior": {
        "mean": 0.13619087635053972,
        "variance": 0.0029676727681804804,
        "n": 238
      },
      "user_obs": {
        "slope": -1.717137033395787,
        "se": 1.0609610085872754,
        "n": 37,
        "at_nominal_step": -0.8585685166978935,
        "se_at_step": 0.5304805042936377,
        "residual_sd": 1.6943291042796569,
        "sigma_data_used": 3.5
      },
      "gate": {
        "score": 0.00016569657667275806,
        "tier": "not_exposed"
      }
    },
    {
      "action": "training_load",
      "outcome": "hrv_daily",
      "nominal_step": 100.0,
      "dose_multiplier": 0.5,
      "dose_multiplier_raw": 1.4250894948626047,
      "direction_conflict": true,
      "scaled_effect": 0.141472917073933,
      "posterior": {
        "mean": 0.282945834147866,
        "variance": 0.30641796866322557,
        "sd": 0.5535503307407788,
        "contraction": 0.9250894948626047,
        "prior_mean": -5.056217651515151,
        "prior_variance": 4.090453910318943,
        "source": "pop+cohort+user",
        "lam_js": 0.7603833865814696,
        "n_cohort": 238,
        "z_like": 0.5111474394193186
      },
      "cohort_prior": {
        "mean": -5.074865420168067,
        "variance": 4.120681445250819,
        "n": 238
      },
      "user_obs": {
        "slope": 0.007138281981796554,
        "se": 0.022532739857772537,
        "n": 37,
        "at_nominal_step": 0.7138281981796554,
        "se_at_step": 2.2532739857772537,
        "residual_sd": 1.6943291042796542,
        "sigma_data_used": 3.5
      },
      "gate": {
        "score": 0.46254474743130236,
        "tier": "possible"
      }
    },
    {
      "action": "training_load",
      "outcome": "resting_hr",
      "nominal_step": 100.0,
      "dose_multiplier": 0.5,
      "dose_multiplier_raw": 1.3749930892407562,
      "direction_conflict": true,
      "scaled_effect": -0.36600978136142115,
      "posterior": {
        "mean": -0.7320195627228423,
        "variance": 0.03407550089159903,
        "sd": 0.18459550615223283,
        "contraction": 0.8749930892407562,
        "prior_mean": 1.305251261157877,
        "prior_variance": 0.2725889367606766,
        "source": "pop+cohort+user",
        "lam_js": 0.7603833865814696,
        "n_cohort": 238,
        "z_like": -3.965532953544156
      },
      "cohort_prior": {
        "mean": 1.3090992134188058,
        "variance": 0.2741985200917978,
        "n": 238
      },