{
  "pid": 163,
  "cohort": "cohort_a",
  "age": 40,
  "is_female": false,
  "effects_bayesian": [
    {
      "action": "active_energy",
      "outcome": "deep_sleep",
      "nominal_step": 100.0,
      "dose_multiplier": 0.5092483551752804,
      "dose_multiplier_raw": 0.5092483551752804,
      "direction_conflict": false,
      "scaled_effect": 0.3420070231920691,
      "posterior": {
        "mean": 0.6715918072515957,
        "variance": 0.07594619013158398,
        "sd": 0.27558336330697464,
        "contraction": 0.009248355175280443,
        "prior_mean": 0.6921665440115441,
        "prior_variance": 0.07665512394382158,
        "source": "pop+cohort+user",
        "lam_js": 0.8768472906403941,
        "n_cohort": 534,
        "z_like": 2.4369824041355646
      },
      "cohort_prior": {
        "mean": 0.6984414526484751,
        "variance": 0.07805127404443395,
        "n": 534
      },
      "user_obs": {
        "slope": -0.00354327493669071,
        "se": 0.009420528424757747,
        "n": 47,
        "at_nominal_step": -0.354327493669071,
        "se_at_step": 0.9420528424757747,
        "residual_sd": 2.0306021948394863,
        "sigma_data_used": 12.0
      },
      "gate": {
        "score": 0.009248355175280443,
        "tier": "not_exposed"
      }
    },
    {
      "action": "bedtime",
      "outcome": "deep_sleep",
      "nominal_step": -0.5,
      "dose_multiplier": 0.7295440089000663,
      "dose_multiplier_raw": 0.7295440089000663,
      "direction_conflict": false,
      "scaled_effect": 0.4874486953599612,
      "posterior": {
        "mean": 0.6681552989447309,
        "variance": 0.7278312173738086,
        "sd": 0.8531302464300563,
        "contraction": 0.22954400890006632,
        "prior_mean": 0.6072164646464647,
        "prior_variance": 0.9446759137205589,
        "source": "pop+cohort+user",
        "lam_js": 0.8768472906403941,
        "n_cohort": 534,
        "z_like": 0.7831808820993542
      },
      "cohort_prior": {
        "mean": 0.6056498876404495,
        "variance": 0.9560138510611396,
        "n": 534
      },
      "user_obs": {
        "slope": -1.736298583936366,
        "se": 1.010485433846337,
        "n": 47,
        "at_nominal_step": 0.868149291968183,
        "se_at_step": 0.5052427169231685,
        "residual_sd": 2.052748880169194,
        "sigma_data_used": 12.0
      },
      "gate": {
        "score": 0.22954400890006632,
        "tier": "not_exposed"
      }
    },
    {
      "action": "bedtime",
      "outcome": "sleep_quality",
      "nominal_step": -0.5,
      "dose_multiplier": 0.9602168641339662,
      "dose_multiplier_raw": 0.9602168641339662,
      "direction_conflict": false,
      "scaled_effect": 0.5261321047523804,
      "posterior": {
        "mean": 0.5479304982077218,
        "variance": 0.4787343074360819,
        "sd": 0.6919062851543422,
        "contraction": 0.46021686413396623,
        "prior_mean": 0.4607862962962966,
        "prior_variance": 0.8869011935098631,
        "source": "pop+cohort+user",
        "lam_js": 0.8768472906403941,
        "n_cohort": 534,
        "z_like": 0.7919143241855304
      },
      "cohort_prior": {
        "mean": 0.46373086142322145,
        "variance": 0.8849888909576128,
        "n": 534
      },
      "user_obs": {
        "slope": -1.2950437280993572,
        "se": 0.6338394934858915,
        "n": 47,
        "at_nominal_step": 0.6475218640496786,
        "se_at_step": 0.31691974674294576,
        "residual_sd": 1.2876121385615455,
        "sigma_data_used": 7.0
      },
      "gate": {
        "score": 0.46021686413396623,
        "tier": "possible"
      }
    },
    {
      "action": "running_volume",
      "outcome": "hrv_daily",
      "nominal_step": 30.0,
      "dose_multiplier": 1.076722649600181,
      "dose_multiplier_raw": 1.076722649600181,
      "direction_conflict": false,
      "scaled_effect": 0.010693394904289269,
      "posterior": {
        "mean": 0.00993142933164826,
        "variance": 0.1276357381134692,
        "sd": 0.35726144224288914,
        "contraction": 0.5767226496001808,
        "prior_mean": 0.14166006734006745,
        "prior_variance": 0.3015416203888705,
        "source": "pop+cohort+user",
        "lam_js": 0.8768472906403941,
        "n_cohort": 534,
        "z_like": 0.027798771872214075
      },
      "cohort_prior": {
        "mean": 0.13417902621722846,
        "variance": 0.24427088794406634,
        "n": 534
      },
      "user_obs": {
        "slope": -0.12050057449675121,
        "se": 0.2583180010138072,
        "n": 47,
        "at_nominal_step": -0.12050057449675121,
        "se_at_step": 0.2583180010138072,
        "residual_sd": 1.3395051764920303,
        "sigma_data_used": 3.5
      },
      "gate": {
        "score": 0.5767226496001808,
        "tier": "possible"
      }
    },
    {
      "action": "sleep_duration",
      "outcome": "hrv_daily",
      "nominal_step": 0.5,
      "dose_multiplier": 0.5216700863548379,
      "dose_multiplier_raw": 0.5216700863548379,
      "direction_conflict": false,
      "scaled_effect": 0.06324328481688712,
      "posterior": {
        "mean": 0.12123233911838543,
        "variance": 0.002870161666087611,
        "sd": 0.05357388977932824,
        "contraction": 0.021670086354837914,
        "prior_mean": 0.13540993265993234,
        "prior_variance": 0.0029337359780747863,
        "source": "pop+cohort+user",
        "lam_js": 0.8768472906403941,
        "n_cohort": 534,
        "z_like": 2.2628997001663214
      },
      "cohort_prior": {
        "mean": 0.13457651150347733,
        "variance": 0.002897733991751291,
        "n": 534
      },
      "user_obs": {
        "slope": -2.172841268304703,
        "se": 0.795591765681562,
        "n": 47,
        "at_nominal_step": -1.0864206341523515,
        "se_at_step": 0.397795882840781,
        "residual_sd": 1.339505176492031,
        "sigma_data_used": 3.5
      },
      "gate": {
        "score": 0.021670086354837914,
        "tier": "not_exposed"
      }
    },
    {
      "action": "training_load",
      "outcome": "hrv_daily",
      "nominal_step": 100.0,
      "dose_multiplier": 1.4400915582744904,
      "dose_multiplier_raw": 1.4400915582744904,
      "direction_conflict": false,
      "scaled_effect": -5.455680827687679,
      "posterior": {
        "mean": -3.788426365212949,
        "variance": 0.24505271971722553,
        "sd": 0.495027998922511,
        "contraction": 0.9400915582744903,
        "prior_mean": -5.056217651515151,
        "prior_variance": 4.090453910318943,
        "source": "pop+cohort+user",
        "lam_js": 0.8768472906403941,
        "n_cohort": 534,
        "z_like": -7.652953718696564
      },
      "cohort_prior": {
        "mean": -5.061554325842696,
        "variance": 4.099093150953106,
        "n": 534
      },
      "user_obs": {
        "slope": -0.037074960571997405,
        "se": 0.020770687590705363,
        "n": 47,
        "at_nominal_step": -3.7074960571997404,
        "se_at_step": 2.0770687590705363,
        "residual_sd": 1.3395051764920316,
        "sigma_data_used": 3.5
      },
      "gate": {
        "score": 0.9400915582744903,
        "tier": "recommended"
      }
    },
    {
      "action": "training_load",
      "outcome": "resting_hr",
      "nominal_step": 100.0,
      "dose_multiplier": 1.3989441924382893,
      "dose_multiplier_raw": 1.3989441924382893,
      "direction_conflict": false,
      "scaled_effect": 0.8747970254418117,
      "posterior": {
        "mean": 0.6253266071444098,
        "variance": 0.027546695136738276,
        "sd": 0.16597197093707805,
        "contraction": 0.8989441924382893,
        "prior_mean": 1.305251261157877,
        "prior_variance": 0.2725889367606766,
        "source": "pop+cohort+user",
        "lam_js": 0.8768472906403941,
        "n_cohort": 534,
        "z_like": 3.767663923093849
      },
      "cohort_prior": {
        "mean": 1.306352479669686,
        "variance": 0.273049088182262,