{
  "pid": 133,
  "cohort": "cohort_a",
  "age": 28,
  "is_female": false,
  "effects_bayesian": [
    {
      "action": "active_energy",
      "outcome": "deep_sleep",
      "nominal_step": 100.0,
      "dose_multiplier": 0.5108134582830478,
      "dose_multiplier_raw": 0.5108134582830478,
      "direction_conflict": false,
      "scaled_effect": 0.35605442224682765,
      "posterior": {
        "mean": 0.6970341451918709,
        "variance": 0.0758262169588732,
        "sd": 0.2753656059838868,
        "contraction": 0.010813458283047805,
        "prior_mean": 0.6921665440115441,
        "prior_variance": 0.07665512394382158,
        "source": "pop+cohort+user",
        "lam_js": 0.8768472906403941,
        "n_cohort": 534,
        "z_like": 2.5313043097788266
      },
      "cohort_prior": {
        "mean": 0.6984414526484751,
        "variance": 0.07805127404443395,
        "n": 534
      },
      "user_obs": {
        "slope": 0.006735680174560631,
        "se": 0.008833375530661778,
        "n": 50,
        "at_nominal_step": 0.6735680174560631,
        "se_at_step": 0.8833375530661778,
        "residual_sd": 2.179153214403934,
        "sigma_data_used": 12.0
      },
      "gate": {
        "score": 0.010813458283047805,
        "tier": "not_exposed"
      }
    },
    {
      "action": "bedtime",
      "outcome": "deep_sleep",
      "nominal_step": -0.5,
      "dose_multiplier": 0.7410520507711209,
      "dose_multiplier_raw": 0.7410520507711209,
      "direction_conflict": false,
      "scaled_effect": 0.3298678645893096,
      "posterior": {
        "mean": 0.44513454115140366,
        "variance": 0.7169598474041358,
        "sd": 0.8467348152781576,
        "contraction": 0.2410520507711209,
        "prior_mean": 0.6072164646464647,
        "prior_variance": 0.9446759137205589,
        "source": "pop+cohort+user",
        "lam_js": 0.8768472906403941,
        "n_cohort": 534,
        "z_like": 0.5257071436293478
      },
      "cohort_prior": {
        "mean": 0.6056498876404495,
        "variance": 0.9560138510611396,
        "n": 534
      },
      "user_obs": {
        "slope": 0.07943222599578836,
        "se": 0.8116112493559174,
        "n": 50,
        "at_nominal_step": -0.03971611299789418,
        "se_at_step": 0.4058056246779587,
        "residual_sd": 2.1690189361984777,
        "sigma_data_used": 12.0
      },
      "gate": {
        "score": 0.2410520507711209,
        "tier": "not_exposed"
      }
    },
    {
      "action": "bedtime",
      "outcome": "sleep_quality",
      "nominal_step": -0.5,
      "dose_multiplier": 0.9755875318731233,
      "dose_multiplier_raw": 0.9755875318731233,
      "direction_conflict": false,
      "scaled_effect": 0.39674243480079735,
      "posterior": {
        "mean": 0.4066702595502157,
        "variance": 0.46510204387317994,
        "sd": 0.6819839029428627,
        "contraction": 0.4755875318731233,
        "prior_mean": 0.4607862962962966,
        "prior_variance": 0.8869011935098631,
        "source": "pop+cohort+user",
        "lam_js": 0.8768472906403941,
        "n_cohort": 534,
        "z_like": 0.5963047775693423
      },
      "cohort_prior": {
        "mean": 0.46373086142322145,
        "variance": 0.8849888909576128,
        "n": 534
      },
      "user_obs": {
        "slope": -0.6878038992794514,
        "se": 0.5104828127053781,
        "n": 50,
        "at_nominal_step": 0.3439019496397257,
        "se_at_step": 0.25524140635268905,
        "residual_sd": 1.3642576889373093,
        "sigma_data_used": 7.0
      },
      "gate": {
        "score": 0.4755875318731233,
        "tier": "possible"
      }
    },
    {
      "action": "running_volume",
      "outcome": "hrv_daily",
      "nominal_step": 30.0,
      "dose_multiplier": 1.089552313301898,
      "dose_multiplier_raw": 1.089552313301898,
      "direction_conflict": false,
      "scaled_effect": 0.055547446063820956,
      "posterior": {
        "mean": 0.05098189906594198,
        "variance": 0.12376706053180914,
        "sd": 0.3518054299350838,
        "contraction": 0.589552313301898,
        "prior_mean": 0.14166006734006745,
        "prior_variance": 0.3015416203888705,
        "source": "pop+cohort+user",
        "lam_js": 0.8768472906403941,
        "n_cohort": 534,
        "z_like": 0.14491504316846193
      },
      "cohort_prior": {
        "mean": 0.13417902621722846,
        "variance": 0.24427088794406634,
        "n": 534
      },
      "user_obs": {
        "slope": -0.03141422001509911,
        "se": 0.22923628171212362,
        "n": 50,
        "at_nominal_step": -0.03141422001509911,
        "se_at_step": 0.22923628171212362,
        "residual_sd": 1.7251037881531388,
        "sigma_data_used": 3.5
      },
      "gate": {
        "score": 0.589552313301898,
        "tier": "possible"
      }
    },
    {
      "action": "sleep_duration",
      "outcome": "hrv_daily",
      "nominal_step": 0.5,
      "dose_multiplier": 0.5223572682385516,
      "dose_multiplier_raw": 0.5223572682385516,
      "direction_conflict": false,
      "scaled_effect": 0.0710490080835738,
      "posterior": {
        "mean": 0.13601611847607514,
        "variance": 0.002868145655871879,
        "sd": 0.053555071243271433,
        "contraction": 0.022357268238551553,
        "prior_mean": 0.13540993265993234,
        "prior_variance": 0.0029337359780747863,
        "source": "pop+cohort+user",
        "lam_js": 0.8768472906403941,
        "n_cohort": 534,
        "z_like": 2.5397430218742163
      },
      "cohort_prior": {
        "mean": 0.13457651150347733,
        "variance": 0.002897733991751291,
        "n": 534
      },
      "user_obs": {
        "slope": 0.4977688609531751,
        "se": 1.0520155613101874,
        "n": 50,
        "at_nominal_step": 0.24888443047658754,
        "se_at_step": 0.5260077806550937,
        "residual_sd": 1.7251037881531397,
        "sigma_data_used": 3.5
      },
      "gate": {
        "score": 0.022357268238551553,
        "tier": "not_exposed"
      }
    },
    {
      "action": "training_load",
      "outcome": "hrv_daily",
      "nominal_step": 100.0,
      "dose_multiplier": 1.4434832905273263,
      "dose_multiplier_raw": 1.4434832905273263,
      "direction_conflict": false,
      "scaled_effect": -5.7136860885259555,
      "posterior": {
        "mean": -3.958262714934968,
        "variance": 0.23117899526085767,
        "sd": 0.480810768661495,
        "contraction": 0.9434832905273264,
        "prior_mean": -5.056217651515151,
        "prior_variance": 4.090453910318943,
        "source": "pop+cohort+user",
        "lam_js": 0.8768472906403941,
        "n_cohort": 534,
        "z_like": -8.232475170957958
      },
      "cohort_prior": {
        "mean": -5.061554325842696,
        "variance": 4.099093150953106,
        "n": 534
      },
      "user_obs": {
        "slope": -0.03892341868434602,
        "se": 0.029065752150398427,
        "n": 50,
        "at_nominal_step": -3.892341868434602,
        "se_at_step": 2.9065752150398425,
        "residual_sd": 1.7251037881531397,
        "sigma_data_used": 3.5
      },
      "gate": {
        "score": 0.9434832905273264,
        "tier": "recommended"
      }
    },
    {
      "action": "training_load",
      "outcome": "resting_hr",
      "nominal_step": 100.0,
      "dose_multiplier": 1.4044289164043262,
      "dose_multiplier_raw": 1.4044289164043262,
      "direction_conflict": false,
      "scaled_effect": 0.8408520299325759,
      "posterior": {
        "mean": 0.5987145523073949,
        "variance": 0.026051620062410456,
        "sd": 0.16140514261451044,
        "contraction": 0.9044289164043262,
        "prior_mean": 1.305251261157877,
        "prior_variance": 0.2725889367606766,
        "source": "pop+cohort+user",
        "lam_js": 0.8768472906403941,
        "n_cohort": 534,
        "z_like": 3.7093895684434655
      },
      "cohort_prior": {
        "mean": 1.306352479669686,