{
  "pid": 1032,
  "cohort": "cohort_c",
  "age": 31,
  "is_female": false,
  "effects_bayesian": [
    {
      "action": "active_energy",
      "outcome": "deep_sleep",
      "nominal_step": 100.0,
      "dose_multiplier": 0.5174878149178698,
      "dose_multiplier_raw": 0.5174878149178698,
      "direction_conflict": false,
      "scaled_effect": 0.3517239845265921,
      "posterior": {
        "mean": 0.6796758771651735,
        "variance": 0.07531459332378566,
        "sd": 0.2744350439061777,
        "contraction": 0.01748781491786977,
        "prior_mean": 0.6921665440115441,
        "prior_variance": 0.07665512394382158,
        "source": "pop+cohort+user",
        "lam_js": 0.7603833865814696,
        "n_cohort": 238,
        "z_like": 2.4766366113124287
      },
      "cohort_prior": {
        "mean": 0.6920608463385354,
        "variance": 0.07663171440556958,
        "n": 238
      },
      "user_obs": {
        "slope": -0.000269513587777645,
        "se": 0.009773341405718948,
        "n": 33,
        "at_nominal_step": -0.0269513587777645,
        "se_at_step": 0.9773341405718947,
        "residual_sd": 2.030377050394023,
        "sigma_data_used": 12.0
      },
      "gate": {
        "score": 0.01748781491786977,
        "tier": "not_exposed"
      }
    },
    {
      "action": "bedtime",
      "outcome": "deep_sleep",
      "nominal_step": -0.5,
      "dose_multiplier": 0.682522563841356,
      "dose_multiplier_raw": 0.682522563841356,
      "direction_conflict": false,
      "scaled_effect": 0.41973745594026124,
      "posterior": {
        "mean": 0.6149796038652636,
        "variance": 0.7722512439491069,
        "sd": 0.8787782677951856,
        "contraction": 0.182522563841356,
        "prior_mean": 0.6072164646464647,
        "prior_variance": 0.9446759137205589,
        "source": "pop+cohort+user",
        "lam_js": 0.7603833865814696,
        "n_cohort": 238,
        "z_like": 0.6998120304092399
      },
      "cohort_prior": {
        "mean": 0.5855927731092442,
        "variance": 0.9363184076048073,
        "n": 238
      },
      "user_obs": {
        "slope": -1.4550958839831611,
        "se": 1.136987782641839,
        "n": 33,
        "at_nominal_step": 0.7275479419915806,
        "se_at_step": 0.5684938913209195,
        "residual_sd": 2.0501245472505905,
        "sigma_data_used": 12.0
      },
      "gate": {
        "score": 0.182522563841356,
        "tier": "not_exposed"
      }
    },
    {
      "action": "bedtime",
      "outcome": "sleep_quality",
      "nominal_step": -0.5,
      "dose_multiplier": 0.8794737405424626,
      "dose_multiplier_raw": 0.8794737405424626,
      "direction_conflict": false,
      "scaled_effect": 0.23140984203141252,
      "posterior": {
        "mean": 0.263123083002658,
        "variance": 0.5503454801171008,
        "sd": 0.7418527347911449,
        "contraction": 0.37947374054246263,
        "prior_mean": 0.4607862962962966,
        "prior_variance": 0.8869011935098631,
        "source": "pop+cohort+user",
        "lam_js": 0.7603833865814696,
        "n_cohort": 238,
        "z_like": 0.35468371371136825
      },
      "cohort_prior": {
        "mean": 0.42567579831932817,
        "variance": 0.8706033108101122,
        "n": 238
      },
      "user_obs": {
        "slope": 0.054363778921222426,
        "se": 0.6064759000380934,
        "n": 33,
        "at_nominal_step": -0.027181889460611213,
        "se_at_step": 0.3032379500190467,
        "residual_sd": 1.0935483643412698,
        "sigma_data_used": 7.0
      },
      "gate": {
        "score": 0.37947374054246263,
        "tier": "possible"
      }
    },
    {
      "action": "running_volume",
      "outcome": "hrv_daily",
      "nominal_step": 30.0,
      "dose_multiplier": 0.8123368620394839,
      "dose_multiplier_raw": 0.8123368620394839,
      "direction_conflict": false,
      "scaled_effect": 0.01644747528365409,
      "posterior": {
        "mean": 0.02024711182299475,
        "variance": 0.20735905690230944,
        "sd": 0.4553669475294726,
        "contraction": 0.31233686203948385,
        "prior_mean": 0.14166006734006745,
        "prior_variance": 0.3015416203888705,
        "source": "pop+cohort+user",
        "lam_js": 0.7603833865814696,
        "n_cohort": 238,
        "z_like": 0.04446328819612957
      },
      "cohort_prior": {
        "mean": 0.19654117647058833,
        "variance": 0.5699868837170512,
        "n": 238
      },
      "user_obs": {
        "slope": -0.10866736914833466,
        "se": 0.28580140501166695,
        "n": 33,
        "at_nominal_step": -0.10866736914833466,
        "se_at_step": 0.28580140501166695,
        "residual_sd": 1.7806140630261804,
        "sigma_data_used": 3.5
      },
      "gate": {
        "score": 0.31233686203948385,
        "tier": "possible"
      }
    },
    {
      "action": "sleep_duration",
      "outcome": "hrv_daily",
      "nominal_step": 0.5,
      "dose_multiplier": 0.5,
      "dose_multiplier_raw": 0.5,
      "direction_conflict": false,
      "scaled_effect": 0.07162129234772793,
      "posterior": {
        "mean": 0.14324258469545587,
        "variance": 0.0029360620161550176,
        "sd": 0.05418544099806716,
        "contraction": 0.0,
        "prior_mean": 0.13540993265993234,
        "prior_variance": 0.0029337359780747863,
        "source": "pop+cohort+user",
        "lam_js": 0.7603833865814696,
        "n_cohort": 238,
        "z_like": 2.643562219980187
      },
      "cohort_prior": {
        "mean": 0.13619087635053972,
        "variance": 0.0029676727681804804,
        "n": 238
      },
      "user_obs": {
        "slope": 2.1024480269033305,
        "se": 1.1958684400517186,
        "n": 33,
        "at_nominal_step": 1.0512240134516653,
        "se_at_step": 0.5979342200258593,
        "residual_sd": 1.780614063026182,
        "sigma_data_used": 3.5
      },
      "gate": {
        "score": 0.0,
        "tier": "not_exposed"
      }
    },
    {
      "action": "training_load",
      "outcome": "hrv_daily",
      "nominal_step": 100.0,
      "dose_multiplier": 1.4167610327360245,
      "dose_multiplier_raw": 1.4167610327360245,
      "direction_conflict": false,
      "scaled_effect": -0.5843590926285279,
      "posterior": {
        "mean": -0.4124612966662583,
        "variance": 0.3404851591358391,
        "sd": 0.5835110617082071,
        "contraction": 0.9167610327360245,
        "prior_mean": -5.056217651515151,
        "prior_variance": 4.090453910318943,
        "source": "pop+cohort+user",
        "lam_js": 0.7603833865814696,
        "n_cohort": 238,
        "z_like": -0.7068611440866144
      },
      "cohort_prior": {
        "mean": -5.074865420168067,
        "variance": 4.120681445250819,
        "n": 238
      },
      "user_obs": {
        "slope": 7.892463537407482e-05,
        "se": 0.038078154416117074,
        "n": 33,
        "at_nominal_step": 0.007892463537407482,
        "se_at_step": 3.8078154416117074,
        "residual_sd": 1.7806140630261813,
        "sigma_data_used": 3.5
      },
      "gate": {
        "score": 0.9167610327360245,
        "tier": "recommended"
      }
    },
    {
      "action": "training_load",
      "outcome": "resting_hr",
      "nominal_step": 100.0,
      "dose_multiplier": 1.3619235804720524,
      "dose_multiplier_raw": 1.3619235804720524,
      "direction_conflict": false,
      "scaled_effect": 1.6991568700901116,
      "posterior": {
        "mean": 1.2476154275125861,
        "variance": 0.03763810439084435,
        "sd": 0.19400542361192985,
        "contraction": 0.8619235804720524,
        "prior_mean": 1.305251261157877,
        "prior_variance": 0.2725889367606766,
        "source": "pop+cohort+user",
        "lam_js": 0.7603833865814696,
        "n_cohort": 238,
        "z_like": 6.430827573192997
      },
      "cohort_prior": {
        "mean": 1.3090992134188058,
        "variance": 0.2741985200917978,
        "n": 238
      },