{
  "pid": 569,
  "cohort": "cohort_b",
  "age": 33,
  "is_female": true,
  "effects_bayesian": [
    {
      "action": "active_energy",
      "outcome": "deep_sleep",
      "nominal_step": 100.0,
      "dose_multiplier": 0.5444628231696331,
      "dose_multiplier_raw": 0.5444628231696331,
      "direction_conflict": false,
      "scaled_effect": 0.3672632264543044,
      "posterior": {
        "mean": 0.6745423393947316,
        "variance": 0.07324682072286114,
        "sd": 0.2706414985231591,
        "contraction": 0.044462823169633126,
        "prior_mean": 0.6921665440115441,
        "prior_variance": 0.07665512394382158,
        "source": "pop+cohort+user",
        "lam_js": 0.8472505091649695,
        "n_cohort": 416,
        "z_like": 2.4923832563578947
      },
      "cohort_prior": {
        "mean": 0.6841722046703297,
        "variance": 0.07489465690295352,
        "n": 416
      },
      "user_obs": {
        "slope": 0.002587417799289775,
        "se": 0.008023031956855184,
        "n": 50,
        "at_nominal_step": 0.2587417799289775,
        "se_at_step": 0.8023031956855183,
        "residual_sd": 2.2647647521151493,
        "sigma_data_used": 12.0
      },
      "gate": {
        "score": 0.044462823169633126,
        "tier": "not_exposed"
      }
    },
    {
      "action": "bedtime",
      "outcome": "deep_sleep",
      "nominal_step": -0.5,
      "dose_multiplier": 0.7501521865416325,
      "dose_multiplier_raw": 0.7501521865416325,
      "direction_conflict": false,
      "scaled_effect": 0.441222415574631,
      "posterior": {
        "mean": 0.5881772038934712,
        "variance": 0.7083631683301466,
        "sd": 0.8416431359728104,
        "contraction": 0.2501521865416325,
        "prior_mean": 0.6072164646464647,
        "prior_variance": 0.9446759137205589,
        "source": "pop+cohort+user",
        "lam_js": 0.8472505091649695,
        "n_cohort": 416,
        "z_like": 0.6988439384272154
      },
      "cohort_prior": {
        "mean": 0.6215986538461539,
        "variance": 0.9384823525592582,
        "n": 416
      },
      "user_obs": {
        "slope": -0.9849033374912555,
        "se": 0.7149912243881172,
        "n": 50,
        "at_nominal_step": 0.49245166874562774,
        "se_at_step": 0.3574956121940586,
        "residual_sd": 2.2813335604070377,
        "sigma_data_used": 12.0
      },
      "gate": {
        "score": 0.2501521865416325,
        "tier": "not_exposed"
      }
    },
    {
      "action": "bedtime",
      "outcome": "sleep_quality",
      "nominal_step": -0.5,
      "dose_multiplier": 0.971394988779228,
      "dose_multiplier_raw": 0.971394988779228,
      "direction_conflict": false,
      "scaled_effect": 0.4255969276179033,
      "posterior": {
        "mean": 0.43812963061788046,
        "variance": 0.46882041534699725,
        "sd": 0.6847046190489715,
        "contraction": 0.47139498877922803,
        "prior_mean": 0.4607862962962966,
        "prior_variance": 0.8869011935098631,
        "source": "pop+cohort+user",
        "lam_js": 0.8472505091649695,
        "n_cohort": 416,
        "z_like": 0.639881225317898
      },
      "cohort_prior": {
        "mean": 0.4770937500000001,
        "variance": 0.9009695161433738,
        "n": 416
      },
      "user_obs": {
        "slope": -0.7967220385309468,
        "se": 0.31903015043216554,
        "n": 50,
        "at_nominal_step": 0.3983610192654734,
        "se_at_step": 0.15951507521608277,
        "residual_sd": 1.0179344363078882,
        "sigma_data_used": 7.0
      },
      "gate": {
        "score": 0.47139498877922803,
        "tier": "possible"
      }
    },
    {
      "action": "running_volume",
      "outcome": "hrv_daily",
      "nominal_step": 30.0,
      "dose_multiplier": 0.5,
      "dose_multiplier_raw": 1.1081114586851646,
      "direction_conflict": true,
      "scaled_effect": -0.003713835880898505,
      "posterior": {
        "mean": -0.00742767176179701,
        "variance": 0.11817070575990628,
        "sd": 0.34375966278768993,
        "contraction": 0.6081114586851646,
        "prior_mean": 0.14166006734006745,
        "prior_variance": 0.3015416203888705,
        "source": "pop+cohort+user",
        "lam_js": 0.8472505091649695,
        "n_cohort": 416,
        "z_like": -0.02160716502210566
      },
      "cohort_prior": {
        "mean": 0.11986480769230796,
        "variance": 0.2186938498312511,
        "n": 416
      },
      "user_obs": {
        "slope": -0.147620261709636,
        "se": 0.2684658776067972,
        "n": 50,
        "at_nominal_step": -0.147620261709636,
        "se_at_step": 0.2684658776067972,
        "residual_sd": 1.5793181746896274,
        "sigma_data_used": 3.5
      },
      "gate": {
        "score": 0.3040557293425823,
        "tier": "possible"
      }
    },
    {
      "action": "sleep_duration",
      "outcome": "hrv_daily",
      "nominal_step": 0.5,
      "dose_multiplier": 0.5042135193375271,
      "dose_multiplier_raw": 0.5042135193375271,
      "direction_conflict": false,
      "scaled_effect": 0.0665736473688062,
      "posterior": {
        "mean": 0.13203463377236604,
        "variance": 0.002921374624799969,
        "sd": 0.054049742134444724,
        "contraction": 0.004213519337527116,
        "prior_mean": 0.13540993265993234,
        "prior_variance": 0.0029337359780747863,
        "source": "pop+cohort+user",
        "lam_js": 0.8472505091649695,
        "n_cohort": 416,
        "z_like": 2.442835591036488
      },
      "cohort_prior": {
        "mean": 0.13603296703296702,
        "variance": 0.002960794899166767,
        "n": 416
      },
      "user_obs": {
        "slope": -0.38279938703694066,
        "se": 0.765180332450505,
        "n": 50,
        "at_nominal_step": -0.19139969351847033,
        "se_at_step": 0.3825901662252525,
        "residual_sd": 1.5793181746896279,
        "sigma_data_used": 3.5
      },
      "gate": {
        "score": 0.004213519337527116,
        "tier": "not_exposed"
      }
    },
    {
      "action": "training_load",
      "outcome": "hrv_daily",
      "nominal_step": 100.0,
      "dose_multiplier": 0.5,
      "dose_multiplier_raw": 1.4435080339977748,
      "direction_conflict": true,
      "scaled_effect": 0.5643580173698048,
      "posterior": {
        "mean": 1.1287160347396097,
        "variance": 0.2310777832354069,
        "sd": 0.4807055057261222,
        "contraction": 0.9435080339977748,
        "prior_mean": -5.056217651515151,
        "prior_variance": 4.090453910318943,
        "source": "pop+cohort+user",
        "lam_js": 0.8472505091649695,
        "n_cohort": 416,
        "z_like": 2.3480405805517983
      },
      "cohort_prior": {
        "mean": -5.038698533653847,
        "variance": 4.062157266087269,
        "n": 416
      },
      "user_obs": {
        "slope": 0.01500458128044499,
        "se": 0.021359248601022948,
        "n": 50,
        "at_nominal_step": 1.500458128044499,
        "se_at_step": 2.135924860102295,
        "residual_sd": 1.5793181746896277,
        "sigma_data_used": 3.5
      },
      "gate": {
        "score": 0.4717540169988874,
        "tier": "possible"
      }
    },
    {
      "action": "training_load",
      "outcome": "resting_hr",
      "nominal_step": 100.0,
      "dose_multiplier": 1.4044854249881205,
      "dose_multiplier_raw": 1.4044854249881205,
      "direction_conflict": false,
      "scaled_effect": 1.95853137799227,
      "posterior": {
        "mean": 1.3944832343196696,
        "variance": 0.026036216447636103,
        "sd": 0.161357418322295,
        "contraction": 0.9044854249881206,
        "prior_mean": 1.305251261157877,
        "prior_variance": 0.2725889367606766,
        "source": "pop+cohort+user",
        "lam_js": 0.8472505091649695,
        "n_cohort": 416,
        "z_like": 8.642200952511098
      },
      "cohort_prior": {
        "mean": 1.3016362050919952,
        "variance": 0.2710810896650065,
        "n": 416
      },