{
  "pid": 467,
  "cohort": "cohort_a",
  "age": 30,
  "is_female": false,
  "effects_bayesian": [
    {
      "action": "active_energy",
      "outcome": "deep_sleep",
      "nominal_step": 100.0,
      "dose_multiplier": 0.5154792385865138,
      "dose_multiplier_raw": 0.5154792385865138,
      "direction_conflict": false,
      "scaled_effect": 0.3380957324330661,
      "posterior": {
        "mean": 0.6558862261070926,
        "variance": 0.07546856099141638,
        "sd": 0.27471541819019984,
        "contraction": 0.015479238586513788,
        "prior_mean": 0.6921665440115441,
        "prior_variance": 0.07665512394382158,
        "source": "pop+cohort+user",
        "lam_js": 0.8768472906403941,
        "n_cohort": 534,
        "z_like": 2.387511521661257
      },
      "cohort_prior": {
        "mean": 0.6984414526484751,
        "variance": 0.07805127404443395,
        "n": 534
      },
      "user_obs": {
        "slope": -0.0065358957616777485,
        "se": 0.00790593956928679,
        "n": 59,
        "at_nominal_step": -0.6535895761677748,
        "se_at_step": 0.7905939569286791,
        "residual_sd": 2.1291974539264347,
        "sigma_data_used": 12.0
      },
      "gate": {
        "score": 0.015479238586513788,
        "tier": "not_exposed"
      }
    },
    {
      "action": "bedtime",
      "outcome": "deep_sleep",
      "nominal_step": -0.5,
      "dose_multiplier": 0.7736019408727779,
      "dose_multiplier_raw": 0.7736019408727779,
      "direction_conflict": false,
      "scaled_effect": 0.6445975219188609,
      "posterior": {
        "mean": 0.8332418623350735,
        "variance": 0.6862107502308491,
        "sd": 0.8283783859027523,
        "contraction": 0.2736019408727779,
        "prior_mean": 0.6072164646464647,
        "prior_variance": 0.9446759137205589,
        "source": "pop+cohort+user",
        "lam_js": 0.8768472906403941,
        "n_cohort": 534,
        "z_like": 1.0058710807948243
      },
      "cohort_prior": {
        "mean": 0.6056498876404495,
        "variance": 0.9560138510611396,
        "n": 534
      },
      "user_obs": {
        "slope": -2.829287343984287,
        "se": 0.7534359754824445,
        "n": 59,
        "at_nominal_step": 1.4146436719921436,
        "se_at_step": 0.3767179877412222,
        "residual_sd": 2.1481423340129937,
        "sigma_data_used": 12.0
      },
      "gate": {
        "score": 0.2736019408727779,
        "tier": "not_exposed"
      }
    },
    {
      "action": "bedtime",
      "outcome": "sleep_quality",
      "nominal_step": -0.5,
      "dose_multiplier": 1.016860633157724,
      "dose_multiplier_raw": 1.016860633157724,
      "direction_conflict": false,
      "scaled_effect": 0.5541381565855309,
      "posterior": {
        "mean": 0.5449499552999012,
        "variance": 0.4284968810840142,
        "sd": 0.6545967316478246,
        "contraction": 0.5168606331577239,
        "prior_mean": 0.4607862962962966,
        "prior_variance": 0.8869011935098631,
        "source": "pop+cohort+user",
        "lam_js": 0.8768472906403941,
        "n_cohort": 534,
        "z_like": 0.8324972138618716
      },
      "cohort_prior": {
        "mean": 0.46373086142322145,
        "variance": 0.8849888909576128,
        "n": 534
      },
      "user_obs": {
        "slope": -1.2429782676893875,
        "se": 0.36677861954792446,
        "n": 59,
        "at_nominal_step": 0.6214891338446937,
        "se_at_step": 0.18338930977396223,
        "residual_sd": 1.0457327569966834,
        "sigma_data_used": 7.0
      },
      "gate": {
        "score": 0.5168606331577239,
        "tier": "possible"
      }
    },
    {
      "action": "running_volume",
      "outcome": "hrv_daily",
      "nominal_step": 30.0,
      "dose_multiplier": 0.5,
      "dose_multiplier_raw": 1.1237638093389757,
      "direction_conflict": true,
      "scaled_effect": -0.020939309522184014,
      "posterior": {
        "mean": -0.04187861904436803,
        "variance": 0.1134508705808613,
        "sd": 0.3368246881997537,
        "contraction": 0.6237638093389757,
        "prior_mean": 0.14166006734006745,
        "prior_variance": 0.3015416203888705,
        "source": "pop+cohort+user",
        "lam_js": 0.8768472906403941,
        "n_cohort": 534,
        "z_like": -0.12433357919278155
      },
      "cohort_prior": {
        "mean": 0.13417902621722846,
        "variance": 0.24427088794406634,
        "n": 534
      },
      "user_obs": {
        "slope": -0.18878991159633768,
        "se": 0.18828960106997625,
        "n": 59,
        "at_nominal_step": -0.18878991159633768,
        "se_at_step": 0.18828960106997625,
        "residual_sd": 1.3416124442056894,
        "sigma_data_used": 3.5
      },
      "gate": {
        "score": 0.31188190466948784,
        "tier": "possible"
      }
    },
    {
      "action": "sleep_duration",
      "outcome": "hrv_daily",
      "nominal_step": 0.5,
      "dose_multiplier": 0.5244130339257386,
      "dose_multiplier_raw": 0.5244130339257386,
      "direction_conflict": false,
      "scaled_effect": 0.06975794316498792,
      "posterior": {
        "mean": 0.13302099423956393,
        "variance": 0.0028621145821128868,
        "sd": 0.053498734397300345,
        "contraction": 0.02441303392573857,
        "prior_mean": 0.13540993265993234,
        "prior_variance": 0.0029337359780747863,
        "source": "pop+cohort+user",
        "lam_js": 0.8768472906403941,
        "n_cohort": 534,
        "z_like": 2.4864325434636156
      },
      "cohort_prior": {
        "mean": 0.13457651150347733,
        "variance": 0.002897733991751291,
        "n": 534
      },
      "user_obs": {
        "slope": 0.028782315848584972,
        "se": 0.6458683568989833,
        "n": 59,
        "at_nominal_step": 0.014391157924292486,
        "se_at_step": 0.3229341784494916,
        "residual_sd": 1.3416124442056896,
        "sigma_data_used": 3.5
      },
      "gate": {
        "score": 0.02441303392573857,
        "tier": "not_exposed"
      }
    },
    {
      "action": "training_load",
      "outcome": "hrv_daily",
      "nominal_step": 100.0,
      "dose_multiplier": 0.5,
      "dose_multiplier_raw": 1.4516887526218638,
      "direction_conflict": true,
      "scaled_effect": 0.23599226014285282,
      "posterior": {
        "mean": 0.47198452028570564,
        "variance": 0.1976149307502823,
        "sd": 0.4445390092559733,
        "contraction": 0.9516887526218639,
        "prior_mean": -5.056217651515151,
        "prior_variance": 4.090453910318943,
        "source": "pop+cohort+user",
        "lam_js": 0.8768472906403941,
        "n_cohort": 534,
        "z_like": 1.0617392635028093
      },
      "cohort_prior": {
        "mean": -5.061554325842696,
        "variance": 4.099093150953106,
        "n": 534
      },
      "user_obs": {
        "slope": 0.007523087354927889,
        "se": 0.015300338836120185,
        "n": 59,
        "at_nominal_step": 0.7523087354927889,
        "se_at_step": 1.5300338836120186,
        "residual_sd": 1.34161244420569,
        "sigma_data_used": 3.5
      },
      "gate": {
        "score": 0.47584437631093196,
        "tier": "possible"
      }
    },
    {
      "action": "training_load",
      "outcome": "resting_hr",
      "nominal_step": 100.0,
      "dose_multiplier": 1.417811124836331,
      "dose_multiplier_raw": 1.417811124836331,
      "direction_conflict": false,
      "scaled_effect": 1.6693200070873428,
      "posterior": {
        "mean": 1.1773923746578343,
        "variance": 0.022403778094420478,
        "sd": 0.14967891666637784,
        "contraction": 0.9178111248363311,
        "prior_mean": 1.305251261157877,
        "prior_variance": 0.2725889367606766,
        "source": "pop+cohort+user",
        "lam_js": 0.8768472906403941,
        "n_cohort": 534,
        "z_like": 7.866120365382831
      },
      "cohort_prior": {
        "mean": 1.306352479669686,
        "variance": 0.273049088182262,
        "n": 534
      },