{
  "pid": 764,
  "cohort": "cohort_b",
  "age": 31,
  "is_female": true,
  "effects_bayesian": [
    {
      "action": "active_energy",
      "outcome": "deep_sleep",
      "nominal_step": 100.0,
      "dose_multiplier": 0.5468868685400723,
      "dose_multiplier_raw": 0.5468868685400723,
      "direction_conflict": false,
      "scaled_effect": 0.3596463713198918,
      "posterior": {
        "mean": 0.6576248069001482,
        "variance": 0.07306100522454467,
        "sd": 0.27029799337868693,
        "contraction": 0.04688686854007229,
        "prior_mean": 0.6921665440115441,
        "prior_variance": 0.07665512394382158,
        "source": "pop+cohort+user",
        "lam_js": 0.8472505091649695,
        "n_cohort": 416,
        "z_like": 2.432962223211244
      },
      "cohort_prior": {
        "mean": 0.6841722046703297,
        "variance": 0.07489465690295352,
        "n": 416
      },
      "user_obs": {
        "slope": -0.003097073694464988,
        "se": 0.006467028800602089,
        "n": 55,
        "at_nominal_step": -0.3097073694464988,
        "se_at_step": 0.6467028800602088,
        "residual_sd": 1.9802176589250757,
        "sigma_data_used": 12.0
      },
      "gate": {
        "score": 0.04688686854007229,
        "tier": "not_exposed"
      }
    },
    {
      "action": "bedtime",
      "outcome": "deep_sleep",
      "nominal_step": -0.5,
      "dose_multiplier": 0.7681526621992207,
      "dose_multiplier_raw": 0.7681526621992207,
      "direction_conflict": false,
      "scaled_effect": 0.3887714511443515,
      "posterior": {
        "mean": 0.5061122225773442,
        "variance": 0.6913585525409097,
        "sd": 0.8314797366989226,
        "contraction": 0.26815266219922074,
        "prior_mean": 0.6072164646464647,
        "prior_variance": 0.9446759137205589,
        "source": "pop+cohort+user",
        "lam_js": 0.8472505091649695,
        "n_cohort": 416,
        "z_like": 0.6086885828230431
      },
      "cohort_prior": {
        "mean": 0.6215986538461539,
        "variance": 0.9384823525592582,
        "n": 416
      },
      "user_obs": {
        "slope": -0.38074615475949164,
        "se": 0.9520346839188445,
        "n": 55,
        "at_nominal_step": 0.19037307737974582,
        "se_at_step": 0.47601734195942225,
        "residual_sd": 2.001087239966347,
        "sigma_data_used": 12.0
      },
      "gate": {
        "score": 0.26815266219922074,
        "tier": "not_exposed"
      }
    },
    {
      "action": "bedtime",
      "outcome": "sleep_quality",
      "nominal_step": -0.5,
      "dose_multiplier": 0.9955283177197801,
      "dose_multiplier_raw": 0.9955283177197801,
      "direction_conflict": false,
      "scaled_effect": 0.46360239424078137,
      "posterior": {
        "mean": 0.465684788658393,
        "variance": 0.44741653710625545,
        "sd": 0.6688920220082277,
        "contraction": 0.4955283177197801,
        "prior_mean": 0.4607862962962966,
        "prior_variance": 0.8869011935098631,
        "source": "pop+cohort+user",
        "lam_js": 0.8472505091649695,
        "n_cohort": 416,
        "z_like": 0.6962032336104987
      },
      "cohort_prior": {
        "mean": 0.4770937500000001,
        "variance": 0.9009695161433738,
        "n": 416
      },
      "user_obs": {
        "slope": -0.9136899925524363,
        "se": 0.6299616257553786,
        "n": 55,
        "at_nominal_step": 0.45684499627621816,
        "se_at_step": 0.3149808128776893,
        "residual_sd": 1.3241200055637923,
        "sigma_data_used": 7.0
      },
      "gate": {
        "score": 0.4955283177197801,
        "tier": "possible"
      }
    },
    {
      "action": "running_volume",
      "outcome": "hrv_daily",
      "nominal_step": 30.0,
      "dose_multiplier": 1.1261436500042739,
      "dose_multiplier_raw": 1.1261436500042739,
      "direction_conflict": false,
      "scaled_effect": 0.11304028167331821,
      "posterior": {
        "mean": 0.10037820812015343,
        "variance": 0.11273324957037997,
        "sd": 0.33575772451334607,
        "contraction": 0.6261436500042739,
        "prior_mean": 0.14166006734006745,
        "prior_variance": 0.3015416203888705,
        "source": "pop+cohort+user",
        "lam_js": 0.8472505091649695,
        "n_cohort": 416,
        "z_like": 0.29896023469197497
      },
      "cohort_prior": {
        "mean": 0.11986480769230796,
        "variance": 0.2186938498312511,
        "n": 416
      },
      "user_obs": {
        "slope": 0.07811677925619902,
        "se": 0.24542297830022242,
        "n": 55,
        "at_nominal_step": 0.07811677925619902,
        "se_at_step": 0.24542297830022242,
        "residual_sd": 1.587860139918706,
        "sigma_data_used": 3.5
      },
      "gate": {
        "score": 0.6261436500042739,
        "tier": "possible"
      }
    },
    {
      "action": "sleep_duration",
      "outcome": "hrv_daily",
      "nominal_step": 0.5,
      "dose_multiplier": 0.505399478816873,
      "dose_multiplier_raw": 0.505399478816873,
      "direction_conflict": false,
      "scaled_effect": 0.06497074639061762,
      "posterior": {
        "mean": 0.12855325166284787,
        "variance": 0.0029178953328068734,
        "sd": 0.054017546527095006,
        "contraction": 0.005399478816872971,
        "prior_mean": 0.13540993265993234,
        "prior_variance": 0.0029337359780747863,
        "source": "pop+cohort+user",
        "lam_js": 0.8472505091649695,
        "n_cohort": 416,
        "z_like": 2.379842475784531
      },
      "cohort_prior": {
        "mean": 0.13603296703296702,
        "variance": 0.002960794899166767,
        "n": 416
      },
      "user_obs": {
        "slope": -0.8554712517670502,
        "se": 0.8676201035545384,
        "n": 55,
        "at_nominal_step": -0.4277356258835251,
        "se_at_step": 0.4338100517772692,
        "residual_sd": 1.5878601399187062,
        "sigma_data_used": 3.5
      },
      "gate": {
        "score": 0.005399478816872971,
        "tier": "not_exposed"
      }
    },
    {
      "action": "training_load",
      "outcome": "hrv_daily",
      "nominal_step": 100.0,
      "dose_multiplier": 0.5,
      "dose_multiplier_raw": 1.4483769857141442,
      "direction_conflict": true,
      "scaled_effect": 0.5012736564375039,
      "posterior": {
        "mean": 1.0025473128750078,
        "variance": 0.21116156064802916,
        "sd": 0.4595231883681488,
        "contraction": 0.9483769857141443,
        "prior_mean": -5.056217651515151,
        "prior_variance": 4.090453910318943,
        "source": "pop+cohort+user",
        "lam_js": 0.8472505091649695,
        "n_cohort": 416,
        "z_like": 2.1817121273797677
      },
      "cohort_prior": {
        "mean": -5.038698533653847,
        "variance": 4.062157266087269,
        "n": 416
      },
      "user_obs": {
        "slope": 0.013335841744709373,
        "se": 0.020530113391520385,
        "n": 55,
        "at_nominal_step": 1.3335841744709374,
        "se_at_step": 2.0530113391520386,
        "residual_sd": 1.587860139918705,
        "sigma_data_used": 3.5
      },
      "gate": {
        "score": 0.47418849285707215,
        "tier": "possible"
      }
    },
    {
      "action": "training_load",
      "outcome": "resting_hr",
      "nominal_step": 100.0,
      "dose_multiplier": 0.5,
      "dose_multiplier_raw": 1.412404378340203,
      "direction_conflict": true,
      "scaled_effect": -0.16061303917342432,
      "posterior": {
        "mean": -0.32122607834684863,
        "variance": 0.02387759737313458,
        "sd": 0.15452377607712858,
        "contraction": 0.9124043783402029,
        "prior_mean": 1.305251261157877,
        "prior_variance": 0.2725889367606766,
        "source": "pop+cohort+user",
        "lam_js": 0.8472505091649695,
        "n_cohort": 416,
        "z_like": -2.07881328363677
      },
      "cohort_prior": {
        "mean": 1.3016362050919952,
        "variance": 0.2710810896650065,
        "n": 416
      },