{
  "pid": 1121,
  "cohort": "cohort_c",
  "age": 35,
  "is_female": true,
  "effects_bayesian": [
    {
      "action": "active_energy",
      "outcome": "deep_sleep",
      "nominal_step": 100.0,
      "dose_multiplier": 0.5210717944862044,
      "dose_multiplier_raw": 0.5210717944862044,
      "direction_conflict": false,
      "scaled_effect": 0.34919410577609533,
      "posterior": {
        "mean": 0.6701458598817718,
        "variance": 0.07503986292576284,
        "sd": 0.27393404849664604,
        "contraction": 0.021071794486204443,
        "prior_mean": 0.6921665440115441,
        "prior_variance": 0.07665512394382158,
        "source": "pop+cohort+user",
        "lam_js": 0.7603833865814696,
        "n_cohort": 238,
        "z_like": 2.4463766499985735
      },
      "cohort_prior": {
        "mean": 0.6920608463385354,
        "variance": 0.07663171440556958,
        "n": 238
      },
      "user_obs": {
        "slope": -0.0036048941885088222,
        "se": 0.007087509188845074,
        "n": 40,
        "at_nominal_step": -0.3604894188508822,
        "se_at_step": 0.7087509188845074,
        "residual_sd": 2.1394355587423783,
        "sigma_data_used": 12.0
      },
      "gate": {
        "score": 0.021071794486204443,
        "tier": "not_exposed"
      }
    },
    {
      "action": "bedtime",
      "outcome": "deep_sleep",
      "nominal_step": -0.5,
      "dose_multiplier": 0.7121003110918089,
      "dose_multiplier_raw": 0.7121003110918089,
      "direction_conflict": false,
      "scaled_effect": 0.33503380145053224,
      "posterior": {
        "mean": 0.4704868067489685,
        "variance": 0.7443098585394895,
        "sd": 0.8627339442374395,
        "contraction": 0.21210031109180894,
        "prior_mean": 0.6072164646464647,
        "prior_variance": 0.9446759137205589,
        "source": "pop+cohort+user",
        "lam_js": 0.7603833865814696,
        "n_cohort": 238,
        "z_like": 0.5453440309049463
      },
      "cohort_prior": {
        "mean": 0.5855927731092442,
        "variance": 0.9363184076048073,
        "n": 238
      },
      "user_obs": {
        "slope": -0.017961698127201227,
        "se": 1.3418811421541985,
        "n": 40,
        "at_nominal_step": 0.008980849063600613,
        "se_at_step": 0.6709405710770993,
        "residual_sd": 2.1549197502128123,
        "sigma_data_used": 12.0
      },
      "gate": {
        "score": 0.21210031109180894,
        "tier": "not_exposed"
      }
    },
    {
      "action": "bedtime",
      "outcome": "sleep_quality",
      "nominal_step": -0.5,
      "dose_multiplier": 0.9247039651839357,
      "dose_multiplier_raw": 0.9247039651839357,
      "direction_conflict": false,
      "scaled_effect": 0.06642680519204426,
      "posterior": {
        "mean": 0.07183575251440724,
        "variance": 0.5102307398998591,
        "sd": 0.7143043748290074,
        "contraction": 0.4247039651839357,
        "prior_mean": 0.4607862962962966,
        "prior_variance": 0.8869011935098631,
        "source": "pop+cohort+user",
        "lam_js": 0.7603833865814696,
        "n_cohort": 238,
        "z_like": 0.10056742622023493
      },
      "cohort_prior": {
        "mean": 0.42567579831932817,
        "variance": 0.8706033108101122,
        "n": 238
      },
      "user_obs": {
        "slope": 0.8712708070321324,
        "se": 0.8341019204353296,
        "n": 40,
        "at_nominal_step": -0.4356354035160662,
        "se_at_step": 0.4170509602176648,
        "residual_sd": 1.3394798135034687,
        "sigma_data_used": 7.0
      },
      "gate": {
        "score": 0.4247039651839357,
        "tier": "possible"
      }
    },
    {
      "action": "running_volume",
      "outcome": "hrv_daily",
      "nominal_step": 30.0,
      "dose_multiplier": 0.8851866436118243,
      "dose_multiplier_raw": 0.8851866436118243,
      "direction_conflict": false,
      "scaled_effect": 0.3299616211995611,
      "posterior": {
        "mean": 0.37275937632002637,
        "variance": 0.18539181572201063,
        "sd": 0.43057149896621194,
        "contraction": 0.3851866436118243,
        "prior_mean": 0.14166006734006745,
        "prior_variance": 0.3015416203888705,
        "source": "pop+cohort+user",
        "lam_js": 0.7603833865814696,
        "n_cohort": 238,
        "z_like": 0.8657316548239012
      },
      "cohort_prior": {
        "mean": 0.19654117647058833,
        "variance": 0.5699868837170512,
        "n": 238
      },
      "user_obs": {
        "slope": 0.4962100698206493,
        "se": 0.33939854950017184,
        "n": 40,
        "at_nominal_step": 0.4962100698206493,
        "se_at_step": 0.33939854950017184,
        "residual_sd": 1.440877147052894,
        "sigma_data_used": 3.5
      },
      "gate": {
        "score": 0.3851866436118243,
        "tier": "possible"
      }
    },
    {
      "action": "sleep_duration",
      "outcome": "hrv_daily",
      "nominal_step": 0.5,
      "dose_multiplier": 0.5008834088890954,
      "dose_multiplier_raw": 0.5008834088890954,
      "direction_conflict": false,
      "scaled_effect": 0.06761808866637536,
      "posterior": {
        "mean": 0.1349976610651666,
        "variance": 0.002931144289633496,
        "sd": 0.05414004331022922,
        "contraction": 0.0008834088890954384,
        "prior_mean": 0.13540993265993234,
        "prior_variance": 0.0029337359780747863,
        "source": "pop+cohort+user",
        "lam_js": 0.7603833865814696,
        "n_cohort": 238,
        "z_like": 2.4934900825921607
      },
      "cohort_prior": {
        "mean": 0.13619087635053972,
        "variance": 0.0029676727681804804,
        "n": 238
      },
      "user_obs": {
        "slope": 0.061772531089613454,
        "se": 0.8998770737902535,
        "n": 40,
        "at_nominal_step": 0.030886265544806727,
        "se_at_step": 0.44993853689512675,
        "residual_sd": 1.4408771470528898,
        "sigma_data_used": 3.5
      },
      "gate": {
        "score": 0.0008834088890954384,
        "tier": "not_exposed"
      }
    },
    {
      "action": "training_load",
      "outcome": "hrv_daily",
      "nominal_step": 100.0,
      "dose_multiplier": 0.5,
      "dose_multiplier_raw": 1.4303184755580025,
      "direction_conflict": true,
      "scaled_effect": 0.8784946970311971,
      "posterior": {
        "mean": 1.7569893940623942,
        "variance": 0.2850290641307539,
        "sd": 0.5338811329600943,
        "contraction": 0.9303184755580024,
        "prior_mean": -5.056217651515151,
        "prior_variance": 4.090453910318943,
        "source": "pop+cohort+user",
        "lam_js": 0.7603833865814696,
        "n_cohort": 238,
        "z_like": 3.29097487360304
      },
      "cohort_prior": {
        "mean": -5.074865420168067,
        "variance": 4.120681445250819,
        "n": 238
      },
      "user_obs": {
        "slope": 0.022653008236105165,
        "se": 0.022013609527093754,
        "n": 40,
        "at_nominal_step": 2.2653008236105165,
        "se_at_step": 2.2013609527093756,
        "residual_sd": 1.4408771470528898,
        "sigma_data_used": 3.5
      },
      "gate": {
        "score": 0.4651592377790012,
        "tier": "possible"
      }
    },
    {
      "action": "training_load",
      "outcome": "resting_hr",
      "nominal_step": 100.0,
      "dose_multiplier": 0.5,
      "dose_multiplier_raw": 1.383279173856041,
      "direction_conflict": true,
      "scaled_effect": -0.11360322240952353,
      "posterior": {
        "mean": -0.22720644481904706,
        "variance": 0.031816805896409575,
        "sd": 0.17837266017080525,
        "contraction": 0.8832791738560409,
        "prior_mean": 1.305251261157877,
        "prior_variance": 0.2725889367606766,
        "source": "pop+cohort+user",
        "lam_js": 0.7603833865814696,
        "n_cohort": 238,
        "z_like": -1.2737739326277906
      },
      "cohort_prior": {
        "mean": 1.3090992134188058,
        "variance": 0.2741985200917978,