{
  "pid": 1054,
  "cohort": "cohort_c",
  "age": 42,
  "is_female": false,
  "effects_bayesian": [
    {
      "action": "active_energy",
      "outcome": "deep_sleep",
      "nominal_step": 100.0,
      "dose_multiplier": 0.5133595692066474,
      "dose_multiplier_raw": 0.5133595692066474,
      "direction_conflict": false,
      "scaled_effect": 0.352867148749737,
      "posterior": {
        "mean": 0.6873684059207517,
        "variance": 0.07563104451044997,
        "sd": 0.2750109897994078,
        "contraction": 0.013359569206647381,
        "prior_mean": 0.6921665440115441,
        "prior_variance": 0.07665512394382158,
        "source": "pop+cohort+user",
        "lam_js": 0.7603833865814696,
        "n_cohort": 238,
        "z_like": 2.499421591922985
      },
      "cohort_prior": {
        "mean": 0.6920608463385354,
        "variance": 0.07663171440556958,
        "n": 238
      },
      "user_obs": {
        "slope": 0.0033278477747940016,
        "se": 0.013577138552662567,
        "n": 25,
        "at_nominal_step": 0.33278477747940016,
        "se_at_step": 1.3577138552662567,
        "residual_sd": 2.029723910020161,
        "sigma_data_used": 12.0
      },
      "gate": {
        "score": 0.013359569206647381,
        "tier": "not_exposed"
      }
    },
    {
      "action": "bedtime",
      "outcome": "deep_sleep",
      "nominal_step": -0.5,
      "dose_multiplier": 0.6458783118318118,
      "dose_multiplier_raw": 0.6458783118318118,
      "direction_conflict": false,
      "scaled_effect": 0.45827331197980453,
      "posterior": {
        "mean": 0.7095350681153387,
        "variance": 0.8068681861988295,
        "sd": 0.8982584183846147,
        "contraction": 0.14587831183181177,
        "prior_mean": 0.6072164646464647,
        "prior_variance": 0.9446759137205589,
        "source": "pop+cohort+user",
        "lam_js": 0.7603833865814696,
        "n_cohort": 238,
        "z_like": 0.7899008276385908
      },
      "cohort_prior": {
        "mean": 0.5855927731092442,
        "variance": 0.9363184076048073,
        "n": 238
      },
      "user_obs": {
        "slope": -2.877148167991362,
        "se": 1.1302900159512266,
        "n": 25,
        "at_nominal_step": 1.438574083995681,
        "se_at_step": 0.5651450079756133,
        "residual_sd": 2.0849974419867925,
        "sigma_data_used": 12.0
      },
      "gate": {
        "score": 0.14587831183181177,
        "tier": "not_exposed"
      }
    },
    {
      "action": "bedtime",
      "outcome": "sleep_quality",
      "nominal_step": -0.5,
      "dose_multiplier": 0.8182136533086442,
      "dose_multiplier_raw": 0.8182136533086442,
      "direction_conflict": false,
      "scaled_effect": 0.4447756500542493,
      "posterior": {
        "mean": 0.5435935323930269,
        "variance": 0.6046771245992928,
        "sd": 0.7776098794378148,
        "contraction": 0.31821365330864415,
        "prior_mean": 0.4607862962962966,
        "prior_variance": 0.8869011935098631,
        "source": "pop+cohort+user",
        "lam_js": 0.7603833865814696,
        "n_cohort": 238,
        "z_like": 0.6990568751338735
      },
      "cohort_prior": {
        "mean": 0.42567579831932817,
        "variance": 0.8706033108101122,
        "n": 238
      },
      "user_obs": {
        "slope": -1.5780744675571061,
        "se": 0.514421083138278,
        "n": 25,
        "at_nominal_step": 0.7890372337785531,
        "se_at_step": 0.257210541569139,
        "residual_sd": 0.9489304756396851,
        "sigma_data_used": 7.0
      },
      "gate": {
        "score": 0.31821365330864415,
        "tier": "possible"
      }
    },
    {
      "action": "running_volume",
      "outcome": "hrv_daily",
      "nominal_step": 30.0,
      "dose_multiplier": 0.7046292139908236,
      "dose_multiplier_raw": 0.7046292139908236,
      "direction_conflict": false,
      "scaled_effect": 0.14008523358894753,
      "posterior": {
        "mean": 0.19880701907822385,
        "variance": 0.23983739562317663,
        "sd": 0.48973196304016814,
        "contraction": 0.20462921399082357,
        "prior_mean": 0.14166006734006745,
        "prior_variance": 0.3015416203888705,
        "source": "pop+cohort+user",
        "lam_js": 0.7603833865814696,
        "n_cohort": 238,
        "z_like": 0.4059506711468566
      },
      "cohort_prior": {
        "mean": 0.19654117647058833,
        "variance": 0.5699868837170512,
        "n": 238
      },
      "user_obs": {
        "slope": 0.21488697096473255,
        "se": 0.44424151339443146,
        "n": 25,
        "at_nominal_step": 0.21488697096473255,
        "se_at_step": 0.44424151339443146,
        "residual_sd": 1.7655276721278421,
        "sigma_data_used": 3.5
      },
      "gate": {
        "score": 0.20462921399082357,
        "tier": "not_exposed"
      }
    },
    {
      "action": "sleep_duration",
      "outcome": "hrv_daily",
      "nominal_step": 0.5,
      "dose_multiplier": 0.5,
      "dose_multiplier_raw": 0.5,
      "direction_conflict": false,
      "scaled_effect": 0.06480098507938403,
      "posterior": {
        "mean": 0.12960197015876807,
        "variance": 0.0029417025196853855,
        "sd": 0.05423746417086058,
        "contraction": 0.0,
        "prior_mean": 0.13540993265993234,
        "prior_variance": 0.0029337359780747863,
        "source": "pop+cohort+user",
        "lam_js": 0.7603833865814696,
        "n_cohort": 238,
        "z_like": 2.3895285692283075
      },
      "cohort_prior": {
        "mean": 0.13619087635053972,
        "variance": 0.0029676727681804804,
        "n": 238
      },
      "user_obs": {
        "slope": -1.8606838545790692,
        "se": 2.0849878357230995,
        "n": 25,
        "at_nominal_step": -0.9303419272895346,
        "se_at_step": 1.0424939178615498,
        "residual_sd": 1.7655276721278417,
        "sigma_data_used": 3.5
      },
      "gate": {
        "score": 0.0,
        "tier": "not_exposed"
      }
    },
    {
      "action": "training_load",
      "outcome": "hrv_daily",
      "nominal_step": 100.0,
      "dose_multiplier": 1.3929598319929712,
      "dose_multiplier_raw": 1.3929598319929712,
      "direction_conflict": false,
      "scaled_effect": -3.482207248478379,
      "posterior": {
        "mean": -2.4998619260228243,
        "variance": 0.43784287378554687,
        "sd": 0.6616969652231653,
        "contraction": 0.8929598319929714,
        "prior_mean": -5.056217651515151,
        "prior_variance": 4.090453910318943,
        "source": "pop+cohort+user",
        "lam_js": 0.7603833865814696,
        "n_cohort": 238,
        "z_like": -3.7779558580561354
      },
      "cohort_prior": {
        "mean": -5.074865420168067,
        "variance": 4.120681445250819,
        "n": 238
      },
      "user_obs": {
        "slope": -0.02193652242605561,
        "se": 0.03680012046143709,
        "n": 25,
        "at_nominal_step": -2.193652242605561,
        "se_at_step": 3.680012046143709,
        "residual_sd": 1.7655276721278426,
        "sigma_data_used": 3.5
      },
      "gate": {
        "score": 0.8929598319929714,
        "tier": "recommended"
      }
    },
    {
      "action": "training_load",
      "outcome": "resting_hr",
      "nominal_step": 100.0,
      "dose_multiplier": 1.3254184842883467,
      "dose_multiplier_raw": 1.3254184842883467,
      "direction_conflict": false,
      "scaled_effect": 1.9429977319063925,
      "posterior": {
        "mean": 1.4659503809090462,
        "variance": 0.047588989745906946,
        "sd": 0.21814900812496707,
        "contraction": 0.8254184842883466,
        "prior_mean": 1.305251261157877,
        "prior_variance": 0.2725889367606766,
        "source": "pop+cohort+user",
        "lam_js": 0.7603833865814696,
        "n_cohort": 238,
        "z_like": 6.719949788033296
      },
      "cohort_prior": {
        "mean": 1.3090992134188058,
        "variance": 0.2741985200917978,
        "n": 238
      },