{
  "pid": 749,
  "cohort": "cohort_b",
  "age": 35,
  "is_female": false,
  "effects_bayesian": [
    {
      "action": "active_energy",
      "outcome": "deep_sleep",
      "nominal_step": 100.0,
      "dose_multiplier": 0.5425146910927915,
      "dose_multiplier_raw": 0.5425146910927915,
      "direction_conflict": false,
      "scaled_effect": 0.35144350506037836,
      "posterior": {
        "mean": 0.6478045863651416,
        "variance": 0.07339615502867036,
        "sd": 0.2709172475658764,
        "contraction": 0.04251469109279149,
        "prior_mean": 0.6921665440115441,
        "prior_variance": 0.07665512394382158,
        "source": "pop+cohort+user",
        "lam_js": 0.8472505091649695,
        "n_cohort": 416,
        "z_like": 2.391152989281796
      },
      "cohort_prior": {
        "mean": 0.6841722046703297,
        "variance": 0.07489465690295352,
        "n": 416
      },
      "user_obs": {
        "slope": -0.009178122957501117,
        "se": 0.009394178206818274,
        "n": 46,
        "at_nominal_step": -0.9178122957501117,
        "se_at_step": 0.9394178206818273,
        "residual_sd": 2.3336237161296687,
        "sigma_data_used": 12.0
      },
      "gate": {
        "score": 0.04251469109279149,
        "tier": "not_exposed"
      }
    },
    {
      "action": "bedtime",
      "outcome": "deep_sleep",
      "nominal_step": -0.5,
      "dose_multiplier": 0.7351014657309121,
      "dose_multiplier_raw": 0.7351014657309121,
      "direction_conflict": false,
      "scaled_effect": 0.40641031010736084,
      "posterior": {
        "mean": 0.5528628754715741,
        "variance": 0.722581221764167,
        "sd": 0.85004777616565,
        "contraction": 0.23510146573091206,
        "prior_mean": 0.6072164646464647,
        "prior_variance": 0.9446759137205589,
        "source": "pop+cohort+user",
        "lam_js": 0.8472505091649695,
        "n_cohort": 416,
        "z_like": 0.6503903556637703
      },
      "cohort_prior": {
        "mean": 0.6215986538461539,
        "variance": 0.9384823525592582,
        "n": 416
      },
      "user_obs": {
        "slope": -0.6622712640653076,
        "se": 0.8532235904255097,
        "n": 46,
        "at_nominal_step": 0.3311356320326538,
        "se_at_step": 0.42661179521275483,
        "residual_sd": 2.2398012840747867,
        "sigma_data_used": 12.0
      },
      "gate": {
        "score": 0.23510146573091206,
        "tier": "not_exposed"
      }
    },
    {
      "action": "bedtime",
      "outcome": "sleep_quality",
      "nominal_step": -0.5,
      "dose_multiplier": 0.9503596740100808,
      "dose_multiplier_raw": 0.9503596740100808,
      "direction_conflict": false,
      "scaled_effect": 0.347755391605965,
      "posterior": {
        "mean": 0.3659197681848149,
        "variance": 0.48747666112160953,
        "sd": 0.6981952886704476,
        "contraction": 0.4503596740100808,
        "prior_mean": 0.4607862962962966,
        "prior_variance": 0.8869011935098631,
        "source": "pop+cohort+user",
        "lam_js": 0.8472505091649695,
        "n_cohort": 416,
        "z_like": 0.5240937229490978
      },
      "cohort_prior": {
        "mean": 0.4770937500000001,
        "variance": 0.9009695161433738,
        "n": 416
      },
      "user_obs": {
        "slope": -0.4742246959719964,
        "se": 0.3603994147934593,
        "n": 46,
        "at_nominal_step": 0.2371123479859982,
        "se_at_step": 0.18019970739672966,
        "residual_sd": 0.9460862089286854,
        "sigma_data_used": 7.0
      },
      "gate": {
        "score": 0.4503596740100808,
        "tier": "possible"
      }
    },
    {
      "action": "running_volume",
      "outcome": "hrv_daily",
      "nominal_step": 30.0,
      "dose_multiplier": 0.5,
      "dose_multiplier_raw": 1.0923830054863364,
      "direction_conflict": true,
      "scaled_effect": -0.009670090635363914,
      "posterior": {
        "mean": -0.019340181270727827,
        "variance": 0.12291348902369147,
        "sd": 0.3505902009807055,
        "contraction": 0.5923830054863364,
        "prior_mean": 0.14166006734006745,
        "prior_variance": 0.3015416203888705,
        "source": "pop+cohort+user",
        "lam_js": 0.8472505091649695,
        "n_cohort": 416,
        "z_like": -0.0551646372791583
      },
      "cohort_prior": {
        "mean": 0.11986480769230796,
        "variance": 0.2186938498312511,
        "n": 416
      },
      "user_obs": {
        "slope": -0.1856205631118006,
        "se": 0.33773831836032975,
        "n": 46,
        "at_nominal_step": -0.1856205631118006,
        "se_at_step": 0.33773831836032975,
        "residual_sd": 1.5305111715249415,
        "sigma_data_used": 3.5
      },
      "gate": {
        "score": 0.2961915027431682,
        "tier": "not_exposed"
      }
    },
    {
      "action": "sleep_duration",
      "outcome": "hrv_daily",
      "nominal_step": 0.5,
      "dose_multiplier": 0.5032627134545865,
      "dose_multiplier_raw": 0.5032627134545865,
      "direction_conflict": false,
      "scaled_effect": 0.06362642580569489,
      "posterior": {
        "mean": 0.1264278558785707,
        "variance": 0.0029241640382269172,
        "sd": 0.05407554011035782,
        "contraction": 0.0032627134545865077,
        "prior_mean": 0.13540993265993234,
        "prior_variance": 0.0029337359780747863,
        "source": "pop+cohort+user",
        "lam_js": 0.8472505091649695,
        "n_cohort": 416,
        "z_like": 2.3379860029239774
      },
      "cohort_prior": {
        "mean": 0.13603296703296702,
        "variance": 0.002960794899166767,
        "n": 416
      },
      "user_obs": {
        "slope": -1.460270155880812,
        "se": 0.9817067333047431,
        "n": 46,
        "at_nominal_step": -0.730135077940406,
        "se_at_step": 0.49085336665237156,
        "residual_sd": 1.5305111715249384,
        "sigma_data_used": 3.5
      },
      "gate": {
        "score": 0.0032627134545865077,
        "tier": "not_exposed"
      }
    },
    {
      "action": "training_load",
      "outcome": "hrv_daily",
      "nominal_step": 100.0,
      "dose_multiplier": 1.4388976165908927,
      "dose_multiplier_raw": 1.4388976165908927,
      "direction_conflict": false,
      "scaled_effect": -4.666549460943168,
      "posterior": {
        "mean": -3.243142115975831,
        "variance": 0.24993648314559033,
        "sd": 0.49993647911068695,
        "contraction": 0.9388976165908927,
        "prior_mean": -5.056217651515151,
        "prior_variance": 4.090453910318943,
        "source": "pop+cohort+user",
        "lam_js": 0.8472505091649695,
        "n_cohort": 416,
        "z_like": -6.487108365736585
      },
      "cohort_prior": {
        "mean": -5.038698533653847,
        "variance": 4.062157266087269,
        "n": 416
      },
      "user_obs": {
        "slope": -0.03125379294394526,
        "se": 0.02353993709417366,
        "n": 46,
        "at_nominal_step": -3.1253792943945258,
        "se_at_step": 2.3539937094173657,
        "residual_sd": 1.530511171524943,
        "sigma_data_used": 3.5
      },
      "gate": {
        "score": 0.9388976165908927,
        "tier": "recommended"
      }
    },
    {
      "action": "training_load",
      "outcome": "resting_hr",
      "nominal_step": 100.0,
      "dose_multiplier": 0.5,
      "dose_multiplier_raw": 1.3970389943528558,
      "direction_conflict": true,
      "scaled_effect": -0.0634546804275538,
      "posterior": {
        "mean": -0.1269093608551076,
        "variance": 0.028066031057165063,
        "sd": 0.16752919464130742,
        "contraction": 0.8970389943528557,
        "prior_mean": 1.305251261157877,
        "prior_variance": 0.2725889367606766,
        "source": "pop+cohort+user",
        "lam_js": 0.8472505091649695,
        "n_cohort": 416,
        "z_like": -0.7575357902652733
      },
      "cohort_prior": {
        "mean": 1.3016362050919952,
        "variance": 0.2710810896650065,