{
  "pid": 784,
  "cohort": "cohort_b",
  "age": 28,
  "is_female": true,
  "effects_bayesian": [
    {
      "action": "active_energy",
      "outcome": "deep_sleep",
      "nominal_step": 100.0,
      "dose_multiplier": 0.5502599431427948,
      "dose_multiplier_raw": 0.5502599431427948,
      "direction_conflict": false,
      "scaled_effect": 0.3580117620813475,
      "posterior": {
        "mean": 0.650622976545545,
        "variance": 0.07280244177280122,
        "sd": 0.26981927613275003,
        "contraction": 0.050259943142794805,
        "prior_mean": 0.6921665440115441,
        "prior_variance": 0.07665512394382158,
        "source": "pop+cohort+user",
        "lam_js": 0.8472505091649695,
        "n_cohort": 416,
        "z_like": 2.4113287451910628
      },
      "cohort_prior": {
        "mean": 0.6841722046703297,
        "variance": 0.07489465690295352,
        "n": 416
      },
      "user_obs": {
        "slope": -0.004238684109939599,
        "se": 0.00712284681795754,
        "n": 62,
        "at_nominal_step": -0.4238684109939599,
        "se_at_step": 0.712284681795754,
        "residual_sd": 1.9831397348128053,
        "sigma_data_used": 12.0
      },
      "gate": {
        "score": 0.050259943142794805,
        "tier": "not_exposed"
      }
    },
    {
      "action": "bedtime",
      "outcome": "deep_sleep",
      "nominal_step": -0.5,
      "dose_multiplier": 0.7919486449738631,
      "dose_multiplier_raw": 0.7919486449738631,
      "direction_conflict": false,
      "scaled_effect": 0.4431021351561501,
      "posterior": {
        "mean": 0.5595086726498205,
        "variance": 0.6688790607703957,
        "sd": 0.8178502679405294,
        "contraction": 0.2919486449738631,
        "prior_mean": 0.6072164646464647,
        "prior_variance": 0.9446759137205589,
        "source": "pop+cohort+user",
        "lam_js": 0.8472505091649695,
        "n_cohort": 416,
        "z_like": 0.6841211583371464
      },
      "cohort_prior": {
        "mean": 0.6215986538461539,
        "variance": 0.9384823525592582,
        "n": 416
      },
      "user_obs": {
        "slope": -0.8228641682810959,
        "se": 0.5856041100992763,
        "n": 62,
        "at_nominal_step": 0.41143208414054794,
        "se_at_step": 0.29280205504963813,
        "residual_sd": 1.9674132705795815,
        "sigma_data_used": 12.0
      },
      "gate": {
        "score": 0.2919486449738631,
        "tier": "not_exposed"
      }
    },
    {
      "action": "bedtime",
      "outcome": "sleep_quality",
      "nominal_step": -0.5,
      "dose_multiplier": 1.0258353338547583,
      "dose_multiplier_raw": 1.0258353338547583,
      "direction_conflict": false,
      "scaled_effect": 0.4165298658404907,
      "posterior": {
        "mean": 0.4060396947678784,
        "variance": 0.42053720832442054,
        "sd": 0.6484884026136633,
        "contraction": 0.5258353338547583,
        "prior_mean": 0.4607862962962966,
        "prior_variance": 0.8869011935098631,
        "source": "pop+cohort+user",
        "lam_js": 0.8472505091649695,
        "n_cohort": 416,
        "z_like": 0.6261325462897698
      },
      "cohort_prior": {
        "mean": 0.4770937500000001,
        "variance": 0.9009695161433738,
        "n": 416
      },
      "user_obs": {
        "slope": -0.6915020377463604,
        "se": 0.33798310869457227,
        "n": 62,
        "at_nominal_step": 0.3457510188731802,
        "se_at_step": 0.16899155434728613,
        "residual_sd": 1.1354982688982742,
        "sigma_data_used": 7.0
      },
      "gate": {
        "score": 0.5258353338547583,
        "tier": "possible"
      }
    },
    {
      "action": "running_volume",
      "outcome": "hrv_daily",
      "nominal_step": 30.0,
      "dose_multiplier": 1.1487695634125732,
      "dose_multiplier_raw": 1.1487695634125732,
      "direction_conflict": false,
      "scaled_effect": 0.1810540527056044,
      "posterior": {
        "mean": 0.15760693743291665,
        "variance": 0.10591059497846311,
        "sd": 0.32543908028763713,
        "contraction": 0.6487695634125732,
        "prior_mean": 0.14166006734006745,
        "prior_variance": 0.3015416203888705,
        "source": "pop+cohort+user",
        "lam_js": 0.8472505091649695,
        "n_cohort": 416,
        "z_like": 0.4842901390134732
      },
      "cohort_prior": {
        "mean": 0.11986480769230796,
        "variance": 0.2186938498312511,
        "n": 416
      },
      "user_obs": {
        "slope": 0.1873927547906442,
        "se": 0.17447151000339534,
        "n": 62,
        "at_nominal_step": 0.1873927547906442,
        "se_at_step": 0.17447151000339534,
        "residual_sd": 1.316334509211264,
        "sigma_data_used": 3.5
      },
      "gate": {
        "score": 0.6487695634125732,
        "tier": "possible"
      }
    },
    {
      "action": "sleep_duration",
      "outcome": "hrv_daily",
      "nominal_step": 0.5,
      "dose_multiplier": 0.507055084151552,
      "dose_multiplier_raw": 0.507055084151552,
      "direction_conflict": false,
      "scaled_effect": 0.0683369675182334,
      "posterior": {
        "mean": 0.13477227554592155,
        "variance": 0.002913038223871033,
        "sd": 0.05397256917982535,
        "contraction": 0.007055084151551982,
        "prior_mean": 0.13540993265993234,
        "prior_variance": 0.0029337359780747863,
        "source": "pop+cohort+user",
        "lam_js": 0.8472505091649695,
        "n_cohort": 416,
        "z_like": 2.497051327997532
      },
      "cohort_prior": {
        "mean": 0.13603296703296702,
        "variance": 0.002960794899166767,
        "n": 416
      },
      "user_obs": {
        "slope": 0.1137692986288558,
        "se": 0.5539874024229446,
        "n": 62,
        "at_nominal_step": 0.0568846493144279,
        "se_at_step": 0.2769937012114723,
        "residual_sd": 1.316334509211265,
        "sigma_data_used": 3.5
      },
      "gate": {
        "score": 0.007055084151551982,
        "tier": "not_exposed"
      }
    },
    {
      "action": "training_load",
      "outcome": "hrv_daily",
      "nominal_step": 100.0,
      "dose_multiplier": 1.4539353224063825,
      "dose_multiplier_raw": 1.4539353224063825,
      "direction_conflict": false,
      "scaled_effect": -2.414137122718949,
      "posterior": {
        "mean": -1.6604157595699331,
        "variance": 0.1884254405903947,
        "sd": 0.4340799933081398,
        "contraction": 0.9539353224063823,
        "prior_mean": -5.056217651515151,
        "prior_variance": 4.090453910318943,
        "source": "pop+cohort+user",
        "lam_js": 0.8472505091649695,
        "n_cohort": 416,
        "z_like": -3.8251377284537877
      },
      "cohort_prior": {
        "mean": -5.038698533653847,
        "variance": 4.062157266087269,
        "n": 416
      },
      "user_obs": {
        "slope": -0.014961419255369384,
        "se": 0.017065439297403846,
        "n": 62,
        "at_nominal_step": -1.4961419255369384,
        "se_at_step": 1.7065439297403846,
        "residual_sd": 1.316334509211264,
        "sigma_data_used": 3.5
      },
      "gate": {
        "score": 0.9539353224063823,
        "tier": "recommended"
      }
    },
    {
      "action": "training_load",
      "outcome": "resting_hr",
      "nominal_step": 100.0,
      "dose_multiplier": 1.4215143388384393,
      "dose_multiplier_raw": 1.4215143388384393,
      "direction_conflict": false,
      "scaled_effect": 0.5899864126409163,
      "posterior": {
        "mean": 0.4150407748422794,
        "variance": 0.02139432292698861,
        "sd": 0.14626798326014007,
        "contraction": 0.9215143388384391,
        "prior_mean": 1.305251261157877,
        "prior_variance": 0.2725889367606766,
        "source": "pop+cohort+user",
        "lam_js": 0.8472505091649695,
        "n_cohort": 416,
        "z_like": 2.837536729443534
      },
      "cohort_prior": {
        "mean": 1.3016362050919952,
        "variance": 0.2710810896650065,