{
  "pid": 212,
  "cohort": "cohort_a",
  "age": 34,
  "is_female": false,
  "effects_bayesian": [
    {
      "action": "active_energy",
      "outcome": "deep_sleep",
      "nominal_step": 100.0,
      "dose_multiplier": 0.5206120855694623,
      "dose_multiplier_raw": 0.5206120855694623,
      "direction_conflict": false,
      "scaled_effect": 0.34993885046682394,
      "posterior": {
        "mean": 0.6721681270307999,
        "variance": 0.0750751019697538,
        "sd": 0.2739983612537743,
        "contraction": 0.020612085569462257,
        "prior_mean": 0.6921665440115441,
        "prior_variance": 0.07665512394382158,
        "source": "pop+cohort+user",
        "lam_js": 0.8768472906403941,
        "n_cohort": 534,
        "z_like": 2.4531830188876387
      },
      "cohort_prior": {
        "mean": 0.6984414526484751,
        "variance": 0.07805127404443395,
        "n": 534
      },
      "user_obs": {
        "slope": -0.00011202107200297684,
        "se": 0.004817433686944154,
        "n": 69,
        "at_nominal_step": -0.011202107200297684,
        "se_at_step": 0.48174336869441536,
        "residual_sd": 1.8488320532573062,
        "sigma_data_used": 12.0
      },
      "gate": {
        "score": 0.020612085569462257,
        "tier": "not_exposed"
      }
    },
    {
      "action": "bedtime",
      "outcome": "deep_sleep",
      "nominal_step": -0.5,
      "dose_multiplier": 0.8066428525617715,
      "dose_multiplier_raw": 0.8066428525617715,
      "direction_conflict": false,
      "scaled_effect": 0.7304637793811884,
      "posterior": {
        "mean": 0.9055603444093626,
        "variance": 0.6549977967908888,
        "sd": 0.809319341663653,
        "contraction": 0.3066428525617715,
        "prior_mean": 0.6072164646464647,
        "prior_variance": 0.9446759137205589,
        "source": "pop+cohort+user",
        "lam_js": 0.8768472906403941,
        "n_cohort": 534,
        "z_like": 1.1189159801221045
      },
      "cohort_prior": {
        "mean": 0.6056498876404495,
        "variance": 0.9560138510611396,
        "n": 534
      },
      "user_obs": {
        "slope": -3.121607936724127,
        "se": 0.7228839561489756,
        "n": 69,
        "at_nominal_step": 1.5608039683620636,
        "se_at_step": 0.3614419780744878,
        "residual_sd": 1.8598130543770697,
        "sigma_data_used": 12.0
      },
      "gate": {
        "score": 0.3066428525617715,
        "tier": "possible"
      }
    },
    {
      "action": "bedtime",
      "outcome": "sleep_quality",
      "nominal_step": -0.5,
      "dose_multiplier": 1.0557128116314973,
      "dose_multiplier_raw": 1.0557128116314973,
      "direction_conflict": false,
      "scaled_effect": 0.3127880023664587,
      "posterior": {
        "mean": 0.29628133609847596,
        "variance": 0.3940388376251664,
        "sd": 0.6277251290375162,
        "contraction": 0.5557128116314973,
        "prior_mean": 0.4607862962962966,
        "prior_variance": 0.8869011935098631,
        "source": "pop+cohort+user",
        "lam_js": 0.8768472906403941,
        "n_cohort": 534,
        "z_like": 0.47199215451635773
      },
      "cohort_prior": {
        "mean": 0.46373086142322145,
        "variance": 0.8849888909576128,
        "n": 534
      },
      "user_obs": {
        "slope": -0.32448156068047246,
        "se": 0.4677547579807032,
        "n": 69,
        "at_nominal_step": 0.16224078034023623,
        "se_at_step": 0.2338773789903516,
        "residual_sd": 1.2034246959552353,
        "sigma_data_used": 7.0
      },
      "gate": {
        "score": 0.5557128116314973,
        "tier": "possible"
      }
    },
    {
      "action": "running_volume",
      "outcome": "hrv_daily",
      "nominal_step": 30.0,
      "dose_multiplier": 0.5,
      "dose_multiplier_raw": 1.1556546499463685,
      "direction_conflict": true,
      "scaled_effect": -0.05089761434985835,
      "posterior": {
        "mean": -0.1017952286997167,
        "variance": 0.10383445482854492,
        "sd": 0.32223354081868155,
        "contraction": 0.6556546499463684,
        "prior_mean": 0.14166006734006745,
        "prior_variance": 0.3015416203888705,
        "source": "pop+cohort+user",
        "lam_js": 0.8768472906403941,
        "n_cohort": 534,
        "z_like": -0.3159051303011195
      },
      "cohort_prior": {
        "mean": 0.13417902621722846,
        "variance": 0.24427088794406634,
        "n": 534
      },
      "user_obs": {
        "slope": -0.26994388586158446,
        "se": 0.23892395494814445,
        "n": 69,
        "at_nominal_step": -0.26994388586158446,
        "se_at_step": 0.23892395494814445,
        "residual_sd": 1.5677704203930463,
        "sigma_data_used": 3.5
      },
      "gate": {
        "score": 0.3278273249731842,
        "tier": "possible"
      }
    },
    {
      "action": "sleep_duration",
      "outcome": "hrv_daily",
      "nominal_step": 0.5,
      "dose_multiplier": 0.526687101712797,
      "dose_multiplier_raw": 0.526687101712797,
      "direction_conflict": false,
      "scaled_effect": 0.06121093142228301,
      "posterior": {
        "mean": 0.11621877813833648,
        "variance": 0.0028554430676294125,
        "sd": 0.053436345941965495,
        "contraction": 0.02668710171279698,
        "prior_mean": 0.13540993265993234,
        "prior_variance": 0.0029337359780747863,
        "source": "pop+cohort+user",
        "lam_js": 0.8768472906403941,
        "n_cohort": 534,
        "z_like": 2.174901297790006
      },
      "cohort_prior": {
        "mean": 0.13457651150347733,
        "variance": 0.002897733991751291,
        "n": 534
      },
      "user_obs": {
        "slope": -2.026176724144138,
        "se": 0.7867330216301067,
        "n": 69,
        "at_nominal_step": -1.013088362072069,
        "se_at_step": 0.39336651081505336,
        "residual_sd": 1.5677704203930454,
        "sigma_data_used": 3.5
      },
      "gate": {
        "score": 0.02668710171279698,
        "tier": "not_exposed"
      }
    },
    {
      "action": "training_load",
      "outcome": "hrv_daily",
      "nominal_step": 100.0,
      "dose_multiplier": 1.4583996507002746,
      "dose_multiplier_raw": 1.4583996507002746,
      "direction_conflict": false,
      "scaled_effect": -4.943614294420652,
      "posterior": {
        "mean": -3.3897527965307,
        "variance": 0.17016431146369634,
        "sd": 0.4125097713554145,
        "contraction": 0.9583996507002744,
        "prior_mean": -5.056217651515151,
        "prior_variance": 4.090453910318943,
        "source": "pop+cohort+user",
        "lam_js": 0.8768472906403941,
        "n_cohort": 534,
        "z_like": -8.217387882456054
      },
      "cohort_prior": {
        "mean": -5.061554325842696,
        "variance": 4.099093150953106,
        "n": 534
      },
      "user_obs": {
        "slope": -0.03317354872960784,
        "se": 0.01615489920081877,
        "n": 69,
        "at_nominal_step": -3.3173548729607836,
        "se_at_step": 1.615489920081877,
        "residual_sd": 1.5677704203930436,
        "sigma_data_used": 3.5
      },
      "gate": {
        "score": 0.9583996507002744,
        "tier": "recommended"
      }
    },
    {
      "action": "training_load",
      "outcome": "resting_hr",
      "nominal_step": 100.0,
      "dose_multiplier": 0.5,
      "dose_multiplier_raw": 1.4288766267262705,
      "direction_conflict": true,
      "scaled_effect": -0.2164955623009216,
      "posterior": {
        "mean": -0.4329911246018432,
        "variance": 0.019387444699518638,
        "sd": 0.13923880457515656,
        "contraction": 0.9288766267262705,
        "prior_mean": 1.305251261157877,
        "prior_variance": 0.2725889367606766,
        "source": "pop+cohort+user",
        "lam_js": 0.8768472906403941,
        "n_cohort": 534,
        "z_like": -3.1097015370318606
      },
      "cohort_prior": {
        "mean": 1.306352479669686,
        "variance": 0.273049088182262,