{
  "pid": 72,
  "cohort": "cohort_a",
  "age": 41,
  "is_female": false,
  "effects_bayesian": [
    {
      "action": "active_energy",
      "outcome": "deep_sleep",
      "nominal_step": 100.0,
      "dose_multiplier": 0.513411003813398,
      "dose_multiplier_raw": 0.513411003813398,
      "direction_conflict": false,
      "scaled_effect": 0.35856926258696104,
      "posterior": {
        "mean": 0.6984058774036035,
        "variance": 0.07562710178429449,
        "sd": 0.2750038213994389,
        "contraction": 0.013411003813397993,
        "prior_mean": 0.6921665440115441,
        "prior_variance": 0.07665512394382158,
        "source": "pop+cohort+user",
        "lam_js": 0.8768472906403941,
        "n_cohort": 534,
        "z_like": 2.5396224454247838
      },
      "cohort_prior": {
        "mean": 0.6984414526484751,
        "variance": 0.07805127404443395,
        "n": 534
      },
      "user_obs": {
        "slope": 0.007231901550168007,
        "se": 0.006930319413023707,
        "n": 55,
        "at_nominal_step": 0.7231901550168007,
        "se_at_step": 0.6930319413023707,
        "residual_sd": 1.8988316386676607,
        "sigma_data_used": 12.0
      },
      "gate": {
        "score": 0.013411003813397993,
        "tier": "not_exposed"
      }
    },
    {
      "action": "bedtime",
      "outcome": "deep_sleep",
      "nominal_step": -0.5,
      "dose_multiplier": 0.7594867137133707,
      "dose_multiplier_raw": 0.7594867137133707,
      "direction_conflict": false,
      "scaled_effect": 0.48096888248338476,
      "posterior": {
        "mean": 0.6332814963039654,
        "variance": 0.6995450653450354,
        "sd": 0.8363881068888027,
        "contraction": 0.25948671371337073,
        "prior_mean": 0.6072164646464647,
        "prior_variance": 0.9446759137205589,
        "source": "pop+cohort+user",
        "lam_js": 0.8768472906403941,
        "n_cohort": 534,
        "z_like": 0.7571622445226374
      },
      "cohort_prior": {
        "mean": 0.6056498876404495,
        "variance": 0.9560138510611396,
        "n": 534
      },
      "user_obs": {
        "slope": -1.417074699113869,
        "se": 0.9047587818923976,
        "n": 55,
        "at_nominal_step": 0.7085373495569345,
        "se_at_step": 0.4523793909461988,
        "residual_sd": 1.8978239907149415,
        "sigma_data_used": 12.0
      },
      "gate": {
        "score": 0.25948671371337073,
        "tier": "not_exposed"
      }
    },
    {
      "action": "bedtime",
      "outcome": "sleep_quality",
      "nominal_step": -0.5,
      "dose_multiplier": 0.5,
      "dose_multiplier_raw": 0.9993481637417531,
      "direction_conflict": true,
      "scaled_effect": -0.07964359209205277,
      "posterior": {
        "mean": -0.15928718418410553,
        "variance": 0.44402871111034375,
        "sd": 0.6663547937175388,
        "contraction": 0.49934816374175306,
        "prior_mean": 0.4607862962962966,
        "prior_variance": 0.8869011935098631,
        "source": "pop+cohort+user",
        "lam_js": 0.8768472906403941,
        "n_cohort": 534,
        "z_like": -0.23904260265834568
      },
      "cohort_prior": {
        "mean": 0.46373086142322145,
        "variance": 0.8849888909576128,
        "n": 534
      },
      "user_obs": {
        "slope": 1.5718829095669888,
        "se": 0.5206007279314321,
        "n": 55,
        "at_nominal_step": -0.7859414547834944,
        "se_at_step": 0.26030036396571604,
        "residual_sd": 1.0920132203474286,
        "sigma_data_used": 7.0
      },
      "gate": {
        "score": 0.24967408187087653,
        "tier": "not_exposed"
      }
    },
    {
      "action": "running_volume",
      "outcome": "hrv_daily",
      "nominal_step": 30.0,
      "dose_multiplier": 1.1092898818113839,
      "dose_multiplier_raw": 1.1092898818113839,
      "direction_conflict": false,
      "scaled_effect": 0.07445646213734317,
      "posterior": {
        "mean": 0.06712083411034235,
        "variance": 0.11781536214092239,
        "sd": 0.3432424247393122,
        "contraction": 0.6092898818113839,
        "prior_mean": 0.14166006734006745,
        "prior_variance": 0.3015416203888705,
        "source": "pop+cohort+user",
        "lam_js": 0.8768472906403941,
        "n_cohort": 534,
        "z_like": 0.19554935308862148
      },
      "cohort_prior": {
        "mean": 0.13417902621722846,
        "variance": 0.24427088794406634,
        "n": 534
      },
      "user_obs": {
        "slope": 0.006586627298709113,
        "se": 0.2691723641671167,
        "n": 55,
        "at_nominal_step": 0.006586627298709113,
        "se_at_step": 0.2691723641671167,
        "residual_sd": 1.478693626920615,
        "sigma_data_used": 3.5
      },
      "gate": {
        "score": 0.6092898818113839,
        "tier": "possible"
      }
    },
    {
      "action": "sleep_duration",
      "outcome": "hrv_daily",
      "nominal_step": 0.5,
      "dose_multiplier": 0.5235004286481572,
      "dose_multiplier_raw": 0.5235004286481572,
      "direction_conflict": false,
      "scaled_effect": 0.0633285708046856,
      "posterior": {
        "mean": 0.12097138290453725,
        "variance": 0.002864791925049508,
        "sd": 0.05352375103680149,
        "contraction": 0.023500428648157157,
        "prior_mean": 0.13540993265993234,
        "prior_variance": 0.0029337359780747863,
        "source": "pop+cohort+user",
        "lam_js": 0.8768472906403941,
        "n_cohort": 534,
        "z_like": 2.2601439652718023
      },
      "cohort_prior": {
        "mean": 0.13457651150347733,
        "variance": 0.002897733991751291,
        "n": 534
      },
      "user_obs": {
        "slope": -1.8621008546006332,
        "se": 0.7876889610592096,
        "n": 55,
        "at_nominal_step": -0.9310504273003166,
        "se_at_step": 0.3938444805296048,
        "residual_sd": 1.4786936269206143,
        "sigma_data_used": 3.5
      },
      "gate": {
        "score": 0.023500428648157157,
        "tier": "not_exposed"
      }
    },
    {
      "action": "training_load",
      "outcome": "hrv_daily",
      "nominal_step": 100.0,
      "dose_multiplier": 0.5,
      "dose_multiplier_raw": 1.4483563244181767,
      "direction_conflict": true,
      "scaled_effect": 0.016946929191300714,
      "posterior": {
        "mean": 0.03389385838260143,
        "variance": 0.21124607472691176,
        "sd": 0.45961513761723705,
        "contraction": 0.9483563244181767,
        "prior_mean": -5.056217651515151,
        "prior_variance": 4.090453910318943,
        "source": "pop+cohort+user",
        "lam_js": 0.8768472906403941,
        "n_cohort": 534,
        "z_like": 0.07374399929105012
      },
      "cohort_prior": {
        "mean": -5.061554325842696,
        "variance": 4.099093150953106,
        "n": 534
      },
      "user_obs": {
        "slope": 0.003107951160205128,
        "se": 0.01677250260993571,
        "n": 55,
        "at_nominal_step": 0.3107951160205128,
        "se_at_step": 1.677250260993571,
        "residual_sd": 1.4786936269206143,
        "sigma_data_used": 3.5
      },
      "gate": {
        "score": 0.47417816220908837,
        "tier": "possible"
      }
    },
    {
      "action": "training_load",
      "outcome": "resting_hr",
      "nominal_step": 100.0,
      "dose_multiplier": 0.5,
      "dose_multiplier_raw": 1.412356853723333,
      "direction_conflict": true,
      "scaled_effect": -0.5051880793521017,
      "posterior": {
        "mean": -1.0103761587042035,
        "variance": 0.02389055205791707,
        "sd": 0.15456568848847752,
        "contraction": 0.9123568537233331,
        "prior_mean": 1.305251261157877,
        "prior_variance": 0.2725889367606766,
        "source": "pop+cohort+user",
        "lam_js": 0.8768472906403941,
        "n_cohort": 534,
        "z_like": -6.536872242376901
      },
      "cohort_prior": {
        "mean": 1.306352479669686,
        "variance": 0.273049088182262,
        "n": 534
      },