{
  "pid": 197,
  "cohort": "cohort_a",
  "age": 38,
  "is_female": false,
  "effects_bayesian": [
    {
      "action": "active_energy",
      "outcome": "deep_sleep",
      "nominal_step": 100.0,
      "dose_multiplier": 0.5180523696501055,
      "dose_multiplier_raw": 0.5180523696501055,
      "direction_conflict": false,
      "scaled_effect": 0.3496806269624624,
      "posterior": {
        "mean": 0.6749908840271072,
        "variance": 0.07527131731081306,
        "sd": 0.2743561869373699,
        "contraction": 0.018052369650105482,
        "prior_mean": 0.6921665440115441,
        "prior_variance": 0.07665512394382158,
        "source": "pop+cohort+user",
        "lam_js": 0.8768472906403941,
        "n_cohort": 534,
        "z_like": 2.460272143165462
      },
      "cohort_prior": {
        "mean": 0.6984414526484751,
        "variance": 0.07805127404443395,
        "n": 534
      },
      "user_obs": {
        "slope": 0.0001978706223324661,
        "se": 0.006189971049205935,
        "n": 64,
        "at_nominal_step": 0.01978706223324661,
        "se_at_step": 0.6189971049205936,
        "residual_sd": 1.9122850340151532,
        "sigma_data_used": 12.0
      },
      "gate": {
        "score": 0.018052369650105482,
        "tier": "not_exposed"
      }
    },
    {
      "action": "bedtime",
      "outcome": "deep_sleep",
      "nominal_step": -0.5,
      "dose_multiplier": 0.7905068650538554,
      "dose_multiplier_raw": 0.7905068650538554,
      "direction_conflict": false,
      "scaled_effect": 0.40942575084557664,
      "posterior": {
        "mean": 0.5179281407223243,
        "variance": 0.670241075533713,
        "sd": 0.8186825242630461,
        "contraction": 0.29050686505385537,
        "prior_mean": 0.6072164646464647,
        "prior_variance": 0.9446759137205589,
        "source": "pop+cohort+user",
        "lam_js": 0.8768472906403941,
        "n_cohort": 534,
        "z_like": 0.632636126181572
      },
      "cohort_prior": {
        "mean": 0.6056498876404495,
        "variance": 0.9560138510611396,
        "n": 534
      },
      "user_obs": {
        "slope": -0.62142631681408,
        "se": 0.6287915989785829,
        "n": 64,
        "at_nominal_step": 0.31071315840704,
        "se_at_step": 0.31439579948929147,
        "residual_sd": 1.928594144504968,
        "sigma_data_used": 12.0
      },
      "gate": {
        "score": 0.29050686505385537,
        "tier": "not_exposed"
      }
    },
    {
      "action": "bedtime",
      "outcome": "sleep_quality",
      "nominal_step": -0.5,
      "dose_multiplier": 1.0371005290317383,
      "dose_multiplier_raw": 1.0371005290317383,
      "direction_conflict": false,
      "scaled_effect": 0.493124560132655,
      "posterior": {
        "mean": 0.47548385747430655,
        "variance": 0.41054609327683556,
        "sd": 0.6407387090513851,
        "contraction": 0.5371005290317383,
        "prior_mean": 0.4607862962962966,
        "prior_variance": 0.8869011935098631,
        "source": "pop+cohort+user",
        "lam_js": 0.8768472906403941,
        "n_cohort": 534,
        "z_like": 0.7420869860949424
      },
      "cohort_prior": {
        "mean": 0.46373086142322145,
        "variance": 0.8849888909576128,
        "n": 534
      },
      "user_obs": {
        "slope": -0.9719251847165072,
        "se": 0.42725168358720844,
        "n": 64,
        "at_nominal_step": 0.4859625923582536,
        "se_at_step": 0.21362584179360422,
        "residual_sd": 1.3104422777509872,
        "sigma_data_used": 7.0
      },
      "gate": {
        "score": 0.5371005290317383,
        "tier": "possible"
      }
    },
    {
      "action": "running_volume",
      "outcome": "hrv_daily",
      "nominal_step": 30.0,
      "dose_multiplier": 0.5,
      "dose_multiplier_raw": 1.1404149275111168,
      "direction_conflict": true,
      "scaled_effect": -0.012727332792384836,
      "posterior": {
        "mean": -0.02545466558476967,
        "variance": 0.10842986542594728,
        "sd": 0.329286904425225,
        "contraction": 0.6404149275111168,
        "prior_mean": 0.14166006734006745,
        "prior_variance": 0.3015416203888705,
        "source": "pop+cohort+user",
        "lam_js": 0.8768472906403941,
        "n_cohort": 534,
        "z_like": -0.07730239266332548
      },
      "cohort_prior": {
        "mean": 0.13417902621722846,
        "variance": 0.24427088794406634,
        "n": 534
      },
      "user_obs": {
        "slope": -0.1483200178801243,
        "se": 0.31034111749666293,
        "n": 64,
        "at_nominal_step": -0.1483200178801243,
        "se_at_step": 0.31034111749666293,
        "residual_sd": 1.830269906928418,
        "sigma_data_used": 3.5
      },
      "gate": {
        "score": 0.3202074637555584,
        "tier": "possible"
      }
    },
    {
      "action": "sleep_duration",
      "outcome": "hrv_daily",
      "nominal_step": 0.5,
      "dose_multiplier": 0.5255513945637544,
      "dose_multiplier_raw": 0.5255513945637544,
      "direction_conflict": false,
      "scaled_effect": 0.07372999418056961,
      "posterior": {
        "mean": 0.1402907402458152,
        "variance": 0.0028587749325531156,
        "sd": 0.0534675128704629,
        "contraction": 0.025551394563754437,
        "prior_mean": 0.13540993265993234,
        "prior_variance": 0.0029337359780747863,
        "source": "pop+cohort+user",
        "lam_js": 0.8768472906403941,
        "n_cohort": 534,
        "z_like": 2.623850123451621
      },
      "cohort_prior": {
        "mean": 0.13457651150347733,
        "variance": 0.002897733991751291,
        "n": 534
      },
      "user_obs": {
        "slope": 1.0207945274732464,
        "se": 0.8394631024065873,
        "n": 64,
        "at_nominal_step": 0.5103972637366232,
        "se_at_step": 0.41973155120329364,
        "residual_sd": 1.8302699069284174,
        "sigma_data_used": 3.5
      },
      "gate": {
        "score": 0.025551394563754437,
        "tier": "not_exposed"
      }
    },
    {
      "action": "training_load",
      "outcome": "hrv_daily",
      "nominal_step": 100.0,
      "dose_multiplier": 0.5,
      "dose_multiplier_raw": 1.4552946485148837,
      "direction_conflict": true,
      "scaled_effect": 0.7777637525618989,
      "posterior": {
        "mean": 1.5555275051237978,
        "variance": 0.18286517979447683,
        "sd": 0.42762738428973046,
        "contraction": 0.9552946485148837,
        "prior_mean": -5.056217651515151,
        "prior_variance": 4.090453910318943,
        "source": "pop+cohort+user",
        "lam_js": 0.8768472906403941,
        "n_cohort": 534,
        "z_like": 3.637576923908785
      },
      "cohort_prior": {
        "mean": -5.061554325842696,
        "variance": 4.099093150953106,
        "n": 534
      },
      "user_obs": {
        "slope": 0.018645603517538495,
        "se": 0.01994676795556332,
        "n": 64,
        "at_nominal_step": 1.8645603517538496,
        "se_at_step": 1.994676795556332,
        "residual_sd": 1.8302699069284174,
        "sigma_data_used": 3.5
      },
      "gate": {
        "score": 0.47764732425744183,
        "tier": "possible"
      }
    },
    {
      "action": "training_load",
      "outcome": "resting_hr",
      "nominal_step": 100.0,
      "dose_multiplier": 0.5,
      "dose_multiplier_raw": 1.4237432089504516,
      "direction_conflict": true,
      "scaled_effect": -0.35692759399945045,
      "posterior": {
        "mean": -0.7138551879989009,
        "variance": 0.020786757592977496,
        "sd": 0.1441761339229815,
        "contraction": 0.9237432089504516,
        "prior_mean": 1.305251261157877,
        "prior_variance": 0.2725889367606766,
        "source": "pop+cohort+user",
        "lam_js": 0.8768472906403941,
        "n_cohort": 534,
        "z_like": -4.951271535552759
      },
      "cohort_prior": {
        "mean": 1.306352479669686,
        "variance": 0.273049088182262,
        "n": 534
      },