{
  "pid": 1026,
  "cohort": "cohort_c",
  "age": 49,
  "is_female": false,
  "effects_bayesian": [
    {
      "action": "active_energy",
      "outcome": "deep_sleep",
      "nominal_step": 100.0,
      "dose_multiplier": 0.5180014178613304,
      "dose_multiplier_raw": 0.5180014178613304,
      "direction_conflict": false,
      "scaled_effect": 0.35546472278517466,
      "posterior": {
        "mean": 0.6862234552422268,
        "variance": 0.07527522302649678,
        "sd": 0.2743633048104224,
        "contraction": 0.01800141786133036,
        "prior_mean": 0.6921665440115441,
        "prior_variance": 0.07665512394382158,
        "source": "pop+cohort+user",
        "lam_js": 0.7603833865814696,
        "n_cohort": 238,
        "z_like": 2.501148816954179
      },
      "cohort_prior": {
        "mean": 0.6920608463385354,
        "variance": 0.07663171440556958,
        "n": 238
      },
      "user_obs": {
        "slope": 0.0036222550831280925,
        "se": 0.00926528203739109,
        "n": 34,
        "at_nominal_step": 0.36222550831280925,
        "se_at_step": 0.9265282037391089,
        "residual_sd": 2.2015514496190156,
        "sigma_data_used": 12.0
      },
      "gate": {
        "score": 0.01800141786133036,
        "tier": "not_exposed"
      }
    },
    {
      "action": "bedtime",
      "outcome": "deep_sleep",
      "nominal_step": -0.5,
      "dose_multiplier": 0.6868831920801892,
      "dose_multiplier_raw": 0.6868831920801892,
      "direction_conflict": false,
      "scaled_effect": 0.4239082071435317,
      "posterior": {
        "mean": 0.6171474452006145,
        "variance": 0.7681318634831914,
        "sd": 0.8764313227419428,
        "contraction": 0.18688319208018922,
        "prior_mean": 0.6072164646464647,
        "prior_variance": 0.9446759137205589,
        "source": "pop+cohort+user",
        "lam_js": 0.7603833865814696,
        "n_cohort": 238,
        "z_like": 0.7041595036446774
      },
      "cohort_prior": {
        "mean": 0.5855927731092442,
        "variance": 0.9363184076048073,
        "n": 238
      },
      "user_obs": {
        "slope": -1.4723801271838077,
        "se": 1.083373028287507,
        "n": 34,
        "at_nominal_step": 0.7361900635919039,
        "se_at_step": 0.5416865141437535,
        "residual_sd": 2.236968925272702,
        "sigma_data_used": 12.0
      },
      "gate": {
        "score": 0.18688319208018922,
        "tier": "not_exposed"
      }
    },
    {
      "action": "bedtime",
      "outcome": "sleep_quality",
      "nominal_step": -0.5,
      "dose_multiplier": 0.8863657978808612,
      "dose_multiplier_raw": 0.8863657978808612,
      "direction_conflict": false,
      "scaled_effect": 0.25337069124570294,
      "posterior": {
        "mean": 0.28585341610818693,
        "variance": 0.5442329062379367,
        "sd": 0.7377214286151221,
        "contraction": 0.38636579788086123,
        "prior_mean": 0.4607862962962966,
        "prior_variance": 0.8869011935098631,
        "source": "pop+cohort+user",
        "lam_js": 0.7603833865814696,
        "n_cohort": 238,
        "z_like": 0.3874815140517221
      },
      "cohort_prior": {
        "mean": 0.42567579831932817,
        "variance": 0.8706033108101122,
        "n": 238
      },
      "user_obs": {
        "slope": -0.0830968156636376,
        "se": 0.6337280851379026,
        "n": 34,
        "at_nominal_step": 0.0415484078318188,
        "se_at_step": 0.3168640425689513,
        "residual_sd": 1.3085336227789577,
        "sigma_data_used": 7.0
      },
      "gate": {
        "score": 0.38636579788086123,
        "tier": "possible"
      }
    },
    {
      "action": "running_volume",
      "outcome": "hrv_daily",
      "nominal_step": 30.0,
      "dose_multiplier": 0.5,
      "dose_multiplier_raw": 0.823783363589503,
      "direction_conflict": true,
      "scaled_effect": -0.013307900794380358,
      "posterior": {
        "mean": -0.026615801588760715,
        "variance": 0.20390746027713294,
        "sd": 0.4515611368099927,
        "contraction": 0.323783363589503,
        "prior_mean": 0.14166006734006745,
        "prior_variance": 0.3015416203888705,
        "source": "pop+cohort+user",
        "lam_js": 0.7603833865814696,
        "n_cohort": 238,
        "z_like": -0.05894174546725901
      },
      "cohort_prior": {
        "mean": 0.19654117647058833,
        "variance": 0.5699868837170512,
        "n": 238
      },
      "user_obs": {
        "slope": -0.18768015271283758,
        "se": 0.3245061967384973,
        "n": 34,
        "at_nominal_step": -0.18768015271283758,
        "se_at_step": 0.3245061967384973,
        "residual_sd": 1.6753952906951282,
        "sigma_data_used": 3.5
      },
      "gate": {
        "score": 0.1618916817947515,
        "tier": "not_exposed"
      }
    },
    {
      "action": "sleep_duration",
      "outcome": "hrv_daily",
      "nominal_step": 0.5,
      "dose_multiplier": 0.5,
      "dose_multiplier_raw": 0.5,
      "direction_conflict": false,
      "scaled_effect": 0.06511038982543825,
      "posterior": {
        "mean": 0.1302207796508765,
        "variance": 0.0029353584737453393,
        "sd": 0.05417894862163107,
        "contraction": 0.0,
        "prior_mean": 0.13540993265993234,
        "prior_variance": 0.0029337359780747863,
        "source": "pop+cohort+user",
        "lam_js": 0.7603833865814696,
        "n_cohort": 238,
        "z_like": 2.4035309463145533
      },
      "cohort_prior": {
        "mean": 0.13619087635053972,
        "variance": 0.0029676727681804804,
        "n": 238
      },
      "user_obs": {
        "slope": -1.147628266064642,
        "se": 1.120348741902585,
        "n": 34,
        "at_nominal_step": -0.573814133032321,
        "se_at_step": 0.5601743709512925,
        "residual_sd": 1.6753952906951268,
        "sigma_data_used": 3.5
      },
      "gate": {
        "score": 0.0,
        "tier": "not_exposed"
      }
    },
    {
      "action": "training_load",
      "outcome": "hrv_daily",
      "nominal_step": 100.0,
      "dose_multiplier": 0.5,
      "dose_multiplier_raw": 1.419012068550527,
      "direction_conflict": true,
      "scaled_effect": 1.033315303963928,
      "posterior": {
        "mean": 2.066630607927856,
        "variance": 0.33127740088613916,
        "sd": 0.5755670255375469,
        "contraction": 0.9190120685505271,
        "prior_mean": -5.056217651515151,
        "prior_variance": 4.090453910318943,
        "source": "pop+cohort+user",
        "lam_js": 0.7603833865814696,
        "n_cohort": 238,
        "z_like": 3.590599385011225
      },
      "cohort_prior": {
        "mean": -5.074865420168067,
        "variance": 4.120681445250819,
        "n": 238
      },
      "user_obs": {
        "slope": 0.02691765649155476,
        "se": 0.027468048837664506,
        "n": 34,
        "at_nominal_step": 2.6917656491554762,
        "se_at_step": 2.7468048837664507,
        "residual_sd": 1.6753952906951282,
        "sigma_data_used": 3.5
      },
      "gate": {
        "score": 0.45950603427526354,
        "tier": "possible"
      }
    },
    {
      "action": "training_load",
      "outcome": "resting_hr",
      "nominal_step": 100.0,
      "dose_multiplier": 1.3654406356134055,
      "dose_multiplier_raw": 1.3654406356134055,
      "direction_conflict": false,
      "scaled_effect": 1.1784578414781737,
      "posterior": {
        "mean": 0.8630604734776827,
        "variance": 0.036679394069334265,
        "sd": 0.19151865201419485,
        "contraction": 0.8654406356134055,
        "prior_mean": 1.305251261157877,
        "prior_variance": 0.2725889367606766,
        "source": "pop+cohort+user",
        "lam_js": 0.7603833865814696,
        "n_cohort": 238,
        "z_like": 4.506404281780946
      },
      "cohort_prior": {
        "mean": 1.3090992134188058,
        "variance": 0.2741985200917978,
        "n": 238
      },
      "user_obs": {
        "slope": 0.007942100830217099,