{
  "pid": 1011,
  "cohort": "cohort_c",
  "age": 28,
  "is_female": false,
  "effects_bayesian": [
    {
      "action": "active_energy",
      "outcome": "deep_sleep",
      "nominal_step": 100.0,
      "dose_multiplier": 0.5205613990809465,
      "dose_multiplier_raw": 0.5205613990809465,
      "direction_conflict": false,
      "scaled_effect": 0.34913005120740986,
      "posterior": {
        "mean": 0.6706798695097266,
        "variance": 0.07507898734881326,
        "sd": 0.2740054513122198,
        "contraction": 0.020561399080946452,
        "prior_mean": 0.6921665440115441,
        "prior_variance": 0.07665512394382158,
        "source": "pop+cohort+user",
        "lam_js": 0.7603833865814696,
        "n_cohort": 238,
        "z_like": 2.4476880525472096
      },
      "cohort_prior": {
        "mean": 0.6920608463385354,
        "variance": 0.07663171440556958,
        "n": 238
      },
      "user_obs": {
        "slope": -0.0036065391795759554,
        "se": 0.00653190003451104,
        "n": 39,
        "at_nominal_step": -0.36065391795759555,
        "se_at_step": 0.653190003451104,
        "residual_sd": 1.9338150877899252,
        "sigma_data_used": 12.0
      },
      "gate": {
        "score": 0.020561399080946452,
        "tier": "not_exposed"
      }
    },
    {
      "action": "bedtime",
      "outcome": "deep_sleep",
      "nominal_step": -0.5,
      "dose_multiplier": 0.7080066411969834,
      "dose_multiplier_raw": 0.7080066411969834,
      "direction_conflict": false,
      "scaled_effect": 0.3437864761666708,
      "posterior": {
        "mean": 0.48556956412930263,
        "variance": 0.7481770498878542,
        "sd": 0.8649722827280966,
        "contraction": 0.20800664119698342,
        "prior_mean": 0.6072164646464647,
        "prior_variance": 0.9446759137205589,
        "source": "pop+cohort+user",
        "lam_js": 0.7603833865814696,
        "n_cohort": 238,
        "z_like": 0.5613700852908614
      },
      "cohort_prior": {
        "mean": 0.5855927731092442,
        "variance": 0.9363184076048073,
        "n": 238
      },
      "user_obs": {
        "slope": -0.14316371651995832,
        "se": 0.9770053846946167,
        "n": 39,
        "at_nominal_step": 0.07158185825997916,
        "se_at_step": 0.48850269234730836,
        "residual_sd": 1.953820030169027,
        "sigma_data_used": 12.0
      },
      "gate": {
        "score": 0.20800664119698342,
        "tier": "not_exposed"
      }
    },
    {
      "action": "bedtime",
      "outcome": "sleep_quality",
      "nominal_step": -0.5,
      "dose_multiplier": 0.9186504465554776,
      "dose_multiplier_raw": 0.9186504465554776,
      "direction_conflict": false,
      "scaled_effect": 0.7519566727345117,
      "posterior": {
        "mean": 0.8185449379075667,
        "variance": 0.5155996127963729,
        "sd": 0.7180526532200636,
        "contraction": 0.41865044655547756,
        "prior_mean": 0.4607862962962966,
        "prior_variance": 0.8869011935098631,
        "source": "pop+cohort+user",
        "lam_js": 0.7603833865814696,
        "n_cohort": 238,
        "z_like": 1.139951136224971
      },
      "cohort_prior": {
        "mean": 0.42567579831932817,
        "variance": 0.8706033108101122,
        "n": 238
      },
      "user_obs": {
        "slope": -2.741858575070651,
        "se": 0.6399699414746906,
        "n": 39,
        "at_nominal_step": 1.3709292875353254,
        "se_at_step": 0.3199849707373453,
        "residual_sd": 1.2798149426271426,
        "sigma_data_used": 7.0
      },
      "gate": {
        "score": 0.41865044655547756,
        "tier": "possible"
      }
    },
    {
      "action": "running_volume",
      "outcome": "hrv_daily",
      "nominal_step": 30.0,
      "dose_multiplier": 0.8757390624943967,
      "dose_multiplier_raw": 0.8757390624943967,
      "direction_conflict": false,
      "scaled_effect": 0.3541121353885086,
      "posterior": {
        "mean": 0.40435804516916174,
        "variance": 0.18824065464091505,
        "sd": 0.43386709329115414,
        "contraction": 0.3757390624943967,
        "prior_mean": 0.14166006734006745,
        "prior_variance": 0.3015416203888705,
        "source": "pop+cohort+user",
        "lam_js": 0.7603833865814696,
        "n_cohort": 238,
        "z_like": 0.931985973174071
      },
      "cohort_prior": {
        "mean": 0.19654117647058833,
        "variance": 0.5699868837170512,
        "n": 238
      },
      "user_obs": {
        "slope": 0.5521017173890737,
        "se": 0.39762705398172693,
        "n": 39,
        "at_nominal_step": 0.5521017173890737,
        "se_at_step": 0.39762705398172693,
        "residual_sd": 2.471316466667768,
        "sigma_data_used": 3.5
      },
      "gate": {
        "score": 0.3757390624943967,
        "tier": "possible"
      }
    },
    {
      "action": "sleep_duration",
      "outcome": "hrv_daily",
      "nominal_step": 0.5,
      "dose_multiplier": 0.5006442859670954,
      "dose_multiplier_raw": 0.5006442859670954,
      "direction_conflict": false,
      "scaled_effect": 0.06567930999210303,
      "posterior": {
        "mean": 0.13118957278265983,
        "variance": 0.0029318458131529497,
        "sd": 0.054146521708720585,
        "contraction": 0.000644285967095426,
        "prior_mean": 0.13540993265993234,
        "prior_variance": 0.0029337359780747863,
        "source": "pop+cohort+user",
        "lam_js": 0.7603833865814696,
        "n_cohort": 238,
        "z_like": 2.4228624229713183
      },
      "cohort_prior": {
        "mean": 0.13619087635053972,
        "variance": 0.0029676727681804804,
        "n": 238
      },
      "user_obs": {
        "slope": -0.7595236763592983,
        "se": 1.1775883402696437,
        "n": 39,
        "at_nominal_step": -0.37976183817964915,
        "se_at_step": 0.5887941701348218,
        "residual_sd": 2.4713164666677674,
        "sigma_data_used": 3.5
      },
      "gate": {
        "score": 0.000644285967095426,
        "tier": "not_exposed"
      }
    },
    {
      "action": "training_load",
      "outcome": "hrv_daily",
      "nominal_step": 100.0,
      "dose_multiplier": 0.5,
      "dose_multiplier_raw": 1.428658525040332,
      "direction_conflict": true,
      "scaled_effect": 3.115854255418593,
      "posterior": {
        "mean": 6.231708510837186,
        "variance": 0.29181901521669457,
        "sd": 0.5402027538033239,
        "contraction": 0.9286585250403321,
        "prior_mean": -5.056217651515151,
        "prior_variance": 4.090453910318943,
        "source": "pop+cohort+user",
        "lam_js": 0.7603833865814696,
        "n_cohort": 238,
        "z_like": 11.535869572975216
      },
      "cohort_prior": {
        "mean": -5.074865420168067,
        "variance": 4.120681445250819,
        "n": 238
      },
      "user_obs": {
        "slope": 0.07094746934898263,
        "se": 0.0336684026848896,
        "n": 39,
        "at_nominal_step": 7.0947469348982635,
        "se_at_step": 3.3668402684889602,
        "residual_sd": 2.471316466667768,
        "sigma_data_used": 3.5
      },
      "gate": {
        "score": 0.46432926252016604,
        "tier": "possible"
      }
    },
    {
      "action": "training_load",
      "outcome": "resting_hr",
      "nominal_step": 100.0,
      "dose_multiplier": 0.5,
      "dose_multiplier_raw": 1.380641957416418,
      "direction_conflict": true,
      "scaled_effect": -0.09340007693338007,
      "posterior": {
        "mean": -0.18680015386676013,
        "variance": 0.032535681921694204,
        "sd": 0.1803765004696959,
        "contraction": 0.8806419574164179,
        "prior_mean": 1.305251261157877,
        "prior_variance": 0.2725889367606766,
        "source": "pop+cohort+user",
        "lam_js": 0.7603833865814696,
        "n_cohort": 238,
        "z_like": -1.0356124737997312
      },
      "cohort_prior": {
        "mean": 1.3090992134188058,
        "variance": 0.2741985200917978,
        "n": 238
      },