{
  "pid": 578,
  "cohort": "cohort_b",
  "age": 48,
  "is_female": true,
  "effects_bayesian": [
    {
      "action": "active_energy",
      "outcome": "deep_sleep",
      "nominal_step": 100.0,
      "dose_multiplier": 0.5415376431520642,
      "dose_multiplier_raw": 0.5415376431520642,
      "direction_conflict": false,
      "scaled_effect": 0.36120621209035675,
      "posterior": {
        "mean": 0.6670011155418973,
        "variance": 0.07347105075966587,
        "sd": 0.2710554385354883,
        "contraction": 0.04153764315206421,
        "prior_mean": 0.6921665440115441,
        "prior_variance": 0.07665512394382158,
        "source": "pop+cohort+user",
        "lam_js": 0.8472505091649695,
        "n_cohort": 416,
        "z_like": 2.460755331624048
      },
      "cohort_prior": {
        "mean": 0.6841722046703297,
        "variance": 0.07489465690295352,
        "n": 416
      },
      "user_obs": {
        "slope": -0.0013387793706009093,
        "se": 0.008707203541821537,
        "n": 44,
        "at_nominal_step": -0.13387793706009093,
        "se_at_step": 0.8707203541821538,
        "residual_sd": 2.0574376908013314,
        "sigma_data_used": 12.0
      },
      "gate": {
        "score": 0.04153764315206421,
        "tier": "not_exposed"
      }
    },
    {
      "action": "bedtime",
      "outcome": "deep_sleep",
      "nominal_step": -0.5,
      "dose_multiplier": 0.7273472382786331,
      "dose_multiplier_raw": 0.7273472382786331,
      "direction_conflict": false,
      "scaled_effect": 0.3975797862589212,
      "posterior": {
        "mean": 0.5466162038366272,
        "variance": 0.7299064536678456,
        "sd": 0.8543456289276873,
        "contraction": 0.22734723827863312,
        "prior_mean": 0.6072164646464647,
        "prior_variance": 0.9446759137205589,
        "source": "pop+cohort+user",
        "lam_js": 0.8472505091649695,
        "n_cohort": 416,
        "z_like": 0.6398068712807723
      },
      "cohort_prior": {
        "mean": 0.6215986538461539,
        "variance": 0.9384823525592582,
        "n": 416
      },
      "user_obs": {
        "slope": -0.5860970563876888,
        "se": 1.11390909822281,
        "n": 44,
        "at_nominal_step": 0.2930485281938444,
        "se_at_step": 0.556954549111405,
        "residual_sd": 1.9683322443760713,
        "sigma_data_used": 12.0
      },
      "gate": {
        "score": 0.22734723827863312,
        "tier": "not_exposed"
      }
    },
    {
      "action": "bedtime",
      "outcome": "sleep_quality",
      "nominal_step": -0.5,
      "dose_multiplier": 0.9392014618076362,
      "dose_multiplier_raw": 0.9392014618076362,
      "direction_conflict": false,
      "scaled_effect": 0.8412086832090188,
      "posterior": {
        "mean": 0.8956637286211039,
        "variance": 0.49737289284139397,
        "sd": 0.7052466893516013,
        "contraction": 0.4392014618076362,
        "prior_mean": 0.4607862962962966,
        "prior_variance": 0.8869011935098631,
        "source": "pop+cohort+user",
        "lam_js": 0.8472505091649695,
        "n_cohort": 416,
        "z_like": 1.270000614174553
      },
      "cohort_prior": {
        "mean": 0.4770937500000001,
        "variance": 0.9009695161433738,
        "n": 416
      },
      "user_obs": {
        "slope": -2.8347477009198574,
        "se": 0.7041188309905424,
        "n": 44,
        "at_nominal_step": 1.4173738504599287,
        "se_at_step": 0.3520594154952712,
        "residual_sd": 1.2442126571389645,
        "sigma_data_used": 7.0
      },
      "gate": {
        "score": 0.4392014618076362,
        "tier": "possible"
      }
    },
    {
      "action": "running_volume",
      "outcome": "hrv_daily",
      "nominal_step": 30.0,
      "dose_multiplier": 0.5,
      "dose_multiplier_raw": 1.0840356371354467,
      "direction_conflict": true,
      "scaled_effect": -0.0682187473444045,
      "posterior": {
        "mean": -0.136437494688809,
        "variance": 0.1254305680022015,
        "sd": 0.3541617822439365,
        "contraction": 0.5840356371354467,
        "prior_mean": 0.14166006734006745,
        "prior_variance": 0.3015416203888705,
        "source": "pop+cohort+user",
        "lam_js": 0.8472505091649695,
        "n_cohort": 416,
        "z_like": -0.38524059209425016
      },
      "cohort_prior": {
        "mean": 0.11986480769230796,
        "variance": 0.2186938498312511,
        "n": 416
      },
      "user_obs": {
        "slope": -0.4530911352898614,
        "se": 0.26063346921399116,
        "n": 44,
        "at_nominal_step": -0.4530911352898614,
        "se_at_step": 0.26063346921399116,
        "residual_sd": 1.3920761378644966,
        "sigma_data_used": 3.5
      },
      "gate": {
        "score": 0.29201781856772335,
        "tier": "not_exposed"
      }
    },
    {
      "action": "sleep_duration",
      "outcome": "hrv_daily",
      "nominal_step": 0.5,
      "dose_multiplier": 0.5027866292950673,
      "dose_multiplier_raw": 0.5027866292950673,
      "direction_conflict": false,
      "scaled_effect": 0.06581550810492667,
      "posterior": {
        "mean": 0.13090146847620707,
        "variance": 0.00292556074345429,
        "sd": 0.05408845295859635,
        "contraction": 0.0027866292950673444,
        "prior_mean": 0.13540993265993234,
        "prior_variance": 0.0029337359780747863,
        "source": "pop+cohort+user",
        "lam_js": 0.8472505091649695,
        "n_cohort": 416,
        "z_like": 2.420137040643584
      },
      "cohort_prior": {
        "mean": 0.13603296703296702,
        "variance": 0.002960794899166767,
        "n": 416
      },
      "user_obs": {
        "slope": -0.68668263011582,
        "se": 0.7289784441703978,
        "n": 44,
        "at_nominal_step": -0.34334131505791,
        "se_at_step": 0.3644892220851989,
        "residual_sd": 1.392076137864497,
        "sigma_data_used": 3.5
      },
      "gate": {
        "score": 0.0027866292950673444,
        "tier": "not_exposed"
      }
    },
    {
      "action": "training_load",
      "outcome": "hrv_daily",
      "nominal_step": 100.0,
      "dose_multiplier": 0.5,
      "dose_multiplier_raw": 1.4362982038735197,
      "direction_conflict": true,
      "scaled_effect": 1.2506022908996486,
      "posterior": {
        "mean": 2.501204581799297,
        "variance": 0.26056926105990164,
        "sd": 0.5104598525446459,
        "contraction": 0.9362982038735197,
        "prior_mean": -5.056217651515151,
        "prior_variance": 4.090453910318943,
        "source": "pop+cohort+user",
        "lam_js": 0.8472505091649695,
        "n_cohort": 416,
        "z_like": 4.899904604310751
      },
      "cohort_prior": {
        "mean": -5.038698533653847,
        "variance": 4.062157266087269,
        "n": 416
      },
      "user_obs": {
        "slope": 0.03017605972142025,
        "se": 0.019650002173879355,
        "n": 44,
        "at_nominal_step": 3.017605972142025,
        "se_at_step": 1.9650002173879355,
        "residual_sd": 1.3920761378644957,
        "sigma_data_used": 3.5
      },
      "gate": {
        "score": 0.46814910193675985,
        "tier": "possible"
      }
    },
    {
      "action": "training_load",
      "outcome": "resting_hr",
      "nominal_step": 100.0,
      "dose_multiplier": 1.3928627189972973,
      "dose_multiplier_raw": 1.3928627189972973,
      "direction_conflict": false,
      "scaled_effect": 1.7060119736942994,
      "posterior": {
        "mean": 1.2248242058789784,
        "variance": 0.029204437515956555,
        "sd": 0.17089305871203944,
        "contraction": 0.8928627189972973,
        "prior_mean": 1.305251261157877,
        "prior_variance": 0.2725889367606766,
        "source": "pop+cohort+user",
        "lam_js": 0.8472505091649695,
        "n_cohort": 416,
        "z_like": 7.16719693070067
      },
      "cohort_prior": {
        "mean": 1.3016362050919952,
        "variance": 0.2710810896650065,
        "n": 416
      },