{
  "pid": 655,
  "cohort": "cohort_b",
  "age": 38,
  "is_female": false,
  "effects_bayesian": [
    {
      "action": "active_energy",
      "outcome": "deep_sleep",
      "nominal_step": 100.0,
      "dose_multiplier": 0.5459187277509553,
      "dose_multiplier_raw": 0.5459187277509553,
      "direction_conflict": false,
      "scaled_effect": 0.3514045393093992,
      "posterior": {
        "mean": 0.6436938713516854,
        "variance": 0.07313521817672951,
        "sd": 0.27043523841528033,
        "contraction": 0.04591872775095529,
        "prior_mean": 0.6921665440115441,
        "prior_variance": 0.07665512394382158,
        "source": "pop+cohort+user",
        "lam_js": 0.8472505091649695,
        "n_cohort": 416,
        "z_like": 2.3802144835993198
      },
      "cohort_prior": {
        "mean": 0.6841722046703297,
        "variance": 0.07489465690295352,
        "n": 416
      },
      "user_obs": {
        "slope": -0.00863746207407667,
        "se": 0.0071263555298118056,
        "n": 53,
        "at_nominal_step": -0.863746207407667,
        "se_at_step": 0.7126355529811805,
        "residual_sd": 2.015404294233259,
        "sigma_data_used": 12.0
      },
      "gate": {
        "score": 0.04591872775095529,
        "tier": "not_exposed"
      }
    },
    {
      "action": "bedtime",
      "outcome": "deep_sleep",
      "nominal_step": -0.5,
      "dose_multiplier": 0.7610571839251652,
      "dose_multiplier_raw": 0.7610571839251652,
      "direction_conflict": false,
      "scaled_effect": 0.40587291057336994,
      "posterior": {
        "mean": 0.5333014642606402,
        "variance": 0.6980614799627375,
        "sd": 0.8355007360635521,
        "contraction": 0.2610571839251652,
        "prior_mean": 0.6072164646464647,
        "prior_variance": 0.9446759137205589,
        "source": "pop+cohort+user",
        "lam_js": 0.8472505091649695,
        "n_cohort": 416,
        "z_like": 0.6383016091323643
      },
      "cohort_prior": {
        "mean": 0.6215986538461539,
        "variance": 0.9384823525592582,
        "n": 416
      },
      "user_obs": {
        "slope": -0.5685676463576932,
        "se": 0.5926511733189491,
        "n": 53,
        "at_nominal_step": 0.2842838231788466,
        "se_at_step": 0.29632558665947456,
        "residual_sd": 2.031523306506151,
        "sigma_data_used": 12.0
      },
      "gate": {
        "score": 0.2610571839251652,
        "tier": "not_exposed"
      }
    },
    {
      "action": "bedtime",
      "outcome": "sleep_quality",
      "nominal_step": -0.5,
      "dose_multiplier": 0.9861443372628705,
      "dose_multiplier_raw": 0.9861443372628705,
      "direction_conflict": false,
      "scaled_effect": 0.562487677961484,
      "posterior": {
        "mean": 0.5703908208028832,
        "variance": 0.4557392005733618,
        "sd": 0.6750845877172443,
        "contraction": 0.48614433726287054,
        "prior_mean": 0.4607862962962966,
        "prior_variance": 0.8869011935098631,
        "source": "pop+cohort+user",
        "lam_js": 0.8472505091649695,
        "n_cohort": 416,
        "z_like": 0.8449175572673396
      },
      "cohort_prior": {
        "mean": 0.4770937500000001,
        "variance": 0.9009695161433738,
        "n": 416
      },
      "user_obs": {
        "slope": -1.3378433935614953,
        "se": 0.39038567123818424,
        "n": 53,
        "at_nominal_step": 0.6689216967807476,
        "se_at_step": 0.19519283561909212,
        "residual_sd": 1.3381861461693354,
        "sigma_data_used": 7.0
      },
      "gate": {
        "score": 0.48614433726287054,
        "tier": "possible"
      }
    },
    {
      "action": "running_volume",
      "outcome": "hrv_daily",
      "nominal_step": 30.0,
      "dose_multiplier": 1.119133641473876,
      "dose_multiplier_raw": 1.119133641473876,
      "direction_conflict": false,
      "scaled_effect": 0.19840964819618562,
      "posterior": {
        "mean": 0.17728861044234556,
        "variance": 0.11484705890157598,
        "sd": 0.33889092478491656,
        "contraction": 0.6191336414738758,
        "prior_mean": 0.14166006734006745,
        "prior_variance": 0.3015416203888705,
        "source": "pop+cohort+user",
        "lam_js": 0.8472505091649695,
        "n_cohort": 416,
        "z_like": 0.5231435765205724
      },
      "cohort_prior": {
        "mean": 0.11986480769230796,
        "variance": 0.2186938498312511,
        "n": 416
      },
      "user_obs": {
        "slope": 0.23206049676386403,
        "se": 0.23992839523472004,
        "n": 53,
        "at_nominal_step": 0.23206049676386403,
        "se_at_step": 0.23992839523472004,
        "residual_sd": 1.640161896084337,
        "sigma_data_used": 3.5
      },
      "gate": {
        "score": 0.6191336414738758,
        "tier": "possible"
      }
    },
    {
      "action": "sleep_duration",
      "outcome": "hrv_daily",
      "nominal_step": 0.5,
      "dose_multiplier": 0.5049254341750091,
      "dose_multiplier_raw": 0.5049254341750091,
      "direction_conflict": false,
      "scaled_effect": 0.06828888359508943,
      "posterior": {
        "mean": 0.13524548175448067,
        "variance": 0.002919286054627923,
        "sd": 0.0540304178646429,
        "contraction": 0.004925434175009125,
        "prior_mean": 0.13540993265993234,
        "prior_variance": 0.0029337359780747863,
        "source": "pop+cohort+user",
        "lam_js": 0.8472505091649695,
        "n_cohort": 416,
        "z_like": 2.503135957476729
      },
      "cohort_prior": {
        "mean": 0.13603296703296702,
        "variance": 0.002960794899166767,
        "n": 416
      },
      "user_obs": {
        "slope": 0.16224832300877276,
        "se": 0.8239306491924269,
        "n": 53,
        "at_nominal_step": 0.08112416150438638,
        "se_at_step": 0.41196532459621343,
        "residual_sd": 1.640161896084337,
        "sigma_data_used": 3.5
      },
      "gate": {
        "score": 0.004925434175009125,
        "tier": "not_exposed"
      }
    },
    {
      "action": "training_load",
      "outcome": "hrv_daily",
      "nominal_step": 100.0,
      "dose_multiplier": 1.4465337165119592,
      "dose_multiplier_raw": 1.4465337165119592,
      "direction_conflict": false,
      "scaled_effect": -0.3611472346047743,
      "posterior": {
        "mean": -0.24966388994762748,
        "variance": 0.2187013683638783,
        "sd": 0.4676551810510371,
        "contraction": 0.9465337165119591,
        "prior_mean": -5.056217651515151,
        "prior_variance": 4.090453910318943,
        "source": "pop+cohort+user",
        "lam_js": 0.8472505091649695,
        "n_cohort": 416,
        "z_like": -0.5338631967821194
      },
      "cohort_prior": {
        "mean": -5.038698533653847,
        "variance": 4.062157266087269,
        "n": 416
      },
      "user_obs": {
        "slope": 0.00022690839492738903,
        "se": 0.023965396978958917,
        "n": 53,
        "at_nominal_step": 0.022690839492738903,
        "se_at_step": 2.396539697895892,
        "residual_sd": 1.640161896084337,
        "sigma_data_used": 3.5
      },
      "gate": {
        "score": 0.9465337165119591,
        "tier": "recommended"
      }
    },
    {
      "action": "training_load",
      "outcome": "resting_hr",
      "nominal_step": 100.0,
      "dose_multiplier": 0.5,
      "dose_multiplier_raw": 1.4093997731475683,
      "direction_conflict": true,
      "scaled_effect": -0.9974024284139639,
      "posterior": {
        "mean": -1.9948048568279277,
        "variance": 0.024696619507980494,
        "sd": 0.1571515813091949,
        "contraction": 0.9093997731475681,
        "prior_mean": 1.305251261157877,
        "prior_variance": 0.2725889367606766,
        "source": "pop+cohort+user",
        "lam_js": 0.8472505091649695,
        "n_cohort": 416,
        "z_like": -12.693508014425637
      },
      "cohort_prior": {
        "mean": 1.3016362050919952,
        "variance": 0.2710810896650065,