{
  "pid": 211,
  "cohort": "cohort_a",
  "age": 26,
  "is_female": true,
  "effects_bayesian": [
    {
      "action": "active_energy",
      "outcome": "deep_sleep",
      "nominal_step": 100.0,
      "dose_multiplier": 0.5118541161188561,
      "dose_multiplier_raw": 0.5118541161188561,
      "direction_conflict": false,
      "scaled_effect": 0.3313766261411476,
      "posterior": {
        "mean": 0.6474044375257102,
        "variance": 0.07574644520348621,
        "sd": 0.2752207208832326,
        "contraction": 0.011854116118856117,
        "prior_mean": 0.6921665440115441,
        "prior_variance": 0.07665512394382158,
        "source": "pop+cohort+user",
        "lam_js": 0.8768472906403941,
        "n_cohort": 534,
        "z_like": 2.3523099403565015
      },
      "cohort_prior": {
        "mean": 0.6984414526484751,
        "variance": 0.07805127404443395,
        "n": 534
      },
      "user_obs": {
        "slope": -0.011399527189399072,
        "se": 0.007409487875335616,
        "n": 52,
        "at_nominal_step": -1.1399527189399072,
        "se_at_step": 0.7409487875335616,
        "residual_sd": 2.6097312636348176,
        "sigma_data_used": 12.0
      },
      "gate": {
        "score": 0.011854116118856117,
        "tier": "not_exposed"
      }
    },
    {
      "action": "bedtime",
      "outcome": "deep_sleep",
      "nominal_step": -0.5,
      "dose_multiplier": 0.748534970945571,
      "dose_multiplier_raw": 0.748534970945571,
      "direction_conflict": false,
      "scaled_effect": 0.559108892171193,
      "posterior": {
        "mean": 0.74693756988389,
        "variance": 0.7098909129510391,
        "sd": 0.8425502435766303,
        "contraction": 0.24853497094557098,
        "prior_mean": 0.6072164646464647,
        "prior_variance": 0.9446759137205589,
        "source": "pop+cohort+user",
        "lam_js": 0.8768472906403941,
        "n_cohort": 534,
        "z_like": 0.8865199144838366
      },
      "cohort_prior": {
        "mean": 0.6056498876404495,
        "variance": 0.9560138510611396,
        "n": 534
      },
      "user_obs": {
        "slope": -2.3124855634459305,
        "se": 0.9020279791815693,
        "n": 52,
        "at_nominal_step": 1.1562427817229652,
        "se_at_step": 0.45101398959078465,
        "residual_sd": 2.573295147425924,
        "sigma_data_used": 12.0
      },
      "gate": {
        "score": 0.24853497094557098,
        "tier": "not_exposed"
      }
    },
    {
      "action": "bedtime",
      "outcome": "sleep_quality",
      "nominal_step": -0.5,
      "dose_multiplier": 0.9853573822158039,
      "dose_multiplier_raw": 0.9853573822158039,
      "direction_conflict": false,
      "scaled_effect": 0.6871664796856699,
      "posterior": {
        "mean": 0.697377917989935,
        "variance": 0.4564371519438438,
        "sd": 0.6756013261856757,
        "contraction": 0.48535738221580393,
        "prior_mean": 0.4607862962962966,
        "prior_variance": 0.8869011935098631,
        "source": "pop+cohort+user",
        "lam_js": 0.8768472906403941,
        "n_cohort": 534,
        "z_like": 1.0322329026901205
      },
      "cohort_prior": {
        "mean": 0.46373086142322145,
        "variance": 0.8849888909576128,
        "n": 534
      },
      "user_obs": {
        "slope": -1.8929554805459992,
        "se": 0.4551442658777385,
        "n": 52,
        "at_nominal_step": 0.9464777402729996,
        "se_at_step": 0.22757213293886924,
        "residual_sd": 1.2984303788720546,
        "sigma_data_used": 7.0
      },
      "gate": {
        "score": 0.48535738221580393,
        "tier": "possible"
      }
    },
    {
      "action": "running_volume",
      "outcome": "hrv_daily",
      "nominal_step": 30.0,
      "dose_multiplier": 1.097681901617898,
      "dose_multiplier_raw": 1.097681901617898,
      "direction_conflict": false,
      "scaled_effect": 0.15816416857204388,
      "posterior": {
        "mean": 0.14408925603940645,
        "variance": 0.12131565129790807,
        "sd": 0.3483039639422843,
        "contraction": 0.597681901617898,
        "prior_mean": 0.14166006734006745,
        "prior_variance": 0.3015416203888705,
        "source": "pop+cohort+user",
        "lam_js": 0.8768472906403941,
        "n_cohort": 534,
        "z_like": 0.413688246348189
      },
      "cohort_prior": {
        "mean": 0.13417902621722846,
        "variance": 0.24427088794406634,
        "n": 534
      },
      "user_obs": {
        "slope": 0.15255547902558106,
        "se": 0.30235780144390995,
        "n": 52,
        "at_nominal_step": 0.15255547902558106,
        "se_at_step": 0.30235780144390995,
        "residual_sd": 1.6187886409821899,
        "sigma_data_used": 3.5
      },
      "gate": {
        "score": 0.597681901617898,
        "tier": "possible"
      }
    },
    {
      "action": "sleep_duration",
      "outcome": "hrv_daily",
      "nominal_step": 0.5,
      "dose_multiplier": 0.5228148534357926,
      "dose_multiplier_raw": 0.5228148534357926,
      "direction_conflict": false,
      "scaled_effect": 0.0720875962921607,
      "posterior": {
        "mean": 0.13788360414479664,
        "variance": 0.0028668032217156986,
        "sd": 0.05354253656407865,
        "contraction": 0.022814853435792593,
        "prior_mean": 0.13540993265993234,
        "prior_variance": 0.0029337359780747863,
        "source": "pop+cohort+user",
        "lam_js": 0.8768472906403941,
        "n_cohort": 534,
        "z_like": 2.5752161364223056
      },
      "cohort_prior": {
        "mean": 0.13457651150347733,
        "variance": 0.002897733991751291,
        "n": 534
      },
      "user_obs": {
        "slope": 0.7960045241329688,
        "se": 0.827208493051833,
        "n": 52,
        "at_nominal_step": 0.3980022620664844,
        "se_at_step": 0.4136042465259165,
        "residual_sd": 1.6187886409821897,
        "sigma_data_used": 3.5
      },
      "gate": {
        "score": 0.022814853435792593,
        "tier": "not_exposed"
      }
    },
    {
      "action": "training_load",
      "outcome": "hrv_daily",
      "nominal_step": 100.0,
      "dose_multiplier": 1.4455388456212095,
      "dose_multiplier_raw": 1.4455388456212095,
      "direction_conflict": false,
      "scaled_effect": -3.463018712112225,
      "posterior": {
        "mean": -2.395659392068443,
        "variance": 0.22277084188920668,
        "sd": 0.4719860611174939,
        "contraction": 0.9455388456212096,
        "prior_mean": -5.056217651515151,
        "prior_variance": 4.090453910318943,
        "source": "pop+cohort+user",
        "lam_js": 0.8768472906403941,
        "n_cohort": 534,
        "z_like": -5.075699452641418
      },
      "cohort_prior": {
        "mean": -5.061554325842696,
        "variance": 4.099093150953106,
        "n": 534
      },
      "user_obs": {
        "slope": -0.022424470139038668,
        "se": 0.020364539893477928,
        "n": 52,
        "at_nominal_step": -2.242447013903867,
        "se_at_step": 2.036453989347793,
        "residual_sd": 1.6187886409821899,
        "sigma_data_used": 3.5
      },
      "gate": {
        "score": 0.9455388456212096,
        "tier": "recommended"
      }
    },
    {
      "action": "training_load",
      "outcome": "resting_hr",
      "nominal_step": 100.0,
      "dose_multiplier": 0.5,
      "dose_multiplier_raw": 1.4077661942706743,
      "direction_conflict": true,
      "scaled_effect": -0.3653572083188162,
      "posterior": {
        "mean": -0.7307144166376324,
        "variance": 0.025141915037147702,
        "sd": 0.15856202268244343,
        "contraction": 0.9077661942706743,
        "prior_mean": 1.305251261157877,
        "prior_variance": 0.2725889367606766,
        "source": "pop+cohort+user",
        "lam_js": 0.8768472906403941,
        "n_cohort": 534,
        "z_like": -4.608382286476343
      },
      "cohort_prior": {
        "mean": 1.306352479669686,
        "variance": 0.273049088182262,